condition,doc,field,pred,gold,correct,normalized_correct,gold_present,on_page,mean_token_lp,human_type,notes
ocr-baseline,"20170223_PTI USA, LLC_Irshad, Faisal_Short-Form.pdf",registration_num,6160,"6160
",1,1,1,1,-0.16816925664898008,,
ocr-baseline,"20170223_PTI USA, LLC_Irshad, Faisal_Short-Form.pdf",registrant_name,Pakistan Tehreek-e-Insaf,"Pakistan Tehreek-e-Insaf
",1,1,1,1,-0.019608970777751113,,
ocr-baseline,"20170223_PTI USA, LLC_Irshad, Faisal_Short-Form.pdf",foreign_principle_name,Pakistan Tehreek-e-Insaf,"Pakistan Tehreek-e-Insaf
",1,1,1,1,-0.10822241002798753,,
ocr-baseline,"20170223_PTI USA, LLC_Irshad, Faisal_Short-Form.pdf",file_date,2/17/2017,"2/17/2017
",1,1,1,1,-0.07422276753959522,,
ocr-baseline,"20170223_PTI USA, LLC_Irshad, Faisal_Short-Form.pdf",signer_name,Faisal,"Faisal
Jeshid
",0,0,1,1,-0.0096511971023574,,
ocr-baseline,"20170223_PTI USA, LLC_Irshad, Faisal_Short-Form.pdf",signer_title,Jeshid,,0,0,0,1,-0.039312776396400295,,
ocr-baseline,"20160920_S.G.R. LLC Government Relations and Lobbying_Kelly, John_Short-Form.pdf",registration_num,1124-0005,"6379
",0,0,1,1,-0.22844966745793094,,
ocr-baseline,"20160920_S.G.R. LLC Government Relations and Lobbying_Kelly, John_Short-Form.pdf",registrant_name,S.G.R. LLC,S.G.R. LLC Government Relations & Lobbyin ,0,0,1,1,-0.070017926604487,,
ocr-baseline,"20160920_S.G.R. LLC Government Relations and Lobbying_Kelly, John_Short-Form.pdf",foreign_principle_name,Center for Studies & Media Affairs at the Saudi Royal Court,"Center for Studies & Media Affairs at the Saudi Royal Court
",1,1,1,1,-0.021972810794977704,,
ocr-baseline,"20160920_S.G.R. LLC Government Relations and Lobbying_Kelly, John_Short-Form.pdf",file_date,09/20/2016,"9/20116
",0,0,1,1,-0.1037640704176738,,
ocr-baseline,"20160920_S.G.R. LLC Government Relations and Lobbying_Kelly, John_Short-Form.pdf",signer_name,John Kelly,,0,0,0,1,-0.2956134009655216,,
ocr-baseline,"20160920_S.G.R. LLC Government Relations and Lobbying_Kelly, John_Short-Form.pdf",signer_title,NA,,0,0,0,1,-0.7453798055648804,,
ocr-baseline,"20100222_Daniel J. Edelman, Inc._Harris, Hadley_Short-Form.pdf",registration_num,2010 FEE22,"3634
",0,0,1,1,-0.3921164335042704,,
ocr-baseline,"20100222_Daniel J. Edelman, Inc._Harris, Hadley_Short-Form.pdf",registrant_name,"Daniel J. Edelman, Inc.","Daniel J. Edelman, Inc.
",1,1,1,1,-0.03838305319902702,,
ocr-baseline,"20100222_Daniel J. Edelman, Inc._Harris, Hadley_Short-Form.pdf",foreign_principle_name,CRM-156,"Critical National Infrastructure
",0,0,1,1,-0.35330951549840395,,
ocr-baseline,"20100222_Daniel J. Edelman, Inc._Harris, Hadley_Short-Form.pdf",file_date,SEPTEMBER 2007,"12/02/09
(Date of ",0,0,1,1,-0.10527672560783685,,
ocr-baseline,"20100222_Daniel J. Edelman, Inc._Harris, Hadley_Short-Form.pdf",signer_name,Harris,,0,0,0,1,-0.04493740142788738,,
ocr-baseline,"20100222_Daniel J. Edelman, Inc._Harris, Hadley_Short-Form.pdf",signer_title,,,1,1,0,0,-0.7412011027336121,,
ocr-baseline,"20180411_Mercury Public Affairs, LLC_Reid, Morris L._Short-Form.pdf",registration_num,6170,"6170
",1,1,1,1,-0.034338763920459314,,
ocr-baseline,"20180411_Mercury Public Affairs, LLC_Reid, Morris L._Short-Form.pdf",registrant_name,"Mercury Public Affairs, LLC","Mercury Public Affairs, LLC
",1,1,1,1,-0.12394134354720639,,
ocr-baseline,"20180411_Mercury Public Affairs, LLC_Reid, Morris L._Short-Form.pdf",foreign_principle_name,Rwanda Development Board (through Peter Greenberg Worldwide),"Rwanda Development Board (through Peter Greenberg Worldwide)
Turkey - US Business Council (TAIK)
Presidency of Republic of Haiti (through Mercury International UK Ltd)
",0,0,1,1,-0.12859635473387243,,
ocr-baseline,"20180411_Mercury Public Affairs, LLC_Reid, Morris L._Short-Form.pdf",file_date,"April 11, 2018","April 11, 2018
",1,1,1,1,-0.03658548283633536,,
ocr-baseline,"20180411_Mercury Public Affairs, LLC_Reid, Morris L._Short-Form.pdf",signer_name,Morris L. Reid,"Morris L. Reid
",1,1,1,1,-0.0009080223722776282,,
ocr-baseline,"20180411_Mercury Public Affairs, LLC_Reid, Morris L._Short-Form.pdf",signer_title,Senior Strategist,,0,0,0,1,-0.3850571683560702,,
ocr-baseline,"20120215_Nickles Group, LLC_Nickles, Don_Short-Form.pdf",registration_num,608,"608
",1,1,1,1,-0.10988661833107471,,
ocr-baseline,"20120215_Nickles Group, LLC_Nickles, Don_Short-Form.pdf",registrant_name,"The Nickles Group, LLC","The Nickles Group, LLC
",1,1,1,1,-0.07741734529319426,,
ocr-baseline,"20120215_Nickles Group, LLC_Nickles, Don_Short-Form.pdf",foreign_principle_name,Embassy of the Republic of Korea,"Embassy of the Republic of Korea
",1,1,1,1,-0.007443633244227905,,
ocr-baseline,"20120215_Nickles Group, LLC_Nickles, Don_Short-Form.pdf",file_date,"February 02, 2012","February 02, 2012
",1,1,1,1,-0.08050156866893303,,
ocr-baseline,"20120215_Nickles Group, LLC_Nickles, Don_Short-Form.pdf",signer_name,Don Nickles,"Don Nickles
",1,1,1,1,-0.00022865129161194395,,
ocr-baseline,"20120215_Nickles Group, LLC_Nickles, Don_Short-Form.pdf",signer_title,,,1,1,0,0,-0.42320162057876587,,
ocr-baseline,"20080903_Quebec Government Office_Keating, Robert_Short-Form.pdf",registration_num,01787,"01787
",1,1,1,1,-0.06208896761527285,,
ocr-baseline,"20080903_Quebec Government Office_Keating, Robert_Short-Form.pdf",registrant_name,Robert Keating,"Quebec Government Office
",0,0,1,1,-0.15193208155202834,,
ocr-baseline,"20080903_Quebec Government Office_Keating, Robert_Short-Form.pdf",foreign_principle_name,Québec Governement (Ministry of International Relations); National Affairs; Governmental Relations and Academic Affairs; Communication and Public Affairs; Investissement Québec; Economic Affairs and Cultural Affairs,"Québec Governement (Ministry of International Relations); National Affairs; Governmental Relations and Academic Affairs; Communication
and Public Affairs; Investissement Québec; Economic Affairs and Cultural Affairs
",1,1,1,1,-0.03631691431905243,,
ocr-baseline,"20080903_Quebec Government Office_Keating, Robert_Short-Form.pdf",file_date,2008,"88/2008
8/2008
(Date of signatures
",0,0,1,1,-0.3229553677374497,,
ocr-baseline,"20080903_Quebec Government Office_Keating, Robert_Short-Form.pdf",signer_name,Rull,,0,0,0,1,-0.03816854162141681,,
ocr-baseline,"20080903_Quebec Government Office_Keating, Robert_Short-Form.pdf",signer_title,Responsible of the administration of the Quebec Government Offices in New York and Washington.,,0,0,0,1,-0.06378560107964404,,
ocr-baseline,"20151030_Akin, Gump, Strauss, Hauer _ Feld, LLP_Hawkins, Matthew_Short-Form.pdf",registration_num,3492,"3492
",1,1,1,1,-0.11866687887959415,,
ocr-baseline,"20151030_Akin, Gump, Strauss, Hauer _ Feld, LLP_Hawkins, Matthew_Short-Form.pdf",registrant_name,Akin Gump Strauss Hauer & Feld LLP,"Akin Gump Strauss Hauer & Feld LLP
",1,1,1,1,-0.059343791405945014,,
ocr-baseline,"20151030_Akin, Gump, Strauss, Hauer _ Feld, LLP_Hawkins, Matthew_Short-Form.pdf",foreign_principle_name,Embassy of the United Arab Emirates,"Embassy of the United Arab Emirates
",1,1,1,1,-0.014735002672620925,,
ocr-baseline,"20151030_Akin, Gump, Strauss, Hauer _ Feld, LLP_Hawkins, Matthew_Short-Form.pdf",file_date,10/30/2015,"October 30, 2015
",1,1,1,1,-0.060138713943342734,,
ocr-baseline,"20151030_Akin, Gump, Strauss, Hauer _ Feld, LLP_Hawkins, Matthew_Short-Form.pdf",signer_name,Matthew Hawkins,"Matthew Hawkins
",1,1,1,1,-0.00016174587653949857,,
ocr-baseline,"20151030_Akin, Gump, Strauss, Hauer _ Feld, LLP_Hawkins, Matthew_Short-Form.pdf",signer_title,Senior International Trade Policy Specialist,,0,0,0,1,-0.04190520622978511,,
ocr-baseline,"20110814_China Daily Distribution Corporation_Preimesberger, Mei_Short-Form.pdf",registration_num,3457,"3457
",1,1,1,1,-0.0813389771283255,,
ocr-baseline,"20110814_China Daily Distribution Corporation_Preimesberger, Mei_Short-Form.pdf",registrant_name,Mei Preimesberger,"China Daily Distribution Corp.
",0,0,1,1,-0.07928707632281658,,
ocr-baseline,"20110814_China Daily Distribution Corporation_Preimesberger, Mei_Short-Form.pdf",foreign_principle_name,China Daily,"China Daily (Beijing)
",0,0,1,1,-0.003372626772033982,,
ocr-baseline,"20110814_China Daily Distribution Corporation_Preimesberger, Mei_Short-Form.pdf",file_date,08/14/2011,"August 14, 2011
",1,1,1,1,-0.08657769467693015,,
ocr-baseline,"20110814_China Daily Distribution Corporation_Preimesberger, Mei_Short-Form.pdf",signer_name,Mei Preimesberger,"Mei Preimesberger
",1,1,1,1,-0.0011329034604386835,,
ocr-baseline,"20110814_China Daily Distribution Corporation_Preimesberger, Mei_Short-Form.pdf",signer_title,,,1,1,0,0,-0.853457510471344,,
ocr-baseline,"20081201_KOTRA_Hong, Soonyong_Short-Form.pdf",registration_num,1619,"1619
",1,1,1,1,-0.03265778057175339,,
ocr-baseline,"20081201_KOTRA_Hong, Soonyong_Short-Form.pdf",registrant_name,Korea Business Center,"Korea Business Center
",1,1,1,1,-0.16349580249152496,,
ocr-baseline,"20081201_KOTRA_Hong, Soonyong_Short-Form.pdf",foreign_principle_name,,,1,1,0,0,-0.655600368976593,,
ocr-baseline,"20081201_KOTRA_Hong, Soonyong_Short-Form.pdf",file_date,2007-11-24,"11/24/2007
",0,0,1,0,-0.19028818288934418,,
ocr-baseline,"20081201_KOTRA_Hong, Soonyong_Short-Form.pdf",signer_name,,,1,1,0,0,-0.35967394709587097,,
ocr-baseline,"20081201_KOTRA_Hong, Soonyong_Short-Form.pdf",signer_title,,,1,1,0,0,-0.003774306271225214,,
ocr-baseline,"20171108_CGCN Group_O_Connor, Patrick Michael_Short-Form.pdf",registration_num,6396,"6396
",1,1,1,1,-0.08851833398512099,,
ocr-baseline,"20171108_CGCN Group_O_Connor, Patrick Michael_Short-Form.pdf",registrant_name,CGCN Group,"CGCN Group
",1,1,1,1,-0.09005936446737905,,
ocr-baseline,"20171108_CGCN Group_O_Connor, Patrick Michael_Short-Form.pdf",foreign_principle_name,Government of Saudi Arabia,"Government of Saudi Arabia
",1,1,1,1,-0.008366179109543737,,
ocr-baseline,"20171108_CGCN Group_O_Connor, Patrick Michael_Short-Form.pdf",file_date,11/08/2017,,0,0,0,1,-0.032514884362990416,,
ocr-baseline,"20171108_CGCN Group_O_Connor, Patrick Michael_Short-Form.pdf",signer_name,Patrick Michael O'Connor,,0,0,0,1,-0.02793750043201726,,
ocr-baseline,"20171108_CGCN Group_O_Connor, Patrick Michael_Short-Form.pdf",signer_title,Consultant,,0,0,0,1,-0.30277562091941945,,
ocr-baseline,"20100601_KOTRA_Yun, Wonsok_Short-Form.pdf",registration_num,1619,"1619
",1,1,1,1,-0.026173017500696005,,
ocr-baseline,"20100601_KOTRA_Yun, Wonsok_Short-Form.pdf",registrant_name,Korea Trade Promotion Center,"Korea Trade Promotion Center
",1,1,1,1,-0.07145718344399939,,
ocr-baseline,"20100601_KOTRA_Yun, Wonsok_Short-Form.pdf",foreign_principle_name,,,1,1,0,0,-0.3616618812084198,,
ocr-baseline,"20100601_KOTRA_Yun, Wonsok_Short-Form.pdf",file_date,2010 JUN-1,"5/14/2010
",0,0,1,1,-0.12939952839639904,,
ocr-baseline,"20100601_KOTRA_Yun, Wonsok_Short-Form.pdf",signer_name,Meloneck,,0,0,0,1,-0.004854888533979344,,
ocr-baseline,"20100601_KOTRA_Yun, Wonsok_Short-Form.pdf",signer_title,,,1,1,0,0,-0.05471302568912506,,
ocr-baseline,"20180227_Sonoran Policy Group, LLC_Stryk, Robert Daniel_Short-Form.pdf",registration_num,6399,"6399
",1,1,1,1,-0.21924280266284768,,
ocr-baseline,"20180227_Sonoran Policy Group, LLC_Stryk, Robert Daniel_Short-Form.pdf",registrant_name,Robert Daniel Stryk,"Sonoran Policy Group, LLC
",0,0,1,1,-0.17482933246037646,,
ocr-baseline,"20180227_Sonoran Policy Group, LLC_Stryk, Robert Daniel_Short-Form.pdf",foreign_principle_name,Government of Kenya (Ministry of Foreign Affairs),,0,0,0,1,-0.1850880942953154,,
ocr-baseline,"20180227_Sonoran Policy Group, LLC_Stryk, Robert Daniel_Short-Form.pdf",file_date,"February 27, 2018","February 27, 2018
",1,1,1,1,-0.03881183070361658,,
ocr-baseline,"20180227_Sonoran Policy Group, LLC_Stryk, Robert Daniel_Short-Form.pdf",signer_name,Robert Daniel Stryk,"Robert Daniel Stryk
",1,1,1,1,-0.0006683548233468173,,
ocr-baseline,"20180227_Sonoran Policy Group, LLC_Stryk, Robert Daniel_Short-Form.pdf",signer_title,Consultant,,0,0,0,1,-0.21958628347783815,,
ocr-baseline,"20110729_Hai Tian Development U.S.A., Inc._Fang, Xu_Short-Form.pdf",registration_num,5143,"5143
",1,1,1,1,-0.17988800735474797,,
ocr-baseline,"20110729_Hai Tian Development U.S.A., Inc._Fang, Xu_Short-Form.pdf",registrant_name,"Hai Tian Development U.S.A., Inc.","Hai Tian Development U.S.A., Inc.
",1,1,1,1,-0.010547325159374546,,
ocr-baseline,"20110729_Hai Tian Development U.S.A., Inc._Fang, Xu_Short-Form.pdf",foreign_principle_name,People's Daily Overseas Edition,"People's Daily Overseas Edition
",1,1,1,1,-0.009086770828465282,,
ocr-baseline,"20110729_Hai Tian Development U.S.A., Inc._Fang, Xu_Short-Form.pdf",file_date,06/28/2011,"7/29/2011
of signature)
",0,0,1,0,-0.14182109161411063,,
ocr-baseline,"20110729_Hai Tian Development U.S.A., Inc._Fang, Xu_Short-Form.pdf",signer_name,"Fang, Xu",,0,0,0,1,-0.3731540588341886,,
ocr-baseline,"20110729_Hai Tian Development U.S.A., Inc._Fang, Xu_Short-Form.pdf",signer_title,consultant,,0,0,0,1,-0.2176498016633559,,
ocr-baseline,"20120926_Commonwealth of Dominica Maritime Registry, Inc._Phatak, Vasant_Short-Form.pdf",registration_num,5334,"5334
",1,1,1,1,-0.06151109075290151,,
ocr-baseline,"20120926_Commonwealth of Dominica Maritime Registry, Inc._Phatak, Vasant_Short-Form.pdf",registrant_name,Commonwealth of Dominica Maritime Registry,"Commonwealth of Dominica Maritime Registry
",1,1,1,1,-0.0900502044095057,,
ocr-baseline,"20120926_Commonwealth of Dominica Maritime Registry, Inc._Phatak, Vasant_Short-Form.pdf",foreign_principle_name,Commonwealth of Dominica,"Commonwealth of Dominica
",1,1,1,1,-0.03513903477414715,,
ocr-baseline,"20120926_Commonwealth of Dominica Maritime Registry, Inc._Phatak, Vasant_Short-Form.pdf",file_date,24 SEP 2012,"24 SEP 2012
",1,1,1,1,-0.03247465683966766,,
ocr-baseline,"20120926_Commonwealth of Dominica Maritime Registry, Inc._Phatak, Vasant_Short-Form.pdf",signer_name,,,1,1,0,0,-0.36338701844215393,,
ocr-baseline,"20120926_Commonwealth of Dominica Maritime Registry, Inc._Phatak, Vasant_Short-Form.pdf",signer_title,,,1,1,0,0,-0.0021510813385248184,,
ocr-baseline,"20130129_CMGRP, Inc._Chu, Ellen Wei-Hsin_Short-Form.pdf",registration_num,3911,"3911
",1,1,1,1,-0.03629341142368503,,
ocr-baseline,"20130129_CMGRP, Inc._Chu, Ellen Wei-Hsin_Short-Form.pdf",registrant_name,Ellen Wei-Hsin Chu,"CMGRP, Inc. d/b/a Weber Shandwick
",0,0,1,1,-0.07998885520335837,,
ocr-baseline,"20130129_CMGRP, Inc._Chu, Ellen Wei-Hsin_Short-Form.pdf",foreign_principle_name,Temasek Holdings,"Temasek Holdings
",1,1,1,1,-0.044141945040337305,,
ocr-baseline,"20130129_CMGRP, Inc._Chu, Ellen Wei-Hsin_Short-Form.pdf",file_date,"January 29, 2013","January 29, 2013
",1,1,1,1,-0.03502296291183029,,
ocr-baseline,"20130129_CMGRP, Inc._Chu, Ellen Wei-Hsin_Short-Form.pdf",signer_name,Ellen Wei-Hsin Chu,"Ellen Wei-Hsin Chu
",1,1,1,1,-0.00018281102726784107,,
ocr-baseline,"20130129_CMGRP, Inc._Chu, Ellen Wei-Hsin_Short-Form.pdf",signer_title,,,1,1,0,0,-0.7075566053390503,,
ocr-baseline,"20170222_Squire Patton Boggs, LLP_Deschauer Jr., John J._Short-Form.pdf",registration_num,2165,"2165
",1,1,1,1,-0.042376654731924646,,
ocr-baseline,"20170222_Squire Patton Boggs, LLP_Deschauer Jr., John J._Short-Form.pdf",registrant_name,John J. Deschauer,"Squire Patton Boggs (US) LLP
",0,0,1,1,-0.07383421396472538,,
ocr-baseline,"20170222_Squire Patton Boggs, LLP_Deschauer Jr., John J._Short-Form.pdf",foreign_principle_name,The High Negotiations Committee of the Syrian Opposition,"By this registration: The High Negotiations Committee of the Syrian Opposition.
By prior registrations: 1) The Government of Croatia; and 2) The Center for Studies and Media Affairs at the Saudi
Royal Court.
",0,0,1,1,-0.016880020514589787,,
ocr-baseline,"20170222_Squire Patton Boggs, LLP_Deschauer Jr., John J._Short-Form.pdf",file_date,"February 22, 2017","February 22, 2017
",1,1,1,1,-0.0452718060231291,,
ocr-baseline,"20170222_Squire Patton Boggs, LLP_Deschauer Jr., John J._Short-Form.pdf",signer_name,John J. Deschauer,"John J. Deschauer
",1,1,1,1,-6.658925409889586e-05,,
ocr-baseline,"20170222_Squire Patton Boggs, LLP_Deschauer Jr., John J._Short-Form.pdf",signer_title,,,1,1,0,0,-0.75961834192276,,
ocr-baseline,"20130917_Daniel J. Edelman, Inc._Forman, David_Short-Form.pdf",registration_num,3634,"3634
",1,1,1,1,-0.14138157371780835,,
ocr-baseline,"20130917_Daniel J. Edelman, Inc._Forman, David_Short-Form.pdf",registrant_name,"Daniel J. Edelman, Inc.","Daniel J. Edelman, Inc.
",1,1,1,1,-0.05437290442205267,,
ocr-baseline,"20130917_Daniel J. Edelman, Inc._Forman, David_Short-Form.pdf",foreign_principle_name,Grupo Vicini,"Grupo Vicini
",1,1,1,1,-0.0043496747966855764,,
ocr-baseline,"20130917_Daniel J. Edelman, Inc._Forman, David_Short-Form.pdf",file_date,09/17/2013,"August 16, 2013
",0,0,1,1,-0.09492529389517586,,
ocr-baseline,"20130917_Daniel J. Edelman, Inc._Forman, David_Short-Form.pdf",signer_name,David Forman,"David Forman
",1,1,1,1,-0.00026947230503537867,,
ocr-baseline,"20130917_Daniel J. Edelman, Inc._Forman, David_Short-Form.pdf",signer_title,,,1,1,0,0,-0.6961969137191772,,
ocr-baseline,"20100525_Deutsche Telekom, Inc._Wieck, Reinhard_Short-Form.pdf",registration_num,4419,"4419
",1,1,1,1,-0.01705562146162265,,
ocr-baseline,"20100525_Deutsche Telekom, Inc._Wieck, Reinhard_Short-Form.pdf",registrant_name,"Deutsche Telekom, Inc.","Deutsche Telekom, Inc.
",1,1,1,1,-0.027500471923152265,,
ocr-baseline,"20100525_Deutsche Telekom, Inc._Wieck, Reinhard_Short-Form.pdf",foreign_principle_name,"Deutsche Telekom, Inc.","Deutsche Telekom, Inc.
",1,1,1,1,-0.026673060115475284,,
ocr-baseline,"20100525_Deutsche Telekom, Inc._Wieck, Reinhard_Short-Form.pdf",file_date,"May 14, 2010","May 14, 2010
",1,1,1,1,-0.07770953640792869,,
ocr-baseline,"20100525_Deutsche Telekom, Inc._Wieck, Reinhard_Short-Form.pdf",signer_name,Reinhard Wieck,,0,0,0,1,-0.1065844605559505,,
ocr-baseline,"20100525_Deutsche Telekom, Inc._Wieck, Reinhard_Short-Form.pdf",signer_title,Managing Director,,0,0,0,1,-0.0073362871844437905,,
ocr-baseline,"20120730_Glover Park Group, LLC_Harris, Robert W._Short-Form.pdf",registration_num,5666,"5666
",1,1,1,1,-0.12418154893384781,,
ocr-baseline,"20120730_Glover Park Group, LLC_Harris, Robert W._Short-Form.pdf",registrant_name,Robert W. Harris,"The Glover Park Group, LLC
",0,0,1,1,-0.1493225624922161,,
ocr-baseline,"20120730_Glover Park Group, LLC_Harris, Robert W._Short-Form.pdf",foreign_principle_name,Embassy of the Federal Republic of Nigeria,"Embassy of the Federal Republic of Nigeria
",1,1,1,1,-0.030126168898334527,,
ocr-baseline,"20120730_Glover Park Group, LLC_Harris, Robert W._Short-Form.pdf",file_date,07/30/2012,"July 30, 2012
",1,1,1,1,-0.06314908580679912,,
ocr-baseline,"20120730_Glover Park Group, LLC_Harris, Robert W._Short-Form.pdf",signer_name,Robert Harris,"Robert Harris
",1,1,1,1,-0.008445497893262655,,
ocr-baseline,"20120730_Glover Park Group, LLC_Harris, Robert W._Short-Form.pdf",signer_title,Robert Harris,,0,0,0,1,-0.8274817913770676,,
ocr-baseline,"20160610_McGuireWoods Consulting, LLC_Obenshain, Anne_Short-Form.pdf",registration_num,6295,"6295
",1,1,1,1,-0.10534853681747336,,
ocr-baseline,"20160610_McGuireWoods Consulting, LLC_Obenshain, Anne_Short-Form.pdf",registrant_name,"McGuireWoods Consulting, LLC","McGuireWoods Consulting, LLC
",1,1,1,1,-0.07521276993520587,,
ocr-baseline,"20160610_McGuireWoods Consulting, LLC_Obenshain, Anne_Short-Form.pdf",foreign_principle_name,Embassy of Japan,"Embassy of Japan
",1,1,1,1,-0.0014770466027584916,,
ocr-baseline,"20160610_McGuireWoods Consulting, LLC_Obenshain, Anne_Short-Form.pdf",file_date,06/10/2016,"June 10, 2016
",1,1,1,1,-0.08640616926386428,,
ocr-baseline,"20160610_McGuireWoods Consulting, LLC_Obenshain, Anne_Short-Form.pdf",signer_name,Anne Obenshain,"Anne Obenshain
",1,1,1,1,-0.0002356401791985263,,
ocr-baseline,"20160610_McGuireWoods Consulting, LLC_Obenshain, Anne_Short-Form.pdf",signer_title,,,1,1,0,0,-0.6174150109291077,,
ocr-baseline,"20171127_MMGY Global, LLC_Hill, Leanne_Short-Form.pdf",registration_num,,"6492
",0,0,1,0,-0.5551005601882935,,
ocr-baseline,"20171127_MMGY Global, LLC_Hill, Leanne_Short-Form.pdf",registrant_name,Leanne Hill,"MMGY Global, LLC.
",0,0,1,1,-0.11661888164235279,,
ocr-baseline,"20171127_MMGY Global, LLC_Hill, Leanne_Short-Form.pdf",foreign_principle_name,"Nassau Paradise Island Promotion Board, Vancouver","Nassau Paradise Island Promotion Board, Tourism Vancouver
",0,0,1,0,-0.2267063150454002,,
ocr-baseline,"20171127_MMGY Global, LLC_Hill, Leanne_Short-Form.pdf",file_date,"November 01, 2017","November 01, 2017
",1,1,1,1,-0.03946572612385353,,
ocr-baseline,"20171127_MMGY Global, LLC_Hill, Leanne_Short-Form.pdf",signer_name,Leanne Hill,"Leanne Hill
",1,1,1,1,-0.0002645515620921894,,
ocr-baseline,"20171127_MMGY Global, LLC_Hill, Leanne_Short-Form.pdf",signer_title,,,1,1,0,0,-0.16820037364959717,,
ocr-baseline,"20160731_Burson-Marsteller, LLC (Washington, DC)_Smith, Rachel_Short-Form.pdf",registration_num,6227,"6227
",1,1,1,1,-0.0669513379179989,,
ocr-baseline,"20160731_Burson-Marsteller, LLC (Washington, DC)_Smith, Rachel_Short-Form.pdf",registrant_name,Rachel Smith,"Burson-Marsteller, LLC
",0,0,1,1,-0.1272820677550044,,
ocr-baseline,"20160731_Burson-Marsteller, LLC (Washington, DC)_Smith, Rachel_Short-Form.pdf",foreign_principle_name,"Consejo De Promocion Turistica De Mexico, S.A.","Consejo De Promocion Turistica De Mexico, S.A.
",1,1,1,1,-0.006859495543115675,,
ocr-baseline,"20160731_Burson-Marsteller, LLC (Washington, DC)_Smith, Rachel_Short-Form.pdf",file_date,07/31/2016,"July 07, 2016
",0,0,1,1,-0.10170048076993225,,
ocr-baseline,"20160731_Burson-Marsteller, LLC (Washington, DC)_Smith, Rachel_Short-Form.pdf",signer_name,Rachel Smith,"Rachel Smith
",1,1,1,1,-0.00013558946375269443,,
ocr-baseline,"20160731_Burson-Marsteller, LLC (Washington, DC)_Smith, Rachel_Short-Form.pdf",signer_title,,,1,1,0,0,-0.9656882286071777,,
ocr-baseline,"20151130_KOTRA_Kwon, Ohsuk_Short-Form.pdf",registration_num,1619,"1619
",1,1,1,1,-0.04418380988499848,,
ocr-baseline,"20151130_KOTRA_Kwon, Ohsuk_Short-Form.pdf",registrant_name,Korea Business Center,"Korea Business Center
",1,1,1,1,-0.11754675351403421,,
ocr-baseline,"20151130_KOTRA_Kwon, Ohsuk_Short-Form.pdf",foreign_principle_name,Republic of Korea,,0,0,0,1,-0.39017358194541885,,
ocr-baseline,"20151130_KOTRA_Kwon, Ohsuk_Short-Form.pdf",file_date,11/30/2015,"November 24, 2015
",0,0,1,1,-0.07296095869642158,,
ocr-baseline,"20151130_KOTRA_Kwon, Ohsuk_Short-Form.pdf",signer_name,Ohsuk Kwon,"Ohsuk Kwon
",1,1,1,1,-0.005884658049035351,,
ocr-baseline,"20151130_KOTRA_Kwon, Ohsuk_Short-Form.pdf",signer_title,Director General,,0,0,0,1,-0.015095892129465938,,
ocr-baseline,"20131226_KBS America, Inc._Kim, Kyung Hee_Short-Form.pdf",registration_num,5684,"5684
",1,1,1,1,-0.06937235990335466,,
ocr-baseline,"20131226_KBS America, Inc._Kim, Kyung Hee_Short-Form.pdf",registrant_name,"KBS America, Inc.","KBS America, Inc.
",1,1,1,1,-0.02339973529888084,,
ocr-baseline,"20131226_KBS America, Inc._Kim, Kyung Hee_Short-Form.pdf",foreign_principle_name,Korean Broadcasting System,"Korean Broadcasting System (through e-KBS Co., Ltd. and KBS Media, Ltd.)
",0,0,1,1,-0.0019307089569338132,,
ocr-baseline,"20131226_KBS America, Inc._Kim, Kyung Hee_Short-Form.pdf",file_date,"December 26, 2013","December 26, 2013
",1,1,1,1,-0.030426648545289935,,
ocr-baseline,"20131226_KBS America, Inc._Kim, Kyung Hee_Short-Form.pdf",signer_name,Kyung Hee Kim,"Kyung Hee Kim
",1,1,1,1,-0.00016009029740189363,,
ocr-baseline,"20131226_KBS America, Inc._Kim, Kyung Hee_Short-Form.pdf",signer_title,,,1,1,0,0,-0.6752803325653076,,
ocr-baseline,"20080204_Singapore Economic Development Board_Wong, Yau-Chung_Short-Form.pdf",registration_num,2003,"2003
",1,1,1,1,-0.1506931580370292,,
ocr-baseline,"20080204_Singapore Economic Development Board_Wong, Yau-Chung_Short-Form.pdf",registrant_name,Yau Chung Wong,"Singapore Economic Development Board
",0,0,1,1,-0.14530611381815106,,
ocr-baseline,"20080204_Singapore Economic Development Board_Wong, Yau-Chung_Short-Form.pdf",foreign_principle_name,Singapore Economic Development Board,"Singapore Economic Development Board
",1,1,1,1,-0.001515900764388789,,
ocr-baseline,"20080204_Singapore Economic Development Board_Wong, Yau-Chung_Short-Form.pdf",file_date,26 AUG 2007,"26 AUG 2007
",1,1,1,1,-0.1286289765690185,,
ocr-baseline,"20080204_Singapore Economic Development Board_Wong, Yau-Chung_Short-Form.pdf",signer_name,,,1,1,0,0,-0.699795126914978,,
ocr-baseline,"20080204_Singapore Economic Development Board_Wong, Yau-Chung_Short-Form.pdf",signer_title,,,1,1,0,0,-0.0026462795212864876,,
ocr-baseline,"20160301_Daniel J. Edelman, Inc._Wasser, Debra_Short-Form.pdf",registration_num,3634,"3634
",1,1,1,1,-0.15236765270674368,,
ocr-baseline,"20160301_Daniel J. Edelman, Inc._Wasser, Debra_Short-Form.pdf",registrant_name,"Daniel J. Edelman, Inc.","Daniel J. Edelman, Inc.
",1,1,1,1,-0.06332689934970404,,
ocr-baseline,"20160301_Daniel J. Edelman, Inc._Wasser, Debra_Short-Form.pdf",foreign_principle_name,"Bombardier, Inc.","Bombardier, Inc.
",1,1,1,1,-0.003915826881287406,,
ocr-baseline,"20160301_Daniel J. Edelman, Inc._Wasser, Debra_Short-Form.pdf",file_date,"February 05, 2016","February 05, 2016
",1,1,1,1,-0.044034449673495145,,
ocr-baseline,"20160301_Daniel J. Edelman, Inc._Wasser, Debra_Short-Form.pdf",signer_name,Debra Ann Wasser,"Debra Ann Wasser
",1,1,1,1,-0.0009817572445172118,,
ocr-baseline,"20160301_Daniel J. Edelman, Inc._Wasser, Debra_Short-Form.pdf",signer_title,,,1,1,0,0,-0.7450786828994751,,
ocr-baseline,"20080417_CMGRP, Inc._Jensen, Paul_Short-Form.pdf",registration_num,3911,"3911
",1,1,1,1,-0.1334896339540137,,
ocr-baseline,"20080417_CMGRP, Inc._Jensen, Paul_Short-Form.pdf",registrant_name,Paul Jensen,"CMGRP Inc. DBA Weber Shandwick
",0,0,1,1,-0.2263630925644975,,
ocr-baseline,"20080417_CMGRP, Inc._Jensen, Paul_Short-Form.pdf",foreign_principle_name,Government of the Bahamas; Ministry of TRade and Industry Arab Republic of Egypt/Alexandria Cotton Exporters Assn. (Alcotexa); Temasek Holdings,"Government of the Bahamas; Ministry of TRade and Industry Arab Republic of
Egypt/Alexandria Cotton Exporters Assn. (Alcotexa); Temasek Holdings
",1,1,1,1,-0.05161256331358735,,
ocr-baseline,"20080417_CMGRP, Inc._Jensen, Paul_Short-Form.pdf",file_date,2008 APR 17 AM 9:59,"3/31/08
",0,0,1,1,-0.04996122996947504,,
ocr-baseline,"20080417_CMGRP, Inc._Jensen, Paul_Short-Form.pdf",signer_name,Paul Jensen,,0,0,0,1,-0.2396511078477488,,
ocr-baseline,"20080417_CMGRP, Inc._Jensen, Paul_Short-Form.pdf",signer_title,Communications Consultant,,0,0,0,1,-0.34349725209055276,,
ocr-baseline,"20080723_CMGRP, Inc._Shaw, Lauren_Short-Form.pdf",registration_num,3911,"3911
",1,1,1,1,-0.18003515755117405,,
ocr-baseline,"20080723_CMGRP, Inc._Shaw, Lauren_Short-Form.pdf",registrant_name,Lauren Shaw,"CMGRP Inc. DBA Weber Shandwick
",0,0,1,1,-0.23724505567467227,,
ocr-baseline,"20080723_CMGRP, Inc._Shaw, Lauren_Short-Form.pdf",foreign_principle_name,Government of the Bahamas; Ministry of Trade and Industry,"Government of the Bahamas; Ministry of Trade and Industry Arab Republic
of Egypt/Alexandria Cotton Exporters Assocation; Temasek Holdings; Bahrain
Economic Development Board
",0,0,1,1,-0.08939411350183946,,
ocr-baseline,"20080723_CMGRP, Inc._Shaw, Lauren_Short-Form.pdf",file_date,08 JUL 23 AM 9:20,"6/30/08
(Date ",0,0,1,1,-0.0608911512291949,,
ocr-baseline,"20080723_CMGRP, Inc._Shaw, Lauren_Short-Form.pdf",signer_name,Le,,0,0,0,1,-0.16599586606025696,,
ocr-baseline,"20080723_CMGRP, Inc._Shaw, Lauren_Short-Form.pdf",signer_title,,,1,1,0,0,-0.6814675331115723,,
ocr-baseline,"20180703_Mercury Public Affairs, LLC_Randolph, Lindsay_Short-Form.pdf",registration_num,6170,"6170
",1,1,1,1,-0.08704342720739078,,
ocr-baseline,"20180703_Mercury Public Affairs, LLC_Randolph, Lindsay_Short-Form.pdf",registrant_name,Lindsay Randolph,"Mercury Public Affairs LLC
",0,0,1,1,-0.17711023275599777,,
ocr-baseline,"20180703_Mercury Public Affairs, LLC_Randolph, Lindsay_Short-Form.pdf",foreign_principle_name,Turkey-US Business Council,"Turkey-US Business Council (""TAIK"")
",0,0,1,1,-0.09571819369739387,,
ocr-baseline,"20180703_Mercury Public Affairs, LLC_Randolph, Lindsay_Short-Form.pdf",file_date,07/03/2018,"July 03, 2018
",1,1,1,1,-0.038287775243406943,,
ocr-baseline,"20180703_Mercury Public Affairs, LLC_Randolph, Lindsay_Short-Form.pdf",signer_name,Lindsay Randolph,"Lindsay Randolph
",1,1,1,1,-0.000493347157316748,,
ocr-baseline,"20180703_Mercury Public Affairs, LLC_Randolph, Lindsay_Short-Form.pdf",signer_title,,,1,1,0,0,-0.6059880256652832,,
ocr-baseline,"20171011_Quinn _ Co. of NY LTD._Chiou, Ivy_Short-Form.pdf",registration_num,6433,"6433
",1,1,1,1,-0.054215733776800334,,
ocr-baseline,"20171011_Quinn _ Co. of NY LTD._Chiou, Ivy_Short-Form.pdf",registrant_name,Ivy Chiou,"Quinn PR
",0,0,1,1,-0.10065139563585035,,
ocr-baseline,"20171011_Quinn _ Co. of NY LTD._Chiou, Ivy_Short-Form.pdf",foreign_principle_name,Tourism Authority of Thailand,"Tourism Authority of Thailand
",1,1,1,1,-0.05859636653367488,,
ocr-baseline,"20171011_Quinn _ Co. of NY LTD._Chiou, Ivy_Short-Form.pdf",file_date,"October 10, 2017","October 10, 2017
",1,1,1,1,-0.044253672305808324,,
ocr-baseline,"20171011_Quinn _ Co. of NY LTD._Chiou, Ivy_Short-Form.pdf",signer_name,Ivy Chiou,"Chiou
",0,0,1,1,-0.0011364908561972697,,
ocr-baseline,"20171011_Quinn _ Co. of NY LTD._Chiou, Ivy_Short-Form.pdf",signer_title,,,1,1,0,0,-0.8108019828796387,,
ocr-baseline,"20170130_Burson-Marsteller, LLC (Washington, DC)_Chandler, Carson_Short-Form.pdf",registration_num,6227,"6227
",1,1,1,1,-0.06810824935382698,,
ocr-baseline,"20170130_Burson-Marsteller, LLC (Washington, DC)_Chandler, Carson_Short-Form.pdf",registrant_name,"Burson-Marsteller, LLC","Burson-Marsteller, LLC
",1,1,1,1,-0.04963511816094979,,
ocr-baseline,"20170130_Burson-Marsteller, LLC (Washington, DC)_Chandler, Carson_Short-Form.pdf",foreign_principle_name,"Consejo De Promocion Turistica De Mexico, S.A",,0,0,0,1,-0.0018803574404436013,,
ocr-baseline,"20170130_Burson-Marsteller, LLC (Washington, DC)_Chandler, Carson_Short-Form.pdf",file_date,01/30/2017,"1-20-17
",0,0,1,1,-0.07796060194627899,,
ocr-baseline,"20170130_Burson-Marsteller, LLC (Washington, DC)_Chandler, Carson_Short-Form.pdf",signer_name,"Burson-Marsteller, LLC","Consejo De Promocion Turistica De Mexico, S.A
",0,0,1,1,-0.11808962166348162,,
ocr-baseline,"20170130_Burson-Marsteller, LLC (Washington, DC)_Chandler, Carson_Short-Form.pdf",signer_title,"Burson-Marsteller, LLC",,0,0,0,1,-0.17555180741813578,,
ocr-baseline,"20140507_Squire Patton Boggs, LLP_Harris, Laurence E._Short-Form.pdf",registration_num,2165,"2165
",1,1,1,1,-0.08322628417226952,,
ocr-baseline,"20140507_Squire Patton Boggs, LLP_Harris, Laurence E._Short-Form.pdf",registrant_name,Laurence E. Harris,"Patton Boggs LLP
",0,0,1,1,-0.08928667592335841,,
ocr-baseline,"20140507_Squire Patton Boggs, LLP_Harris, Laurence E._Short-Form.pdf",foreign_principle_name,The Office of the National Security Advisor (Nigeria),"By this filing: The Office of the National Security Advisor (Nigeria). By prior filings: 1) Gov't of Cameroon; 2) People's Republic
of China; 3) Gov't of Georgia; 4) Gov't of Kosovo; 5) Gov't of Libya; 6) The Royal Embassy of Saudi Arabia; 7) Gov't of South
Korea; 8) Bo Zhang; 9) Gov't of Gambia; and 10) Kurdistan Regional Government
",0,0,1,1,-0.1184358711447699,,
ocr-baseline,"20140507_Squire Patton Boggs, LLP_Harris, Laurence E._Short-Form.pdf",file_date,05/07/2014,"May 06, 2014
",0,0,1,1,-0.08452293725049458,,
ocr-baseline,"20140507_Squire Patton Boggs, LLP_Harris, Laurence E._Short-Form.pdf",signer_name,Laurence E. Harris,"Laurence E. Harris
",1,1,1,1,-0.001433841536345426,,
ocr-baseline,"20140507_Squire Patton Boggs, LLP_Harris, Laurence E._Short-Form.pdf",signer_title,,,1,1,0,0,-0.6791239976882935,,
ocr-baseline,"20090925_Podesta Group, Inc._Young, Nicole_Short-Form.pdf",registration_num,5926,"5926
",1,1,1,1,-0.03383193985064281,,
ocr-baseline,"20090925_Podesta Group, Inc._Young, Nicole_Short-Form.pdf",registrant_name,"Podesta Group, Inc.","Podesta Group, Inc.
",1,1,1,1,-0.023703822759368148,,
ocr-baseline,"20090925_Podesta Group, Inc._Young, Nicole_Short-Form.pdf",foreign_principle_name,The Swiss Confederation,"The Swiss Confederation, represented by the Swiss Embassy in Washington
",0,0,1,1,-0.027347530071892834,,
ocr-baseline,"20090925_Podesta Group, Inc._Young, Nicole_Short-Form.pdf",file_date,2009 SEP 25,"09/25/09
",0,0,1,1,-0.07570717257658544,,
ocr-baseline,"20090925_Podesta Group, Inc._Young, Nicole_Short-Form.pdf",signer_name,Mile Jay,,0,0,0,1,-0.023526128226270277,,
ocr-baseline,"20090925_Podesta Group, Inc._Young, Nicole_Short-Form.pdf",signer_title,CRM/ISS/RUGISTRATION UNIT,,0,0,0,1,-0.13744781156336622,,
ocr-baseline,"20180216_Sonoran Policy Group, LLC_Rosenberg, John_Short-Form.pdf",registration_num,6399,"6399
",1,1,1,1,-0.0920839956124837,,
ocr-baseline,"20180216_Sonoran Policy Group, LLC_Rosenberg, John_Short-Form.pdf",registrant_name,"Sonoran Policy Group, LLC","Sonoran Policy Group, LLC
",1,1,1,1,-0.08496085274009602,,
ocr-baseline,"20180216_Sonoran Policy Group, LLC_Rosenberg, John_Short-Form.pdf",foreign_principle_name,Government of Kenya,,0,0,0,1,-0.030297234004441027,,
ocr-baseline,"20180216_Sonoran Policy Group, LLC_Rosenberg, John_Short-Form.pdf",file_date,"February 16, 2018","February 16, 2018
",1,1,1,1,-0.06535711687358799,,
ocr-baseline,"20180216_Sonoran Policy Group, LLC_Rosenberg, John_Short-Form.pdf",signer_name,John Rosenberg,"John Rosenberg
",1,1,1,1,-0.000432073129559285,,
ocr-baseline,"20180216_Sonoran Policy Group, LLC_Rosenberg, John_Short-Form.pdf",signer_title,Lobbyist,,0,0,0,1,-0.4495771029032767,,
ocr-baseline,"20160527_KOTRA_Chae, Hee Kwang_Short-Form.pdf",registration_num,1619,"1619
",1,1,1,1,-0.05442183079139795,,
ocr-baseline,"20160527_KOTRA_Chae, Hee Kwang_Short-Form.pdf",registrant_name,Korea Trade Promotion Center,"Korea Trade Promotion Center
",1,1,1,1,-0.10186383051695884,,
ocr-baseline,"20160527_KOTRA_Chae, Hee Kwang_Short-Form.pdf",foreign_principle_name,,,1,1,0,0,-0.4580867290496826,,
ocr-baseline,"20160527_KOTRA_Chae, Hee Kwang_Short-Form.pdf",file_date,"May 19, 2016","May 19, 2016
",1,1,1,1,-0.047541803631520455,,
ocr-baseline,"20160527_KOTRA_Chae, Hee Kwang_Short-Form.pdf",signer_name,Heekwang Chae,"Heekwang Chae
",1,1,1,1,-0.00946785835767514,,
ocr-baseline,"20160527_KOTRA_Chae, Hee Kwang_Short-Form.pdf",signer_title,,,1,1,0,0,-0.1638597548007965,,
ocr-baseline,"20110801_Hill and Knowlton Strategies, LLC_Johnsmeyer, Catherine_Short-Form.pdf",registration_num,1124-0005,"3301
",0,0,1,1,-0.14784467740941587,,
ocr-baseline,"20110801_Hill and Knowlton Strategies, LLC_Johnsmeyer, Catherine_Short-Form.pdf",registrant_name,Hill & Knowlton,"Hill & Knowlton
",1,1,1,1,-0.0814635255170894,,
ocr-baseline,"20110801_Hill and Knowlton Strategies, LLC_Johnsmeyer, Catherine_Short-Form.pdf",foreign_principle_name,The Information Technology Industry Development Agency (ITIDA),"The Information Technology Industry Development Agency (ITIDA) (through Hill & Knowlton, London)
",0,0,1,1,-0.11877727035971475,,
ocr-baseline,"20110801_Hill and Knowlton Strategies, LLC_Johnsmeyer, Catherine_Short-Form.pdf",file_date,08/01/2011,"July 28, 2011
",0,0,1,1,-0.10792241096505677,,
ocr-baseline,"20110801_Hill and Knowlton Strategies, LLC_Johnsmeyer, Catherine_Short-Form.pdf",signer_name,Catherine Johnsmeyer,"Catherine Johnsmeyer
",1,1,1,1,-0.0002559930348070338,,
ocr-baseline,"20110801_Hill and Knowlton Strategies, LLC_Johnsmeyer, Catherine_Short-Form.pdf",signer_title,consultant,,0,0,0,1,-0.22675184678882943,,
ocr-baseline,"20180323_Pillsbury Winthrop Shaw Pittman, LLP_Moeller, Elizabeth V._Short-Form.pdf",registration_num,5198,"5198
",1,1,1,1,-0.05476500318036415,,
ocr-baseline,"20180323_Pillsbury Winthrop Shaw Pittman, LLP_Moeller, Elizabeth V._Short-Form.pdf",registrant_name,Elizabeth V. Moeller,"Pillsbury Winthrop Shaw Pittman LLP
",0,0,1,1,-0.01700314502504625,,
ocr-baseline,"20180323_Pillsbury Winthrop Shaw Pittman, LLP_Moeller, Elizabeth V._Short-Form.pdf",foreign_principle_name,"Cayman Islands Ministry of Financial Services, Commerce & Environment; Embassy of Qatar","Cayman Islands Ministry of Financial Services, Commerce & Environment; Embassy of Qatar.
",0,1,1,1,-0.022539764693419784,,
ocr-baseline,"20180323_Pillsbury Winthrop Shaw Pittman, LLP_Moeller, Elizabeth V._Short-Form.pdf",file_date,03/23/2018,"March 23, 2018
",1,1,1,1,-0.0767702157028907,,
ocr-baseline,"20180323_Pillsbury Winthrop Shaw Pittman, LLP_Moeller, Elizabeth V._Short-Form.pdf",signer_name,Elizabeth V. Moeller,"Elizabeth V. Moeller
",1,1,1,1,-0.0001981462044568616,,
ocr-baseline,"20180323_Pillsbury Winthrop Shaw Pittman, LLP_Moeller, Elizabeth V._Short-Form.pdf",signer_title,N/A,,0,0,0,1,-0.7017418044852093,,
ocr-baseline,"20100713_Invest Northern Ireland_Jones, John Henry_Short-Form.pdf",registration_num,4364,"4364
",1,1,1,1,-0.01958634064794751,,
ocr-baseline,"20100713_Invest Northern Ireland_Jones, John Henry_Short-Form.pdf",registrant_name,John Henry Jones,Invest Northern Ireland ,0,0,1,1,-0.12406694891008858,,
ocr-baseline,"20100713_Invest Northern Ireland_Jones, John Henry_Short-Form.pdf",foreign_principle_name,Invest Northern Ireland,"Department of Enterprise Trade and Investment - A Northern Ireland
Department of the U.K. Government
",0,0,1,1,-0.16834628113429062,,
ocr-baseline,"20100713_Invest Northern Ireland_Jones, John Henry_Short-Form.pdf",file_date,2010 JUL 13,"07/1/2010
",0,0,1,1,-0.11522400423655199,,
ocr-baseline,"20100713_Invest Northern Ireland_Jones, John Henry_Short-Form.pdf",signer_name,John Henry Jones,,0,0,0,1,-0.27747519347273436,,
ocr-baseline,"20100713_Invest Northern Ireland_Jones, John Henry_Short-Form.pdf",signer_title,Business Development Manager,,0,0,0,1,-0.13679687097707452,,
ocr-baseline,"20161214_Fratelli Group_Cox, Frances K._Short-Form.pdf",registration_num,5867,"5867
",1,1,1,1,-0.07768770165421301,,
ocr-baseline,"20161214_Fratelli Group_Cox, Frances K._Short-Form.pdf",registrant_name,Frances K. Cox,"The Fratelli Group
",0,0,1,1,-0.05424855251385452,,
ocr-baseline,"20161214_Fratelli Group_Cox, Frances K._Short-Form.pdf",foreign_principle_name,The Fratelli Group,"The Government of Japan
",0,0,1,1,-0.12711751206279587,,
ocr-baseline,"20161214_Fratelli Group_Cox, Frances K._Short-Form.pdf",file_date,12/12/2014,"12/12/2014
",1,1,1,1,-0.0524382875555375,,
ocr-baseline,"20161214_Fratelli Group_Cox, Frances K._Short-Form.pdf",signer_name,Frances K. Cox,,0,0,0,1,-0.1807092514118267,,
ocr-baseline,"20161214_Fratelli Group_Cox, Frances K._Short-Form.pdf",signer_title,Consultant,,0,0,0,1,-0.517666625099082,,
ocr-baseline,"20180625_Korea International Trade Association, Inc._Park, Joung Woo_Short-Form.pdf",registration_num,2686,"2686
",1,1,1,1,-0.054158416809514165,,
ocr-baseline,"20180625_Korea International Trade Association, Inc._Park, Joung Woo_Short-Form.pdf",registrant_name,KOREA INTERNATIONAL TRADE ASSOCIATION,"KOREA INTERNATIONAL TRADE ASSOCIATION
",1,1,1,1,-0.024058596372924512,,
ocr-baseline,"20180625_Korea International Trade Association, Inc._Park, Joung Woo_Short-Form.pdf",foreign_principle_name,KOREA INTERNATIONAL TRADE ASSOCIATION,"KOREA INTERNATIONAL TRADE ASSOCIATION
",1,1,1,1,-0.014698176464662538,,
ocr-baseline,"20180625_Korea International Trade Association, Inc._Park, Joung Woo_Short-Form.pdf",file_date,06/25/2018,"June 25, 2018
",1,1,1,1,-0.041031850294666584,,
ocr-baseline,"20180625_Korea International Trade Association, Inc._Park, Joung Woo_Short-Form.pdf",signer_name,Joung Woo Park,"Joung Woo Park
",1,1,1,1,-0.1656066382813151,,
ocr-baseline,"20180625_Korea International Trade Association, Inc._Park, Joung Woo_Short-Form.pdf",signer_title,,,1,1,0,0,-0.6318854689598083,,
ocr-baseline,"20100625_Fleishman-Hillard, Inc.__Short-Form.pdf",registration_num,5801,"5801
",1,1,1,1,-0.13181849283864722,,
ocr-baseline,"20100625_Fleishman-Hillard, Inc.__Short-Form.pdf",registrant_name,Fleishman-Hillard Inc.,"Fleishman-Hillard Inc.
",1,1,1,1,-0.07438356748889419,,
ocr-baseline,"20100625_Fleishman-Hillard, Inc.__Short-Form.pdf",foreign_principle_name,Social Communication Secretariat of the Office of the President of the Republic of Brazil,"Social Communication Secretariat of the Office of the President of the Republic of Brazil
",1,1,1,1,-0.009634626831696854,,
ocr-baseline,"20100625_Fleishman-Hillard, Inc.__Short-Form.pdf",file_date,2010 JUN 21,"6/23/2010
",0,0,1,1,-0.10310354581451975,,
ocr-baseline,"20100625_Fleishman-Hillard, Inc.__Short-Form.pdf",signer_name,Melissa R. Banas,"Melissa R. Banas
",1,1,1,1,-0.004966793696439709,,
ocr-baseline,"20100625_Fleishman-Hillard, Inc.__Short-Form.pdf",signer_title,employee,,0,0,0,1,-0.7342883944511414,,
ocr-baseline,"20090731_Hill and Knowlton Strategies, LLC_Poulos, Peter_Short-Form.pdf",registration_num,3301,"3301
",1,1,1,1,-0.051683700186913484,,
ocr-baseline,"20090731_Hill and Knowlton Strategies, LLC_Poulos, Peter_Short-Form.pdf",registrant_name,"Hill & Knowlton, Inc.","Hill & Knowlton, Inc.
",1,1,1,1,-0.015391369952744248,,
ocr-baseline,"20090731_Hill and Knowlton Strategies, LLC_Poulos, Peter_Short-Form.pdf",foreign_principle_name,Qatar Financial Centre Authority,"Qatar Financial Centre Authority
(Through Hill & Knowlton Qatar, LLC)
",0,0,1,1,-0.003924390501197195,,
ocr-baseline,"20090731_Hill and Knowlton Strategies, LLC_Poulos, Peter_Short-Form.pdf",file_date,2009 JUL 31,"0
",0,0,1,1,-0.09456259829539704,,
ocr-baseline,"20090731_Hill and Knowlton Strategies, LLC_Poulos, Peter_Short-Form.pdf",signer_name,Peter Poulos,,0,0,0,1,-0.07199630313455903,,
ocr-baseline,"20090731_Hill and Knowlton Strategies, LLC_Poulos, Peter_Short-Form.pdf",signer_title,"Senior Vice President, Public Relations",,0,0,0,1,-0.05275724172922006,,
ocr-baseline,"20170320_Burson-Marsteller, LLC (Washington, DC)_Smith, Nancy_Short-Form.pdf",registration_num,6227,"6227
",1,1,1,1,-0.05219948515150463,,
ocr-baseline,"20170320_Burson-Marsteller, LLC (Washington, DC)_Smith, Nancy_Short-Form.pdf",registrant_name,"Burson-Marsteller, LLC","Burson-Marsteller, LLC
",1,1,1,1,-0.0900348625746119,,
ocr-baseline,"20170320_Burson-Marsteller, LLC (Washington, DC)_Smith, Nancy_Short-Form.pdf",foreign_principle_name,"Consejo De Promocion Turistica De Mexico, S.A","Consejo De Promocion Turistica De Mexico, S.A
",1,1,1,1,-0.005476082821457696,,
ocr-baseline,"20170320_Burson-Marsteller, LLC (Washington, DC)_Smith, Nancy_Short-Form.pdf",file_date,03/9/17,"3/9/17
(Date of ",0,0,1,0,-0.1635688287704917,,
ocr-baseline,"20170320_Burson-Marsteller, LLC (Washington, DC)_Smith, Nancy_Short-Form.pdf",signer_name,Nancy Smith,,0,0,0,1,-0.1312627923907712,,
ocr-baseline,"20170320_Burson-Marsteller, LLC (Washington, DC)_Smith, Nancy_Short-Form.pdf",signer_title,N/A,,0,0,0,1,-0.7453418970108032,,
ocr-baseline,"20151130_KOTRA_Lee, Jonggun_Short-Form.pdf",registration_num,1619,"1619
",1,1,1,1,-0.06007621914613992,,
ocr-baseline,"20151130_KOTRA_Lee, Jonggun_Short-Form.pdf",registrant_name,"Lee, Jonggun","Korea Business Center, NY
",0,0,1,1,-0.06947542448324384,,
ocr-baseline,"20151130_KOTRA_Lee, Jonggun_Short-Form.pdf",foreign_principle_name,"Korea Business Center, NY",,0,0,0,1,-0.14071833329944639,,
ocr-baseline,"20151130_KOTRA_Lee, Jonggun_Short-Form.pdf",file_date,"November 24, 2015","November 24, 2015
",1,1,1,1,-0.03057882104340024,,
ocr-baseline,"20151130_KOTRA_Lee, Jonggun_Short-Form.pdf",signer_name,Jonggun Lee,"Jonggun Lee
",1,1,1,1,-0.007201198848633794,,
ocr-baseline,"20151130_KOTRA_Lee, Jonggun_Short-Form.pdf",signer_title,consultant,,0,0,0,1,-0.5781275614717742,,
ocr-baseline,"20121119_Commonwealth of Dominica Maritime Registry, Inc._Amettikkara, Devadas_Short-Form.pdf",registration_num,5334,"5334
",1,1,1,1,-0.09786696369701531,,
ocr-baseline,"20121119_Commonwealth of Dominica Maritime Registry, Inc._Amettikkara, Devadas_Short-Form.pdf",registrant_name,DEVADAS AMETTIKKARA,"Commonwealth of Dominica Maritime Registry
",0,0,1,1,-0.0439720134484863,,
ocr-baseline,"20121119_Commonwealth of Dominica Maritime Registry, Inc._Amettikkara, Devadas_Short-Form.pdf",foreign_principle_name,Commonwealth of Dominica,"Commonwealth of Dominica
",1,1,1,1,-0.008955739994053146,,
ocr-baseline,"20121119_Commonwealth of Dominica Maritime Registry, Inc._Amettikkara, Devadas_Short-Form.pdf",file_date,"November 01, 2012","November 01, 2012
",1,1,1,1,-0.03905555489563994,,
ocr-baseline,"20121119_Commonwealth of Dominica Maritime Registry, Inc._Amettikkara, Devadas_Short-Form.pdf",signer_name,DEVADAS AMETTIKKARA,"DEVADAS AMETTIKKARA
",1,1,1,1,-0.0004669845972481805,,
ocr-baseline,"20121119_Commonwealth of Dominica Maritime Registry, Inc._Amettikkara, Devadas_Short-Form.pdf",signer_title,N/A,,0,0,0,1,-0.6673222649842501,,
ocr-baseline,"20120814_Commonwealth of Dominica Maritime Registry, Inc._Khvedelidze, Parmen_Short-Form.pdf",registration_num,,,1,1,0,0,-0.1652693748474121,,
ocr-baseline,"20120814_Commonwealth of Dominica Maritime Registry, Inc._Khvedelidze, Parmen_Short-Form.pdf",registrant_name,,"Commonwealth of Dominica Maritime Registry
",0,0,1,0,-0.5307663679122925,,
ocr-baseline,"20120814_Commonwealth of Dominica Maritime Registry, Inc._Khvedelidze, Parmen_Short-Form.pdf",foreign_principle_name,,"Commonwealth of Dominica
",0,0,1,0,-0.057281289249658585,,
ocr-baseline,"20120814_Commonwealth of Dominica Maritime Registry, Inc._Khvedelidze, Parmen_Short-Form.pdf",file_date,13.08.2012,"13.08.2012
",1,1,1,1,-0.06711316536293452,,
ocr-baseline,"20120814_Commonwealth of Dominica Maritime Registry, Inc._Khvedelidze, Parmen_Short-Form.pdf",signer_name,SEOK Yete,,0,0,0,1,-0.38487412594258785,,
ocr-baseline,"20120814_Commonwealth of Dominica Maritime Registry, Inc._Khvedelidze, Parmen_Short-Form.pdf",signer_title,,,1,1,0,0,-0.1461896151304245,,
ocr-baseline,"20121129_Commonwealth of Dominica Maritime Registry, Inc._Gamal, Islam_Short-Form.pdf",registration_num,5334,"5334
",1,1,1,1,-0.0722964801825583,,
ocr-baseline,"20121129_Commonwealth of Dominica Maritime Registry, Inc._Gamal, Islam_Short-Form.pdf",registrant_name,Islam Gamal,"Commonwealth of Dominica Maritime Registry
",0,0,1,1,-0.1374991910920471,,
ocr-baseline,"20121129_Commonwealth of Dominica Maritime Registry, Inc._Gamal, Islam_Short-Form.pdf",foreign_principle_name,Commonwealth of Dominica,"Commonwealth of Dominica
",1,1,1,1,-0.005087376765186491,,
ocr-baseline,"20121129_Commonwealth of Dominica Maritime Registry, Inc._Gamal, Islam_Short-Form.pdf",file_date,"22TH SEPTEMBER, 2012","22TH SEPTEMBER, 2012
",1,1,1,1,-0.05448116570482853,,
ocr-baseline,"20121129_Commonwealth of Dominica Maritime Registry, Inc._Gamal, Islam_Short-Form.pdf",signer_name,Islam Gamal,,0,0,0,1,-0.00017373018651293629,,
ocr-baseline,"20121129_Commonwealth of Dominica Maritime Registry, Inc._Gamal, Islam_Short-Form.pdf",signer_title,,,1,1,0,0,-0.8595596551895142,,
ocr-baseline,"20130315_Daniel J. Edelman, Inc._Klempay, Daniel_Short-Form.pdf",registration_num,3634,"3634
",1,1,1,1,-0.06157915193034569,,
ocr-baseline,"20130315_Daniel J. Edelman, Inc._Klempay, Daniel_Short-Form.pdf",registrant_name,"Daniel J. Edelman, Inc.","Daniel J. Edelman, Inc.
",1,1,1,1,-0.045628599878455134,,
ocr-baseline,"20130315_Daniel J. Edelman, Inc._Klempay, Daniel_Short-Form.pdf",foreign_principle_name,"Oerlikon Solar, Ltd.","Oerlikon Solar, Ltd.
",1,1,1,1,-0.006652347142676263,,
ocr-baseline,"20130315_Daniel J. Edelman, Inc._Klempay, Daniel_Short-Form.pdf",file_date,"February 28, 2013","February 28, 2013
",1,1,1,1,-0.0418282185948101,,
ocr-baseline,"20130315_Daniel J. Edelman, Inc._Klempay, Daniel_Short-Form.pdf",signer_name,Daniel Klempay,"Daniel Klempay
",1,1,1,1,-8.9101252058299e-05,,
ocr-baseline,"20130315_Daniel J. Edelman, Inc._Klempay, Daniel_Short-Form.pdf",signer_title,,,1,1,0,0,-0.44003424048423767,,
ocr-baseline,"20180214_Tigercomm, LLC_Schub, Nathaniel J._Short-Form.pdf",registration_num,6511,"6511
",1,1,1,1,-0.05754806714321603,,
ocr-baseline,"20180214_Tigercomm, LLC_Schub, Nathaniel J._Short-Form.pdf",registrant_name,Nathaniel J Schub,"Tigercomm, LLC
",0,0,1,1,-0.08694180913116725,,
ocr-baseline,"20180214_Tigercomm, LLC_Schub, Nathaniel J._Short-Form.pdf",foreign_principle_name,Qatar,"Embassy of the State of Qatar
",0,0,1,1,-0.429373362014303,,
ocr-baseline,"20180214_Tigercomm, LLC_Schub, Nathaniel J._Short-Form.pdf",file_date,"February 14, 2018","February 14, 2018
",1,1,1,1,-0.04731599204919803,,
ocr-baseline,"20180214_Tigercomm, LLC_Schub, Nathaniel J._Short-Form.pdf",signer_name,Nathaniel J Schub,"Nathaniel J Schub
",1,1,1,1,-0.0003590507593798975,,
ocr-baseline,"20180214_Tigercomm, LLC_Schub, Nathaniel J._Short-Form.pdf",signer_title,,,1,1,0,0,-0.8395081758499146,,
ocr-baseline,"20180710_BerlinRosen Ltd._Rose, Rebecca_Short-Form.pdf",registration_num,6531,"6531
",1,1,1,1,-0.06898849002027418,,
ocr-baseline,"20180710_BerlinRosen Ltd._Rose, Rebecca_Short-Form.pdf",registrant_name,Rebecca Rose,"BerlinRosen Ltd
",0,0,1,1,-0.23879926868941462,,
ocr-baseline,"20180710_BerlinRosen Ltd._Rose, Rebecca_Short-Form.pdf",foreign_principle_name,Cambodia National Rescue Movement (CNRM),"Cambodia National Rescue Movement (CNRM)
",1,1,1,1,-0.013632208110923076,,
ocr-baseline,"20180710_BerlinRosen Ltd._Rose, Rebecca_Short-Form.pdf",file_date,07/10/2018,"July 10, 2018
",1,1,1,1,-0.06630292013760482,,
ocr-baseline,"20180710_BerlinRosen Ltd._Rose, Rebecca_Short-Form.pdf",signer_name,Rebecca Rose,"Rebecca Rose
",1,1,1,1,-0.0013190628011822507,,
ocr-baseline,"20180710_BerlinRosen Ltd._Rose, Rebecca_Short-Form.pdf",signer_title,,,1,1,0,0,-0.7626258730888367,,
ocr-baseline,"20170914_Doremus _ Company_Quan, Renee_Short-Form.pdf",registration_num,6387,"6387
",1,1,1,1,-0.06497127133843605,,
ocr-baseline,"20170914_Doremus _ Company_Quan, Renee_Short-Form.pdf",registrant_name,Doremus & Company,"Doremus & Company
",1,1,1,1,-0.036598856712225826,,
ocr-baseline,"20170914_Doremus _ Company_Quan, Renee_Short-Form.pdf",foreign_principle_name,Economic Development Board Singapore,"Economic Development Board Singapore
",1,1,1,1,-0.021123331403941847,,
ocr-baseline,"20170914_Doremus _ Company_Quan, Renee_Short-Form.pdf",file_date,"September 01, 2017","September 01, 2017
",1,1,1,1,-0.07499117504996775,,
ocr-baseline,"20170914_Doremus _ Company_Quan, Renee_Short-Form.pdf",signer_name,Renee Tasha Quan,"Renee Tasha Quan
",1,1,1,1,-0.0016200703151601676,,
ocr-baseline,"20170914_Doremus _ Company_Quan, Renee_Short-Form.pdf",signer_title,,,1,1,0,0,-0.4650462865829468,,
ocr-baseline,"20130208_Tourism Authority of Thailand, Los Angeles_Awutkom, Orasa_Short-Form.pdf",registration_num,2178,"2178
",1,1,1,1,-0.04826406162828789,,
ocr-baseline,"20130208_Tourism Authority of Thailand, Los Angeles_Awutkom, Orasa_Short-Form.pdf",registrant_name,Tourism Authority of Thailand,"Tourism Authority of Thailand
",1,1,1,1,-0.08116888751610532,,
ocr-baseline,"20130208_Tourism Authority of Thailand, Los Angeles_Awutkom, Orasa_Short-Form.pdf",foreign_principle_name,,,1,1,0,0,-0.6166054010391235,,
ocr-baseline,"20130208_Tourism Authority of Thailand, Los Angeles_Awutkom, Orasa_Short-Form.pdf",file_date,02/08/2013,"Feb8,2013
",0,0,1,1,-0.02224859930720413,,
ocr-baseline,"20130208_Tourism Authority of Thailand, Los Angeles_Awutkom, Orasa_Short-Form.pdf",signer_name,,,1,1,0,0,-0.3745674192905426,,
ocr-baseline,"20130208_Tourism Authority of Thailand, Los Angeles_Awutkom, Orasa_Short-Form.pdf",signer_title,,,1,1,0,0,-0.006109016947448254,,
ocr-baseline,"20180305_Baker, Donelson, Bearman, Caldwell _ Berkowitz, P.C._Dyer, James W._Short-Form.pdf",registration_num,6535,"6535
",1,1,1,1,-0.09431488922928111,,
ocr-baseline,"20180305_Baker, Donelson, Bearman, Caldwell _ Berkowitz, P.C._Dyer, James W._Short-Form.pdf",registrant_name,"Baker, Donelson, Bearman, Caldwell & Berkowitz, A Professional Corporation","Baker, Donelson, Bearman, Caldwell &
Berkowitz, A Professional Corporation
",1,1,1,1,-0.03842781659092426,,
ocr-baseline,"20180305_Baker, Donelson, Bearman, Caldwell _ Berkowitz, P.C._Dyer, James W._Short-Form.pdf",foreign_principle_name,"Embassy of the Republic of Azerbaijan (through BGR Government Affairs, LLC)","Embassy of the Republic of Azerbaijan (through BGR Government Affairs, LLC)
",1,1,1,1,-0.015498540244749393,,
ocr-baseline,"20180305_Baker, Donelson, Bearman, Caldwell _ Berkowitz, P.C._Dyer, James W._Short-Form.pdf",file_date,03/05/2018,"3/5/2018
",1,1,1,1,-0.01707760727531422,,
ocr-baseline,"20180305_Baker, Donelson, Bearman, Caldwell _ Berkowitz, P.C._Dyer, James W._Short-Form.pdf",signer_name,James W. Dyer,"James W. Dyer
",1,1,1,1,-5.0256004760740326e-05,,
ocr-baseline,"20180305_Baker, Donelson, Bearman, Caldwell _ Berkowitz, P.C._Dyer, James W._Short-Form.pdf",signer_title,Senior Advisor,,0,0,0,1,-0.06191973012755625,,
ocr-baseline,"20140922_Ketchum Inc. NY_O_Gorman, Catherine Mary Anne_Short-Form.pdf",registration_num,5758,"5758
",1,1,1,1,-0.11399473008350469,,
ocr-baseline,"20140922_Ketchum Inc. NY_O_Gorman, Catherine Mary Anne_Short-Form.pdf",registrant_name,"Ketchum, Inc.","Ketchum, Inc.
",1,1,1,1,-0.04467916916397977,,
ocr-baseline,"20140922_Ketchum Inc. NY_O_Gorman, Catherine Mary Anne_Short-Form.pdf",foreign_principle_name,"Russian Federation, Republic of Ecuador","Russian Federation, Republic of Ecuador
",1,1,1,1,-0.1366998950955652,,
ocr-baseline,"20140922_Ketchum Inc. NY_O_Gorman, Catherine Mary Anne_Short-Form.pdf",file_date,08/22/2014,"8/22/2014
",1,1,1,0,-0.08571374828222815,,
ocr-baseline,"20140922_Ketchum Inc. NY_O_Gorman, Catherine Mary Anne_Short-Form.pdf",signer_name,Emin,,0,0,0,1,-0.01032822470733663,,
ocr-baseline,"20140922_Ketchum Inc. NY_O_Gorman, Catherine Mary Anne_Short-Form.pdf",signer_title,,,1,1,0,0,-0.3835461139678955,,
ocr-baseline,"20161130_KOTRA_Kim, Kunki_Short-Form.pdf",registration_num,1619,"1619
",1,1,1,1,-0.0745662442423054,,
ocr-baseline,"20161130_KOTRA_Kim, Kunki_Short-Form.pdf",registrant_name,Korea Business Center,"Korea Business Center
",1,1,1,1,-0.01507980330279679,,
ocr-baseline,"20161130_KOTRA_Kim, Kunki_Short-Form.pdf",foreign_principle_name,KOTRA,,0,0,0,1,-0.31759817884388514,,
ocr-baseline,"20161130_KOTRA_Kim, Kunki_Short-Form.pdf",file_date,11/30/2016,"November 28, 2016
",0,0,1,1,-0.05840568265443835,,
ocr-baseline,"20161130_KOTRA_Kim, Kunki_Short-Form.pdf",signer_name,KIM KI,"KIM KI
",1,1,1,1,-0.013180973629156748,,
ocr-baseline,"20161130_KOTRA_Kim, Kunki_Short-Form.pdf",signer_title,N/A,,0,0,0,1,-0.6223669685423374,,
ocr-baseline,"20180206_S.G.R. LLC Government Relations and Lobbying_Lowman, Greg_Short-Form.pdf",registration_num,6379,"6379
",1,1,1,1,-0.1338978783096536,,
ocr-baseline,"20180206_S.G.R. LLC Government Relations and Lobbying_Lowman, Greg_Short-Form.pdf",registrant_name,S.G.R. LLC,"S.G.R. LLC Government Relations & Lobbying
",0,0,1,1,-0.10608237825945252,,
ocr-baseline,"20180206_S.G.R. LLC Government Relations and Lobbying_Lowman, Greg_Short-Form.pdf",foreign_principle_name,Federal Democratic Republic of Ethiopia,"Federal Democratic Republic of Ethiopia
The Ministry of Foreign Affairs and International Cooperation of the Kingdom of Morocco (through JPC Strategies LLC)
The Embassy of the State of Qatar (through Venable LLP)
",0,0,1,1,-0.048187652946216984,,
ocr-baseline,"20180206_S.G.R. LLC Government Relations and Lobbying_Lowman, Greg_Short-Form.pdf",file_date,02/06/2018,"February 06, 2018
",1,1,1,1,-0.07789455970269046,,
ocr-baseline,"20180206_S.G.R. LLC Government Relations and Lobbying_Lowman, Greg_Short-Form.pdf",signer_name,Greg Lowman,"Greg Lowman
",1,1,1,1,-0.00035533755772121367,,
ocr-baseline,"20180206_S.G.R. LLC Government Relations and Lobbying_Lowman, Greg_Short-Form.pdf",signer_title,,,1,1,0,0,-0.9690249562263489,,
ocr-baseline,"20171004_Sonoran Policy Group, LLC_Meyers, Jessica_Short-Form.pdf",registration_num,6399,"6399
",1,1,1,1,-0.06938054456259124,,
ocr-baseline,"20171004_Sonoran Policy Group, LLC_Meyers, Jessica_Short-Form.pdf",registrant_name,Jessica Lynn Meyers,"Sonoran Policy Group, LLC
",0,0,1,1,-0.023966184604319096,,
ocr-baseline,"20171004_Sonoran Policy Group, LLC_Meyers, Jessica_Short-Form.pdf",foreign_principle_name,"The Embassy of the Islamic Republic of Afghanistan; Government of Kenya (Ministry of Foreign Affairs); Embassy of Iceland, Washington, DC",,0,0,0,1,-0.07040619809871575,,
ocr-baseline,"20171004_Sonoran Policy Group, LLC_Meyers, Jessica_Short-Form.pdf",file_date,10/03/2017,"October 03, 2017
",1,1,1,1,-0.06495344514560202,,
ocr-baseline,"20171004_Sonoran Policy Group, LLC_Meyers, Jessica_Short-Form.pdf",signer_name,Jessica Lynn Meyers,"Jessica Lynn Meyers
",1,1,1,1,-8.343686278067253e-05,,
ocr-baseline,"20171004_Sonoran Policy Group, LLC_Meyers, Jessica_Short-Form.pdf",signer_title,,,1,1,0,0,-0.8209089040756226,,
ocr-baseline,"20140929_Sandler Trade, LLC_Cabeza, Romulo_Short-Form.pdf",registration_num,6180,"6180.
",1,1,1,1,-0.03793999255503877,,
ocr-baseline,"20140929_Sandler Trade, LLC_Cabeza, Romulo_Short-Form.pdf",registrant_name,Romulo Cabeza,"Sandler Trade LLC
",0,0,1,1,-0.05222180660416598,,
ocr-baseline,"20140929_Sandler Trade, LLC_Cabeza, Romulo_Short-Form.pdf",foreign_principle_name,Minister Benchawan Ukrid,"Minister Benchawan Ukrid, Office of Commercial Affairs, Royal Thai Embassy, 1024 Wisconsin Ave, N.W., Washington, D.C.
20007
",0,0,1,1,-0.0073843231196709285,,
ocr-baseline,"20140929_Sandler Trade, LLC_Cabeza, Romulo_Short-Form.pdf",file_date,09/29/2014,"9/17/2014
",0,0,1,1,-0.07328275747745465,,
ocr-baseline,"20140929_Sandler Trade, LLC_Cabeza, Romulo_Short-Form.pdf",signer_name,Likke,,0,0,0,1,-0.0014901023387210444,,
ocr-baseline,"20140929_Sandler Trade, LLC_Cabeza, Romulo_Short-Form.pdf",signer_title,N/A,,0,0,0,1,-0.8858536370098591,,
ocr-baseline,"20180605_PTI USA, LLC_Ali, Imtiaz_Short-Form.pdf",registration_num,6160,"6160
",1,1,1,1,-0.10673381354718003,,
ocr-baseline,"20180605_PTI USA, LLC_Ali, Imtiaz_Short-Form.pdf",registrant_name,Pakistan Tehreek-e-Insaaf,"Pakistan Tehreek-e-Insaaf
",1,1,1,1,-0.042322610620820864,,
ocr-baseline,"20180605_PTI USA, LLC_Ali, Imtiaz_Short-Form.pdf",foreign_principle_name,"Pakistan Tehreek-e-Insaf, PTI","Pakistan Tehreek-e-Insaf, PTI
",1,1,1,1,-0.08233986069681123,,
ocr-baseline,"20180605_PTI USA, LLC_Ali, Imtiaz_Short-Form.pdf",file_date,05/31/2018,"5/31/2018
Date of ",0,0,1,0,-0.09586728328213212,,
ocr-baseline,"20180605_PTI USA, LLC_Ali, Imtiaz_Short-Form.pdf",signer_name,Imtiaz Ali,".
Imtiaz Ali
(Signature)
",0,0,1,1,-0.0007649858152944944,,
ocr-baseline,"20180605_PTI USA, LLC_Ali, Imtiaz_Short-Form.pdf",signer_title,,,1,1,0,0,-0.2658352553844452,,
ocr-baseline,"20170906_Akin, Gump, Strauss, Hauer _ Feld, LLP_Shapiro, Hal_Short-Form.pdf",registration_num,3492,"3492
",1,1,1,1,-0.1367885545696481,,
ocr-baseline,"20170906_Akin, Gump, Strauss, Hauer _ Feld, LLP_Shapiro, Hal_Short-Form.pdf",registrant_name,Hal Shapiro,"Akin Gump Strauss Hauer & Feld LLP
",0,0,1,1,-0.3194482306680584,,
ocr-baseline,"20170906_Akin, Gump, Strauss, Hauer _ Feld, LLP_Shapiro, Hal_Short-Form.pdf",foreign_principle_name,Government of the Republic of the Marshall Islands,"Government of the Republic of the Marshall Islands
",1,1,1,1,-0.0072070707266505,,
ocr-baseline,"20170906_Akin, Gump, Strauss, Hauer _ Feld, LLP_Shapiro, Hal_Short-Form.pdf",file_date,09/06/2017,"September 06, 2017
",1,1,1,1,-0.045525765469392354,,
ocr-baseline,"20170906_Akin, Gump, Strauss, Hauer _ Feld, LLP_Shapiro, Hal_Short-Form.pdf",signer_name,Hal Shapiro,"Hal Shapiro
",1,1,1,1,-0.0006702163591398858,,
ocr-baseline,"20170906_Akin, Gump, Strauss, Hauer _ Feld, LLP_Shapiro, Hal_Short-Form.pdf",signer_title,,,1,1,0,0,-0.5687870383262634,,
ocr-baseline,"20140929_Burson-Marsteller, LLC (Miami Office)_Wenceiblat, Claudia Gloria_Short-Form.pdf",registration_num,6223,"6223
",1,1,1,1,-0.025514422573905904,,
ocr-baseline,"20140929_Burson-Marsteller, LLC (Miami Office)_Wenceiblat, Claudia Gloria_Short-Form.pdf",registrant_name,Burson-Marsteller LLC,"Burson-Marsteller LLC
",1,1,1,1,-0.010558099900663365,,
ocr-baseline,"20140929_Burson-Marsteller, LLC (Miami Office)_Wenceiblat, Claudia Gloria_Short-Form.pdf",foreign_principle_name,Comision para la Promocion de la Alianza Publico-Privada (COALIANZA),"Comision para la Promocion de la Alianza Publico-Privada (COALIANZA)
",1,1,1,1,-0.011026417295728275,,
ocr-baseline,"20140929_Burson-Marsteller, LLC (Miami Office)_Wenceiblat, Claudia Gloria_Short-Form.pdf",file_date,09/22/14,"9/22/14
",1,1,1,0,-0.16832354910184222,,
ocr-baseline,"20140929_Burson-Marsteller, LLC (Miami Office)_Wenceiblat, Claudia Gloria_Short-Form.pdf",signer_name,,,1,1,0,0,-0.6871580481529236,,
ocr-baseline,"20140929_Burson-Marsteller, LLC (Miami Office)_Wenceiblat, Claudia Gloria_Short-Form.pdf",signer_title,,,1,1,0,0,-0.0018575809663161635,,
ocr-baseline,"20171128_Burson-Marsteller, LLC (Washington, DC)_Lerubino, Kathryn L._Short-Form.pdf",registration_num,1124-0005,"6227
",0,0,1,1,-0.14319667312601167,,
ocr-baseline,"20171128_Burson-Marsteller, LLC (Washington, DC)_Lerubino, Kathryn L._Short-Form.pdf",registrant_name,Burson-Marsteller LLC (Washington DC),"Burson-Marsteller LLC (Washington DC)
",1,1,1,1,-0.044192974347121584,,
ocr-baseline,"20171128_Burson-Marsteller, LLC (Washington, DC)_Lerubino, Kathryn L._Short-Form.pdf",foreign_principle_name,"Kobe Steel, Ltd.","Kobe Steel, Ltd.
",1,1,1,1,-0.015636493539507985,,
ocr-baseline,"20171128_Burson-Marsteller, LLC (Washington, DC)_Lerubino, Kathryn L._Short-Form.pdf",file_date,11/28/17,"11/28/17
",1,1,1,1,-0.026850450163692585,,
ocr-baseline,"20171128_Burson-Marsteller, LLC (Washington, DC)_Lerubino, Kathryn L._Short-Form.pdf",signer_name,Kathryn L. lerubino,"Kathryn L. lerubino
",1,1,1,1,-0.0002652914699581288,,
ocr-baseline,"20171128_Burson-Marsteller, LLC (Washington, DC)_Lerubino, Kathryn L._Short-Form.pdf",signer_title,,,1,1,0,0,-0.39718538522720337,,
ocr-baseline,"20171017_Italian Government Tourist Board, New York_Persampieri, Salvatore_Short-Form.pdf",registration_num,FARA,"568
",0,0,1,1,-0.5081624079030007,,
ocr-baseline,"20171017_Italian Government Tourist Board, New York_Persampieri, Salvatore_Short-Form.pdf",registrant_name,ENIT-Italian Government Tourist Board,"ENIT-Italian Government Tourist Board
",1,1,1,1,-0.06366528930414006,,
ocr-baseline,"20171017_Italian Government Tourist Board, New York_Persampieri, Salvatore_Short-Form.pdf",foreign_principle_name,ENIT-Agenzia Nazionale del Turismo,"ENIT-Agenzia Nazionale del Turismo
",1,1,1,1,-0.003374039578375232,,
ocr-baseline,"20171017_Italian Government Tourist Board, New York_Persampieri, Salvatore_Short-Form.pdf",file_date,10/17/2017,"October 10, 2017
",0,0,1,1,-0.07274699244871954,,
ocr-baseline,"20171017_Italian Government Tourist Board, New York_Persampieri, Salvatore_Short-Form.pdf",signer_name,Salvatore Persampieri,"Salvatore Persampieri
",1,1,1,1,-0.042036203279470406,,
ocr-baseline,"20171017_Italian Government Tourist Board, New York_Persampieri, Salvatore_Short-Form.pdf",signer_title,Consultant,,0,0,0,1,-0.9890513106947765,,
ocr-baseline,"20141105_Ketchum Inc. NY_Surfield, Ron_Short-Form.pdf",registration_num,5758,"5758
",1,1,1,1,-0.1124186131710303,,
ocr-baseline,"20141105_Ketchum Inc. NY_Surfield, Ron_Short-Form.pdf",registrant_name,Ron Surfield,"Ketchum, Inc.
",0,0,1,1,-0.15990737854978457,,
ocr-baseline,"20141105_Ketchum Inc. NY_Surfield, Ron_Short-Form.pdf",foreign_principle_name,Exerom Spain,"Exerom Spain
ICEX
",0,0,1,1,-0.09321685698159854,,
ocr-baseline,"20141105_Ketchum Inc. NY_Surfield, Ron_Short-Form.pdf",file_date,11/05/2014,"July 16, 2014
",0,0,1,1,-0.11412303982142476,,
ocr-baseline,"20141105_Ketchum Inc. NY_Surfield, Ron_Short-Form.pdf",signer_name,Ronald Joseph Surfield,"Ronald Joseph Surfield
",1,1,1,1,-0.001982071637030458,,
ocr-baseline,"20141105_Ketchum Inc. NY_Surfield, Ron_Short-Form.pdf",signer_title,,,1,1,0,0,-0.8929001092910767,,
ocr-baseline,"20091209_International Trade _ Development Agency, Inc._Murphy, Morgan F._Short-Form.pdf",registration_num,3690,"3690
",1,1,1,1,-0.2251070244528819,,
ocr-baseline,"20091209_International Trade _ Development Agency, Inc._Murphy, Morgan F._Short-Form.pdf",registrant_name,International Trade and Development Agency,"International Trade and Development Agency
",1,1,1,1,-0.12989453633817902,,
ocr-baseline,"20091209_International Trade _ Development Agency, Inc._Murphy, Morgan F._Short-Form.pdf",foreign_principle_name,Taiwan,"Taiwan
",1,1,1,1,-0.000560451800993178,,
ocr-baseline,"20091209_International Trade _ Development Agency, Inc._Murphy, Morgan F._Short-Form.pdf",file_date,2009 DEC-9 AM 10:16,"Decilna 2009
",0,0,1,1,-0.09445460808715975,,
ocr-baseline,"20091209_International Trade _ Development Agency, Inc._Murphy, Morgan F._Short-Form.pdf",signer_name,Morgan Murphy,,0,0,0,1,-0.03159301527739444,,
ocr-baseline,"20091209_International Trade _ Development Agency, Inc._Murphy, Morgan F._Short-Form.pdf",signer_title,Decilna,,0,0,0,1,-0.19968526042066514,,
ocr-baseline,"20180629_MMGY Global, LLC_Koehly, Chelsea_Short-Form.pdf",registration_num,6492,"6492
",1,1,1,1,-0.08929075812920928,,
ocr-baseline,"20180629_MMGY Global, LLC_Koehly, Chelsea_Short-Form.pdf",registrant_name,Chelsea Koehly,"MMGY Global, LLC
",0,0,1,1,-0.03515408025850775,,
ocr-baseline,"20180629_MMGY Global, LLC_Koehly, Chelsea_Short-Form.pdf",foreign_principle_name,Bermuda Tourism Authority,"Bermuda Tourism Authority
",1,1,1,1,-0.0104720422776154,,
ocr-baseline,"20180629_MMGY Global, LLC_Koehly, Chelsea_Short-Form.pdf",file_date,"June 27, 2018","June 27, 2018
",1,1,1,1,-0.052767408952968255,,
ocr-baseline,"20180629_MMGY Global, LLC_Koehly, Chelsea_Short-Form.pdf",signer_name,Chelsea Koehly,"Chelsea Koehly
",1,1,1,1,-0.00016677876590165397,,
ocr-baseline,"20180629_MMGY Global, LLC_Koehly, Chelsea_Short-Form.pdf",signer_title,,,1,1,0,0,-0.6397896409034729,,
ocr-baseline,"20100226_KRL International, LLC__Short-Form.pdf",registration_num,FARA,"5788
",0,0,1,1,-0.39516702969558537,,
ocr-baseline,"20100226_KRL International, LLC__Short-Form.pdf",registrant_name,K. Riva Levinson,"KRL International LLC
",0,0,1,1,-0.08130470289044449,,
ocr-baseline,"20100226_KRL International, LLC__Short-Form.pdf",foreign_principle_name,Office of the President minister of State for Liberia,"Office of the President minister of State for Liberia
",1,1,1,1,-0.15293319846225334,,
ocr-baseline,"20100226_KRL International, LLC__Short-Form.pdf",file_date,SEPTEMBER 2007,"2/24/2010
(Date ",0,0,1,1,-0.09438491088531009,,
ocr-baseline,"20100226_KRL International, LLC__Short-Form.pdf",signer_name,KRL International LLC,,0,0,0,1,-0.2076545327436179,,
ocr-baseline,"20100226_KRL International, LLC__Short-Form.pdf",signer_title,Consultant / Lobbyist - Managing Director,,0,0,0,1,-0.17465039676244487,,
ocr-baseline,"20120926_Squire Patton Boggs, LLP_Thompson, Scott C._Short-Form.pdf",registration_num,2165,"2165
",1,1,1,1,-0.044516825138998684,,
ocr-baseline,"20120926_Squire Patton Boggs, LLP_Thompson, Scott C._Short-Form.pdf",registrant_name,Patton Boggs LLP,"Patton Boggs LLP
",1,1,1,1,-0.11854499679611763,,
ocr-baseline,"20120926_Squire Patton Boggs, LLP_Thompson, Scott C._Short-Form.pdf",foreign_principle_name,Interim Transitional National Council of Libya,"By this filing: Interim Transitional National Council of Libya. By prior filings: 1) Al-Ahmar Trading Group, 2) The Embassy
of the Republic of Azerbaijan, 3) The Korea International Trade Association, 4) Republic of Croatia, 5) Government of
Kosova, and 6) Royal Embassy of Saudi Arabia.
",0,0,1,1,-0.005099600245947451,,
ocr-baseline,"20120926_Squire Patton Boggs, LLP_Thompson, Scott C._Short-Form.pdf",file_date,"September 25, 2012","September 25, 2012
",1,1,1,1,-0.08519484460284729,,
ocr-baseline,"20120926_Squire Patton Boggs, LLP_Thompson, Scott C._Short-Form.pdf",signer_name,Scott C. Thompson,"Scott C. Thompson
",1,1,1,1,-0.0001339474451924616,,
ocr-baseline,"20120926_Squire Patton Boggs, LLP_Thompson, Scott C._Short-Form.pdf",signer_title,,,1,1,0,0,-0.7470167875289917,,
ocr-baseline,"20120914_Department of Culture Tourism - Abu Dhabi (New York Branch)_McDonagh, Paul_Short-Form.pdf",registration_num,6134,"6134
",1,1,1,1,-0.12995960932676098,,
ocr-baseline,"20120914_Department of Culture Tourism - Abu Dhabi (New York Branch)_McDonagh, Paul_Short-Form.pdf",registrant_name,Abu Dhabi Tourism & Culture Authority - New York Branch,"Abu Dhabi Tourism & Culture Authority - New Yo
",0,0,1,1,-0.051979341593985075,,
ocr-baseline,"20120914_Department of Culture Tourism - Abu Dhabi (New York Branch)_McDonagh, Paul_Short-Form.pdf",foreign_principle_name,Abu Dhabi Tourism & Culture Authority,"Abu Dhabi Tourism & Culture Authority
",1,1,1,1,-0.0022959771197617685,,
ocr-baseline,"20120914_Department of Culture Tourism - Abu Dhabi (New York Branch)_McDonagh, Paul_Short-Form.pdf",file_date,09/14/2012,"September 14, 2012
",1,1,1,1,-0.026539857475108876,,
ocr-baseline,"20120914_Department of Culture Tourism - Abu Dhabi (New York Branch)_McDonagh, Paul_Short-Form.pdf",signer_name,Paul McDonagh,"Paul McDonagh
",1,1,1,1,-6.782686947796417e-05,,
ocr-baseline,"20120914_Department of Culture Tourism - Abu Dhabi (New York Branch)_McDonagh, Paul_Short-Form.pdf",signer_title,,,1,1,0,0,-0.9786430597305298,,
ocr-baseline,"20180209_Andreae _ Associates_Braha, Katharine_Short-Form.pdf",registration_num,6371,"6371
",1,1,1,1,-0.1312560692022089,,
ocr-baseline,"20180209_Andreae _ Associates_Braha, Katharine_Short-Form.pdf",registrant_name,Andreae & Associates,"Andreae & Associates
",1,1,1,1,-0.025427809752727626,,
ocr-baseline,"20180209_Andreae _ Associates_Braha, Katharine_Short-Form.pdf",foreign_principle_name,SCL Social,"SCL Social, For Iraq United
",0,0,1,1,-0.012374699076948067,,
ocr-baseline,"20180209_Andreae _ Associates_Braha, Katharine_Short-Form.pdf",file_date,"February 9, 2018","February 9, 2018
",1,1,1,1,-0.06772649210435905,,
ocr-baseline,"20180209_Andreae _ Associates_Braha, Katharine_Short-Form.pdf",signer_name,,,1,1,0,0,-0.9550952911376953,,
ocr-baseline,"20180209_Andreae _ Associates_Braha, Katharine_Short-Form.pdf",signer_title,,,1,1,0,0,-0.0019606193527579308,,
ocr-baseline,"20180315_Miller _ Chevalier Chartered_Orr, P. Welles_Short-Form.pdf",registration_num,6533,"No.
6533
",1,1,1,1,-0.10405864481072058,,
ocr-baseline,"20180315_Miller _ Chevalier Chartered_Orr, P. Welles_Short-Form.pdf",registrant_name,Miller & Chevalier Chartered,"Miller & Chevalier Chartered
",1,1,1,1,-0.015563197882719189,,
ocr-baseline,"20180315_Miller _ Chevalier Chartered_Orr, P. Welles_Short-Form.pdf",foreign_principle_name,Government of the Kingdom of Bahrain,"Government of the Kingdom of Bahrain
",1,1,1,1,-0.018112290060950425,,
ocr-baseline,"20180315_Miller _ Chevalier Chartered_Orr, P. Welles_Short-Form.pdf",file_date,14 March 2015,"14 March 2015
",1,1,1,1,-0.04153077031168095,,
ocr-baseline,"20180315_Miller _ Chevalier Chartered_Orr, P. Welles_Short-Form.pdf",signer_name,Paul Welles,,0,0,0,0,-0.27536025061757147,,
ocr-baseline,"20180315_Miller _ Chevalier Chartered_Orr, P. Welles_Short-Form.pdf",signer_title,,,1,1,0,0,-0.9179291725158691,,
ocr-baseline,"20151119_Capitol Counsel, LLC_Tryon, Warren_Short-Form.pdf",registration_num,6328,"6328
",1,1,1,1,-0.07315134867531015,,
ocr-baseline,"20151119_Capitol Counsel, LLC_Tryon, Warren_Short-Form.pdf",registrant_name,Warren Tryon,"Capitol Counsel LLC
",0,0,1,1,-0.058283745909704976,,
ocr-baseline,"20151119_Capitol Counsel, LLC_Tryon, Warren_Short-Form.pdf",foreign_principle_name,Republic of Turkey,"Republic of Turkey (through Gephardt Group Government Affairs LLC)
",0,0,1,1,-0.007296087947906926,,
ocr-baseline,"20151119_Capitol Counsel, LLC_Tryon, Warren_Short-Form.pdf",file_date,11/19/2015,"November 19, 2015
",1,1,1,1,-0.07304831936330629,,
ocr-baseline,"20151119_Capitol Counsel, LLC_Tryon, Warren_Short-Form.pdf",signer_name,Warren Tryon,"Warren Tryon
",1,1,1,1,-0.0008268092933292337,,
ocr-baseline,"20151119_Capitol Counsel, LLC_Tryon, Warren_Short-Form.pdf",signer_title,,,1,1,0,0,-0.8601759076118469,,
ocr-baseline,"20090217_Squire Patton Boggs, LLP_Brand, Joseph L._Short-Form.pdf",registration_num,2165,"2165
",1,1,1,1,-0.026007812939496944,,
ocr-baseline,"20090217_Squire Patton Boggs, LLP_Brand, Joseph L._Short-Form.pdf",registrant_name,Patton Boggs LLP,"Patton Boggs LLP
",1,1,1,1,-0.027534810837823897,,
ocr-baseline,"20090217_Squire Patton Boggs, LLP_Brand, Joseph L._Short-Form.pdf",foreign_principle_name,The Embassy of Sri Lanka,"By this filing: The Embassy of Sri Lanka. By previous filings; The Government of the Republic of Angola;
The Government of the Republic of Cyprus; The Government of the State of Qatar; and The Government of the
Republic of Cameroon.
",0,0,1,1,-0.08308091004437301,,
ocr-baseline,"20090217_Squire Patton Boggs, LLP_Brand, Joseph L._Short-Form.pdf",file_date,SEPTEMBER 2007,"1-29-09
",0,0,1,1,-0.052341774782689754,,
ocr-baseline,"20090217_Squire Patton Boggs, LLP_Brand, Joseph L._Short-Form.pdf",signer_name,Joseph L. Brand,,0,0,0,1,-0.2985818152246793,,
ocr-baseline,"20090217_Squire Patton Boggs, LLP_Brand, Joseph L._Short-Form.pdf",signer_title,Attorney,,0,0,0,1,-0.13044449669996538,,
ocr-baseline,"20160720_KRL International, LLC_Levinson, K Riva_Short-Form.pdf",registration_num,5788,"5788
",1,1,1,1,-0.15806699144013692,,
ocr-baseline,"20160720_KRL International, LLC_Levinson, K Riva_Short-Form.pdf",registrant_name,KRL International LLC,"KRL International LLC
",1,1,1,1,-0.16760801695636474,,
ocr-baseline,"20160720_KRL International, LLC_Levinson, K Riva_Short-Form.pdf",foreign_principle_name,Liberia,"1. Office of the President of Liberia, 2. DRC Office in charge of fight against sexual violence, 3. 1 Am For Nana Foundation,
",0,0,1,1,-0.2708860880229622,,
ocr-baseline,"20160720_KRL International, LLC_Levinson, K Riva_Short-Form.pdf",file_date,07/13/2016,"7/13/2016
(Date of signature)
",0,1,1,0,-0.08706186366221118,,
ocr-baseline,"20160720_KRL International, LLC_Levinson, K Riva_Short-Form.pdf",signer_name,L,,0,0,0,1,-0.30316993594169617,,
ocr-baseline,"20160720_KRL International, LLC_Levinson, K Riva_Short-Form.pdf",signer_title,,,1,1,0,0,-0.8347622156143188,,
ocr-baseline,"20130410_Singapore Economic Development Board_Ng, Tat Peng Paul_Short-Form.pdf",registration_num,NG TAT-PENG PAUL,"2003
",0,0,1,1,-0.11014925215983697,,
ocr-baseline,"20130410_Singapore Economic Development Board_Ng, Tat Peng Paul_Short-Form.pdf",registrant_name,SINGAPORE ECONOMIC DEVELOPMENT BOARD,"SINGAPORE ECONOMIC DEVELOPMENT BOARD
",1,1,1,1,-0.005536966418175224,,
ocr-baseline,"20130410_Singapore Economic Development Board_Ng, Tat Peng Paul_Short-Form.pdf",foreign_principle_name,SINGAPORE ECONOMIC DEVELOPMENT BOARD,"SINGAPORE ECONOMIC DEVELOPMENT BOARD
250 NORTH BRIDGE RD, #28-00 RAFFLES CITY TOWER, SINGAPORE
",0,0,1,1,-0.015189681771971664,,
ocr-baseline,"20130410_Singapore Economic Development Board_Ng, Tat Peng Paul_Short-Form.pdf",file_date,04/10/2013,"8 FEB 2013
",0,0,1,1,-0.11119747184829976,,
ocr-baseline,"20130410_Singapore Economic Development Board_Ng, Tat Peng Paul_Short-Form.pdf",signer_name,INGTP,,0,0,0,1,-0.05607139691710472,,
ocr-baseline,"20130410_Singapore Economic Development Board_Ng, Tat Peng Paul_Short-Form.pdf",signer_title,Siche,,0,0,0,1,-0.7332163825631142,,
ocr-baseline,"20130617_Hill and Knowlton Strategies, LLC_Morscheck, Peter_Short-Form.pdf",registration_num,3301,"3301
",1,1,1,1,-0.12841102248057723,,
ocr-baseline,"20130617_Hill and Knowlton Strategies, LLC_Morscheck, Peter_Short-Form.pdf",registrant_name,Peter Morscheck,"Hill and Knowlton Strategies, LLC
",0,0,1,1,-0.1170284775678283,,
ocr-baseline,"20130617_Hill and Knowlton Strategies, LLC_Morscheck, Peter_Short-Form.pdf",foreign_principle_name,Tokyo Electric Power Company (TEPCO),"Tokyo Electric Power Company (TEPCO)
",1,1,1,1,-0.014446183127802215,,
ocr-baseline,"20130617_Hill and Knowlton Strategies, LLC_Morscheck, Peter_Short-Form.pdf",file_date,06/17/13,"6/17/13
",1,1,1,0,-0.0872491681293468,,
ocr-baseline,"20130617_Hill and Knowlton Strategies, LLC_Morscheck, Peter_Short-Form.pdf",signer_name,Peter E. Morscheck,"Peter E. Morscheck
(Signature)
",0,0,1,1,-0.0026338986628312946,,
ocr-baseline,"20130617_Hill and Knowlton Strategies, LLC_Morscheck, Peter_Short-Form.pdf",signer_title,,,1,1,0,0,-0.910869300365448,,
ocr-baseline,"20120905_Squire Patton Boggs, LLP_Thompson, Scott C._Short-Form.pdf",registration_num,2165,"2165
",1,1,1,1,-0.05541807683039224,,
ocr-baseline,"20120905_Squire Patton Boggs, LLP_Thompson, Scott C._Short-Form.pdf",registrant_name,Patton Boggs LLP,"Patton Boggs LLP
",1,1,1,1,-0.08096852246162597,,
ocr-baseline,"20120905_Squire Patton Boggs, LLP_Thompson, Scott C._Short-Form.pdf",foreign_principle_name,Republic of Croatia,"By this filing: Republic of Croatia. By prior filings: 1. Al-Hamar Trading Group; 2. The Embassy of the Republic of
Azerbaijan; 3. The Korea International Trade Association (KITA); 4. The Government of Kosova; and, 5. The Government
of Saudi Arabia.
",0,0,1,1,-0.03430662881874014,,
ocr-baseline,"20120905_Squire Patton Boggs, LLP_Thompson, Scott C._Short-Form.pdf",file_date,09/05/2012,"September 05, 2012
",1,1,1,1,-0.06320440498675453,,
ocr-baseline,"20120905_Squire Patton Boggs, LLP_Thompson, Scott C._Short-Form.pdf",signer_name,Scott C. Thompson,"Scott C. Thompson
",1,1,1,1,-0.00033304502630926436,,
ocr-baseline,"20120905_Squire Patton Boggs, LLP_Thompson, Scott C._Short-Form.pdf",signer_title,,,1,1,0,0,-0.7193390727043152,,
ocr-baseline,"20131009_Squire Patton Boggs, LLP_Frideres, Taryn F._Short-Form.pdf",registration_num,2165,"2165
",1,1,1,1,-0.08908127517497633,,
ocr-baseline,"20131009_Squire Patton Boggs, LLP_Frideres, Taryn F._Short-Form.pdf",registrant_name,Taryn F. Frideres,"Taryn F. Frideres
",1,1,1,1,-0.0284065010906005,,
ocr-baseline,"20131009_Squire Patton Boggs, LLP_Frideres, Taryn F._Short-Form.pdf",foreign_principle_name,Temasek Holdings,,0,0,0,1,-0.0035699851503068203,,
ocr-baseline,"20131009_Squire Patton Boggs, LLP_Frideres, Taryn F._Short-Form.pdf",file_date,"October 9, 2013","October 9, 2013
",1,1,1,1,-0.07806444436513023,,
ocr-baseline,"20131009_Squire Patton Boggs, LLP_Frideres, Taryn F._Short-Form.pdf",signer_name,Taryn F. Frideres,"Taryn F. Frideres
",1,1,1,1,-0.00017038840591965254,,
ocr-baseline,"20131009_Squire Patton Boggs, LLP_Frideres, Taryn F._Short-Form.pdf",signer_title,,,1,1,0,0,-0.6338083744049072,,
ocr-baseline,"20090424_BGR Government Affairs, LLC_Reid, Morris L._Short-Form.pdf",registration_num,5430,"5430
",1,1,1,1,-0.023686466462095268,,
ocr-baseline,"20090424_BGR Government Affairs, LLC_Reid, Morris L._Short-Form.pdf",registrant_name,"Barbour Griffith & Rogers, LLC d/b/a BGR Government Affairs, LLC","Barbour Griffith & Rogers, LLC d/b/a BGR
Government Affairs, LLC
",1,1,1,1,-0.04342569799200646,,
ocr-baseline,"20090424_BGR Government Affairs, LLC_Reid, Morris L._Short-Form.pdf",foreign_principle_name,Kurdistan Regional Government,"Kurdistan Regional Government
State of Qatar
Republic of India
",0,0,1,1,-0.01902180860488443,,
ocr-baseline,"20090424_BGR Government Affairs, LLC_Reid, Morris L._Short-Form.pdf",file_date,SEPTEMBER 2007,"21
Date of ",0,0,1,1,-0.10573463305127007,,
ocr-baseline,"20090424_BGR Government Affairs, LLC_Reid, Morris L._Short-Form.pdf",signer_name,Morris L. Reid,,0,0,0,1,-0.06655276539859187,,
ocr-baseline,"20090424_BGR Government Affairs, LLC_Reid, Morris L._Short-Form.pdf",signer_title,"Managing Director, BGR Government Affairs, LLC",,0,0,0,1,-0.04535346466814695,,
ocr-baseline,"20180307_BerlinRosen Ltd._Mondy, Lincoln Cornell_Short-Form.pdf",registration_num,6531,"6531
",1,1,1,1,-0.05728303124487866,,
ocr-baseline,"20180307_BerlinRosen Ltd._Mondy, Lincoln Cornell_Short-Form.pdf",registrant_name,Lincoln Cornell Mondy,"Berlin Rosen Ltd
",0,0,1,1,-0.13381973771029151,,
ocr-baseline,"20180307_BerlinRosen Ltd._Mondy, Lincoln Cornell_Short-Form.pdf",foreign_principle_name,Cambodia National Rescue Movement (CNRM),"Cambodia National Rescue Movement (CNRM)
",1,1,1,1,-0.013624603142792088,,
ocr-baseline,"20180307_BerlinRosen Ltd._Mondy, Lincoln Cornell_Short-Form.pdf",file_date,2/26/18,"2/26/18
",1,1,1,1,-0.14258454965836012,,
ocr-baseline,"20180307_BerlinRosen Ltd._Mondy, Lincoln Cornell_Short-Form.pdf",signer_name,M,,0,0,0,1,-0.15130652487277985,,
ocr-baseline,"20180307_BerlinRosen Ltd._Mondy, Lincoln Cornell_Short-Form.pdf",signer_title,,,1,1,0,0,-1.0617605447769165,,
ocr-baseline,"20110311_Garvey, Schubert _ Barer_Duboff, Scott_Short-Form.pdf",registration_num,3047,"3047
",1,1,1,1,-0.4416589825123083,,
ocr-baseline,"20110311_Garvey, Schubert _ Barer_Duboff, Scott_Short-Form.pdf",registrant_name,Scott M. DuBoff,"Garvey Schubert Barer
",0,0,1,1,-0.10744425575103378,,
ocr-baseline,"20110311_Garvey, Schubert _ Barer_Duboff, Scott_Short-Form.pdf",foreign_principle_name,,"Province of Manitoba
",0,0,1,0,-0.49377724528312683,,
ocr-baseline,"20110311_Garvey, Schubert _ Barer_Duboff, Scott_Short-Form.pdf",file_date,"March 11, 2011","March 11, 2011
",1,1,1,1,-0.053890962908917574,,
ocr-baseline,"20110311_Garvey, Schubert _ Barer_Duboff, Scott_Short-Form.pdf",signer_name,"Harold G. Bailey, Jr.","Harold G. Bailey, Jr.
",1,1,1,1,-0.0032176149395581888,,
ocr-baseline,"20110311_Garvey, Schubert _ Barer_Duboff, Scott_Short-Form.pdf",signer_title,,,1,1,0,0,-0.2705283761024475,,
ocr-baseline,"20180419_Pillsbury Winthrop Shaw Pittman, LLP_Oresman, Matthew S._Short-Form.pdf",registration_num,5198,"5198
",1,1,1,1,-0.0439553656760836,,
ocr-baseline,"20180419_Pillsbury Winthrop Shaw Pittman, LLP_Oresman, Matthew S._Short-Form.pdf",registrant_name,Matthew S. Oresman,"Pillsbury Winthrop Shaw Pittman LLP
",0,0,1,1,-0.028855317383734775,,
ocr-baseline,"20180419_Pillsbury Winthrop Shaw Pittman, LLP_Oresman, Matthew S._Short-Form.pdf",foreign_principle_name,Embassy of Qatar,"Embassy of Qatar.
",0,1,1,1,-0.14466334947110226,,
ocr-baseline,"20180419_Pillsbury Winthrop Shaw Pittman, LLP_Oresman, Matthew S._Short-Form.pdf",file_date,"April 19, 2018","April 19, 2018
",1,1,1,1,-0.03788684585529154,,
ocr-baseline,"20180419_Pillsbury Winthrop Shaw Pittman, LLP_Oresman, Matthew S._Short-Form.pdf",signer_name,Matthew S. Oresman,"Matthew S. Oresman
",1,1,1,1,-6.426757897770585e-05,,
ocr-baseline,"20180419_Pillsbury Winthrop Shaw Pittman, LLP_Oresman, Matthew S._Short-Form.pdf",signer_title,,,1,1,0,0,-0.5984563827514648,,
ocr-baseline,"20090115_Korea National Tourism Organization, Los Angeles_Lee, Jae Kyong_Short-Form.pdf",registration_num,2544,"2544
",1,1,1,1,-0.14237773211061722,,
ocr-baseline,"20090115_Korea National Tourism Organization, Los Angeles_Lee, Jae Kyong_Short-Form.pdf",registrant_name,Lee,"Jaekyong Lee
",0,0,1,1,-0.3732474446296692,,
ocr-baseline,"20090115_Korea National Tourism Organization, Los Angeles_Lee, Jae Kyong_Short-Form.pdf",foreign_principle_name,Korea National Tourism Organization,"Korea National Tourism Organization
",1,1,1,1,-0.02249686694703996,,
ocr-baseline,"20090115_Korea National Tourism Organization, Los Angeles_Lee, Jae Kyong_Short-Form.pdf",file_date,SEPTEMBER 2007,"12;
2009
",0,0,1,1,-0.10370882104052725,,
ocr-baseline,"20090115_Korea National Tourism Organization, Los Angeles_Lee, Jae Kyong_Short-Form.pdf",signer_name,Luis,,0,0,0,1,-0.10158437908103224,,
ocr-baseline,"20090115_Korea National Tourism Organization, Los Angeles_Lee, Jae Kyong_Short-Form.pdf",signer_title,Supervising,,0,0,0,1,-0.26225362489155185,,
ocr-baseline,"20081125_Greenberg Traurig, LLP_Vargo, Regina_Short-Form.pdf",registration_num,5712,"5712
",1,1,1,1,-0.026921553484498872,,
ocr-baseline,"20081125_Greenberg Traurig, LLP_Vargo, Regina_Short-Form.pdf",registrant_name,"Greenberg Traurig, LLP","Greenberg Traurig, LLP
",1,1,1,1,-0.026270885011399514,,
ocr-baseline,"20081125_Greenberg Traurig, LLP_Vargo, Regina_Short-Form.pdf",foreign_principle_name,"Secretaria de Agricultura Ganaderia, Desarollo Rural, Pesca y Alimentacion (SAGARPA)","Secretaria de Agricultura Ganaderia, Desarollo Rural, Pesca y Alimentacion ( SAGARPA)
",1,1,1,1,-0.06701922460855382,,
ocr-baseline,"20081125_Greenberg Traurig, LLP_Vargo, Regina_Short-Form.pdf",file_date,2008 NOV 25,"11/25/2008
",0,0,1,1,-0.028884270509706766,,
ocr-baseline,"20081125_Greenberg Traurig, LLP_Vargo, Regina_Short-Form.pdf",signer_name,Regina,,0,0,0,1,-0.00014082784082347644,,
ocr-baseline,"20081125_Greenberg Traurig, LLP_Vargo, Regina_Short-Form.pdf",signer_title,,,1,1,0,0,-0.704984188079834,,
ocr-baseline,"20180402_Mercury Public Affairs, LLC_Hernandez, Michael Anthony_Short-Form.pdf",registration_num,1124-0005,"6170
",0,0,1,1,-0.17963795271094163,,
ocr-baseline,"20180402_Mercury Public Affairs, LLC_Hernandez, Michael Anthony_Short-Form.pdf",registrant_name,Michael Anthony Hernandez,"Mercury Public Affairs, LLC
",0,0,1,1,-0.23697469325634302,,
ocr-baseline,"20180402_Mercury Public Affairs, LLC_Hernandez, Michael Anthony_Short-Form.pdf",foreign_principle_name,Qatar,"Embassy of the State Of Qatar
",0,0,1,1,-0.3585809418873396,,
ocr-baseline,"20180402_Mercury Public Affairs, LLC_Hernandez, Michael Anthony_Short-Form.pdf",file_date,04/02/2018,"April 02, 2018
",1,1,1,1,-0.0813141913969048,,
ocr-baseline,"20180402_Mercury Public Affairs, LLC_Hernandez, Michael Anthony_Short-Form.pdf",signer_name,Michael Hernandez,"Michael Hernandez
",1,1,1,1,-0.001875871152151376,,
ocr-baseline,"20180402_Mercury Public Affairs, LLC_Hernandez, Michael Anthony_Short-Form.pdf",signer_title,N/A,,0,0,0,1,-0.740164983086288,,
ocr-baseline,"20100622_Tourist Office for Flanders, Belgium - New York Office_Jacobs, Geertrui_Short-Form.pdf",registration_num,5840,"5840
",1,1,1,1,-0.020339241196779767,,
ocr-baseline,"20100622_Tourist Office for Flanders, Belgium - New York Office_Jacobs, Geertrui_Short-Form.pdf",registrant_name,"Tourist Office for Flanders, Belgium","Tourist Office for Flanders, Belgium
",1,1,1,1,-0.03948139953206464,,
ocr-baseline,"20100622_Tourist Office for Flanders, Belgium - New York Office_Jacobs, Geertrui_Short-Form.pdf",foreign_principle_name,Flanders Tourism Board,"Flanders Tourism Board
",1,1,1,1,-0.056594175772261224,,
ocr-baseline,"20100622_Tourist Office for Flanders, Belgium - New York Office_Jacobs, Geertrui_Short-Form.pdf",file_date,SEPTEMBER 2007,"June 16, 2010
",0,0,1,1,-0.09025773611710974,,
ocr-baseline,"20100622_Tourist Office for Flanders, Belgium - New York Office_Jacobs, Geertrui_Short-Form.pdf",signer_name,"June 16, 2010",,0,0,0,1,-0.08211847953571123,,
ocr-baseline,"20100622_Tourist Office for Flanders, Belgium - New York Office_Jacobs, Geertrui_Short-Form.pdf",signer_title,NSD/CES/REGISTRATION,,0,0,0,1,-0.31106350565096363,,
ocr-baseline,"20140918_JETRO, New York_Suzuki, Atsushi_Short-Form.pdf",registration_num,1643,"1643
",1,1,1,1,-0.09921459751785733,,
ocr-baseline,"20140918_JETRO, New York_Suzuki, Atsushi_Short-Form.pdf",registrant_name,Atsushi Suzuki,"JETRO, New York
",0,0,1,1,-0.30605142925924156,,
ocr-baseline,"20140918_JETRO, New York_Suzuki, Atsushi_Short-Form.pdf",foreign_principle_name,"Japan External Trade Organization, (JETRO)","Japan External Trade Organization, (JETRO), Tokyo Japan
",0,0,1,1,-0.21516338023724935,,
ocr-baseline,"20140918_JETRO, New York_Suzuki, Atsushi_Short-Form.pdf",file_date,09/18/2014,"09/18/2014
",1,1,1,1,-0.008691444701753426,,
ocr-baseline,"20140918_JETRO, New York_Suzuki, Atsushi_Short-Form.pdf",signer_name,Atsush Suzuki,"Atsush
Sugarker
",0,0,1,0,-0.32580166053958237,,
ocr-baseline,"20140918_JETRO, New York_Suzuki, Atsushi_Short-Form.pdf",signer_title,"Director, Research and Planning",,0,0,0,1,-0.14293604248814518,,
ocr-baseline,"20170512_Alpha Strategies, LLC_Jalil, Adnan_Short-Form.pdf",registration_num,6431,"6431
",1,1,1,1,-0.05291386167664314,,
ocr-baseline,"20170512_Alpha Strategies, LLC_Jalil, Adnan_Short-Form.pdf",registrant_name,"Aselus Strategies, LLC","Aselus Strategies, LLC
",1,1,1,1,-0.1407064067243482,,
ocr-baseline,"20170512_Alpha Strategies, LLC_Jalil, Adnan_Short-Form.pdf",foreign_principle_name,Government of Democratic Republic of the Congo,"Government of Democratic Republic of the Congo (through Mer Security and Communication Systems)
",0,0,1,1,-0.008502960096458472,,
ocr-baseline,"20170512_Alpha Strategies, LLC_Jalil, Adnan_Short-Form.pdf",file_date,05/12/2017,"May 12, 2017
",1,1,1,1,-0.07133446775851553,,
ocr-baseline,"20170512_Alpha Strategies, LLC_Jalil, Adnan_Short-Form.pdf",signer_name,Adnan Jalil,"Adnan Jalil
",1,1,1,1,-0.00014882578250308143,,
ocr-baseline,"20170512_Alpha Strategies, LLC_Jalil, Adnan_Short-Form.pdf",signer_title,,,1,1,0,0,-0.9997243881225586,,
ocr-baseline,"20130417_Korea National Tourism Organization, New Jersey_You, Sejoon_Short-Form.pdf",registration_num,2614,"2614
",1,1,1,1,-0.05115705379284918,,
ocr-baseline,"20130417_Korea National Tourism Organization, New Jersey_You, Sejoon_Short-Form.pdf",registrant_name,Sejoon You,"Jeongah Kim
",0,0,1,1,-0.052209545428922866,,
ocr-baseline,"20130417_Korea National Tourism Organization, New Jersey_You, Sejoon_Short-Form.pdf",foreign_principle_name,None,,0,0,0,1,-0.22737006843090057,,
ocr-baseline,"20130417_Korea National Tourism Organization, New Jersey_You, Sejoon_Short-Form.pdf",file_date,04/17/2013,"4 17, 2013
",0,0,1,1,-0.02752108317722559,,
ocr-baseline,"20130417_Korea National Tourism Organization, New Jersey_You, Sejoon_Short-Form.pdf",signer_name,Sejoon You,"Sejoon You
",1,1,1,1,-0.0014784987087068657,,
ocr-baseline,"20130417_Korea National Tourism Organization, New Jersey_You, Sejoon_Short-Form.pdf",signer_title,Executive Director,,0,0,0,1,-0.03122867718047928,,
ocr-baseline,"20170307_S.G.R. LLC Government Relations and Lobbying_Miller, James G._Short-Form.pdf",registration_num,6379,"6379
",1,1,1,1,-0.1267694925190881,,
ocr-baseline,"20170307_S.G.R. LLC Government Relations and Lobbying_Miller, James G._Short-Form.pdf",registrant_name,James G. Miller,"S.G.R.LLC Government Relations and Lobbying
",0,0,1,1,-0.08756577137592103,,
ocr-baseline,"20170307_S.G.R. LLC Government Relations and Lobbying_Miller, James G._Short-Form.pdf",foreign_principle_name,Inovo BV,"Inovo BV (as a result of work SGR did for Flynn Intel Group Inc.)
",0,0,1,1,-0.11854050176528592,,
ocr-baseline,"20170307_S.G.R. LLC Government Relations and Lobbying_Miller, James G._Short-Form.pdf",file_date,03/07/2017,"3/2/2017
",0,0,1,1,-0.11031104405401493,,
ocr-baseline,"20170307_S.G.R. LLC Government Relations and Lobbying_Miller, James G._Short-Form.pdf",signer_name,James G. Miller,,0,0,0,1,-0.0363276440430127,,
ocr-baseline,"20170307_S.G.R. LLC Government Relations and Lobbying_Miller, James G._Short-Form.pdf",signer_title,employee,,0,0,0,1,-1.0098967552185059,,
ocr-baseline,"20100621_Venable, LLP_Hinckley, Elias_Short-Form.pdf",registration_num,5931,"5931
",1,1,1,1,-0.24819776925141923,,
ocr-baseline,"20100621_Venable, LLP_Hinckley, Elias_Short-Form.pdf",registrant_name,Venable LLP,"Venable LLP
",1,1,1,1,-0.1514863187864345,,
ocr-baseline,"20100621_Venable, LLP_Hinckley, Elias_Short-Form.pdf",foreign_principle_name,Gazprom Export,"Gazprom Export
",1,1,1,1,-0.007014017444817,,
ocr-baseline,"20100621_Venable, LLP_Hinckley, Elias_Short-Form.pdf",file_date,2010 JUN 21 AM 4:38,"6.4.2010
",0,0,1,1,-0.06987479126032017,,
ocr-baseline,"20100621_Venable, LLP_Hinckley, Elias_Short-Form.pdf",signer_name,Elias Hinckley,,0,0,0,1,-0.038957502200992165,,
ocr-baseline,"20100621_Venable, LLP_Hinckley, Elias_Short-Form.pdf",signer_title,N/A,,0,0,0,1,-0.6629638038575649,,
ocr-baseline,"20130917_Daniel J. Edelman, Inc._Colson, Rachel_Short-Form.pdf",registration_num,3634,"3634
",1,1,1,1,-0.18052729507689946,,
ocr-baseline,"20130917_Daniel J. Edelman, Inc._Colson, Rachel_Short-Form.pdf",registrant_name,Rachel Colson,"Daniel J. Edelman, Inc.
",0,0,1,1,-0.17827075706365272,,
ocr-baseline,"20130917_Daniel J. Edelman, Inc._Colson, Rachel_Short-Form.pdf",foreign_principle_name,"Oerlikon Solar, Ltd. (or TEL Solar)","Oerlikon Solar, Ltd. (or TEL Solar)
",1,1,1,1,-0.05495635587574445,,
ocr-baseline,"20130917_Daniel J. Edelman, Inc._Colson, Rachel_Short-Form.pdf",file_date,09/17/2013,"9/9/2013
",0,0,1,1,-0.11252850079017662,,
ocr-baseline,"20130917_Daniel J. Edelman, Inc._Colson, Rachel_Short-Form.pdf",signer_name,Rachel Colson,"Rachel Colson
",1,1,1,1,-0.10353214256792853,,
ocr-baseline,"20130917_Daniel J. Edelman, Inc._Colson, Rachel_Short-Form.pdf",signer_title,consultant,,0,0,0,1,-0.33727478909349884,,
ocr-baseline,"20120109_Raben Group, LLC_Raben, Robert_Short-Form.pdf",registration_num,5932,"5932
",1,1,1,1,-0.08773343372740783,,
ocr-baseline,"20120109_Raben Group, LLC_Raben, Robert_Short-Form.pdf",registrant_name,Robert Raben,"The Raben Group, LLC
",0,0,1,1,-0.20267335081825877,,
ocr-baseline,"20120109_Raben Group, LLC_Raben, Robert_Short-Form.pdf",foreign_principle_name,"The Raben Group, LLC","Embassy of Mexico
",0,0,1,1,-0.20626952279447627,,
ocr-baseline,"20120109_Raben Group, LLC_Raben, Robert_Short-Form.pdf",file_date,01/09/2012,"January 09, 2012
",1,1,1,1,-0.08065441025873951,,
ocr-baseline,"20120109_Raben Group, LLC_Raben, Robert_Short-Form.pdf",signer_name,Robert Raben,"Robert Raben
",1,1,1,1,-0.0002418174444756005,,
ocr-baseline,"20120109_Raben Group, LLC_Raben, Robert_Short-Form.pdf",signer_title,N/A,,0,0,0,1,-0.6366249481216073,,
ocr-baseline,"20100514_Hill and Knowlton Strategies, LLC_Mercer, Amirah_Short-Form.pdf",registration_num,3301,"3301
",1,1,1,1,-0.03758320864835696,,
ocr-baseline,"20100514_Hill and Knowlton Strategies, LLC_Mercer, Amirah_Short-Form.pdf",registrant_name,"Hill & Knowlton, Inc.","Hill & Knowlton, Inc.
",1,1,1,1,-0.006755544374401425,,
ocr-baseline,"20100514_Hill and Knowlton Strategies, LLC_Mercer, Amirah_Short-Form.pdf",foreign_principle_name,"The Information Technology Development Agency, ITIDA (through Hill & Knowlton, London)","The Information Technology Development Agency, ITIDA (through Hill & Knowlton, London)
",1,1,1,1,-0.05308505969555376,,
ocr-baseline,"20100514_Hill and Knowlton Strategies, LLC_Mercer, Amirah_Short-Form.pdf",file_date,SEPTEMBER 2007,"3/26/10
",0,0,1,1,-0.07865848384221863,,
ocr-baseline,"20100514_Hill and Knowlton Strategies, LLC_Mercer, Amirah_Short-Form.pdf",signer_name,A,,0,0,0,1,-0.4224222004413605,,
ocr-baseline,"20100514_Hill and Knowlton Strategies, LLC_Mercer, Amirah_Short-Form.pdf",signer_title,,,1,1,0,0,-0.8822143077850342,,
ocr-baseline,"20110415_Ketchum Inc. NY_Lieberman, Anne W._Short-Form.pdf",registration_num,5758,"5758
",1,1,1,1,-0.03768450703501003,,
ocr-baseline,"20110415_Ketchum Inc. NY_Lieberman, Anne W._Short-Form.pdf",registrant_name,Ketchum Inc.,"Ketchum Inc.
",1,1,1,1,-0.01561656363755901,,
ocr-baseline,"20110415_Ketchum Inc. NY_Lieberman, Anne W._Short-Form.pdf",foreign_principle_name,Government of the Russian Federation and Gazprom,"Government of the Russian Federation and Gazprom
",1,1,1,1,-0.018147475714613392,,
ocr-baseline,"20110415_Ketchum Inc. NY_Lieberman, Anne W._Short-Form.pdf",file_date,"April 5, 2011","April 5, 2011
",1,1,1,1,-0.09572751435957293,,
ocr-baseline,"20110415_Ketchum Inc. NY_Lieberman, Anne W._Short-Form.pdf",signer_name,CNP,,0,0,0,1,-0.263962165270641,,
ocr-baseline,"20110415_Ketchum Inc. NY_Lieberman, Anne W._Short-Form.pdf",signer_title,Date of signature,,0,0,0,1,-0.3981833641106884,,
ocr-baseline,"20130307_Gephardt Group Government Affairs, LLC_Gephardt, Richard A._Short-Form.pdf",registration_num,5874,"5874
",1,1,1,1,-0.11277195528600714,,
ocr-baseline,"20130307_Gephardt Group Government Affairs, LLC_Gephardt, Richard A._Short-Form.pdf",registrant_name,Richard A. Gephardt,"Gephardt Group Government Affairs, LLC
",0,0,1,1,-0.04590992921148427,,
ocr-baseline,"20130307_Gephardt Group Government Affairs, LLC_Gephardt, Richard A._Short-Form.pdf",foreign_principle_name,Republic of Turkey,"Republic of Korea
Republic of Turkey
Taipei Economic and Cultural Representative Office in the United States
",0,0,1,1,-0.2364636184477907,,
ocr-baseline,"20130307_Gephardt Group Government Affairs, LLC_Gephardt, Richard A._Short-Form.pdf",file_date,03/07/2013,"March 07, 2013
",1,1,1,1,-0.04777841303261994,,
ocr-baseline,"20130307_Gephardt Group Government Affairs, LLC_Gephardt, Richard A._Short-Form.pdf",signer_name,Richard A. Gephardt,"Richard A. Gephardt
",1,1,1,1,-0.0004447485389391659,,
ocr-baseline,"20130307_Gephardt Group Government Affairs, LLC_Gephardt, Richard A._Short-Form.pdf",signer_title,President & CEO,,0,0,0,1,-0.05098865534819197,,
ocr-baseline,"20111209_Independent Diplomat, Inc._Sheeran, Scott Philip_Short-Form.pdf",registration_num,5860,"5860
",1,1,1,1,-0.033018803340382874,,
ocr-baseline,"20111209_Independent Diplomat, Inc._Sheeran, Scott Philip_Short-Form.pdf",registrant_name,Scott Philip Sheeran,"Independent Diplomat
",0,0,1,1,-0.0339004185389058,,
ocr-baseline,"20111209_Independent Diplomat, Inc._Sheeran, Scott Philip_Short-Form.pdf",foreign_principle_name,"The Government of the Republic of South Sudan; The Government of the Saharawi Arab Democratic Republic, The Government of the Republic of Somaliland.","The Government of the Republic of South Sudan; The Government of the Saharawi Arab Democratic Republic, The
Government of the Republic of Somaliland.
",1,1,1,1,-0.037945032075922806,,
ocr-baseline,"20111209_Independent Diplomat, Inc._Sheeran, Scott Philip_Short-Form.pdf",file_date,2011 DEC-9 AM 11:54,"November 30, 2011
",0,0,1,1,-0.1422547585014919,,
ocr-baseline,"20111209_Independent Diplomat, Inc._Sheeran, Scott Philip_Short-Form.pdf",signer_name,Scott Philip Sheeran,"Scott Philip Sheeran
",1,1,1,1,-0.000316876455599413,,
ocr-baseline,"20111209_Independent Diplomat, Inc._Sheeran, Scott Philip_Short-Form.pdf",signer_title,,,1,1,0,0,-0.7756453156471252,,
ocr-baseline,"20170914_Doremus _ Company_Becker, David C._Short-Form.pdf",registration_num,6387,"6387
",1,1,1,1,-0.060453369151218794,,
ocr-baseline,"20170914_Doremus _ Company_Becker, David C._Short-Form.pdf",registrant_name,Doremus & Company,"Doremus & Company
",1,1,1,1,-0.03724799770461686,,
ocr-baseline,"20170914_Doremus _ Company_Becker, David C._Short-Form.pdf",foreign_principle_name,Economic Development Board Singapore,"Economic Development Board Singapore
",1,1,1,1,-0.01732603536802344,,
ocr-baseline,"20170914_Doremus _ Company_Becker, David C._Short-Form.pdf",file_date,"September 01, 2017","September 01, 2017
",1,1,1,1,-0.06328403719144263,,
ocr-baseline,"20170914_Doremus _ Company_Becker, David C._Short-Form.pdf",signer_name,David C. Becker,"David C. Becker
",1,1,1,1,-0.00010861540772566514,,
ocr-baseline,"20170914_Doremus _ Company_Becker, David C._Short-Form.pdf",signer_title,,,1,1,0,0,-0.7210996150970459,,
ocr-baseline,"20121129_Commonwealth of Dominica Maritime Registry, Inc._Ma, Jianzhong_Short-Form.pdf",registration_num,,"5334
",0,0,1,0,-0.6689830422401428,,
ocr-baseline,"20121129_Commonwealth of Dominica Maritime Registry, Inc._Ma, Jianzhong_Short-Form.pdf",registrant_name,Ma Jianzhong,"Commonwealth of Dominica Maritime Registry
",0,0,1,1,-0.08424737210634703,,
ocr-baseline,"20121129_Commonwealth of Dominica Maritime Registry, Inc._Ma, Jianzhong_Short-Form.pdf",foreign_principle_name,Commonwealth of Dominica,"Commonwealth of Dominica
",1,1,1,1,-0.007325017038419901,,
ocr-baseline,"20121129_Commonwealth of Dominica Maritime Registry, Inc._Ma, Jianzhong_Short-Form.pdf",file_date,20th September 2012,"20th September 2012
",1,1,1,1,-0.044043662858813254,,
ocr-baseline,"20121129_Commonwealth of Dominica Maritime Registry, Inc._Ma, Jianzhong_Short-Form.pdf",signer_name,,,1,1,0,0,-0.7758133411407471,,
ocr-baseline,"20121129_Commonwealth of Dominica Maritime Registry, Inc._Ma, Jianzhong_Short-Form.pdf",signer_title,,,1,1,0,0,-0.0016189813613891602,,
ocr-baseline,"20180216_Sonoran Policy Group, LLC_Stryk, Robert Daniel_Short-Form.pdf",registration_num,6399,"6399
",1,1,1,1,-0.09742237149112043,,
ocr-baseline,"20180216_Sonoran Policy Group, LLC_Stryk, Robert Daniel_Short-Form.pdf",registrant_name,Robert Daniel Stryk,"Sonoran Policy Group, LLC
",0,0,1,1,-0.1708039935533634,,
ocr-baseline,"20180216_Sonoran Policy Group, LLC_Stryk, Robert Daniel_Short-Form.pdf",foreign_principle_name,Government of Kenya (Ministry of Foreign Affairs),,0,0,0,1,-0.20510693666328733,,
ocr-baseline,"20180216_Sonoran Policy Group, LLC_Stryk, Robert Daniel_Short-Form.pdf",file_date,"February 16, 2018","February 16, 2018
",1,1,1,1,-0.058148430390656355,,
ocr-baseline,"20180216_Sonoran Policy Group, LLC_Stryk, Robert Daniel_Short-Form.pdf",signer_name,Robert Stryk,"Robert Stryk
",1,1,1,1,-0.0017715594585752115,,
ocr-baseline,"20180216_Sonoran Policy Group, LLC_Stryk, Robert Daniel_Short-Form.pdf",signer_title,Consultant,,0,0,0,1,-0.34184060724510346,,
ocr-clarified,"20170223_PTI USA, LLC_Irshad, Faisal_Short-Form.pdf",registration_num,6160,"6160
",1,1,1,1,-0.055093579096137546,,
ocr-clarified,"20170223_PTI USA, LLC_Irshad, Faisal_Short-Form.pdf",registrant_name,Pakistan Tehreek-e-Insaf,"Pakistan Tehreek-e-Insaf
",1,1,1,1,-0.007973962638061494,,
ocr-clarified,"20170223_PTI USA, LLC_Irshad, Faisal_Short-Form.pdf",foreign_principle_name,PTI,"Pakistan Tehreek-e-Insaf
",0,0,1,1,-0.4600862257357221,,
ocr-clarified,"20170223_PTI USA, LLC_Irshad, Faisal_Short-Form.pdf",file_date,2/17/2017,"2/17/2017
",1,1,1,1,-0.01788641831864071,,
ocr-clarified,"20170223_PTI USA, LLC_Irshad, Faisal_Short-Form.pdf",signer_name,Faisal,"Faisal
Jeshid
",0,0,1,1,-0.040798771908157505,,
ocr-clarified,"20170223_PTI USA, LLC_Irshad, Faisal_Short-Form.pdf",signer_title,,,1,1,0,0,-0.07631415873765945,,
ocr-clarified,"20160920_S.G.R. LLC Government Relations and Lobbying_Kelly, John_Short-Form.pdf",registration_num,1124-0005,"6379
",0,0,1,1,-0.14383254754163013,,
ocr-clarified,"20160920_S.G.R. LLC Government Relations and Lobbying_Kelly, John_Short-Form.pdf",registrant_name,S.G.R. LLC,S.G.R. LLC Government Relations & Lobbyin ,0,0,1,1,-0.03189931142842397,,
ocr-clarified,"20160920_S.G.R. LLC Government Relations and Lobbying_Kelly, John_Short-Form.pdf",foreign_principle_name,Center for Studies & Media Affairs at the Saudi Royal Court,"Center for Studies & Media Affairs at the Saudi Royal Court
",1,1,1,1,-0.01710759682265978,,
ocr-clarified,"20160920_S.G.R. LLC Government Relations and Lobbying_Kelly, John_Short-Form.pdf",file_date,9/2016,"9/20116
",0,0,1,0,-0.2322528013610281,,
ocr-clarified,"20160920_S.G.R. LLC Government Relations and Lobbying_Kelly, John_Short-Form.pdf",signer_name,,,1,1,0,0,-0.2843038737773895,,
ocr-clarified,"20160920_S.G.R. LLC Government Relations and Lobbying_Kelly, John_Short-Form.pdf",signer_title,,,1,1,0,0,-0.003230474190786481,,
ocr-clarified,"20100222_Daniel J. Edelman, Inc._Harris, Hadley_Short-Form.pdf",registration_num,3634,"3634
",1,1,1,1,-0.33424598997225985,,
ocr-clarified,"20100222_Daniel J. Edelman, Inc._Harris, Hadley_Short-Form.pdf",registrant_name,"Daniel J. Edelman, Inc.","Daniel J. Edelman, Inc.
",1,1,1,1,-0.015526535183653323,,
ocr-clarified,"20100222_Daniel J. Edelman, Inc._Harris, Hadley_Short-Form.pdf",foreign_principle_name,Critical National Infrastructure,"Critical National Infrastructure
",1,1,1,1,-0.21247920276073273,,
ocr-clarified,"20100222_Daniel J. Edelman, Inc._Harris, Hadley_Short-Form.pdf",file_date,12/02/09,"12/02/09
(Date of ",0,0,1,1,-0.006884732643811731,,
ocr-clarified,"20100222_Daniel J. Edelman, Inc._Harris, Hadley_Short-Form.pdf",signer_name,Harris,,0,0,0,1,-0.0015729021179140545,,
ocr-clarified,"20100222_Daniel J. Edelman, Inc._Harris, Hadley_Short-Form.pdf",signer_title,,,1,1,0,0,-0.029776105657219887,,
ocr-clarified,"20180411_Mercury Public Affairs, LLC_Reid, Morris L._Short-Form.pdf",registration_num,6170,"6170
",1,1,1,1,-0.0034996894237337983,,
ocr-clarified,"20180411_Mercury Public Affairs, LLC_Reid, Morris L._Short-Form.pdf",registrant_name,"Mercury Public Affairs, LLC","Mercury Public Affairs, LLC
",1,1,1,1,-0.030249594685301417,,
ocr-clarified,"20180411_Mercury Public Affairs, LLC_Reid, Morris L._Short-Form.pdf",foreign_principle_name,Presidency of the Republic of Haiti,"Rwanda Development Board (through Peter Greenberg Worldwide)
Turkey - US Business Council (TAIK)
Presidency of Republic of Haiti (through Mercury International UK Ltd)
",0,0,1,1,-0.10966555723254194,,
ocr-clarified,"20180411_Mercury Public Affairs, LLC_Reid, Morris L._Short-Form.pdf",file_date,"April 11, 2018","April 11, 2018
",1,1,1,1,-0.022080640088006476,,
ocr-clarified,"20180411_Mercury Public Affairs, LLC_Reid, Morris L._Short-Form.pdf",signer_name,Morris L. Reid,"Morris L. Reid
",1,1,1,1,-0.0005609638314126641,,
ocr-clarified,"20180411_Mercury Public Affairs, LLC_Reid, Morris L._Short-Form.pdf",signer_title,,,1,1,0,0,-0.024043995887041092,,
ocr-clarified,"20120215_Nickles Group, LLC_Nickles, Don_Short-Form.pdf",registration_num,608,"608
",1,1,1,1,-0.04946011545447012,,
ocr-clarified,"20120215_Nickles Group, LLC_Nickles, Don_Short-Form.pdf",registrant_name,"The Nickles Group, LLC","The Nickles Group, LLC
",1,1,1,1,-0.02041699883223676,,
ocr-clarified,"20120215_Nickles Group, LLC_Nickles, Don_Short-Form.pdf",foreign_principle_name,Embassy of the Republic of Korea,"Embassy of the Republic of Korea
",1,1,1,1,-0.006339788898977921,,
ocr-clarified,"20120215_Nickles Group, LLC_Nickles, Don_Short-Form.pdf",file_date,"February 02, 2012","February 02, 2012
",1,1,1,1,-0.013138556993999373,,
ocr-clarified,"20120215_Nickles Group, LLC_Nickles, Don_Short-Form.pdf",signer_name,Don Nickles,"Don Nickles
",1,1,1,1,-0.0002508338972499284,,
ocr-clarified,"20120215_Nickles Group, LLC_Nickles, Don_Short-Form.pdf",signer_title,,,1,1,0,0,-0.022964714094996452,,
ocr-clarified,"20080903_Quebec Government Office_Keating, Robert_Short-Form.pdf",registration_num,01787,"01787
",1,1,1,1,-0.02182368219073396,,
ocr-clarified,"20080903_Quebec Government Office_Keating, Robert_Short-Form.pdf",registrant_name,Quebec Government Office,"Quebec Government Office
",1,1,1,1,-0.07165475994406734,,
ocr-clarified,"20080903_Quebec Government Office_Keating, Robert_Short-Form.pdf",foreign_principle_name,Québec Governement (Ministry of International Relations); National Affairs; Governmental Relations and Academic Affairs; Communication and Public Affairs; Investissement Québec; Economic Affairs and Cultural Affairs,"Québec Governement (Ministry of International Relations); National Affairs; Governmental Relations and Academic Affairs; Communication
and Public Affairs; Investissement Québec; Economic Affairs and Cultural Affairs
",1,1,1,1,-0.04228829151309453,,
ocr-clarified,"20080903_Quebec Government Office_Keating, Robert_Short-Form.pdf",file_date,8/2008,"88/2008
8/2008
(Date of signatures
",0,0,1,1,-0.31246575662165316,,
ocr-clarified,"20080903_Quebec Government Office_Keating, Robert_Short-Form.pdf",signer_name,Rull,,0,0,0,1,-0.020474343764362857,,
ocr-clarified,"20080903_Quebec Government Office_Keating, Robert_Short-Form.pdf",signer_title,,,1,1,0,0,-0.09500595182180405,,
ocr-clarified,"20151030_Akin, Gump, Strauss, Hauer _ Feld, LLP_Hawkins, Matthew_Short-Form.pdf",registration_num,3492,"3492
",1,1,1,1,-0.08576488932703796,,
ocr-clarified,"20151030_Akin, Gump, Strauss, Hauer _ Feld, LLP_Hawkins, Matthew_Short-Form.pdf",registrant_name,Akin Gump Strauss Hauer & Feld LLP,"Akin Gump Strauss Hauer & Feld LLP
",1,1,1,1,-0.02208389457227895,,
ocr-clarified,"20151030_Akin, Gump, Strauss, Hauer _ Feld, LLP_Hawkins, Matthew_Short-Form.pdf",foreign_principle_name,Embassy of the United Arab Emirates,"Embassy of the United Arab Emirates
",1,1,1,1,-0.01842162574861764,,
ocr-clarified,"20151030_Akin, Gump, Strauss, Hauer _ Feld, LLP_Hawkins, Matthew_Short-Form.pdf",file_date,"October 30, 2015","October 30, 2015
",1,1,1,1,-0.04406639921680835,,
ocr-clarified,"20151030_Akin, Gump, Strauss, Hauer _ Feld, LLP_Hawkins, Matthew_Short-Form.pdf",signer_name,Matthew Hawkins,"Matthew Hawkins
",1,1,1,1,-0.00017378908887621947,,
ocr-clarified,"20151030_Akin, Gump, Strauss, Hauer _ Feld, LLP_Hawkins, Matthew_Short-Form.pdf",signer_title,,,1,1,0,0,-0.03575543314218521,,
ocr-clarified,"20110814_China Daily Distribution Corporation_Preimesberger, Mei_Short-Form.pdf",registration_num,3457,"3457
",1,1,1,1,-0.05925258021306945,,
ocr-clarified,"20110814_China Daily Distribution Corporation_Preimesberger, Mei_Short-Form.pdf",registrant_name,China Daily Distribution Corp.,"China Daily Distribution Corp.
",1,1,1,1,-0.08005309060354193,,
ocr-clarified,"20110814_China Daily Distribution Corporation_Preimesberger, Mei_Short-Form.pdf",foreign_principle_name,China Daily (Beijing),"China Daily (Beijing)
",1,1,1,1,-0.11683885299377532,,
ocr-clarified,"20110814_China Daily Distribution Corporation_Preimesberger, Mei_Short-Form.pdf",file_date,"August 14, 2011","August 14, 2011
",1,1,1,1,-0.037082452479899074,,
ocr-clarified,"20110814_China Daily Distribution Corporation_Preimesberger, Mei_Short-Form.pdf",signer_name,Mei Preimesberger,"Mei Preimesberger
",1,1,1,1,-0.0015474850943519413,,
ocr-clarified,"20110814_China Daily Distribution Corporation_Preimesberger, Mei_Short-Form.pdf",signer_title,,,1,1,0,0,-0.02538701891899109,,
ocr-clarified,"20081201_KOTRA_Hong, Soonyong_Short-Form.pdf",registration_num,1619,"1619
",1,1,1,1,-0.0040155906026484445,,
ocr-clarified,"20081201_KOTRA_Hong, Soonyong_Short-Form.pdf",registrant_name,Korea Business Center,"Korea Business Center
",1,1,1,1,-0.0393913329426141,,
ocr-clarified,"20081201_KOTRA_Hong, Soonyong_Short-Form.pdf",foreign_principle_name,,,1,1,0,0,-0.44379720091819763,,
ocr-clarified,"20081201_KOTRA_Hong, Soonyong_Short-Form.pdf",file_date,11/24/2007,"11/24/2007
",1,1,1,1,-0.04033884412913267,,
ocr-clarified,"20081201_KOTRA_Hong, Soonyong_Short-Form.pdf",signer_name,,,1,1,0,0,-0.3095722794532776,,
ocr-clarified,"20081201_KOTRA_Hong, Soonyong_Short-Form.pdf",signer_title,,,1,1,0,0,-0.003363430267199874,,
ocr-clarified,"20171108_CGCN Group_O_Connor, Patrick Michael_Short-Form.pdf",registration_num,6396,"6396
",1,1,1,1,-0.05162952326645609,,
ocr-clarified,"20171108_CGCN Group_O_Connor, Patrick Michael_Short-Form.pdf",registrant_name,CGCN Group,"CGCN Group
",1,1,1,1,-0.013721938362626437,,
ocr-clarified,"20171108_CGCN Group_O_Connor, Patrick Michael_Short-Form.pdf",foreign_principle_name,Government of Saudi Arabia,"Government of Saudi Arabia
",1,1,1,1,-0.01460640923551182,,
ocr-clarified,"20171108_CGCN Group_O_Connor, Patrick Michael_Short-Form.pdf",file_date,,,1,1,0,0,-0.5061619877815247,,
ocr-clarified,"20171108_CGCN Group_O_Connor, Patrick Michael_Short-Form.pdf",signer_name,,,1,1,0,0,-0.06127302348613739,,
ocr-clarified,"20171108_CGCN Group_O_Connor, Patrick Michael_Short-Form.pdf",signer_title,,,1,1,0,0,-0.0005782362422905862,,
ocr-clarified,"20100601_KOTRA_Yun, Wonsok_Short-Form.pdf",registration_num,1619,"1619
",1,1,1,1,-0.003507817702484317,,
ocr-clarified,"20100601_KOTRA_Yun, Wonsok_Short-Form.pdf",registrant_name,Korea Trade Promotion Center,"Korea Trade Promotion Center
",1,1,1,1,-0.015291464867186733,,
ocr-clarified,"20100601_KOTRA_Yun, Wonsok_Short-Form.pdf",foreign_principle_name,,,1,1,0,0,-0.23718032240867615,,
ocr-clarified,"20100601_KOTRA_Yun, Wonsok_Short-Form.pdf",file_date,5/14/2010,"5/14/2010
",1,1,1,1,-0.036424994070532395,,
ocr-clarified,"20100601_KOTRA_Yun, Wonsok_Short-Form.pdf",signer_name,Meloneck,,0,0,0,1,-0.001750950759742409,,
ocr-clarified,"20100601_KOTRA_Yun, Wonsok_Short-Form.pdf",signer_title,,,1,1,0,0,-0.0020911272149533033,,
ocr-clarified,"20180227_Sonoran Policy Group, LLC_Stryk, Robert Daniel_Short-Form.pdf",registration_num,6399,"6399
",1,1,1,1,-0.07494988550934067,,
ocr-clarified,"20180227_Sonoran Policy Group, LLC_Stryk, Robert Daniel_Short-Form.pdf",registrant_name,"Sonoran Policy Group, LLC","Sonoran Policy Group, LLC
",1,1,1,1,-0.08366493249165312,,
ocr-clarified,"20180227_Sonoran Policy Group, LLC_Stryk, Robert Daniel_Short-Form.pdf",foreign_principle_name,Government of Kenya,,0,0,0,1,-0.043113022518809885,,
ocr-clarified,"20180227_Sonoran Policy Group, LLC_Stryk, Robert Daniel_Short-Form.pdf",file_date,"February 27, 2018","February 27, 2018
",1,1,1,1,-0.0199356757028454,,
ocr-clarified,"20180227_Sonoran Policy Group, LLC_Stryk, Robert Daniel_Short-Form.pdf",signer_name,Robert Daniel Stryk,"Robert Daniel Stryk
",1,1,1,1,-0.00014639824439655058,,
ocr-clarified,"20180227_Sonoran Policy Group, LLC_Stryk, Robert Daniel_Short-Form.pdf",signer_title,,,1,1,0,0,-0.019989117980003357,,
ocr-clarified,"20110729_Hai Tian Development U.S.A., Inc._Fang, Xu_Short-Form.pdf",registration_num,018,"5143
",0,0,1,1,-0.38844172928171855,,
ocr-clarified,"20110729_Hai Tian Development U.S.A., Inc._Fang, Xu_Short-Form.pdf",registrant_name,"Hai Tian Development U.S.A., Inc.","Hai Tian Development U.S.A., Inc.
",1,1,1,1,-0.011162114910904266,,
ocr-clarified,"20110729_Hai Tian Development U.S.A., Inc._Fang, Xu_Short-Form.pdf",foreign_principle_name,People's Daily Overseas Edition,"People's Daily Overseas Edition
",1,1,1,1,-0.006387991302744922,,
ocr-clarified,"20110729_Hai Tian Development U.S.A., Inc._Fang, Xu_Short-Form.pdf",file_date,07/29/2011,"7/29/2011
of signature)
",0,0,1,1,-0.09016453248914331,,
ocr-clarified,"20110729_Hai Tian Development U.S.A., Inc._Fang, Xu_Short-Form.pdf",signer_name,,,1,1,0,0,-0.5755586624145508,,
ocr-clarified,"20110729_Hai Tian Development U.S.A., Inc._Fang, Xu_Short-Form.pdf",signer_title,,,1,1,0,0,-0.0036554201506078243,,
ocr-clarified,"20120926_Commonwealth of Dominica Maritime Registry, Inc._Phatak, Vasant_Short-Form.pdf",registration_num,5334,"5334
",1,1,1,1,-0.015654211267246865,,
ocr-clarified,"20120926_Commonwealth of Dominica Maritime Registry, Inc._Phatak, Vasant_Short-Form.pdf",registrant_name,Commonwealth of Dominica Maritime Registry,"Commonwealth of Dominica Maritime Registry
",1,1,1,1,-0.04108206030481857,,
ocr-clarified,"20120926_Commonwealth of Dominica Maritime Registry, Inc._Phatak, Vasant_Short-Form.pdf",foreign_principle_name,Commonwealth of Dominica,"Commonwealth of Dominica
",1,1,1,1,-0.003697101313628082,,
ocr-clarified,"20120926_Commonwealth of Dominica Maritime Registry, Inc._Phatak, Vasant_Short-Form.pdf",file_date,24 SEP 2012,"24 SEP 2012
",1,1,1,1,-0.006891696940442671,,
ocr-clarified,"20120926_Commonwealth of Dominica Maritime Registry, Inc._Phatak, Vasant_Short-Form.pdf",signer_name,,,1,1,0,0,-0.25400620698928833,,
ocr-clarified,"20120926_Commonwealth of Dominica Maritime Registry, Inc._Phatak, Vasant_Short-Form.pdf",signer_title,,,1,1,0,0,-0.0008398343343287706,,
ocr-clarified,"20130129_CMGRP, Inc._Chu, Ellen Wei-Hsin_Short-Form.pdf",registration_num,3911,"3911
",1,1,1,1,-0.015864756700466387,,
ocr-clarified,"20130129_CMGRP, Inc._Chu, Ellen Wei-Hsin_Short-Form.pdf",registrant_name,"CMGRP, Inc. d/b/a Weber Shandwick","CMGRP, Inc. d/b/a Weber Shandwick
",1,1,1,1,-0.0386430121644897,,
ocr-clarified,"20130129_CMGRP, Inc._Chu, Ellen Wei-Hsin_Short-Form.pdf",foreign_principle_name,Temasek Holdings,"Temasek Holdings
",1,1,1,1,-0.0005106228086333431,,
ocr-clarified,"20130129_CMGRP, Inc._Chu, Ellen Wei-Hsin_Short-Form.pdf",file_date,"January 29, 2013","January 29, 2013
",1,1,1,1,-0.011289920559124766,,
ocr-clarified,"20130129_CMGRP, Inc._Chu, Ellen Wei-Hsin_Short-Form.pdf",signer_name,Ellen Wei-Hsin Chu,"Ellen Wei-Hsin Chu
",1,1,1,1,-0.00024317913160606017,,
ocr-clarified,"20130129_CMGRP, Inc._Chu, Ellen Wei-Hsin_Short-Form.pdf",signer_title,,,1,1,0,0,-0.027262575924396515,,
ocr-clarified,"20170222_Squire Patton Boggs, LLP_Deschauer Jr., John J._Short-Form.pdf",registration_num,2165,"2165
",1,1,1,1,-0.02483372549613705,,
ocr-clarified,"20170222_Squire Patton Boggs, LLP_Deschauer Jr., John J._Short-Form.pdf",registrant_name,Squire Patton Boggs (US) LLP,"Squire Patton Boggs (US) LLP
",1,1,1,1,-0.04549255637135098,,
ocr-clarified,"20170222_Squire Patton Boggs, LLP_Deschauer Jr., John J._Short-Form.pdf",foreign_principle_name,The High Negotiations Committee of the Syrian Opposition,"By this registration: The High Negotiations Committee of the Syrian Opposition.
By prior registrations: 1) The Government of Croatia; and 2) The Center for Studies and Media Affairs at the Saudi
Royal Court.
",0,0,1,1,-0.008769986551113915,,
ocr-clarified,"20170222_Squire Patton Boggs, LLP_Deschauer Jr., John J._Short-Form.pdf",file_date,"February 22, 2017","February 22, 2017
",1,1,1,1,-0.01261349049900673,,
ocr-clarified,"20170222_Squire Patton Boggs, LLP_Deschauer Jr., John J._Short-Form.pdf",signer_name,John J. Deschauer,"John J. Deschauer
",1,1,1,1,-9.102403312984582e-05,,
ocr-clarified,"20170222_Squire Patton Boggs, LLP_Deschauer Jr., John J._Short-Form.pdf",signer_title,,,1,1,0,0,-0.019529208540916443,,
ocr-clarified,"20130917_Daniel J. Edelman, Inc._Forman, David_Short-Form.pdf",registration_num,3634,"3634
",1,1,1,1,-0.06360663398299948,,
ocr-clarified,"20130917_Daniel J. Edelman, Inc._Forman, David_Short-Form.pdf",registrant_name,"Daniel J. Edelman, Inc.","Daniel J. Edelman, Inc.
",1,1,1,1,-0.013128614680567807,,
ocr-clarified,"20130917_Daniel J. Edelman, Inc._Forman, David_Short-Form.pdf",foreign_principle_name,Grupo Vicini,"Grupo Vicini
",1,1,1,1,-0.0022318040197812175,,
ocr-clarified,"20130917_Daniel J. Edelman, Inc._Forman, David_Short-Form.pdf",file_date,08/16/2013,"August 16, 2013
",1,1,1,0,-0.18541654008777186,,
ocr-clarified,"20130917_Daniel J. Edelman, Inc._Forman, David_Short-Form.pdf",signer_name,David Forman,"David Forman
",1,1,1,1,-0.0001746463594827219,,
ocr-clarified,"20130917_Daniel J. Edelman, Inc._Forman, David_Short-Form.pdf",signer_title,,,1,1,0,0,-0.03484795615077019,,
ocr-clarified,"20100525_Deutsche Telekom, Inc._Wieck, Reinhard_Short-Form.pdf",registration_num,4419,"4419
",1,1,1,1,-0.005213119657128118,,
ocr-clarified,"20100525_Deutsche Telekom, Inc._Wieck, Reinhard_Short-Form.pdf",registrant_name,"Deutsche Telekom, Inc.","Deutsche Telekom, Inc.
",1,1,1,1,-0.017275712190591246,,
ocr-clarified,"20100525_Deutsche Telekom, Inc._Wieck, Reinhard_Short-Form.pdf",foreign_principle_name,"Deutsche Telekom, Inc.","Deutsche Telekom, Inc.
",1,1,1,1,-0.02718180251576996,,
ocr-clarified,"20100525_Deutsche Telekom, Inc._Wieck, Reinhard_Short-Form.pdf",file_date,"May 14, 2010","May 14, 2010
",1,1,1,1,-0.006185822126190033,,
ocr-clarified,"20100525_Deutsche Telekom, Inc._Wieck, Reinhard_Short-Form.pdf",signer_name,um,,0,0,0,1,-0.5635263919830322,,
ocr-clarified,"20100525_Deutsche Telekom, Inc._Wieck, Reinhard_Short-Form.pdf",signer_title,,,1,1,0,0,-0.06805579364299774,,
ocr-clarified,"20120730_Glover Park Group, LLC_Harris, Robert W._Short-Form.pdf",registration_num,5666,"5666
",1,1,1,1,-0.05440321276546456,,
ocr-clarified,"20120730_Glover Park Group, LLC_Harris, Robert W._Short-Form.pdf",registrant_name,"The Glover Park Group, LLC","The Glover Park Group, LLC
",1,1,1,1,-0.03911993479656909,,
ocr-clarified,"20120730_Glover Park Group, LLC_Harris, Robert W._Short-Form.pdf",foreign_principle_name,Embassy of the Federal Republic of Nigeria,"Embassy of the Federal Republic of Nigeria
",1,1,1,1,-0.01760873156524667,,
ocr-clarified,"20120730_Glover Park Group, LLC_Harris, Robert W._Short-Form.pdf",file_date,"July 30, 2012","July 30, 2012
",1,1,1,1,-0.05232060543494299,,
ocr-clarified,"20120730_Glover Park Group, LLC_Harris, Robert W._Short-Form.pdf",signer_name,Robert Harris,"Robert Harris
",1,1,1,1,-0.0012171179114375263,,
ocr-clarified,"20120730_Glover Park Group, LLC_Harris, Robert W._Short-Form.pdf",signer_title,,,1,1,0,0,-0.05701310560107231,,
ocr-clarified,"20160610_McGuireWoods Consulting, LLC_Obenshain, Anne_Short-Form.pdf",registration_num,6295,"6295
",1,1,1,1,-0.05815829479251988,,
ocr-clarified,"20160610_McGuireWoods Consulting, LLC_Obenshain, Anne_Short-Form.pdf",registrant_name,"McGuireWoods Consulting, LLC","McGuireWoods Consulting, LLC
",1,1,1,1,-0.011261339599428766,,
ocr-clarified,"20160610_McGuireWoods Consulting, LLC_Obenshain, Anne_Short-Form.pdf",foreign_principle_name,Embassy of Japan,"Embassy of Japan
",1,1,1,1,-0.0006105017700974713,,
ocr-clarified,"20160610_McGuireWoods Consulting, LLC_Obenshain, Anne_Short-Form.pdf",file_date,"June 10, 2016","June 10, 2016
",1,1,1,1,-0.027037242373717164,,
ocr-clarified,"20160610_McGuireWoods Consulting, LLC_Obenshain, Anne_Short-Form.pdf",signer_name,Anne Obenshain,"Anne Obenshain
",1,1,1,1,-0.00026682475363486445,,
ocr-clarified,"20160610_McGuireWoods Consulting, LLC_Obenshain, Anne_Short-Form.pdf",signer_title,,,1,1,0,0,-0.029288029298186302,,
ocr-clarified,"20171127_MMGY Global, LLC_Hill, Leanne_Short-Form.pdf",registration_num,6492,"6492
",1,1,1,1,-0.025009467244672123,,
ocr-clarified,"20171127_MMGY Global, LLC_Hill, Leanne_Short-Form.pdf",registrant_name,"MMGY Global, LLC.","MMGY Global, LLC.
",1,1,1,1,-0.1045568545111261,,
ocr-clarified,"20171127_MMGY Global, LLC_Hill, Leanne_Short-Form.pdf",foreign_principle_name,"Nassau Paradise Island Promotion Board, Tourism Vancouver","Nassau Paradise Island Promotion Board, Tourism Vancouver
",1,1,1,1,-0.11492254316108301,,
ocr-clarified,"20171127_MMGY Global, LLC_Hill, Leanne_Short-Form.pdf",file_date,"November 01, 2017","November 01, 2017
",1,1,1,1,-0.016890623991594113,,
ocr-clarified,"20171127_MMGY Global, LLC_Hill, Leanne_Short-Form.pdf",signer_name,Leanne Hill,"Leanne Hill
",1,1,1,1,-0.00023393464653054252,,
ocr-clarified,"20171127_MMGY Global, LLC_Hill, Leanne_Short-Form.pdf",signer_title,,,1,1,0,0,-0.026551106944680214,,
ocr-clarified,"20160731_Burson-Marsteller, LLC (Washington, DC)_Smith, Rachel_Short-Form.pdf",registration_num,6227,"6227
",1,1,1,1,-0.01298430230235681,,
ocr-clarified,"20160731_Burson-Marsteller, LLC (Washington, DC)_Smith, Rachel_Short-Form.pdf",registrant_name,"Burson-Marsteller, LLC","Burson-Marsteller, LLC
",1,1,1,1,-0.08884526445156855,,
ocr-clarified,"20160731_Burson-Marsteller, LLC (Washington, DC)_Smith, Rachel_Short-Form.pdf",foreign_principle_name,"Consejo De Promocion Turistica De Mexico, S.A.","Consejo De Promocion Turistica De Mexico, S.A.
",1,1,1,1,-0.0013184168682831418,,
ocr-clarified,"20160731_Burson-Marsteller, LLC (Washington, DC)_Smith, Rachel_Short-Form.pdf",file_date,"July 07, 2016","July 07, 2016
",1,1,1,1,-0.06647862587706185,,
ocr-clarified,"20160731_Burson-Marsteller, LLC (Washington, DC)_Smith, Rachel_Short-Form.pdf",signer_name,Rachel Smith,"Rachel Smith
",1,1,1,1,-9.357490853290074e-05,,
ocr-clarified,"20160731_Burson-Marsteller, LLC (Washington, DC)_Smith, Rachel_Short-Form.pdf",signer_title,,,1,1,0,0,-0.021178878843784332,,
ocr-clarified,"20151130_KOTRA_Kwon, Ohsuk_Short-Form.pdf",registration_num,1619,"1619
",1,1,1,1,-0.02669245229481021,,
ocr-clarified,"20151130_KOTRA_Kwon, Ohsuk_Short-Form.pdf",registrant_name,Korea Business Center,"Korea Business Center
",1,1,1,1,-0.04954907311912393,,
ocr-clarified,"20151130_KOTRA_Kwon, Ohsuk_Short-Form.pdf",foreign_principle_name,Republic of Korea,,0,0,0,1,-0.3615240529810156,,
ocr-clarified,"20151130_KOTRA_Kwon, Ohsuk_Short-Form.pdf",file_date,"November 24, 2015","November 24, 2015
",1,1,1,1,-0.03545285916643479,,
ocr-clarified,"20151130_KOTRA_Kwon, Ohsuk_Short-Form.pdf",signer_name,Ohsuk Kwon,"Ohsuk Kwon
",1,1,1,1,-0.006264968978211982,,
ocr-clarified,"20151130_KOTRA_Kwon, Ohsuk_Short-Form.pdf",signer_title,,,1,1,0,0,-0.059724170714616776,,
ocr-clarified,"20131226_KBS America, Inc._Kim, Kyung Hee_Short-Form.pdf",registration_num,5684,"5684
",1,1,1,1,-0.029548661495937267,,
ocr-clarified,"20131226_KBS America, Inc._Kim, Kyung Hee_Short-Form.pdf",registrant_name,"KBS America, Inc.","KBS America, Inc.
",1,1,1,1,-0.007846478903957177,,
ocr-clarified,"20131226_KBS America, Inc._Kim, Kyung Hee_Short-Form.pdf",foreign_principle_name,Korean Broadcasting System,"Korean Broadcasting System (through e-KBS Co., Ltd. and KBS Media, Ltd.)
",0,0,1,1,-0.001235163384990301,,
ocr-clarified,"20131226_KBS America, Inc._Kim, Kyung Hee_Short-Form.pdf",file_date,"December 26, 2013","December 26, 2013
",1,1,1,1,-0.01511040812365536,,
ocr-clarified,"20131226_KBS America, Inc._Kim, Kyung Hee_Short-Form.pdf",signer_name,Kyung Hee Kim,"Kyung Hee Kim
",1,1,1,1,-0.00017788836763656945,,
ocr-clarified,"20131226_KBS America, Inc._Kim, Kyung Hee_Short-Form.pdf",signer_title,,,1,1,0,0,-0.025052478536963463,,
ocr-clarified,"20080204_Singapore Economic Development Board_Wong, Yau-Chung_Short-Form.pdf",registration_num,2003,"2003
",1,1,1,1,-0.021764571327366866,,
ocr-clarified,"20080204_Singapore Economic Development Board_Wong, Yau-Chung_Short-Form.pdf",registrant_name,Singapore Economic Development Board,"Singapore Economic Development Board
",1,1,1,1,-0.021398086715635145,,
ocr-clarified,"20080204_Singapore Economic Development Board_Wong, Yau-Chung_Short-Form.pdf",foreign_principle_name,Singapore Economic Development Board,"Singapore Economic Development Board
",1,1,1,1,-0.09742599158289522,,
ocr-clarified,"20080204_Singapore Economic Development Board_Wong, Yau-Chung_Short-Form.pdf",file_date,26 AUG 2007,"26 AUG 2007
",1,1,1,1,-0.03032584816611461,,
ocr-clarified,"20080204_Singapore Economic Development Board_Wong, Yau-Chung_Short-Form.pdf",signer_name,,,1,1,0,0,-0.3901308476924896,,
ocr-clarified,"20080204_Singapore Economic Development Board_Wong, Yau-Chung_Short-Form.pdf",signer_title,,,1,1,0,0,-0.002534037223085761,,
ocr-clarified,"20160301_Daniel J. Edelman, Inc._Wasser, Debra_Short-Form.pdf",registration_num,3634,"3634
",1,1,1,1,-0.09749045960052172,,
ocr-clarified,"20160301_Daniel J. Edelman, Inc._Wasser, Debra_Short-Form.pdf",registrant_name,"Daniel J. Edelman, Inc.","Daniel J. Edelman, Inc.
",1,1,1,1,-0.015355582600591333,,
ocr-clarified,"20160301_Daniel J. Edelman, Inc._Wasser, Debra_Short-Form.pdf",foreign_principle_name,"Bombardier, Inc.","Bombardier, Inc.
",1,1,1,1,-0.005766256966732423,,
ocr-clarified,"20160301_Daniel J. Edelman, Inc._Wasser, Debra_Short-Form.pdf",file_date,"February 05, 2016","February 05, 2016
",1,1,1,1,-0.017769367681739822,,
ocr-clarified,"20160301_Daniel J. Edelman, Inc._Wasser, Debra_Short-Form.pdf",signer_name,Debra Ann Wasser,"Debra Ann Wasser
",1,1,1,1,-0.0010288822868460556,,
ocr-clarified,"20160301_Daniel J. Edelman, Inc._Wasser, Debra_Short-Form.pdf",signer_title,,,1,1,0,0,-0.03478417173027992,,
ocr-clarified,"20080417_CMGRP, Inc._Jensen, Paul_Short-Form.pdf",registration_num,3911,"3911
",1,1,1,1,-0.07852379331598058,,
ocr-clarified,"20080417_CMGRP, Inc._Jensen, Paul_Short-Form.pdf",registrant_name,CMGRP Inc. DBA Weber Shandwick,"CMGRP Inc. DBA Weber Shandwick
",1,1,1,1,-0.01658957224249207,,
ocr-clarified,"20080417_CMGRP, Inc._Jensen, Paul_Short-Form.pdf",foreign_principle_name,Government of the Bahamas; Ministry of TRade and Industry Arab Republic of Egypt/Alexandria Cotton Exporters Assn. (Alcotexa); Temasek Holdings,"Government of the Bahamas; Ministry of TRade and Industry Arab Republic of
Egypt/Alexandria Cotton Exporters Assn. (Alcotexa); Temasek Holdings
",1,1,1,1,-0.037021953368171774,,
ocr-clarified,"20080417_CMGRP, Inc._Jensen, Paul_Short-Form.pdf",file_date,3/31/08,"3/31/08
",1,1,1,1,-0.15645698645935877,,
ocr-clarified,"20080417_CMGRP, Inc._Jensen, Paul_Short-Form.pdf",signer_name,,,1,1,0,0,-0.49285888671875,,
ocr-clarified,"20080417_CMGRP, Inc._Jensen, Paul_Short-Form.pdf",signer_title,,,1,1,0,0,-0.0037551855202764273,,
ocr-clarified,"20080723_CMGRP, Inc._Shaw, Lauren_Short-Form.pdf",registration_num,3911,"3911
",1,1,1,1,-0.15492430613085162,,
ocr-clarified,"20080723_CMGRP, Inc._Shaw, Lauren_Short-Form.pdf",registrant_name,CMGRP Inc. DBA Weber Shandwick,"CMGRP Inc. DBA Weber Shandwick
",1,1,1,1,-0.025814959469289533,,
ocr-clarified,"20080723_CMGRP, Inc._Shaw, Lauren_Short-Form.pdf",foreign_principle_name,Government of the Bahamas; Ministry of Trade and Industry Arab Republic of Egypt/Alexandria Cotton Exporters Assocation; Temasek Holdings; Bahrain Economic Development Board,"Government of the Bahamas; Ministry of Trade and Industry Arab Republic
of Egypt/Alexandria Cotton Exporters Assocation; Temasek Holdings; Bahrain
Economic Development Board
",1,1,1,1,-0.05270118672689767,,
ocr-clarified,"20080723_CMGRP, Inc._Shaw, Lauren_Short-Form.pdf",file_date,08 JUL 23,"6/30/08
(Date ",0,0,1,1,-0.21020397490913942,,
ocr-clarified,"20080723_CMGRP, Inc._Shaw, Lauren_Short-Form.pdf",signer_name,Le,,0,0,0,1,-0.052985984832048416,,
ocr-clarified,"20080723_CMGRP, Inc._Shaw, Lauren_Short-Form.pdf",signer_title,,,1,1,0,0,-0.152248814702034,,
ocr-clarified,"20180703_Mercury Public Affairs, LLC_Randolph, Lindsay_Short-Form.pdf",registration_num,6170,"6170
",1,1,1,1,-0.05003322257834952,,
ocr-clarified,"20180703_Mercury Public Affairs, LLC_Randolph, Lindsay_Short-Form.pdf",registrant_name,Mercury Public Affairs LLC,"Mercury Public Affairs LLC
",1,1,1,1,-0.052698457776205035,,
ocr-clarified,"20180703_Mercury Public Affairs, LLC_Randolph, Lindsay_Short-Form.pdf",foreign_principle_name,TAIK,"Turkey-US Business Council (""TAIK"")
",0,0,1,1,-0.3509634259244194,,
ocr-clarified,"20180703_Mercury Public Affairs, LLC_Randolph, Lindsay_Short-Form.pdf",file_date,"July 03, 2018","July 03, 2018
",1,1,1,1,-0.08155154223923092,,
ocr-clarified,"20180703_Mercury Public Affairs, LLC_Randolph, Lindsay_Short-Form.pdf",signer_name,Lindsay Randolph,"Lindsay Randolph
",1,1,1,1,-0.00018610550129475692,,
ocr-clarified,"20180703_Mercury Public Affairs, LLC_Randolph, Lindsay_Short-Form.pdf",signer_title,,,1,1,0,0,-0.016514277085661888,,
ocr-clarified,"20171011_Quinn _ Co. of NY LTD._Chiou, Ivy_Short-Form.pdf",registration_num,6433,"6433
",1,1,1,1,-0.011649235893855803,,
ocr-clarified,"20171011_Quinn _ Co. of NY LTD._Chiou, Ivy_Short-Form.pdf",registrant_name,Quinn PR,"Quinn PR
",1,1,1,1,-0.10833289074677548,,
ocr-clarified,"20171011_Quinn _ Co. of NY LTD._Chiou, Ivy_Short-Form.pdf",foreign_principle_name,Tourism Authority of Thailand,"Tourism Authority of Thailand
",1,1,1,1,-0.012537321416493797,,
ocr-clarified,"20171011_Quinn _ Co. of NY LTD._Chiou, Ivy_Short-Form.pdf",file_date,"October 10, 2017","October 10, 2017
",1,1,1,1,-0.02874216615628029,,
ocr-clarified,"20171011_Quinn _ Co. of NY LTD._Chiou, Ivy_Short-Form.pdf",signer_name,Ivy Chiou,"Chiou
",0,0,1,1,-0.0024206204989241087,,
ocr-clarified,"20171011_Quinn _ Co. of NY LTD._Chiou, Ivy_Short-Form.pdf",signer_title,,,1,1,0,0,-0.030164474621415138,,
ocr-clarified,"20170130_Burson-Marsteller, LLC (Washington, DC)_Chandler, Carson_Short-Form.pdf",registration_num,6227,"6227
",1,1,1,1,-0.02010854711625143,,
ocr-clarified,"20170130_Burson-Marsteller, LLC (Washington, DC)_Chandler, Carson_Short-Form.pdf",registrant_name,"Burson-Marsteller, LLC","Burson-Marsteller, LLC
",1,1,1,1,-0.017025432834998355,,
ocr-clarified,"20170130_Burson-Marsteller, LLC (Washington, DC)_Chandler, Carson_Short-Form.pdf",foreign_principle_name,"Consejo De Promocion Turistica De Mexico, S.A",,0,0,0,1,-0.0016637060250234623,,
ocr-clarified,"20170130_Burson-Marsteller, LLC (Washington, DC)_Chandler, Carson_Short-Form.pdf",file_date,1-20-17,"1-20-17
",1,1,1,1,-0.09823027749007451,,
ocr-clarified,"20170130_Burson-Marsteller, LLC (Washington, DC)_Chandler, Carson_Short-Form.pdf",signer_name,,"Consejo De Promocion Turistica De Mexico, S.A
",0,0,1,0,-0.26821786165237427,,
ocr-clarified,"20170130_Burson-Marsteller, LLC (Washington, DC)_Chandler, Carson_Short-Form.pdf",signer_title,,,1,1,0,0,-0.00082923355512321,,
ocr-clarified,"20140507_Squire Patton Boggs, LLP_Harris, Laurence E._Short-Form.pdf",registration_num,2165,"2165
",1,1,1,1,-0.024774285586318,,
ocr-clarified,"20140507_Squire Patton Boggs, LLP_Harris, Laurence E._Short-Form.pdf",registrant_name,Patton Boggs LLP,"Patton Boggs LLP
",1,1,1,1,-0.09834531817323296,,
ocr-clarified,"20140507_Squire Patton Boggs, LLP_Harris, Laurence E._Short-Form.pdf",foreign_principle_name,The Office of the National Security Advisor (Nigeria),"By this filing: The Office of the National Security Advisor (Nigeria). By prior filings: 1) Gov't of Cameroon; 2) People's Republic
of China; 3) Gov't of Georgia; 4) Gov't of Kosovo; 5) Gov't of Libya; 6) The Royal Embassy of Saudi Arabia; 7) Gov't of South
Korea; 8) Bo Zhang; 9) Gov't of Gambia; and 10) Kurdistan Regional Government
",0,0,1,1,-0.12377965639974388,,
ocr-clarified,"20140507_Squire Patton Boggs, LLP_Harris, Laurence E._Short-Form.pdf",file_date,"May 06, 2014","May 06, 2014
",1,1,1,1,-0.017049933716771194,,
ocr-clarified,"20140507_Squire Patton Boggs, LLP_Harris, Laurence E._Short-Form.pdf",signer_name,Laurence E. Harris,"Laurence E. Harris
",1,1,1,1,-0.0008651948086480843,,
ocr-clarified,"20140507_Squire Patton Boggs, LLP_Harris, Laurence E._Short-Form.pdf",signer_title,,,1,1,0,0,-0.034350715577602386,,
ocr-clarified,"20090925_Podesta Group, Inc._Young, Nicole_Short-Form.pdf",registration_num,5926,"5926
",1,1,1,1,-0.006137670803582296,,
ocr-clarified,"20090925_Podesta Group, Inc._Young, Nicole_Short-Form.pdf",registrant_name,"Podesta Group, Inc.","Podesta Group, Inc.
",1,1,1,1,-0.010143807587155607,,
ocr-clarified,"20090925_Podesta Group, Inc._Young, Nicole_Short-Form.pdf",foreign_principle_name,The Swiss Confederation,"The Swiss Confederation, represented by the Swiss Embassy in Washington
",0,0,1,1,-0.06818874519558449,,
ocr-clarified,"20090925_Podesta Group, Inc._Young, Nicole_Short-Form.pdf",file_date,09/25/09,"09/25/09
",1,1,1,1,-0.09667408826862811,,
ocr-clarified,"20090925_Podesta Group, Inc._Young, Nicole_Short-Form.pdf",signer_name,Mile Jay,,0,0,0,1,-0.014064413728192449,,
ocr-clarified,"20090925_Podesta Group, Inc._Young, Nicole_Short-Form.pdf",signer_title,,,1,1,0,0,-0.20055831968784332,,
ocr-clarified,"20180216_Sonoran Policy Group, LLC_Rosenberg, John_Short-Form.pdf",registration_num,6399,"6399
",1,1,1,1,-0.009888738750305492,,
ocr-clarified,"20180216_Sonoran Policy Group, LLC_Rosenberg, John_Short-Form.pdf",registrant_name,"Sonoran Policy Group, LLC","Sonoran Policy Group, LLC
",1,1,1,1,-0.046944493203833794,,
ocr-clarified,"20180216_Sonoran Policy Group, LLC_Rosenberg, John_Short-Form.pdf",foreign_principle_name,Government of Kenya,,0,0,0,1,-0.038148073789974056,,
ocr-clarified,"20180216_Sonoran Policy Group, LLC_Rosenberg, John_Short-Form.pdf",file_date,"February 16, 2018","February 16, 2018
",1,1,1,1,-0.027757468562322175,,
ocr-clarified,"20180216_Sonoran Policy Group, LLC_Rosenberg, John_Short-Form.pdf",signer_name,John Rosenberg,"John Rosenberg
",1,1,1,1,-0.00016913564468268305,,
ocr-clarified,"20180216_Sonoran Policy Group, LLC_Rosenberg, John_Short-Form.pdf",signer_title,,,1,1,0,0,-0.025453610345721245,,
ocr-clarified,"20160527_KOTRA_Chae, Hee Kwang_Short-Form.pdf",registration_num,1619,"1619
",1,1,1,1,-0.030078720636083744,,
ocr-clarified,"20160527_KOTRA_Chae, Hee Kwang_Short-Form.pdf",registrant_name,Korea Trade Promotion Center,"Korea Trade Promotion Center
",1,1,1,1,-0.02785490921451128,,
ocr-clarified,"20160527_KOTRA_Chae, Hee Kwang_Short-Form.pdf",foreign_principle_name,Republic of Korea,,0,0,0,1,-0.1508706919727653,,
ocr-clarified,"20160527_KOTRA_Chae, Hee Kwang_Short-Form.pdf",file_date,"May 19, 2016","May 19, 2016
",1,1,1,1,-0.018530873569898177,,
ocr-clarified,"20160527_KOTRA_Chae, Hee Kwang_Short-Form.pdf",signer_name,Heekwang Chae,"Heekwang Chae
",1,1,1,1,-0.006247039606751059,,
ocr-clarified,"20160527_KOTRA_Chae, Hee Kwang_Short-Form.pdf",signer_title,,,1,1,0,0,-0.029894355684518814,,
ocr-clarified,"20110801_Hill and Knowlton Strategies, LLC_Johnsmeyer, Catherine_Short-Form.pdf",registration_num,,"3301
",0,0,1,0,-0.3868664801120758,,
ocr-clarified,"20110801_Hill and Knowlton Strategies, LLC_Johnsmeyer, Catherine_Short-Form.pdf",registrant_name,Hill & Knowlton,"Hill & Knowlton
",1,1,1,1,-0.08130076075925292,,
ocr-clarified,"20110801_Hill and Knowlton Strategies, LLC_Johnsmeyer, Catherine_Short-Form.pdf",foreign_principle_name,The Information Technology Industry Development Agency (ITIDA),"The Information Technology Industry Development Agency (ITIDA) (through Hill & Knowlton, London)
",0,0,1,1,-0.11334225300088292,,
ocr-clarified,"20110801_Hill and Knowlton Strategies, LLC_Johnsmeyer, Catherine_Short-Form.pdf",file_date,"July 28, 2011","July 28, 2011
",1,1,1,1,-0.03499211575863228,,
ocr-clarified,"20110801_Hill and Knowlton Strategies, LLC_Johnsmeyer, Catherine_Short-Form.pdf",signer_name,Catherine Johnsmeyer,"Catherine Johnsmeyer
",1,1,1,1,-0.00023063904882292263,,
ocr-clarified,"20110801_Hill and Knowlton Strategies, LLC_Johnsmeyer, Catherine_Short-Form.pdf",signer_title,,,1,1,0,0,-0.013005786575376987,,
ocr-clarified,"20180323_Pillsbury Winthrop Shaw Pittman, LLP_Moeller, Elizabeth V._Short-Form.pdf",registration_num,5198,"5198
",1,1,1,1,-0.04254963336279616,,
ocr-clarified,"20180323_Pillsbury Winthrop Shaw Pittman, LLP_Moeller, Elizabeth V._Short-Form.pdf",registrant_name,Pillsbury Winthrop Shaw Pittman LLP,"Pillsbury Winthrop Shaw Pittman LLP
",1,1,1,1,-0.04947684452923164,,
ocr-clarified,"20180323_Pillsbury Winthrop Shaw Pittman, LLP_Moeller, Elizabeth V._Short-Form.pdf",foreign_principle_name,"Cayman Islands Ministry of Financial Services, Commerce & Environment; Embassy of Qatar","Cayman Islands Ministry of Financial Services, Commerce & Environment; Embassy of Qatar.
",0,1,1,1,-0.028255366730149944,,
ocr-clarified,"20180323_Pillsbury Winthrop Shaw Pittman, LLP_Moeller, Elizabeth V._Short-Form.pdf",file_date,"March 23, 2018","March 23, 2018
",1,1,1,1,-0.019564017249558675,,
ocr-clarified,"20180323_Pillsbury Winthrop Shaw Pittman, LLP_Moeller, Elizabeth V._Short-Form.pdf",signer_name,Elizabeth V. Moeller,"Elizabeth V. Moeller
",1,1,1,1,-0.00014524908947350924,,
ocr-clarified,"20180323_Pillsbury Winthrop Shaw Pittman, LLP_Moeller, Elizabeth V._Short-Form.pdf",signer_title,,,1,1,0,0,-0.02292102389037609,,
ocr-clarified,"20100713_Invest Northern Ireland_Jones, John Henry_Short-Form.pdf",registration_num,4364,"4364
",1,1,1,1,-0.003343682885315502,,
ocr-clarified,"20100713_Invest Northern Ireland_Jones, John Henry_Short-Form.pdf",registrant_name,Invest Northern Ireland,Invest Northern Ireland ,1,1,1,1,-0.12722274818224832,,
ocr-clarified,"20100713_Invest Northern Ireland_Jones, John Henry_Short-Form.pdf",foreign_principle_name,Department of Enterprise Trade and Investment - A Northern Ireland,"Department of Enterprise Trade and Investment - A Northern Ireland
Department of the U.K. Government
",0,0,1,1,-0.055561545963428216,,
ocr-clarified,"20100713_Invest Northern Ireland_Jones, John Henry_Short-Form.pdf",file_date,07/1/2010,"07/1/2010
",1,1,1,1,-0.030251750661894523,,
ocr-clarified,"20100713_Invest Northern Ireland_Jones, John Henry_Short-Form.pdf",signer_name,,,1,1,0,0,-0.6186158657073975,,
ocr-clarified,"20100713_Invest Northern Ireland_Jones, John Henry_Short-Form.pdf",signer_title,,,1,1,0,0,-0.0028490927070379257,,
ocr-clarified,"20161214_Fratelli Group_Cox, Frances K._Short-Form.pdf",registration_num,5867,"5867
",1,1,1,1,-0.016951856818195665,,
ocr-clarified,"20161214_Fratelli Group_Cox, Frances K._Short-Form.pdf",registrant_name,The Fratelli Group,"The Fratelli Group
",1,1,1,1,-0.06814466064679436,,
ocr-clarified,"20161214_Fratelli Group_Cox, Frances K._Short-Form.pdf",foreign_principle_name,The Government of Japan,"The Government of Japan
",1,1,1,1,-0.02228018741152482,,
ocr-clarified,"20161214_Fratelli Group_Cox, Frances K._Short-Form.pdf",file_date,12/12/2014,"12/12/2014
",1,1,1,1,-0.009799655308188448,,
ocr-clarified,"20161214_Fratelli Group_Cox, Frances K._Short-Form.pdf",signer_name,,,1,1,0,0,-0.20129773020744324,,
ocr-clarified,"20161214_Fratelli Group_Cox, Frances K._Short-Form.pdf",signer_title,,,1,1,0,0,-0.0017372767906636,,
ocr-clarified,"20180625_Korea International Trade Association, Inc._Park, Joung Woo_Short-Form.pdf",registration_num,2686,"2686
",1,1,1,1,-0.028684952223557048,,
ocr-clarified,"20180625_Korea International Trade Association, Inc._Park, Joung Woo_Short-Form.pdf",registrant_name,KOREA INTERNATIONAL TRADE ASSOCIATION,"KOREA INTERNATIONAL TRADE ASSOCIATION
",1,1,1,1,-0.008349185845872853,,
ocr-clarified,"20180625_Korea International Trade Association, Inc._Park, Joung Woo_Short-Form.pdf",foreign_principle_name,KOREA INTERNATIONAL TRADE ASSOCIATION,"KOREA INTERNATIONAL TRADE ASSOCIATION
",1,1,1,1,-0.0013758332206634805,,
ocr-clarified,"20180625_Korea International Trade Association, Inc._Park, Joung Woo_Short-Form.pdf",file_date,"June 25, 2018","June 25, 2018
",1,1,1,1,-0.06537318432929169,,
ocr-clarified,"20180625_Korea International Trade Association, Inc._Park, Joung Woo_Short-Form.pdf",signer_name,Joung Woo Park,"Joung Woo Park
",1,1,1,1,-0.023996739681024337,,
ocr-clarified,"20180625_Korea International Trade Association, Inc._Park, Joung Woo_Short-Form.pdf",signer_title,,,1,1,0,0,-0.024621177464723587,,
ocr-clarified,"20100625_Fleishman-Hillard, Inc.__Short-Form.pdf",registration_num,5801,"5801
",1,1,1,1,-0.0995042837166693,,
ocr-clarified,"20100625_Fleishman-Hillard, Inc.__Short-Form.pdf",registrant_name,Fleishman-Hillard Inc.,"Fleishman-Hillard Inc.
",1,1,1,1,-0.03168553326304391,,
ocr-clarified,"20100625_Fleishman-Hillard, Inc.__Short-Form.pdf",foreign_principle_name,Social Communication Secretariat of the Office of the President of the Republic of Brazil,"Social Communication Secretariat of the Office of the President of the Republic of Brazil
",1,1,1,1,-0.011359300485916416,,
ocr-clarified,"20100625_Fleishman-Hillard, Inc.__Short-Form.pdf",file_date,6/23/2010,"6/23/2010
",1,1,1,1,-0.06255764251656931,,
ocr-clarified,"20100625_Fleishman-Hillard, Inc.__Short-Form.pdf",signer_name,Melissa R. Banas,"Melissa R. Banas
",1,1,1,1,-0.00021984730028634658,,
ocr-clarified,"20100625_Fleishman-Hillard, Inc.__Short-Form.pdf",signer_title,,,1,1,0,0,-0.052421219646930695,,
ocr-clarified,"20090731_Hill and Knowlton Strategies, LLC_Poulos, Peter_Short-Form.pdf",registration_num,3301,"3301
",1,1,1,1,-0.021391392201621784,,
ocr-clarified,"20090731_Hill and Knowlton Strategies, LLC_Poulos, Peter_Short-Form.pdf",registrant_name,"Hill & Knowlton, Inc.","Hill & Knowlton, Inc.
",1,1,1,1,-0.004332099873661516,,
ocr-clarified,"20090731_Hill and Knowlton Strategies, LLC_Poulos, Peter_Short-Form.pdf",foreign_principle_name,Qatar Financial Centre Authority,"Qatar Financial Centre Authority
(Through Hill & Knowlton Qatar, LLC)
",0,0,1,1,-0.003000907213208848,,
ocr-clarified,"20090731_Hill and Knowlton Strategies, LLC_Poulos, Peter_Short-Form.pdf",file_date,2009 JUL 31,"0
",0,0,1,1,-0.16908141774547403,,
ocr-clarified,"20090731_Hill and Knowlton Strategies, LLC_Poulos, Peter_Short-Form.pdf",signer_name,,,1,1,0,0,-0.20725548267364502,,
ocr-clarified,"20090731_Hill and Knowlton Strategies, LLC_Poulos, Peter_Short-Form.pdf",signer_title,,,1,1,0,0,-0.0028565814718604088,,
ocr-clarified,"20170320_Burson-Marsteller, LLC (Washington, DC)_Smith, Nancy_Short-Form.pdf",registration_num,6227,"6227
",1,1,1,1,-0.016582224689045688,,
ocr-clarified,"20170320_Burson-Marsteller, LLC (Washington, DC)_Smith, Nancy_Short-Form.pdf",registrant_name,"Burson-Marsteller, LLC","Burson-Marsteller, LLC
",1,1,1,1,-0.005463312947237379,,
ocr-clarified,"20170320_Burson-Marsteller, LLC (Washington, DC)_Smith, Nancy_Short-Form.pdf",foreign_principle_name,"Consejo De Promocion Turistica De Mexico, S.A","Consejo De Promocion Turistica De Mexico, S.A
",1,1,1,1,-0.0022341619125134976,,
ocr-clarified,"20170320_Burson-Marsteller, LLC (Washington, DC)_Smith, Nancy_Short-Form.pdf",file_date,3/9/17,"3/9/17
(Date of ",0,0,1,1,-0.02169392098433794,,
ocr-clarified,"20170320_Burson-Marsteller, LLC (Washington, DC)_Smith, Nancy_Short-Form.pdf",signer_name,,,1,1,0,0,-0.313607394695282,,
ocr-clarified,"20170320_Burson-Marsteller, LLC (Washington, DC)_Smith, Nancy_Short-Form.pdf",signer_title,,,1,1,0,0,-0.0015410225605592132,,
ocr-clarified,"20151130_KOTRA_Lee, Jonggun_Short-Form.pdf",registration_num,1619,"1619
",1,1,1,1,-0.01954285299871117,,
ocr-clarified,"20151130_KOTRA_Lee, Jonggun_Short-Form.pdf",registrant_name,"Korea Business Center, NY","Korea Business Center, NY
",1,1,1,1,-0.17592872671957593,,
ocr-clarified,"20151130_KOTRA_Lee, Jonggun_Short-Form.pdf",foreign_principle_name,Korea Business Center,,0,0,0,1,-0.18816522823181003,,
ocr-clarified,"20151130_KOTRA_Lee, Jonggun_Short-Form.pdf",file_date,"November 24, 2015","November 24, 2015
",1,1,1,1,-0.016670910817902042,,
ocr-clarified,"20151130_KOTRA_Lee, Jonggun_Short-Form.pdf",signer_name,Jonggun Lee,"Jonggun Lee
",1,1,1,1,-0.004609212788636796,,
ocr-clarified,"20151130_KOTRA_Lee, Jonggun_Short-Form.pdf",signer_title,,,1,1,0,0,-0.030807146802544594,,
ocr-clarified,"20121119_Commonwealth of Dominica Maritime Registry, Inc._Amettikkara, Devadas_Short-Form.pdf",registration_num,5334,"5334
",1,1,1,1,-0.05152987236215267,,
ocr-clarified,"20121119_Commonwealth of Dominica Maritime Registry, Inc._Amettikkara, Devadas_Short-Form.pdf",registrant_name,Commonwealth of Dominica Maritime Registry,"Commonwealth of Dominica Maritime Registry
",1,1,1,1,-0.09880543554234984,,
ocr-clarified,"20121119_Commonwealth of Dominica Maritime Registry, Inc._Amettikkara, Devadas_Short-Form.pdf",foreign_principle_name,Commonwealth of Dominica,"Commonwealth of Dominica
",1,1,1,1,-0.016660961223533378,,
ocr-clarified,"20121119_Commonwealth of Dominica Maritime Registry, Inc._Amettikkara, Devadas_Short-Form.pdf",file_date,"November 01, 2012","November 01, 2012
",1,1,1,1,-0.011808237271270627,,
ocr-clarified,"20121119_Commonwealth of Dominica Maritime Registry, Inc._Amettikkara, Devadas_Short-Form.pdf",signer_name,DEVADAS AMETTIKKARA,"DEVADAS AMETTIKKARA
",1,1,1,1,-0.0008311893334393972,,
ocr-clarified,"20121119_Commonwealth of Dominica Maritime Registry, Inc._Amettikkara, Devadas_Short-Form.pdf",signer_title,,,1,1,0,0,-0.04118352383375168,,
ocr-clarified,"20120814_Commonwealth of Dominica Maritime Registry, Inc._Khvedelidze, Parmen_Short-Form.pdf",registration_num,,,1,1,0,0,-0.11890106648206711,,
ocr-clarified,"20120814_Commonwealth of Dominica Maritime Registry, Inc._Khvedelidze, Parmen_Short-Form.pdf",registrant_name,"IND TREE THANS ERch panner, officer director, cores, ample and finder","Commonwealth of Dominica Maritime Registry
",0,0,1,1,-0.1273393877679208,,
ocr-clarified,"20120814_Commonwealth of Dominica Maritime Registry, Inc._Khvedelidze, Parmen_Short-Form.pdf",foreign_principle_name,,"Commonwealth of Dominica
",0,0,1,0,-0.2918631434440613,,
ocr-clarified,"20120814_Commonwealth of Dominica Maritime Registry, Inc._Khvedelidze, Parmen_Short-Form.pdf",file_date,13.08.2012,"13.08.2012
",1,1,1,1,-0.0070472279177920425,,
ocr-clarified,"20120814_Commonwealth of Dominica Maritime Registry, Inc._Khvedelidze, Parmen_Short-Form.pdf",signer_name,Nam,,0,0,0,1,-0.5905622243881226,,
ocr-clarified,"20120814_Commonwealth of Dominica Maritime Registry, Inc._Khvedelidze, Parmen_Short-Form.pdf",signer_title,,,1,1,0,0,-0.006311602890491486,,
ocr-clarified,"20121129_Commonwealth of Dominica Maritime Registry, Inc._Gamal, Islam_Short-Form.pdf",registration_num,5334,"5334
",1,1,1,1,-0.02693129030012642,,
ocr-clarified,"20121129_Commonwealth of Dominica Maritime Registry, Inc._Gamal, Islam_Short-Form.pdf",registrant_name,Commonwealth of Dominica Maritime Registry,"Commonwealth of Dominica Maritime Registry
",1,1,1,1,-0.06255017313044066,,
ocr-clarified,"20121129_Commonwealth of Dominica Maritime Registry, Inc._Gamal, Islam_Short-Form.pdf",foreign_principle_name,Commonwealth of Dominica,"Commonwealth of Dominica
",1,1,1,1,-0.0010143980319753608,,
ocr-clarified,"20121129_Commonwealth of Dominica Maritime Registry, Inc._Gamal, Islam_Short-Form.pdf",file_date,"22TH SEPTEMBER, 2012","22TH SEPTEMBER, 2012
",1,1,1,1,-0.018405252885107377,,
ocr-clarified,"20121129_Commonwealth of Dominica Maritime Registry, Inc._Gamal, Islam_Short-Form.pdf",signer_name,Islam Gamal,,0,0,0,1,-0.00013278656054656798,,
ocr-clarified,"20121129_Commonwealth of Dominica Maritime Registry, Inc._Gamal, Islam_Short-Form.pdf",signer_title,,,1,1,0,0,-0.042108360677957535,,
ocr-clarified,"20130315_Daniel J. Edelman, Inc._Klempay, Daniel_Short-Form.pdf",registration_num,3634,"3634
",1,1,1,1,-0.021589337793557206,,
ocr-clarified,"20130315_Daniel J. Edelman, Inc._Klempay, Daniel_Short-Form.pdf",registrant_name,"Daniel J. Edelman, Inc.","Daniel J. Edelman, Inc.
",1,1,1,1,-0.016358753073291155,,
ocr-clarified,"20130315_Daniel J. Edelman, Inc._Klempay, Daniel_Short-Form.pdf",foreign_principle_name,"Oerlikon Solar, Ltd.","Oerlikon Solar, Ltd.
",1,1,1,1,-0.005861623196125265,,
ocr-clarified,"20130315_Daniel J. Edelman, Inc._Klempay, Daniel_Short-Form.pdf",file_date,"February 28, 2013","February 28, 2013
",1,1,1,1,-0.015266438338403531,,
ocr-clarified,"20130315_Daniel J. Edelman, Inc._Klempay, Daniel_Short-Form.pdf",signer_name,Daniel Klempay,"Daniel Klempay
",1,1,1,1,-5.3044758828946215e-05,,
ocr-clarified,"20130315_Daniel J. Edelman, Inc._Klempay, Daniel_Short-Form.pdf",signer_title,,,1,1,0,0,-0.014131597243249416,,
ocr-clarified,"20180214_Tigercomm, LLC_Schub, Nathaniel J._Short-Form.pdf",registration_num,6511,"6511
",1,1,1,1,-0.011946788623390603,,
ocr-clarified,"20180214_Tigercomm, LLC_Schub, Nathaniel J._Short-Form.pdf",registrant_name,"Tigercomm, LLC","Tigercomm, LLC
",1,1,1,1,-0.05157558850041823,,
ocr-clarified,"20180214_Tigercomm, LLC_Schub, Nathaniel J._Short-Form.pdf",foreign_principle_name,Embassy of the State of Qatar,"Embassy of the State of Qatar
",1,1,1,1,-0.03082250172350801,,
ocr-clarified,"20180214_Tigercomm, LLC_Schub, Nathaniel J._Short-Form.pdf",file_date,"February 14, 2018","February 14, 2018
",1,1,1,1,-0.007964580392126663,,
ocr-clarified,"20180214_Tigercomm, LLC_Schub, Nathaniel J._Short-Form.pdf",signer_name,Nathaniel J Schub,"Nathaniel J Schub
",1,1,1,1,-0.001872473911043926,,
ocr-clarified,"20180214_Tigercomm, LLC_Schub, Nathaniel J._Short-Form.pdf",signer_title,,,1,1,0,0,-0.02483469992876053,,
ocr-clarified,"20180710_BerlinRosen Ltd._Rose, Rebecca_Short-Form.pdf",registration_num,6531,"6531
",1,1,1,1,-0.04385252845531795,,
ocr-clarified,"20180710_BerlinRosen Ltd._Rose, Rebecca_Short-Form.pdf",registrant_name,BerlinRosen Ltd,"BerlinRosen Ltd
",1,1,1,1,-0.12129512918062346,,
ocr-clarified,"20180710_BerlinRosen Ltd._Rose, Rebecca_Short-Form.pdf",foreign_principle_name,Cambodia National Rescue Movement (CNRM),"Cambodia National Rescue Movement (CNRM)
",1,1,1,1,-0.010583890635542857,,
ocr-clarified,"20180710_BerlinRosen Ltd._Rose, Rebecca_Short-Form.pdf",file_date,"July 10, 2018","July 10, 2018
",1,1,1,1,-0.053218043171864335,,
ocr-clarified,"20180710_BerlinRosen Ltd._Rose, Rebecca_Short-Form.pdf",signer_name,Rebecca Rose,"Rebecca Rose
",1,1,1,1,-0.0010409195451757114,,
ocr-clarified,"20180710_BerlinRosen Ltd._Rose, Rebecca_Short-Form.pdf",signer_title,,,1,1,0,0,-0.04575738310813904,,
ocr-clarified,"20170914_Doremus _ Company_Quan, Renee_Short-Form.pdf",registration_num,6387,"6387
",1,1,1,1,-0.011186641684616916,,
ocr-clarified,"20170914_Doremus _ Company_Quan, Renee_Short-Form.pdf",registrant_name,Doremus & Company,"Doremus & Company
",1,1,1,1,-0.012311459717966499,,
ocr-clarified,"20170914_Doremus _ Company_Quan, Renee_Short-Form.pdf",foreign_principle_name,Economic Development Board Singapore,"Economic Development Board Singapore
",1,1,1,1,-0.013234769396513002,,
ocr-clarified,"20170914_Doremus _ Company_Quan, Renee_Short-Form.pdf",file_date,"September 01, 2017","September 01, 2017
",1,1,1,1,-0.03710571576143593,,
ocr-clarified,"20170914_Doremus _ Company_Quan, Renee_Short-Form.pdf",signer_name,Renee Tasha Quan,"Renee Tasha Quan
",1,1,1,1,-0.001831692227521368,,
ocr-clarified,"20170914_Doremus _ Company_Quan, Renee_Short-Form.pdf",signer_title,,,1,1,0,0,-0.017704546451568604,,
ocr-clarified,"20130208_Tourism Authority of Thailand, Los Angeles_Awutkom, Orasa_Short-Form.pdf",registration_num,2178,"2178
",1,1,1,1,-0.014802379788307007,,
ocr-clarified,"20130208_Tourism Authority of Thailand, Los Angeles_Awutkom, Orasa_Short-Form.pdf",registrant_name,Tourism Authority of Thailand,"Tourism Authority of Thailand
",1,1,1,1,-0.003702203952889249,,
ocr-clarified,"20130208_Tourism Authority of Thailand, Los Angeles_Awutkom, Orasa_Short-Form.pdf",foreign_principle_name,,,1,1,0,0,-0.6650744080543518,,
ocr-clarified,"20130208_Tourism Authority of Thailand, Los Angeles_Awutkom, Orasa_Short-Form.pdf",file_date,"Feb8,2013","Feb8,2013
",1,1,1,1,-0.08213364893708786,,
ocr-clarified,"20130208_Tourism Authority of Thailand, Los Angeles_Awutkom, Orasa_Short-Form.pdf",signer_name,,,1,1,0,0,-0.04764130339026451,,
ocr-clarified,"20130208_Tourism Authority of Thailand, Los Angeles_Awutkom, Orasa_Short-Form.pdf",signer_title,,,1,1,0,0,-0.0012406755704432726,,
ocr-clarified,"20180305_Baker, Donelson, Bearman, Caldwell _ Berkowitz, P.C._Dyer, James W._Short-Form.pdf",registration_num,6535,"6535
",1,1,1,1,-0.01504548741831968,,
ocr-clarified,"20180305_Baker, Donelson, Bearman, Caldwell _ Berkowitz, P.C._Dyer, James W._Short-Form.pdf",registrant_name,"Baker, Donelson, Bearman, Caldwell & Berkowitz, A Professional Corporation","Baker, Donelson, Bearman, Caldwell &
Berkowitz, A Professional Corporation
",1,1,1,1,-0.01785019789274563,,
ocr-clarified,"20180305_Baker, Donelson, Bearman, Caldwell _ Berkowitz, P.C._Dyer, James W._Short-Form.pdf",foreign_principle_name,"Embassy of the Republic of Azerbaijan (through BGR Government Affairs, LLC)","Embassy of the Republic of Azerbaijan (through BGR Government Affairs, LLC)
",1,1,1,1,-0.018380148383400297,,
ocr-clarified,"20180305_Baker, Donelson, Bearman, Caldwell _ Berkowitz, P.C._Dyer, James W._Short-Form.pdf",file_date,03/05/2018,"3/5/2018
",1,1,1,1,-0.06101235227749839,,
ocr-clarified,"20180305_Baker, Donelson, Bearman, Caldwell _ Berkowitz, P.C._Dyer, James W._Short-Form.pdf",signer_name,James W. Dyer,"James W. Dyer
",1,1,1,1,-0.00010823196653291234,,
ocr-clarified,"20180305_Baker, Donelson, Bearman, Caldwell _ Berkowitz, P.C._Dyer, James W._Short-Form.pdf",signer_title,,,1,1,0,0,-0.030783681198954582,,
ocr-clarified,"20140922_Ketchum Inc. NY_O_Gorman, Catherine Mary Anne_Short-Form.pdf",registration_num,5758,"5758
",1,1,1,1,-0.059070497038192116,,
ocr-clarified,"20140922_Ketchum Inc. NY_O_Gorman, Catherine Mary Anne_Short-Form.pdf",registrant_name,"Ketchum, Inc.","Ketchum, Inc.
",1,1,1,1,-0.01937252840510458,,
ocr-clarified,"20140922_Ketchum Inc. NY_O_Gorman, Catherine Mary Anne_Short-Form.pdf",foreign_principle_name,"Russian Federation, Republic of Ecuador","Russian Federation, Republic of Ecuador
",1,1,1,1,-0.12446507161500146,,
ocr-clarified,"20140922_Ketchum Inc. NY_O_Gorman, Catherine Mary Anne_Short-Form.pdf",file_date,8/22/2014,"8/22/2014
",1,1,1,1,-0.04937551918141657,,
ocr-clarified,"20140922_Ketchum Inc. NY_O_Gorman, Catherine Mary Anne_Short-Form.pdf",signer_name,Emin,,0,0,0,1,-0.007551637670985656,,
ocr-clarified,"20140922_Ketchum Inc. NY_O_Gorman, Catherine Mary Anne_Short-Form.pdf",signer_title,,,1,1,0,0,-0.01960121840238571,,
ocr-clarified,"20161130_KOTRA_Kim, Kunki_Short-Form.pdf",registration_num,1619,"1619
",1,1,1,1,-0.02586092751880642,,
ocr-clarified,"20161130_KOTRA_Kim, Kunki_Short-Form.pdf",registrant_name,Korea Business Center,"Korea Business Center
",1,1,1,1,-0.0050254840243724175,,
ocr-clarified,"20161130_KOTRA_Kim, Kunki_Short-Form.pdf",foreign_principle_name,KOTRA,,0,0,0,1,-0.32119324540872185,,
ocr-clarified,"20161130_KOTRA_Kim, Kunki_Short-Form.pdf",file_date,"November 28, 2016","November 28, 2016
",1,1,1,1,-0.02848975761176007,,
ocr-clarified,"20161130_KOTRA_Kim, Kunki_Short-Form.pdf",signer_name,KIM KI,"KIM KI
",1,1,1,1,-0.029305646719876677,,
ocr-clarified,"20161130_KOTRA_Kim, Kunki_Short-Form.pdf",signer_title,,,1,1,0,0,-0.026921585202217102,,
ocr-clarified,"20180206_S.G.R. LLC Government Relations and Lobbying_Lowman, Greg_Short-Form.pdf",registration_num,6379,"6379
",1,1,1,1,-0.03171510727406712,,
ocr-clarified,"20180206_S.G.R. LLC Government Relations and Lobbying_Lowman, Greg_Short-Form.pdf",registrant_name,S.G.R. LLC,"S.G.R. LLC Government Relations & Lobbying
",0,0,1,1,-0.03936645101348404,,
ocr-clarified,"20180206_S.G.R. LLC Government Relations and Lobbying_Lowman, Greg_Short-Form.pdf",foreign_principle_name,Federal Democratic Republic of Ethiopia,"Federal Democratic Republic of Ethiopia
The Ministry of Foreign Affairs and International Cooperation of the Kingdom of Morocco (through JPC Strategies LLC)
The Embassy of the State of Qatar (through Venable LLP)
",0,0,1,1,-0.037891349361598256,,
ocr-clarified,"20180206_S.G.R. LLC Government Relations and Lobbying_Lowman, Greg_Short-Form.pdf",file_date,"February 06, 2018","February 06, 2018
",1,1,1,1,-0.01763881790234336,,
ocr-clarified,"20180206_S.G.R. LLC Government Relations and Lobbying_Lowman, Greg_Short-Form.pdf",signer_name,Greg Lowman,"Greg Lowman
",1,1,1,1,-0.00030918662681263714,,
ocr-clarified,"20180206_S.G.R. LLC Government Relations and Lobbying_Lowman, Greg_Short-Form.pdf",signer_title,,,1,1,0,0,-0.010943160392343998,,
ocr-clarified,"20171004_Sonoran Policy Group, LLC_Meyers, Jessica_Short-Form.pdf",registration_num,6399,"6399
",1,1,1,1,-0.05685276706935838,,
ocr-clarified,"20171004_Sonoran Policy Group, LLC_Meyers, Jessica_Short-Form.pdf",registrant_name,Jessica Lynn Meyers,"Sonoran Policy Group, LLC
",0,0,1,1,-0.06552248312505071,,
ocr-clarified,"20171004_Sonoran Policy Group, LLC_Meyers, Jessica_Short-Form.pdf",foreign_principle_name,,,1,1,0,0,-0.5365524888038635,,
ocr-clarified,"20171004_Sonoran Policy Group, LLC_Meyers, Jessica_Short-Form.pdf",file_date,"October 03, 2017","October 03, 2017
",1,1,1,1,-0.027878911876996426,,
ocr-clarified,"20171004_Sonoran Policy Group, LLC_Meyers, Jessica_Short-Form.pdf",signer_name,Jessica Lynn Meyers,"Jessica Lynn Meyers
",1,1,1,1,-0.00010509872299735434,,
ocr-clarified,"20171004_Sonoran Policy Group, LLC_Meyers, Jessica_Short-Form.pdf",signer_title,,,1,1,0,0,-0.005794276017695665,,
ocr-clarified,"20140929_Sandler Trade, LLC_Cabeza, Romulo_Short-Form.pdf",registration_num,6180,"6180.
",1,1,1,1,-0.015521845511102583,,
ocr-clarified,"20140929_Sandler Trade, LLC_Cabeza, Romulo_Short-Form.pdf",registrant_name,Sandler Trade LLC,"Sandler Trade LLC
",1,1,1,1,-0.1334354549744603,,
ocr-clarified,"20140929_Sandler Trade, LLC_Cabeza, Romulo_Short-Form.pdf",foreign_principle_name,Minister Benchawan Ukrid,"Minister Benchawan Ukrid, Office of Commercial Affairs, Royal Thai Embassy, 1024 Wisconsin Ave, N.W., Washington, D.C.
20007
",0,0,1,1,-0.0037898447772022337,,
ocr-clarified,"20140929_Sandler Trade, LLC_Cabeza, Romulo_Short-Form.pdf",file_date,9/17/2014,"9/17/2014
",1,1,1,1,-0.06149117692742342,,
ocr-clarified,"20140929_Sandler Trade, LLC_Cabeza, Romulo_Short-Form.pdf",signer_name,Likke,,0,0,0,1,-0.00022526702014147304,,
ocr-clarified,"20140929_Sandler Trade, LLC_Cabeza, Romulo_Short-Form.pdf",signer_title,,,1,1,0,0,-0.025019925087690353,,
ocr-clarified,"20180605_PTI USA, LLC_Ali, Imtiaz_Short-Form.pdf",registration_num,6160,"6160
",1,1,1,1,-0.016328094054188114,,
ocr-clarified,"20180605_PTI USA, LLC_Ali, Imtiaz_Short-Form.pdf",registrant_name,Pakistan Tehreek-e-Insaaf,"Pakistan Tehreek-e-Insaaf
",1,1,1,1,-0.014474663345026784,,
ocr-clarified,"20180605_PTI USA, LLC_Ali, Imtiaz_Short-Form.pdf",foreign_principle_name,Pakistan Tehreek-e-Insaf,"Pakistan Tehreek-e-Insaf, PTI
",0,0,1,1,-0.01826428759626911,,
ocr-clarified,"20180605_PTI USA, LLC_Ali, Imtiaz_Short-Form.pdf",file_date,5/31/2018,"5/31/2018
Date of ",0,0,1,1,-0.021338430601518767,,
ocr-clarified,"20180605_PTI USA, LLC_Ali, Imtiaz_Short-Form.pdf",signer_name,Imtiaz Ali,".
Imtiaz Ali
(Signature)
",0,0,1,1,-0.002440527273392945,,
ocr-clarified,"20180605_PTI USA, LLC_Ali, Imtiaz_Short-Form.pdf",signer_title,,,1,1,0,0,-0.02533634565770626,,
ocr-clarified,"20170906_Akin, Gump, Strauss, Hauer _ Feld, LLP_Shapiro, Hal_Short-Form.pdf",registration_num,3492,"3492
",1,1,1,1,-0.06431756455458526,,
ocr-clarified,"20170906_Akin, Gump, Strauss, Hauer _ Feld, LLP_Shapiro, Hal_Short-Form.pdf",registrant_name,Akin Gump Strauss Hauer & Feld LLP,"Akin Gump Strauss Hauer & Feld LLP
",1,1,1,1,-0.007504995577073714,,
ocr-clarified,"20170906_Akin, Gump, Strauss, Hauer _ Feld, LLP_Shapiro, Hal_Short-Form.pdf",foreign_principle_name,Government of the Republic of the Marshall Islands,"Government of the Republic of the Marshall Islands
",1,1,1,1,-0.007361511694966794,,
ocr-clarified,"20170906_Akin, Gump, Strauss, Hauer _ Feld, LLP_Shapiro, Hal_Short-Form.pdf",file_date,"September 06, 2017","September 06, 2017
",1,1,1,1,-0.07057797711640887,,
ocr-clarified,"20170906_Akin, Gump, Strauss, Hauer _ Feld, LLP_Shapiro, Hal_Short-Form.pdf",signer_name,Hal Shapiro,"Hal Shapiro
",1,1,1,1,-0.0003777525562327355,,
ocr-clarified,"20170906_Akin, Gump, Strauss, Hauer _ Feld, LLP_Shapiro, Hal_Short-Form.pdf",signer_title,,,1,1,0,0,-0.033104341477155685,,
ocr-clarified,"20140929_Burson-Marsteller, LLC (Miami Office)_Wenceiblat, Claudia Gloria_Short-Form.pdf",registration_num,6223,"6223
",1,1,1,1,-0.02366062777582556,,
ocr-clarified,"20140929_Burson-Marsteller, LLC (Miami Office)_Wenceiblat, Claudia Gloria_Short-Form.pdf",registrant_name,Burson-Marsteller LLC,"Burson-Marsteller LLC
",1,1,1,1,-0.004196958941975026,,
ocr-clarified,"20140929_Burson-Marsteller, LLC (Miami Office)_Wenceiblat, Claudia Gloria_Short-Form.pdf",foreign_principle_name,Comision para la Promocion de la Alianza Publico-Privada (COALIANZA),"Comision para la Promocion de la Alianza Publico-Privada (COALIANZA)
",1,1,1,1,-0.012364202105924382,,
ocr-clarified,"20140929_Burson-Marsteller, LLC (Miami Office)_Wenceiblat, Claudia Gloria_Short-Form.pdf",file_date,9/22/14,"9/22/14
",1,1,1,1,-0.10094776096541734,,
ocr-clarified,"20140929_Burson-Marsteller, LLC (Miami Office)_Wenceiblat, Claudia Gloria_Short-Form.pdf",signer_name,,,1,1,0,0,-0.29073193669319153,,
ocr-clarified,"20140929_Burson-Marsteller, LLC (Miami Office)_Wenceiblat, Claudia Gloria_Short-Form.pdf",signer_title,,,1,1,0,0,-0.0017420368967577815,,
ocr-clarified,"20171128_Burson-Marsteller, LLC (Washington, DC)_Lerubino, Kathryn L._Short-Form.pdf",registration_num,,"6227
",0,0,1,0,-0.5296436548233032,,
ocr-clarified,"20171128_Burson-Marsteller, LLC (Washington, DC)_Lerubino, Kathryn L._Short-Form.pdf",registrant_name,Burson-Marsteller LLC (Washington DC),"Burson-Marsteller LLC (Washington DC)
",1,1,1,1,-0.03201896708479682,,
ocr-clarified,"20171128_Burson-Marsteller, LLC (Washington, DC)_Lerubino, Kathryn L._Short-Form.pdf",foreign_principle_name,"Kobe Steel, Ltd.","Kobe Steel, Ltd.
",1,1,1,1,-0.030690544239405426,,
ocr-clarified,"20171128_Burson-Marsteller, LLC (Washington, DC)_Lerubino, Kathryn L._Short-Form.pdf",file_date,11/28/17,"11/28/17
",1,1,1,1,-0.004406268200909835,,
ocr-clarified,"20171128_Burson-Marsteller, LLC (Washington, DC)_Lerubino, Kathryn L._Short-Form.pdf",signer_name,Kathryn L. lerubino,"Kathryn L. lerubino
",1,1,1,1,-0.00027869256467738523,,
ocr-clarified,"20171128_Burson-Marsteller, LLC (Washington, DC)_Lerubino, Kathryn L._Short-Form.pdf",signer_title,,,1,1,0,0,-0.005132949445396662,,
ocr-clarified,"20171017_Italian Government Tourist Board, New York_Persampieri, Salvatore_Short-Form.pdf",registration_num,,"568
",0,0,1,0,-0.3199043571949005,,
ocr-clarified,"20171017_Italian Government Tourist Board, New York_Persampieri, Salvatore_Short-Form.pdf",registrant_name,ENIT-Italian Government Tourist Board,"ENIT-Italian Government Tourist Board
",1,1,1,1,-0.017566001955628963,,
ocr-clarified,"20171017_Italian Government Tourist Board, New York_Persampieri, Salvatore_Short-Form.pdf",foreign_principle_name,ENIT-Agenzia Nazionale del Turismo,"ENIT-Agenzia Nazionale del Turismo
",1,1,1,1,-0.004587621361224592,,
ocr-clarified,"20171017_Italian Government Tourist Board, New York_Persampieri, Salvatore_Short-Form.pdf",file_date,"October 10, 2017","October 10, 2017
",1,1,1,1,-0.017818906328193405,,
ocr-clarified,"20171017_Italian Government Tourist Board, New York_Persampieri, Salvatore_Short-Form.pdf",signer_name,Salvatore Persampieri,"Salvatore Persampieri
",1,1,1,1,-0.027923517921105184,,
ocr-clarified,"20171017_Italian Government Tourist Board, New York_Persampieri, Salvatore_Short-Form.pdf",signer_title,,,1,1,0,0,-0.10286718606948853,,
ocr-clarified,"20141105_Ketchum Inc. NY_Surfield, Ron_Short-Form.pdf",registration_num,5758,"5758
",1,1,1,1,-0.06310596493858611,,
ocr-clarified,"20141105_Ketchum Inc. NY_Surfield, Ron_Short-Form.pdf",registrant_name,"Ketchum, Inc.","Ketchum, Inc.
",1,1,1,1,-0.05505328713070412,,
ocr-clarified,"20141105_Ketchum Inc. NY_Surfield, Ron_Short-Form.pdf",foreign_principle_name,Exerom Spain,"Exerom Spain
ICEX
",0,0,1,1,-0.04679995904007228,,
ocr-clarified,"20141105_Ketchum Inc. NY_Surfield, Ron_Short-Form.pdf",file_date,"July 16, 2014","July 16, 2014
",1,1,1,1,-0.0698854749194652,,
ocr-clarified,"20141105_Ketchum Inc. NY_Surfield, Ron_Short-Form.pdf",signer_name,Ronald Joseph Surfield,"Ronald Joseph Surfield
",1,1,1,1,-0.0018304047611309216,,
ocr-clarified,"20141105_Ketchum Inc. NY_Surfield, Ron_Short-Form.pdf",signer_title,,,1,1,0,0,-0.02357698231935501,,
ocr-clarified,"20091209_International Trade _ Development Agency, Inc._Murphy, Morgan F._Short-Form.pdf",registration_num,3690,"3690
",1,1,1,1,-0.13964580667379778,,
ocr-clarified,"20091209_International Trade _ Development Agency, Inc._Murphy, Morgan F._Short-Form.pdf",registrant_name,International Trade and Development Agency,"International Trade and Development Agency
",1,1,1,1,-0.028832830797909992,,
ocr-clarified,"20091209_International Trade _ Development Agency, Inc._Murphy, Morgan F._Short-Form.pdf",foreign_principle_name,Taiwan,"Taiwan
",1,1,1,1,-0.00024261180442408659,,
ocr-clarified,"20091209_International Trade _ Development Agency, Inc._Murphy, Morgan F._Short-Form.pdf",file_date,2009 DEC-9,"Decilna 2009
",0,0,1,1,-0.2747050763074575,,
ocr-clarified,"20091209_International Trade _ Development Agency, Inc._Murphy, Morgan F._Short-Form.pdf",signer_name,Morgan Murphy,,0,0,0,1,-0.10683828804637112,,
ocr-clarified,"20091209_International Trade _ Development Agency, Inc._Murphy, Morgan F._Short-Form.pdf",signer_title,,,1,1,0,0,-0.1681930124759674,,
ocr-clarified,"20180629_MMGY Global, LLC_Koehly, Chelsea_Short-Form.pdf",registration_num,6492,"6492
",1,1,1,1,-0.09180463427765062,,
ocr-clarified,"20180629_MMGY Global, LLC_Koehly, Chelsea_Short-Form.pdf",registrant_name,"MMGY Global, LLC","MMGY Global, LLC
",1,1,1,1,-0.11501626903045689,,
ocr-clarified,"20180629_MMGY Global, LLC_Koehly, Chelsea_Short-Form.pdf",foreign_principle_name,Bermuda Tourism Authority,"Bermuda Tourism Authority
",1,1,1,1,-0.00035562727389333305,,
ocr-clarified,"20180629_MMGY Global, LLC_Koehly, Chelsea_Short-Form.pdf",file_date,"June 27, 2018","June 27, 2018
",1,1,1,1,-0.03511803866376795,,
ocr-clarified,"20180629_MMGY Global, LLC_Koehly, Chelsea_Short-Form.pdf",signer_name,Chelsea Koehly,"Chelsea Koehly
",1,1,1,1,-0.00020295357990107732,,
ocr-clarified,"20180629_MMGY Global, LLC_Koehly, Chelsea_Short-Form.pdf",signer_title,,,1,1,0,0,-0.01599915325641632,,
ocr-clarified,"20100226_KRL International, LLC__Short-Form.pdf",registration_num,,"5788
",0,0,1,0,-0.6403918266296387,,
ocr-clarified,"20100226_KRL International, LLC__Short-Form.pdf",registrant_name,KRL International LLC,"KRL International LLC
",1,1,1,1,-0.010909392061876133,,
ocr-clarified,"20100226_KRL International, LLC__Short-Form.pdf",foreign_principle_name,Office of the President minister of State for Liberia,"Office of the President minister of State for Liberia
",1,1,1,1,-0.09781848159925882,,
ocr-clarified,"20100226_KRL International, LLC__Short-Form.pdf",file_date,2/24/2010,"2/24/2010
(Date ",0,0,1,1,-0.04858145587180237,,
ocr-clarified,"20100226_KRL International, LLC__Short-Form.pdf",signer_name,,,1,1,0,0,-0.1852957159280777,,
ocr-clarified,"20100226_KRL International, LLC__Short-Form.pdf",signer_title,,,1,1,0,0,-0.0011042217956855893,,
ocr-clarified,"20120926_Squire Patton Boggs, LLP_Thompson, Scott C._Short-Form.pdf",registration_num,2165,"2165
",1,1,1,1,-0.027441602549515665,,
ocr-clarified,"20120926_Squire Patton Boggs, LLP_Thompson, Scott C._Short-Form.pdf",registrant_name,Patton Boggs LLP,"Patton Boggs LLP
",1,1,1,1,-0.05394288519892143,,
ocr-clarified,"20120926_Squire Patton Boggs, LLP_Thompson, Scott C._Short-Form.pdf",foreign_principle_name,Interim Transitional National Council of Libya,"By this filing: Interim Transitional National Council of Libya. By prior filings: 1) Al-Ahmar Trading Group, 2) The Embassy
of the Republic of Azerbaijan, 3) The Korea International Trade Association, 4) Republic of Croatia, 5) Government of
Kosova, and 6) Royal Embassy of Saudi Arabia.
",0,0,1,1,-0.0033390575445082504,,
ocr-clarified,"20120926_Squire Patton Boggs, LLP_Thompson, Scott C._Short-Form.pdf",file_date,"September 25, 2012","September 25, 2012
",1,1,1,1,-0.04241183578005803,,
ocr-clarified,"20120926_Squire Patton Boggs, LLP_Thompson, Scott C._Short-Form.pdf",signer_name,Scott C. Thompson,"Scott C. Thompson
",1,1,1,1,-0.00038028494782338385,,
ocr-clarified,"20120926_Squire Patton Boggs, LLP_Thompson, Scott C._Short-Form.pdf",signer_title,,,1,1,0,0,-0.02154400199651718,,
ocr-clarified,"20120914_Department of Culture Tourism - Abu Dhabi (New York Branch)_McDonagh, Paul_Short-Form.pdf",registration_num,6134,"6134
",1,1,1,1,-0.050550673997349804,,
ocr-clarified,"20120914_Department of Culture Tourism - Abu Dhabi (New York Branch)_McDonagh, Paul_Short-Form.pdf",registrant_name,Abu Dhabi Tourism & Culture Authority - New York Branch,"Abu Dhabi Tourism & Culture Authority - New Yo
",0,0,1,1,-0.021612626798080535,,
ocr-clarified,"20120914_Department of Culture Tourism - Abu Dhabi (New York Branch)_McDonagh, Paul_Short-Form.pdf",foreign_principle_name,Abu Dhabi Tourism & Culture Authority,"Abu Dhabi Tourism & Culture Authority
",1,1,1,1,-0.001532861823371994,,
ocr-clarified,"20120914_Department of Culture Tourism - Abu Dhabi (New York Branch)_McDonagh, Paul_Short-Form.pdf",file_date,"September 14, 2012","September 14, 2012
",1,1,1,1,-0.06668179442003748,,
ocr-clarified,"20120914_Department of Culture Tourism - Abu Dhabi (New York Branch)_McDonagh, Paul_Short-Form.pdf",signer_name,Paul McDonagh,"Paul McDonagh
",1,1,1,1,-0.00012964376401214395,,
ocr-clarified,"20120914_Department of Culture Tourism - Abu Dhabi (New York Branch)_McDonagh, Paul_Short-Form.pdf",signer_title,,,1,1,0,0,-0.018613431602716446,,
ocr-clarified,"20180209_Andreae _ Associates_Braha, Katharine_Short-Form.pdf",registration_num,6371,"6371
",1,1,1,1,-0.10776334357797168,,
ocr-clarified,"20180209_Andreae _ Associates_Braha, Katharine_Short-Form.pdf",registrant_name,Andreae & Associates,"Andreae & Associates
",1,1,1,1,-0.011508125489854137,,
ocr-clarified,"20180209_Andreae _ Associates_Braha, Katharine_Short-Form.pdf",foreign_principle_name,SCL Social,"SCL Social, For Iraq United
",0,0,1,1,-0.018548388650136378,,
ocr-clarified,"20180209_Andreae _ Associates_Braha, Katharine_Short-Form.pdf",file_date,"February 9, 2018","February 9, 2018
",1,1,1,1,-0.012288252774346297,,
ocr-clarified,"20180209_Andreae _ Associates_Braha, Katharine_Short-Form.pdf",signer_name,,,1,1,0,0,-0.2232363373041153,,
ocr-clarified,"20180209_Andreae _ Associates_Braha, Katharine_Short-Form.pdf",signer_title,,,1,1,0,0,-0.0022319662384688854,,
ocr-clarified,"20180315_Miller _ Chevalier Chartered_Orr, P. Welles_Short-Form.pdf",registration_num,6533,"No.
6533
",1,1,1,1,-0.03275168193067657,,
ocr-clarified,"20180315_Miller _ Chevalier Chartered_Orr, P. Welles_Short-Form.pdf",registrant_name,Miller & Chevalier Chartered,"Miller & Chevalier Chartered
",1,1,1,1,-0.005740797825378,,
ocr-clarified,"20180315_Miller _ Chevalier Chartered_Orr, P. Welles_Short-Form.pdf",foreign_principle_name,Government of the Kingdom of Bahrain,"Government of the Kingdom of Bahrain
",1,1,1,1,-0.01313697544264869,,
ocr-clarified,"20180315_Miller _ Chevalier Chartered_Orr, P. Welles_Short-Form.pdf",file_date,14 March 2015,"14 March 2015
",1,1,1,1,-0.009584425239381744,,
ocr-clarified,"20180315_Miller _ Chevalier Chartered_Orr, P. Welles_Short-Form.pdf",signer_name,Paul,,0,0,0,1,-0.04326297342777252,,
ocr-clarified,"20180315_Miller _ Chevalier Chartered_Orr, P. Welles_Short-Form.pdf",signer_title,,,1,1,0,0,-0.04267612472176552,,
ocr-clarified,"20151119_Capitol Counsel, LLC_Tryon, Warren_Short-Form.pdf",registration_num,6328,"6328
",1,1,1,1,-0.011431294260546565,,
ocr-clarified,"20151119_Capitol Counsel, LLC_Tryon, Warren_Short-Form.pdf",registrant_name,Capitol Counsel LLC,"Capitol Counsel LLC
",1,1,1,1,-0.07256045281746992,,
ocr-clarified,"20151119_Capitol Counsel, LLC_Tryon, Warren_Short-Form.pdf",foreign_principle_name,Republic of Turkey,"Republic of Turkey (through Gephardt Group Government Affairs LLC)
",0,0,1,1,-0.006414647465135204,,
ocr-clarified,"20151119_Capitol Counsel, LLC_Tryon, Warren_Short-Form.pdf",file_date,"November 19, 2015","November 19, 2015
",1,1,1,1,-0.05697133852163461,,
ocr-clarified,"20151119_Capitol Counsel, LLC_Tryon, Warren_Short-Form.pdf",signer_name,Warren Tryon,"Warren Tryon
",1,1,1,1,-0.0009306254177090523,,
ocr-clarified,"20151119_Capitol Counsel, LLC_Tryon, Warren_Short-Form.pdf",signer_title,,,1,1,0,0,-0.021228479221463203,,
ocr-clarified,"20090217_Squire Patton Boggs, LLP_Brand, Joseph L._Short-Form.pdf",registration_num,2165,"2165
",1,1,1,1,-0.007578568773169536,,
ocr-clarified,"20090217_Squire Patton Boggs, LLP_Brand, Joseph L._Short-Form.pdf",registrant_name,Patton Boggs LLP,"Patton Boggs LLP
",1,1,1,1,-0.004777382660176954,,
ocr-clarified,"20090217_Squire Patton Boggs, LLP_Brand, Joseph L._Short-Form.pdf",foreign_principle_name,The Embassy of Sri Lanka,"By this filing: The Embassy of Sri Lanka. By previous filings; The Government of the Republic of Angola;
The Government of the Republic of Cyprus; The Government of the State of Qatar; and The Government of the
Republic of Cameroon.
",0,0,1,1,-0.08685702633811161,,
ocr-clarified,"20090217_Squire Patton Boggs, LLP_Brand, Joseph L._Short-Form.pdf",file_date,SEPTEMBER 2007,"1-29-09
",0,0,1,1,-0.0942497120245207,,
ocr-clarified,"20090217_Squire Patton Boggs, LLP_Brand, Joseph L._Short-Form.pdf",signer_name,,,1,1,0,0,-0.5147391557693481,,
ocr-clarified,"20090217_Squire Patton Boggs, LLP_Brand, Joseph L._Short-Form.pdf",signer_title,,,1,1,0,0,-0.005321385804563761,,
ocr-clarified,"20160720_KRL International, LLC_Levinson, K Riva_Short-Form.pdf",registration_num,5788,"5788
",1,1,1,1,-0.05184073653072119,,
ocr-clarified,"20160720_KRL International, LLC_Levinson, K Riva_Short-Form.pdf",registrant_name,KRL International LLC,"KRL International LLC
",1,1,1,1,-0.04077071701613022,,
ocr-clarified,"20160720_KRL International, LLC_Levinson, K Riva_Short-Form.pdf",foreign_principle_name,Liberia,"1. Office of the President of Liberia, 2. DRC Office in charge of fight against sexual violence, 3. 1 Am For Nana Foundation,
",0,0,1,1,-0.19786975594858328,,
ocr-clarified,"20160720_KRL International, LLC_Levinson, K Riva_Short-Form.pdf",file_date,7/13/2016,"7/13/2016
(Date of signature)
",0,1,1,1,-0.0329409148663318,,
ocr-clarified,"20160720_KRL International, LLC_Levinson, K Riva_Short-Form.pdf",signer_name,,,1,1,0,0,-0.6781619191169739,,
ocr-clarified,"20160720_KRL International, LLC_Levinson, K Riva_Short-Form.pdf",signer_title,,,1,1,0,0,-0.0032520999666303396,,
ocr-clarified,"20130410_Singapore Economic Development Board_Ng, Tat Peng Paul_Short-Form.pdf",registration_num,2003,"2003
",1,1,1,1,-0.2193326722481288,,
ocr-clarified,"20130410_Singapore Economic Development Board_Ng, Tat Peng Paul_Short-Form.pdf",registrant_name,SINGAPORE ECONOMIC DEVELOPMENT BOARD,"SINGAPORE ECONOMIC DEVELOPMENT BOARD
",1,1,1,1,-0.007681418706068952,,
ocr-clarified,"20130410_Singapore Economic Development Board_Ng, Tat Peng Paul_Short-Form.pdf",foreign_principle_name,SINGAPORE ECONOMIC DEVELOPMENT BOARD,"SINGAPORE ECONOMIC DEVELOPMENT BOARD
250 NORTH BRIDGE RD, #28-00 RAFFLES CITY TOWER, SINGAPORE
",0,0,1,1,-0.01519856806877821,,
ocr-clarified,"20130410_Singapore Economic Development Board_Ng, Tat Peng Paul_Short-Form.pdf",file_date,8 FEB 2013,"8 FEB 2013
",1,1,1,1,-0.12203112796734265,,
ocr-clarified,"20130410_Singapore Economic Development Board_Ng, Tat Peng Paul_Short-Form.pdf",signer_name,INGTP,,0,0,0,1,-0.009256232995539904,,
ocr-clarified,"20130410_Singapore Economic Development Board_Ng, Tat Peng Paul_Short-Form.pdf",signer_title,,,1,1,0,0,-0.01524322759360075,,
ocr-clarified,"20130617_Hill and Knowlton Strategies, LLC_Morscheck, Peter_Short-Form.pdf",registration_num,3301,"3301
",1,1,1,1,-0.11047560290899128,,
ocr-clarified,"20130617_Hill and Knowlton Strategies, LLC_Morscheck, Peter_Short-Form.pdf",registrant_name,"Hill and Knowlton Strategies, LLC","Hill and Knowlton Strategies, LLC
",1,1,1,1,-0.035976518454238736,,
ocr-clarified,"20130617_Hill and Knowlton Strategies, LLC_Morscheck, Peter_Short-Form.pdf",foreign_principle_name,Tokyo Electric Power Company (TEPCO),"Tokyo Electric Power Company (TEPCO)
",1,1,1,1,-0.009437444906734527,,
ocr-clarified,"20130617_Hill and Knowlton Strategies, LLC_Morscheck, Peter_Short-Form.pdf",file_date,6/17/13,"6/17/13
",1,1,1,1,-0.03836091298061157,,
ocr-clarified,"20130617_Hill and Knowlton Strategies, LLC_Morscheck, Peter_Short-Form.pdf",signer_name,Peter E. Morscheck,"Peter E. Morscheck
(Signature)
",0,0,1,1,-0.000417718702313626,,
ocr-clarified,"20130617_Hill and Knowlton Strategies, LLC_Morscheck, Peter_Short-Form.pdf",signer_title,,,1,1,0,0,-0.02708008699119091,,
ocr-clarified,"20120905_Squire Patton Boggs, LLP_Thompson, Scott C._Short-Form.pdf",registration_num,2165,"2165
",1,1,1,1,-0.017921209313499276,,
ocr-clarified,"20120905_Squire Patton Boggs, LLP_Thompson, Scott C._Short-Form.pdf",registrant_name,Patton Boggs LLP,"Patton Boggs LLP
",1,1,1,1,-0.03247674128542712,,
ocr-clarified,"20120905_Squire Patton Boggs, LLP_Thompson, Scott C._Short-Form.pdf",foreign_principle_name,Republic of Croatia,"By this filing: Republic of Croatia. By prior filings: 1. Al-Hamar Trading Group; 2. The Embassy of the Republic of
Azerbaijan; 3. The Korea International Trade Association (KITA); 4. The Government of Kosova; and, 5. The Government
of Saudi Arabia.
",0,0,1,1,-0.03580778360386224,,
ocr-clarified,"20120905_Squire Patton Boggs, LLP_Thompson, Scott C._Short-Form.pdf",file_date,"September 05, 2012","September 05, 2012
",1,1,1,1,-0.03569532721676296,,
ocr-clarified,"20120905_Squire Patton Boggs, LLP_Thompson, Scott C._Short-Form.pdf",signer_name,Scott C. Thompson,"Scott C. Thompson
",1,1,1,1,-0.0003345935010656831,,
ocr-clarified,"20120905_Squire Patton Boggs, LLP_Thompson, Scott C._Short-Form.pdf",signer_title,,,1,1,0,0,-0.022183023393154144,,
ocr-clarified,"20131009_Squire Patton Boggs, LLP_Frideres, Taryn F._Short-Form.pdf",registration_num,2165,"2165
",1,1,1,1,-0.018016794543655124,,
ocr-clarified,"20131009_Squire Patton Boggs, LLP_Frideres, Taryn F._Short-Form.pdf",registrant_name,Patton Boggs LLP,"Taryn F. Frideres
",0,0,1,1,-0.06889297938723757,,
ocr-clarified,"20131009_Squire Patton Boggs, LLP_Frideres, Taryn F._Short-Form.pdf",foreign_principle_name,Temasek Holdings,,0,0,0,1,-0.002435990366848273,,
ocr-clarified,"20131009_Squire Patton Boggs, LLP_Frideres, Taryn F._Short-Form.pdf",file_date,"October 9, 2013","October 9, 2013
",1,1,1,1,-0.012456459575635867,,
ocr-clarified,"20131009_Squire Patton Boggs, LLP_Frideres, Taryn F._Short-Form.pdf",signer_name,Taryn F. Frideres,"Taryn F. Frideres
",1,1,1,1,-0.0003149400677386893,,
ocr-clarified,"20131009_Squire Patton Boggs, LLP_Frideres, Taryn F._Short-Form.pdf",signer_title,,,1,1,0,0,-0.026889672502875328,,
ocr-clarified,"20090424_BGR Government Affairs, LLC_Reid, Morris L._Short-Form.pdf",registration_num,5430,"5430
",1,1,1,1,-0.005009064105252037,,
ocr-clarified,"20090424_BGR Government Affairs, LLC_Reid, Morris L._Short-Form.pdf",registrant_name,"Barbour Griffith & Rogers, LLC d/b/a BGR Government Affairs, LLC","Barbour Griffith & Rogers, LLC d/b/a BGR
Government Affairs, LLC
",1,1,1,1,-0.024309696530167457,,
ocr-clarified,"20090424_BGR Government Affairs, LLC_Reid, Morris L._Short-Form.pdf",foreign_principle_name,Kurdistan Regional Government,"Kurdistan Regional Government
State of Qatar
Republic of India
",0,0,1,1,-0.0239572454309382,,
ocr-clarified,"20090424_BGR Government Affairs, LLC_Reid, Morris L._Short-Form.pdf",file_date,SEPTEMBER 2007,"21
Date of ",0,0,1,1,-0.10841562748555589,,
ocr-clarified,"20090424_BGR Government Affairs, LLC_Reid, Morris L._Short-Form.pdf",signer_name,,,1,1,0,0,-0.6715763211250305,,
ocr-clarified,"20090424_BGR Government Affairs, LLC_Reid, Morris L._Short-Form.pdf",signer_title,,,1,1,0,0,-0.007717791013419628,,
ocr-clarified,"20180307_BerlinRosen Ltd._Mondy, Lincoln Cornell_Short-Form.pdf",registration_num,6531,"6531
",1,1,1,1,-0.013710540624742862,,
ocr-clarified,"20180307_BerlinRosen Ltd._Mondy, Lincoln Cornell_Short-Form.pdf",registrant_name,Berlin Rosen Ltd,"Berlin Rosen Ltd
",1,1,1,1,-0.12545287253548545,,
ocr-clarified,"20180307_BerlinRosen Ltd._Mondy, Lincoln Cornell_Short-Form.pdf",foreign_principle_name,Cambodia National Rescue Movement (CNRM),"Cambodia National Rescue Movement (CNRM)
",1,1,1,1,-0.010573674590179709,,
ocr-clarified,"20180307_BerlinRosen Ltd._Mondy, Lincoln Cornell_Short-Form.pdf",file_date,2/26/18,"2/26/18
",1,1,1,1,-0.019136228396486592,,
ocr-clarified,"20180307_BerlinRosen Ltd._Mondy, Lincoln Cornell_Short-Form.pdf",signer_name,,,1,1,0,0,-0.6905245780944824,,
ocr-clarified,"20180307_BerlinRosen Ltd._Mondy, Lincoln Cornell_Short-Form.pdf",signer_title,,,1,1,0,0,-0.0015489972429350019,,
ocr-clarified,"20110311_Garvey, Schubert _ Barer_Duboff, Scott_Short-Form.pdf",registration_num,,"3047
",0,0,1,0,-0.6677327156066895,,
ocr-clarified,"20110311_Garvey, Schubert _ Barer_Duboff, Scott_Short-Form.pdf",registrant_name,Garvey Schubert Barer,"Garvey Schubert Barer
",1,1,1,1,-0.08887678846485869,,
ocr-clarified,"20110311_Garvey, Schubert _ Barer_Duboff, Scott_Short-Form.pdf",foreign_principle_name,Province of Manitoba,"Province of Manitoba
",1,1,1,1,-0.24201911917771213,,
ocr-clarified,"20110311_Garvey, Schubert _ Barer_Duboff, Scott_Short-Form.pdf",file_date,"March 11, 2011","March 11, 2011
",1,1,1,1,-0.015270554542712488,,
ocr-clarified,"20110311_Garvey, Schubert _ Barer_Duboff, Scott_Short-Form.pdf",signer_name,"Harold G. Bailey, Jr.","Harold G. Bailey, Jr.
",1,1,1,1,-0.004622144700988429,,
ocr-clarified,"20110311_Garvey, Schubert _ Barer_Duboff, Scott_Short-Form.pdf",signer_title,,,1,1,0,0,-0.007834184914827347,,
ocr-clarified,"20180419_Pillsbury Winthrop Shaw Pittman, LLP_Oresman, Matthew S._Short-Form.pdf",registration_num,5198,"5198
",1,1,1,1,-0.030792037541687023,,
ocr-clarified,"20180419_Pillsbury Winthrop Shaw Pittman, LLP_Oresman, Matthew S._Short-Form.pdf",registrant_name,Pillsbury Winthrop Shaw Pittman LLP,"Pillsbury Winthrop Shaw Pittman LLP
",1,1,1,1,-0.06533085200175669,,
ocr-clarified,"20180419_Pillsbury Winthrop Shaw Pittman, LLP_Oresman, Matthew S._Short-Form.pdf",foreign_principle_name,Embassy of Qatar,"Embassy of Qatar.
",0,1,1,1,-0.004437228119968495,,
ocr-clarified,"20180419_Pillsbury Winthrop Shaw Pittman, LLP_Oresman, Matthew S._Short-Form.pdf",file_date,"April 19, 2018","April 19, 2018
",1,1,1,1,-0.015783322720290018,,
ocr-clarified,"20180419_Pillsbury Winthrop Shaw Pittman, LLP_Oresman, Matthew S._Short-Form.pdf",signer_name,Matthew S. Oresman,"Matthew S. Oresman
",1,1,1,1,-0.0002072262520869117,,
ocr-clarified,"20180419_Pillsbury Winthrop Shaw Pittman, LLP_Oresman, Matthew S._Short-Form.pdf",signer_title,,,1,1,0,0,-0.017521124333143234,,
ocr-clarified,"20090115_Korea National Tourism Organization, Los Angeles_Lee, Jae Kyong_Short-Form.pdf",registration_num,2544,"2544
",1,1,1,1,-0.0922503727269941,,
ocr-clarified,"20090115_Korea National Tourism Organization, Los Angeles_Lee, Jae Kyong_Short-Form.pdf",registrant_name,Jaekyong Lee,"Jaekyong Lee
",1,1,1,1,-0.12624315958237275,,
ocr-clarified,"20090115_Korea National Tourism Organization, Los Angeles_Lee, Jae Kyong_Short-Form.pdf",foreign_principle_name,Korea National Tourism Organization,"Korea National Tourism Organization
",1,1,1,1,-0.009177412881399505,,
ocr-clarified,"20090115_Korea National Tourism Organization, Los Angeles_Lee, Jae Kyong_Short-Form.pdf",file_date,2009,"12;
2009
",0,0,1,1,-0.041000202119903406,,
ocr-clarified,"20090115_Korea National Tourism Organization, Los Angeles_Lee, Jae Kyong_Short-Form.pdf",signer_name,Luis,,0,0,0,1,-0.07364711036279914,,
ocr-clarified,"20090115_Korea National Tourism Organization, Los Angeles_Lee, Jae Kyong_Short-Form.pdf",signer_title,,,1,1,0,0,-0.18717403709888458,,
ocr-clarified,"20081125_Greenberg Traurig, LLP_Vargo, Regina_Short-Form.pdf",registration_num,5712,"5712
",1,1,1,1,-0.009304508381319465,,
ocr-clarified,"20081125_Greenberg Traurig, LLP_Vargo, Regina_Short-Form.pdf",registrant_name,"Greenberg Traurig, LLP","Greenberg Traurig, LLP
",1,1,1,1,-0.008667358767221836,,
ocr-clarified,"20081125_Greenberg Traurig, LLP_Vargo, Regina_Short-Form.pdf",foreign_principle_name,SAGARPA,"Secretaria de Agricultura Ganaderia, Desarollo Rural, Pesca y Alimentacion ( SAGARPA)
",0,0,1,1,-0.1336692415861762,,
ocr-clarified,"20081125_Greenberg Traurig, LLP_Vargo, Regina_Short-Form.pdf",file_date,11/25/2008,"11/25/2008
",1,1,1,1,-0.03083850514990445,,
ocr-clarified,"20081125_Greenberg Traurig, LLP_Vargo, Regina_Short-Form.pdf",signer_name,Regina,,0,0,0,1,-0.0001769373811839614,,
ocr-clarified,"20081125_Greenberg Traurig, LLP_Vargo, Regina_Short-Form.pdf",signer_title,,,1,1,0,0,-0.018254611641168594,,
ocr-clarified,"20180402_Mercury Public Affairs, LLC_Hernandez, Michael Anthony_Short-Form.pdf",registration_num,,"6170
",0,0,1,0,-0.6063276529312134,,
ocr-clarified,"20180402_Mercury Public Affairs, LLC_Hernandez, Michael Anthony_Short-Form.pdf",registrant_name,"Mercury Public Affairs, LLC","Mercury Public Affairs, LLC
",1,1,1,1,-0.03953910021285386,,
ocr-clarified,"20180402_Mercury Public Affairs, LLC_Hernandez, Michael Anthony_Short-Form.pdf",foreign_principle_name,Embassy of the State Of Qatar,"Embassy of the State Of Qatar
",1,1,1,1,-0.06576840980025216,,
ocr-clarified,"20180402_Mercury Public Affairs, LLC_Hernandez, Michael Anthony_Short-Form.pdf",file_date,"April 02, 2018","April 02, 2018
",1,1,1,1,-0.02230798039581714,,
ocr-clarified,"20180402_Mercury Public Affairs, LLC_Hernandez, Michael Anthony_Short-Form.pdf",signer_name,Michael Hernandez,"Michael Hernandez
",1,1,1,1,-0.000487601530039683,,
ocr-clarified,"20180402_Mercury Public Affairs, LLC_Hernandez, Michael Anthony_Short-Form.pdf",signer_title,,,1,1,0,0,-0.01633743941783905,,
ocr-clarified,"20100622_Tourist Office for Flanders, Belgium - New York Office_Jacobs, Geertrui_Short-Form.pdf",registration_num,5840,"5840
",1,1,1,1,-0.003750896194105735,,
ocr-clarified,"20100622_Tourist Office for Flanders, Belgium - New York Office_Jacobs, Geertrui_Short-Form.pdf",registrant_name,"Tourist Office for Flanders, Belgium","Tourist Office for Flanders, Belgium
",1,1,1,1,-0.007857801801037567,,
ocr-clarified,"20100622_Tourist Office for Flanders, Belgium - New York Office_Jacobs, Geertrui_Short-Form.pdf",foreign_principle_name,Flanders Tourism Board,"Flanders Tourism Board
",1,1,1,1,-0.017982942948037817,,
ocr-clarified,"20100622_Tourist Office for Flanders, Belgium - New York Office_Jacobs, Geertrui_Short-Form.pdf",file_date,2010 JUN 22,"June 16, 2010
",0,0,1,1,-0.16320731521045673,,
ocr-clarified,"20100622_Tourist Office for Flanders, Belgium - New York Office_Jacobs, Geertrui_Short-Form.pdf",signer_name,June,,0,0,0,1,-0.2632007300853729,,
ocr-clarified,"20100622_Tourist Office for Flanders, Belgium - New York Office_Jacobs, Geertrui_Short-Form.pdf",signer_title,,,1,1,0,0,-0.10712336748838425,,
ocr-clarified,"20140918_JETRO, New York_Suzuki, Atsushi_Short-Form.pdf",registration_num,1643,"1643
",1,1,1,1,-0.0839205994270742,,
ocr-clarified,"20140918_JETRO, New York_Suzuki, Atsushi_Short-Form.pdf",registrant_name,"JETRO, New York","JETRO, New York
",1,1,1,1,-0.08757988831712282,,
ocr-clarified,"20140918_JETRO, New York_Suzuki, Atsushi_Short-Form.pdf",foreign_principle_name,Japan External Trade Organization,"Japan External Trade Organization, (JETRO), Tokyo Japan
",0,0,1,1,-0.030055236811676878,,
ocr-clarified,"20140918_JETRO, New York_Suzuki, Atsushi_Short-Form.pdf",file_date,09/18/2014,"09/18/2014
",1,1,1,1,-0.004801378480351559,,
ocr-clarified,"20140918_JETRO, New York_Suzuki, Atsushi_Short-Form.pdf",signer_name,Atsush Sugarker,"Atsush
Sugarker
",1,1,1,1,-0.2707572430372238,,
ocr-clarified,"20140918_JETRO, New York_Suzuki, Atsushi_Short-Form.pdf",signer_title,,,1,1,0,0,-0.028368867933750153,,
ocr-clarified,"20170512_Alpha Strategies, LLC_Jalil, Adnan_Short-Form.pdf",registration_num,6431,"6431
",1,1,1,1,-0.006056909851395176,,
ocr-clarified,"20170512_Alpha Strategies, LLC_Jalil, Adnan_Short-Form.pdf",registrant_name,"Aselus Strategies, LLC","Aselus Strategies, LLC
",1,1,1,1,-0.09749696831277106,,
ocr-clarified,"20170512_Alpha Strategies, LLC_Jalil, Adnan_Short-Form.pdf",foreign_principle_name,Government of Democratic Republic of the Congo,"Government of Democratic Republic of the Congo (through Mer Security and Communication Systems)
",0,0,1,1,-0.009549459240068765,,
ocr-clarified,"20170512_Alpha Strategies, LLC_Jalil, Adnan_Short-Form.pdf",file_date,"May 12, 2017","May 12, 2017
",1,1,1,1,-0.049761787779493714,,
ocr-clarified,"20170512_Alpha Strategies, LLC_Jalil, Adnan_Short-Form.pdf",signer_name,Adnan Jalil,"Adnan Jalil
",1,1,1,1,-0.00014093772233536583,,
ocr-clarified,"20170512_Alpha Strategies, LLC_Jalil, Adnan_Short-Form.pdf",signer_title,,,1,1,0,0,-0.04384685680270195,,
ocr-clarified,"20130417_Korea National Tourism Organization, New Jersey_You, Sejoon_Short-Form.pdf",registration_num,2614,"2614
",1,1,1,1,-0.03380019301766879,,
ocr-clarified,"20130417_Korea National Tourism Organization, New Jersey_You, Sejoon_Short-Form.pdf",registrant_name,Sejoon You,"Jeongah Kim
",0,0,1,1,-0.17720432790520135,,
ocr-clarified,"20130417_Korea National Tourism Organization, New Jersey_You, Sejoon_Short-Form.pdf",foreign_principle_name,None,,0,0,0,1,-0.17508530616760254,,
ocr-clarified,"20130417_Korea National Tourism Organization, New Jersey_You, Sejoon_Short-Form.pdf",file_date,"4 17, 2013","4 17, 2013
",1,1,1,1,-0.07268950273000882,,
ocr-clarified,"20130417_Korea National Tourism Organization, New Jersey_You, Sejoon_Short-Form.pdf",signer_name,Sejoon You,"Sejoon You
",1,1,1,1,-0.0005599703360985586,,
ocr-clarified,"20130417_Korea National Tourism Organization, New Jersey_You, Sejoon_Short-Form.pdf",signer_title,,,1,1,0,0,-0.04401148110628128,,
ocr-clarified,"20170307_S.G.R. LLC Government Relations and Lobbying_Miller, James G._Short-Form.pdf",registration_num,6379,"6379
",1,1,1,1,-0.08897696147323586,,
ocr-clarified,"20170307_S.G.R. LLC Government Relations and Lobbying_Miller, James G._Short-Form.pdf",registrant_name,S.G.R.LLC,"S.G.R.LLC Government Relations and Lobbying
",0,0,1,1,-0.07653023716411553,,
ocr-clarified,"20170307_S.G.R. LLC Government Relations and Lobbying_Miller, James G._Short-Form.pdf",foreign_principle_name,Inovo BV,"Inovo BV (as a result of work SGR did for Flynn Intel Group Inc.)
",0,0,1,1,-0.15814375722159943,,
ocr-clarified,"20170307_S.G.R. LLC Government Relations and Lobbying_Miller, James G._Short-Form.pdf",file_date,3/2/2017,"3/2/2017
",1,1,1,1,-0.02845967214841494,,
ocr-clarified,"20170307_S.G.R. LLC Government Relations and Lobbying_Miller, James G._Short-Form.pdf",signer_name,,,1,1,0,0,-0.7940692901611328,,
ocr-clarified,"20170307_S.G.R. LLC Government Relations and Lobbying_Miller, James G._Short-Form.pdf",signer_title,,,1,1,0,0,-0.002525594551116228,,
ocr-clarified,"20100621_Venable, LLP_Hinckley, Elias_Short-Form.pdf",registration_num,5931,"5931
",1,1,1,1,-0.1464602124178782,,
ocr-clarified,"20100621_Venable, LLP_Hinckley, Elias_Short-Form.pdf",registrant_name,Venable LLP,"Venable LLP
",1,1,1,1,-0.022695445833960548,,
ocr-clarified,"20100621_Venable, LLP_Hinckley, Elias_Short-Form.pdf",foreign_principle_name,Gazprom Export,"Gazprom Export
",1,1,1,1,-0.005044847355293314,,
ocr-clarified,"20100621_Venable, LLP_Hinckley, Elias_Short-Form.pdf",file_date,2010 JUN 21,"6.4.2010
",0,0,1,1,-0.04654143009793188,,
ocr-clarified,"20100621_Venable, LLP_Hinckley, Elias_Short-Form.pdf",signer_name,,,1,1,0,0,-0.22789907455444336,,
ocr-clarified,"20100621_Venable, LLP_Hinckley, Elias_Short-Form.pdf",signer_title,,,1,1,0,0,-0.0032417625188827515,,
ocr-clarified,"20130917_Daniel J. Edelman, Inc._Colson, Rachel_Short-Form.pdf",registration_num,3634,"3634
",1,1,1,1,-0.08174360463453922,,
ocr-clarified,"20130917_Daniel J. Edelman, Inc._Colson, Rachel_Short-Form.pdf",registrant_name,"Daniel J. Edelman, Inc.","Daniel J. Edelman, Inc.
",1,1,1,1,-0.05759501501415798,,
ocr-clarified,"20130917_Daniel J. Edelman, Inc._Colson, Rachel_Short-Form.pdf",foreign_principle_name,"Oerlikon Solar, Ltd.","Oerlikon Solar, Ltd. (or TEL Solar)
",0,0,1,1,-0.07450479474471194,,
ocr-clarified,"20130917_Daniel J. Edelman, Inc._Colson, Rachel_Short-Form.pdf",file_date,09/9/2013,"9/9/2013
",1,1,1,0,-0.09971924227284035,,
ocr-clarified,"20130917_Daniel J. Edelman, Inc._Colson, Rachel_Short-Form.pdf",signer_name,Rachel Colson,"Rachel Colson
",1,1,1,1,-0.15360409832404306,,
ocr-clarified,"20130917_Daniel J. Edelman, Inc._Colson, Rachel_Short-Form.pdf",signer_title,,,1,1,0,0,-0.0795072615146637,,
ocr-clarified,"20120109_Raben Group, LLC_Raben, Robert_Short-Form.pdf",registration_num,5932,"5932
",1,1,1,1,-0.08010447858396219,,
ocr-clarified,"20120109_Raben Group, LLC_Raben, Robert_Short-Form.pdf",registrant_name,"The Raben Group, LLC","The Raben Group, LLC
",1,1,1,1,-0.030922715124309736,,
ocr-clarified,"20120109_Raben Group, LLC_Raben, Robert_Short-Form.pdf",foreign_principle_name,Embassy of Mexico,"Embassy of Mexico
",1,1,1,1,-0.1266230117964824,,
ocr-clarified,"20120109_Raben Group, LLC_Raben, Robert_Short-Form.pdf",file_date,"January 09, 2012","January 09, 2012
",1,1,1,1,-0.023387600870319148,,
ocr-clarified,"20120109_Raben Group, LLC_Raben, Robert_Short-Form.pdf",signer_name,Robert Raben,"Robert Raben
",1,1,1,1,-9.353332855728998e-05,,
ocr-clarified,"20120109_Raben Group, LLC_Raben, Robert_Short-Form.pdf",signer_title,,,1,1,0,0,-0.02147948183119297,,
ocr-clarified,"20100514_Hill and Knowlton Strategies, LLC_Mercer, Amirah_Short-Form.pdf",registration_num,3301,"3301
",1,1,1,1,-0.019049669779633405,,
ocr-clarified,"20100514_Hill and Knowlton Strategies, LLC_Mercer, Amirah_Short-Form.pdf",registrant_name,"Hill & Knowlton, Inc.","Hill & Knowlton, Inc.
",1,1,1,1,-0.003318746044695015,,
ocr-clarified,"20100514_Hill and Knowlton Strategies, LLC_Mercer, Amirah_Short-Form.pdf",foreign_principle_name,"The Information Technology Development Agency, ITIDA","The Information Technology Development Agency, ITIDA (through Hill & Knowlton, London)
",0,0,1,1,-0.10723347378916515,,
ocr-clarified,"20100514_Hill and Knowlton Strategies, LLC_Mercer, Amirah_Short-Form.pdf",file_date,3/26/10,"3/26/10
",1,1,1,1,-0.057597317211860045,,
ocr-clarified,"20100514_Hill and Knowlton Strategies, LLC_Mercer, Amirah_Short-Form.pdf",signer_name,,,1,1,0,0,-0.31187212467193604,,
ocr-clarified,"20100514_Hill and Knowlton Strategies, LLC_Mercer, Amirah_Short-Form.pdf",signer_title,,,1,1,0,0,-0.0015612567076459527,,
ocr-clarified,"20110415_Ketchum Inc. NY_Lieberman, Anne W._Short-Form.pdf",registration_num,5758,"5758
",1,1,1,1,-0.012210134402266704,,
ocr-clarified,"20110415_Ketchum Inc. NY_Lieberman, Anne W._Short-Form.pdf",registrant_name,Ketchum Inc.,"Ketchum Inc.
",1,1,1,1,-0.006578038137922704,,
ocr-clarified,"20110415_Ketchum Inc. NY_Lieberman, Anne W._Short-Form.pdf",foreign_principle_name,Government of the Russian Federation and Gazprom,"Government of the Russian Federation and Gazprom
",1,1,1,1,-0.0235026662448945,,
ocr-clarified,"20110415_Ketchum Inc. NY_Lieberman, Anne W._Short-Form.pdf",file_date,"April 5, 2011","April 5, 2011
",1,1,1,1,-0.03364045097401282,,
ocr-clarified,"20110415_Ketchum Inc. NY_Lieberman, Anne W._Short-Form.pdf",signer_name,CNP,,0,0,0,1,-0.11385374305245932,,
ocr-clarified,"20110415_Ketchum Inc. NY_Lieberman, Anne W._Short-Form.pdf",signer_title,,,1,1,0,0,-0.0464128740131855,,
ocr-clarified,"20130307_Gephardt Group Government Affairs, LLC_Gephardt, Richard A._Short-Form.pdf",registration_num,5874,"5874
",1,1,1,1,-0.03917340670523117,,
ocr-clarified,"20130307_Gephardt Group Government Affairs, LLC_Gephardt, Richard A._Short-Form.pdf",registrant_name,"Gephardt Group Government Affairs, LLC","Gephardt Group Government Affairs, LLC
",1,1,1,1,-0.04368905217415886,,
ocr-clarified,"20130307_Gephardt Group Government Affairs, LLC_Gephardt, Richard A._Short-Form.pdf",foreign_principle_name,Republic of Turkey,"Republic of Korea
Republic of Turkey
Taipei Economic and Cultural Representative Office in the United States
",0,0,1,1,-0.17214378058391352,,
ocr-clarified,"20130307_Gephardt Group Government Affairs, LLC_Gephardt, Richard A._Short-Form.pdf",file_date,"March 07, 2013","March 07, 2013
",1,1,1,1,-0.0667159921133134,,
ocr-clarified,"20130307_Gephardt Group Government Affairs, LLC_Gephardt, Richard A._Short-Form.pdf",signer_name,Richard A. Gephardt,"Richard A. Gephardt
",1,1,1,1,-0.00037036338690086266,,
ocr-clarified,"20130307_Gephardt Group Government Affairs, LLC_Gephardt, Richard A._Short-Form.pdf",signer_title,,,1,1,0,0,-0.025254633277654648,,
ocr-clarified,"20111209_Independent Diplomat, Inc._Sheeran, Scott Philip_Short-Form.pdf",registration_num,5860,"5860
",1,1,1,1,-0.016262816592643503,,
ocr-clarified,"20111209_Independent Diplomat, Inc._Sheeran, Scott Philip_Short-Form.pdf",registrant_name,Scott Philip Sheeran,"Independent Diplomat
",0,0,1,1,-0.09000249852033448,,
ocr-clarified,"20111209_Independent Diplomat, Inc._Sheeran, Scott Philip_Short-Form.pdf",foreign_principle_name,"The Government of the Republic of South Sudan; The Government of the Saharawi Arab Democratic Republic, The Government of the Republic of Somaliland.","The Government of the Republic of South Sudan; The Government of the Saharawi Arab Democratic Republic, The
Government of the Republic of Somaliland.
",1,1,1,1,-0.0570828346564402,,
ocr-clarified,"20111209_Independent Diplomat, Inc._Sheeran, Scott Philip_Short-Form.pdf",file_date,"November 30, 2011","November 30, 2011
",1,1,1,1,-0.038035696586211996,,
ocr-clarified,"20111209_Independent Diplomat, Inc._Sheeran, Scott Philip_Short-Form.pdf",signer_name,Scott Philip Sheeran,"Scott Philip Sheeran
",1,1,1,1,-0.00020130570374021772,,
ocr-clarified,"20111209_Independent Diplomat, Inc._Sheeran, Scott Philip_Short-Form.pdf",signer_title,,,1,1,0,0,-0.027766019105911255,,
ocr-clarified,"20170914_Doremus _ Company_Becker, David C._Short-Form.pdf",registration_num,6387,"6387
",1,1,1,1,-0.048744487699877936,,
ocr-clarified,"20170914_Doremus _ Company_Becker, David C._Short-Form.pdf",registrant_name,Doremus & Company,"Doremus & Company
",1,1,1,1,-0.012610993047746887,,
ocr-clarified,"20170914_Doremus _ Company_Becker, David C._Short-Form.pdf",foreign_principle_name,Economic Development Board Singapore,"Economic Development Board Singapore
",1,1,1,1,-0.014810495018900837,,
ocr-clarified,"20170914_Doremus _ Company_Becker, David C._Short-Form.pdf",file_date,"September 01, 2017","September 01, 2017
",1,1,1,1,-0.028950610483661876,,
ocr-clarified,"20170914_Doremus _ Company_Becker, David C._Short-Form.pdf",signer_name,David C. Becker,"David C. Becker
",1,1,1,1,-0.0001811172678571893,,
ocr-clarified,"20170914_Doremus _ Company_Becker, David C._Short-Form.pdf",signer_title,,,1,1,0,0,-0.023610863834619522,,
ocr-clarified,"20121129_Commonwealth of Dominica Maritime Registry, Inc._Ma, Jianzhong_Short-Form.pdf",registration_num,,"5334
",0,0,1,0,-0.7090720534324646,,
ocr-clarified,"20121129_Commonwealth of Dominica Maritime Registry, Inc._Ma, Jianzhong_Short-Form.pdf",registrant_name,Commonwealth of Dominica Maritime Registry,"Commonwealth of Dominica Maritime Registry
",1,1,1,1,-0.15055844734251878,,
ocr-clarified,"20121129_Commonwealth of Dominica Maritime Registry, Inc._Ma, Jianzhong_Short-Form.pdf",foreign_principle_name,Commonwealth of Dominica,"Commonwealth of Dominica
",1,1,1,1,-0.005501012368722513,,
ocr-clarified,"20121129_Commonwealth of Dominica Maritime Registry, Inc._Ma, Jianzhong_Short-Form.pdf",file_date,20th September 2012,"20th September 2012
",1,1,1,1,-0.011963711582009436,,
ocr-clarified,"20121129_Commonwealth of Dominica Maritime Registry, Inc._Ma, Jianzhong_Short-Form.pdf",signer_name,,,1,1,0,0,-0.3803309202194214,,
ocr-clarified,"20121129_Commonwealth of Dominica Maritime Registry, Inc._Ma, Jianzhong_Short-Form.pdf",signer_title,,,1,1,0,0,-0.0012205539969727397,,
ocr-clarified,"20180216_Sonoran Policy Group, LLC_Stryk, Robert Daniel_Short-Form.pdf",registration_num,6399,"6399
",1,1,1,1,-0.010643365179930697,,
ocr-clarified,"20180216_Sonoran Policy Group, LLC_Stryk, Robert Daniel_Short-Form.pdf",registrant_name,"Sonoran Policy Group, LLC","Sonoran Policy Group, LLC
",1,1,1,1,-0.09295314455115052,,
ocr-clarified,"20180216_Sonoran Policy Group, LLC_Stryk, Robert Daniel_Short-Form.pdf",foreign_principle_name,Government of Kenya,,0,0,0,1,-0.04040884595209112,,
ocr-clarified,"20180216_Sonoran Policy Group, LLC_Stryk, Robert Daniel_Short-Form.pdf",file_date,"February 16, 2018","February 16, 2018
",1,1,1,1,-0.01724495060973368,,
ocr-clarified,"20180216_Sonoran Policy Group, LLC_Stryk, Robert Daniel_Short-Form.pdf",signer_name,Robert Stryk,"Robert Stryk
",1,1,1,1,-0.0009855083590082359,,
ocr-clarified,"20180216_Sonoran Policy Group, LLC_Stryk, Robert Daniel_Short-Form.pdf",signer_title,,,1,1,0,0,-0.03233007714152336,,
image-baseline,"20170223_PTI USA, LLC_Irshad, Faisal_Short-Form.pdf",registration_num,FARA,"6160
",0,0,1,1,-0.06368512741755694,,
image-baseline,"20170223_PTI USA, LLC_Irshad, Faisal_Short-Form.pdf",registrant_name,Faisal Irshad,"Pakistan Tehreek-e-Insaf
",0,0,1,1,-0.1018559934978839,,
image-baseline,"20170223_PTI USA, LLC_Irshad, Faisal_Short-Form.pdf",foreign_principle_name,Pakistan Tehreek-e-Insaf,"Pakistan Tehreek-e-Insaf
",1,1,1,1,-0.016311344432844117,,
image-baseline,"20170223_PTI USA, LLC_Irshad, Faisal_Short-Form.pdf",file_date,2/17/2017,"2/17/2017
",1,1,1,1,-0.09932480771870662,,
image-baseline,"20170223_PTI USA, LLC_Irshad, Faisal_Short-Form.pdf",signer_name,Faisal Irshad,"Faisal
Jeshid
",0,0,1,1,-0.07798608420416712,,
image-baseline,"20170223_PTI USA, LLC_Irshad, Faisal_Short-Form.pdf",signer_title,,,1,1,0,0,-0.3800811767578125,,
image-baseline,"20160920_S.G.R. LLC Government Relations and Lobbying_Kelly, John_Short-Form.pdf",registration_num,FARA,"6379
",0,0,1,1,-0.08424387569539249,,
image-baseline,"20160920_S.G.R. LLC Government Relations and Lobbying_Kelly, John_Short-Form.pdf",registrant_name,John Kelly,S.G.R. LLC Government Relations & Lobbyin ,0,0,1,1,-0.015593664051266387,,
image-baseline,"20160920_S.G.R. LLC Government Relations and Lobbying_Kelly, John_Short-Form.pdf",foreign_principle_name,S.G.R. LLC Government Relations & Lobbyin,"Center for Studies & Media Affairs at the Saudi Royal Court
",0,0,1,1,-0.05587202565511688,,
image-baseline,"20160920_S.G.R. LLC Government Relations and Lobbying_Kelly, John_Short-Form.pdf",file_date,09/20/2016,"9/20116
",0,0,1,1,-0.0525237395444492,,
image-baseline,"20160920_S.G.R. LLC Government Relations and Lobbying_Kelly, John_Short-Form.pdf",signer_name,NA,,0,0,0,1,-1.1718332767486572,,
image-baseline,"20160920_S.G.R. LLC Government Relations and Lobbying_Kelly, John_Short-Form.pdf",signer_title,NA,,0,0,0,1,-0.14614851772785187,,
image-baseline,"20100222_Daniel J. Edelman, Inc._Harris, Hadley_Short-Form.pdf",registration_num,FARA,"3634
",0,0,1,1,-0.0875926582957618,,
image-baseline,"20100222_Daniel J. Edelman, Inc._Harris, Hadley_Short-Form.pdf",registrant_name,Hooley Harris,"Daniel J. Edelman, Inc.
",0,0,1,0,-0.337309821198384,,
image-baseline,"20100222_Daniel J. Edelman, Inc._Harris, Hadley_Short-Form.pdf",foreign_principle_name,Critical National Infrastructure,"Critical National Infrastructure
",1,1,1,1,-0.06258451985195279,,
image-baseline,"20100222_Daniel J. Edelman, Inc._Harris, Hadley_Short-Form.pdf",file_date,2010 FEB 22 AM 10:14,"12/02/09
(Date of ",0,0,1,1,-0.13059990806117033,,
image-baseline,"20100222_Daniel J. Edelman, Inc._Harris, Hadley_Short-Form.pdf",signer_name,Hooley J. Harris,,0,0,0,0,-0.0873736253939569,,
image-baseline,"20100222_Daniel J. Edelman, Inc._Harris, Hadley_Short-Form.pdf",signer_title,,,1,1,0,0,-0.9611090421676636,,
image-baseline,"20180411_Mercury Public Affairs, LLC_Reid, Morris L._Short-Form.pdf",registration_num,FARA,"6170
",0,0,1,1,-0.056312932865694165,,
image-baseline,"20180411_Mercury Public Affairs, LLC_Reid, Morris L._Short-Form.pdf",registrant_name,Morris L. Reid,"Mercury Public Affairs, LLC
",0,0,1,1,-0.031289178660517794,,
image-baseline,"20180411_Mercury Public Affairs, LLC_Reid, Morris L._Short-Form.pdf",foreign_principle_name,Rwanda Development Board (through Peter Greenberg Worldwide),"Rwanda Development Board (through Peter Greenberg Worldwide)
Turkey - US Business Council (TAIK)
Presidency of Republic of Haiti (through Mercury International UK Ltd)
",0,0,1,1,-0.13004615321854848,,
image-baseline,"20180411_Mercury Public Affairs, LLC_Reid, Morris L._Short-Form.pdf",file_date,04/11/2018,"April 11, 2018
",1,1,1,1,-0.01204557346245565,,
image-baseline,"20180411_Mercury Public Affairs, LLC_Reid, Morris L._Short-Form.pdf",signer_name,Morris L. Reid,"Morris L. Reid
",1,1,1,1,-0.008538077320918092,,
image-baseline,"20180411_Mercury Public Affairs, LLC_Reid, Morris L._Short-Form.pdf",signer_title,Senior Strategist,,0,0,0,1,-0.093757929901282,,
image-baseline,"20120215_Nickles Group, LLC_Nickles, Don_Short-Form.pdf",registration_num,FARA,"608
",0,0,1,1,-0.09415113786235452,,
image-baseline,"20120215_Nickles Group, LLC_Nickles, Don_Short-Form.pdf",registrant_name,Don Nickles,"The Nickles Group, LLC
",0,0,1,1,-0.01857117698333847,,
image-baseline,"20120215_Nickles Group, LLC_Nickles, Don_Short-Form.pdf",foreign_principle_name,Embassy of the Republic of Korea,"Embassy of the Republic of Korea
",1,1,1,1,-0.03891691916370681,,
image-baseline,"20120215_Nickles Group, LLC_Nickles, Don_Short-Form.pdf",file_date,02/15/2012,"February 02, 2012
",0,0,1,1,-0.015316801221706556,,
image-baseline,"20120215_Nickles Group, LLC_Nickles, Don_Short-Form.pdf",signer_name,Don Nickles,"Don Nickles
",1,1,1,1,-0.006120517629218132,,
image-baseline,"20120215_Nickles Group, LLC_Nickles, Don_Short-Form.pdf",signer_title,,,1,1,0,0,-0.6828228831291199,,
image-baseline,"20080903_Quebec Government Office_Keating, Robert_Short-Form.pdf",registration_num,FARA,"01787
",0,0,1,0,-0.07133974705357105,,
image-baseline,"20080903_Quebec Government Office_Keating, Robert_Short-Form.pdf",registrant_name,Robert Keating,"Quebec Government Office
",0,0,1,1,-0.01334242099740853,,
image-baseline,"20080903_Quebec Government Office_Keating, Robert_Short-Form.pdf",foreign_principle_name,Quebec Government,"Québec Governement (Ministry of International Relations); National Affairs; Governmental Relations and Academic Affairs; Communication
and Public Affairs; Investissement Québec; Economic Affairs and Cultural Affairs
",0,0,1,1,-0.21549158543348312,,
image-baseline,"20080903_Quebec Government Office_Keating, Robert_Short-Form.pdf",file_date,2008,"88/2008
8/2008
(Date of signatures
",0,0,1,1,-0.26005349308252335,,
image-baseline,"20080903_Quebec Government Office_Keating, Robert_Short-Form.pdf",signer_name,Robert Keating,,0,0,0,1,-0.03275540152875086,,
image-baseline,"20080903_Quebec Government Office_Keating, Robert_Short-Form.pdf",signer_title,Delegate general / Quebec Government Office,,0,0,0,1,-0.19301950745284557,,
image-baseline,"20151030_Akin, Gump, Strauss, Hauer _ Feld, LLP_Hawkins, Matthew_Short-Form.pdf",registration_num,FARA,"3492
",0,0,1,1,-0.06385127984685823,,
image-baseline,"20151030_Akin, Gump, Strauss, Hauer _ Feld, LLP_Hawkins, Matthew_Short-Form.pdf",registrant_name,Matthew Hawkins,"Akin Gump Strauss Hauer & Feld LLP
",0,0,1,1,-0.011493624886497855,,
image-baseline,"20151030_Akin, Gump, Strauss, Hauer _ Feld, LLP_Hawkins, Matthew_Short-Form.pdf",foreign_principle_name,Akin Gump Strauss Hauer & Feld LLP,"Embassy of the United Arab Emirates
",0,0,1,1,-0.04081957415328361,,
image-baseline,"20151030_Akin, Gump, Strauss, Hauer _ Feld, LLP_Hawkins, Matthew_Short-Form.pdf",file_date,10/30/2015,"October 30, 2015
",1,1,1,1,-0.03256281571384534,,
image-baseline,"20151030_Akin, Gump, Strauss, Hauer _ Feld, LLP_Hawkins, Matthew_Short-Form.pdf",signer_name,Matthew Hawkins,"Matthew Hawkins
",1,1,1,1,-0.005240202561253682,,
image-baseline,"20151030_Akin, Gump, Strauss, Hauer _ Feld, LLP_Hawkins, Matthew_Short-Form.pdf",signer_title,,,1,1,0,0,-0.4709817171096802,,
image-baseline,"20110814_China Daily Distribution Corporation_Preimesberger, Mei_Short-Form.pdf",registration_num,FARA,"3457
",0,0,1,1,-0.07941499270964414,,
image-baseline,"20110814_China Daily Distribution Corporation_Preimesberger, Mei_Short-Form.pdf",registrant_name,Mei Preimesberger,"China Daily Distribution Corp.
",0,0,1,1,-0.005971605106606148,,
image-baseline,"20110814_China Daily Distribution Corporation_Preimesberger, Mei_Short-Form.pdf",foreign_principle_name,China Daily (Beijing),"China Daily (Beijing)
",1,1,1,1,-0.055994374852161855,,
image-baseline,"20110814_China Daily Distribution Corporation_Preimesberger, Mei_Short-Form.pdf",file_date,08/14/2011,"August 14, 2011
",1,1,1,1,-0.01756180048396345,,
image-baseline,"20110814_China Daily Distribution Corporation_Preimesberger, Mei_Short-Form.pdf",signer_name,Mei Preimesberger,"Mei Preimesberger
",1,1,1,1,-0.0030563771524612093,,
image-baseline,"20110814_China Daily Distribution Corporation_Preimesberger, Mei_Short-Form.pdf",signer_title,,,1,1,0,0,-0.49695903062820435,,
image-baseline,"20081201_KOTRA_Hong, Soonyong_Short-Form.pdf",registration_num,1619,"1619
",1,1,1,1,-0.16536359253223054,,
image-baseline,"20081201_KOTRA_Hong, Soonyong_Short-Form.pdf",registrant_name,Soonyong Hong,"Korea Business Center
",0,0,1,1,-0.1464395163966401,,
image-baseline,"20081201_KOTRA_Hong, Soonyong_Short-Form.pdf",foreign_principle_name,Korea Business Center,,0,0,0,1,-0.05434080489794724,,
image-baseline,"20081201_KOTRA_Hong, Soonyong_Short-Form.pdf",file_date,JUNE 1998,"11/24/2007
",0,0,1,1,-0.13093601732232077,,
image-baseline,"20081201_KOTRA_Hong, Soonyong_Short-Form.pdf",signer_name,李用,,0,0,0,0,-1.6856653988361359,,
image-baseline,"20081201_KOTRA_Hong, Soonyong_Short-Form.pdf",signer_title,,,1,1,0,0,-0.6318512558937073,,
image-baseline,"20171108_CGCN Group_O_Connor, Patrick Michael_Short-Form.pdf",registration_num,FARA,"6396
",0,0,1,1,-0.04103547311387956,,
image-baseline,"20171108_CGCN Group_O_Connor, Patrick Michael_Short-Form.pdf",registrant_name,Patrick Michael O'Connor,"CGCN Group
",0,0,1,1,-0.043945114564849064,,
image-baseline,"20171108_CGCN Group_O_Connor, Patrick Michael_Short-Form.pdf",foreign_principle_name,Government of Saudi Arabia,"Government of Saudi Arabia
",1,1,1,1,-0.018666878240765072,,
image-baseline,"20171108_CGCN Group_O_Connor, Patrick Michael_Short-Form.pdf",file_date,11/08/2017,,0,0,0,1,-0.0031408855680638225,,
image-baseline,"20171108_CGCN Group_O_Connor, Patrick Michael_Short-Form.pdf",signer_name,CGCN Group,,0,0,0,1,-0.3430406100427111,,
image-baseline,"20171108_CGCN Group_O_Connor, Patrick Michael_Short-Form.pdf",signer_title,Consultant,,0,0,0,1,-0.42635364808666054,,
image-baseline,"20100601_KOTRA_Yun, Wonsok_Short-Form.pdf",registration_num,FARA,"1619
",0,0,1,0,-0.0716114065144211,,
image-baseline,"20100601_KOTRA_Yun, Wonsok_Short-Form.pdf",registrant_name,Wonsok Yun,"Korea Trade Promotion Center
",0,0,1,1,-0.007348393075517379,,
image-baseline,"20100601_KOTRA_Yun, Wonsok_Short-Form.pdf",foreign_principle_name,Korea Trade Promotion Center,,0,0,0,1,-0.009284230833873152,,
image-baseline,"20100601_KOTRA_Yun, Wonsok_Short-Form.pdf",file_date,2010-06-01,"5/14/2010
",0,0,1,0,-0.2955601213267073,,
image-baseline,"20100601_KOTRA_Yun, Wonsok_Short-Form.pdf",signer_name,Wonsok Yun,,0,0,0,1,-0.02870463120052591,,
image-baseline,"20100601_KOTRA_Yun, Wonsok_Short-Form.pdf",signer_title,Staff,,0,0,0,1,-1.0565205812454224,,
image-baseline,"20180227_Sonoran Policy Group, LLC_Stryk, Robert Daniel_Short-Form.pdf",registration_num,FARA,"6399
",0,0,1,1,-0.054165823152288795,,
image-baseline,"20180227_Sonoran Policy Group, LLC_Stryk, Robert Daniel_Short-Form.pdf",registrant_name,"Sonoran Policy Group, LLC","Sonoran Policy Group, LLC
",1,1,1,1,-0.026581755247510348,,
image-baseline,"20180227_Sonoran Policy Group, LLC_Stryk, Robert Daniel_Short-Form.pdf",foreign_principle_name,"Government of Kenya (Ministry of Foreign Affairs); Embassy of Iceland, Washington, DC; Mer Security & Communications Systems, Ltd; Venable LLP; Embassy of The Kingdom of Bahrain",,0,0,0,1,-0.04770298153925978,,
image-baseline,"20180227_Sonoran Policy Group, LLC_Stryk, Robert Daniel_Short-Form.pdf",file_date,02/27/2018,"February 27, 2018
",1,1,1,1,-0.028766005013312678,,
image-baseline,"20180227_Sonoran Policy Group, LLC_Stryk, Robert Daniel_Short-Form.pdf",signer_name,Robert Daniel Stryk,"Robert Daniel Stryk
",1,1,1,1,-0.11486518707533833,,
image-baseline,"20180227_Sonoran Policy Group, LLC_Stryk, Robert Daniel_Short-Form.pdf",signer_title,Consultant,,0,0,0,1,-0.1688670648218249,,
image-baseline,"20110729_Hai Tian Development U.S.A., Inc._Fang, Xu_Short-Form.pdf",registration_num,FARA,"5143
",0,0,1,1,-0.31286870315670967,,
image-baseline,"20110729_Hai Tian Development U.S.A., Inc._Fang, Xu_Short-Form.pdf",registrant_name,"Fang, Xu","Hai Tian Development U.S.A., Inc.
",0,0,1,1,-0.1193132236803649,,
image-baseline,"20110729_Hai Tian Development U.S.A., Inc._Fang, Xu_Short-Form.pdf",foreign_principle_name,"Hai Tian Development U.S.A., Inc.","People's Daily Overseas Edition
",0,0,1,1,-0.15372554794303142,,
image-baseline,"20110729_Hai Tian Development U.S.A., Inc._Fang, Xu_Short-Form.pdf",file_date,07/29/2011,"7/29/2011
of signature)
",0,0,1,1,-0.03313980018720031,,
image-baseline,"20110729_Hai Tian Development U.S.A., Inc._Fang, Xu_Short-Form.pdf",signer_name,"Fang, Xu",,0,0,0,1,-0.216441705590114,,
image-baseline,"20110729_Hai Tian Development U.S.A., Inc._Fang, Xu_Short-Form.pdf",signer_title,Manager,,0,0,0,1,-0.6720764636993408,,
image-baseline,"20120926_Commonwealth of Dominica Maritime Registry, Inc._Phatak, Vasant_Short-Form.pdf",registration_num,FARA,"5334
",0,0,1,1,-0.13993701536674052,,
image-baseline,"20120926_Commonwealth of Dominica Maritime Registry, Inc._Phatak, Vasant_Short-Form.pdf",registrant_name,Commonwealth of Dominica Maritime Registry,"Commonwealth of Dominica Maritime Registry
",1,1,1,1,-0.09951017900311854,,
image-baseline,"20120926_Commonwealth of Dominica Maritime Registry, Inc._Phatak, Vasant_Short-Form.pdf",foreign_principle_name,Commonwealth of Dominica,"Commonwealth of Dominica
",1,1,1,1,-0.16016390992372181,,
image-baseline,"20120926_Commonwealth of Dominica Maritime Registry, Inc._Phatak, Vasant_Short-Form.pdf",file_date,09/26/2012,"24 SEP 2012
",0,0,1,1,-0.03482965515067917,,
image-baseline,"20120926_Commonwealth of Dominica Maritime Registry, Inc._Phatak, Vasant_Short-Form.pdf",signer_name,Vasant Phatak,,0,0,0,1,-0.5585981961339712,,
image-baseline,"20120926_Commonwealth of Dominica Maritime Registry, Inc._Phatak, Vasant_Short-Form.pdf",signer_title,Marine Consultant,,0,0,0,1,-0.1121049885211202,,
image-baseline,"20130129_CMGRP, Inc._Chu, Ellen Wei-Hsin_Short-Form.pdf",registration_num,FARA,"3911
",0,0,1,1,-0.05421635715174489,,
image-baseline,"20130129_CMGRP, Inc._Chu, Ellen Wei-Hsin_Short-Form.pdf",registrant_name,Ellen Wei-Hsin Chu,"CMGRP, Inc. d/b/a Weber Shandwick
",0,0,1,1,-0.005031940472690621,,
image-baseline,"20130129_CMGRP, Inc._Chu, Ellen Wei-Hsin_Short-Form.pdf",foreign_principle_name,Temasek Holdings,"Temasek Holdings
",1,1,1,1,-0.040144485828932375,,
image-baseline,"20130129_CMGRP, Inc._Chu, Ellen Wei-Hsin_Short-Form.pdf",file_date,01/29/2013,"January 29, 2013
",1,1,1,1,-0.015372871803629095,,
image-baseline,"20130129_CMGRP, Inc._Chu, Ellen Wei-Hsin_Short-Form.pdf",signer_name,Ellen Wei-Hsin Chu,"Ellen Wei-Hsin Chu
",1,1,1,1,-0.009237644410253173,,
image-baseline,"20130129_CMGRP, Inc._Chu, Ellen Wei-Hsin_Short-Form.pdf",signer_title,,,1,1,0,0,-0.6218542456626892,,
image-baseline,"20170222_Squire Patton Boggs, LLP_Deschauer Jr., John J._Short-Form.pdf",registration_num,FARA,"2165
",0,0,1,1,-0.305260405089939,,
image-baseline,"20170222_Squire Patton Boggs, LLP_Deschauer Jr., John J._Short-Form.pdf",registrant_name,John J. Deschauer,"Squire Patton Boggs (US) LLP
",0,0,1,1,-0.008975788039000085,,
image-baseline,"20170222_Squire Patton Boggs, LLP_Deschauer Jr., John J._Short-Form.pdf",foreign_principle_name,The High Negotiations Committee of the Syrian Opposition,"By this registration: The High Negotiations Committee of the Syrian Opposition.
By prior registrations: 1) The Government of Croatia; and 2) The Center for Studies and Media Affairs at the Saudi
Royal Court.
",0,0,1,1,-0.08964873624952613,,
image-baseline,"20170222_Squire Patton Boggs, LLP_Deschauer Jr., John J._Short-Form.pdf",file_date,02/22/2017,"February 22, 2017
",1,1,1,1,-0.0646881475023747,,
image-baseline,"20170222_Squire Patton Boggs, LLP_Deschauer Jr., John J._Short-Form.pdf",signer_name,John J. Deschauer,"John J. Deschauer
",1,1,1,1,-0.0020476067875279114,,
image-baseline,"20170222_Squire Patton Boggs, LLP_Deschauer Jr., John J._Short-Form.pdf",signer_title,Attorney,,0,0,0,1,-0.26565938797284616,,
image-baseline,"20130917_Daniel J. Edelman, Inc._Forman, David_Short-Form.pdf",registration_num,FARA,"3634
",0,0,1,1,-0.06235116711468436,,
image-baseline,"20130917_Daniel J. Edelman, Inc._Forman, David_Short-Form.pdf",registrant_name,David Forman,"Daniel J. Edelman, Inc.
",0,0,1,1,-0.0019054313064164792,,
image-baseline,"20130917_Daniel J. Edelman, Inc._Forman, David_Short-Form.pdf",foreign_principle_name,Grupo Vicini,"Grupo Vicini
",1,1,1,1,-0.1925816930209597,,
image-baseline,"20130917_Daniel J. Edelman, Inc._Forman, David_Short-Form.pdf",file_date,09/17/2013,"August 16, 2013
",0,0,1,1,-0.0328416050458145,,
image-baseline,"20130917_Daniel J. Edelman, Inc._Forman, David_Short-Form.pdf",signer_name,David Forman,"David Forman
",1,1,1,1,-0.006576363454466143,,
image-baseline,"20130917_Daniel J. Edelman, Inc._Forman, David_Short-Form.pdf",signer_title,,,1,1,0,0,-0.5871275663375854,,
image-baseline,"20100525_Deutsche Telekom, Inc._Wieck, Reinhard_Short-Form.pdf",registration_num,FARA,"4419
",0,0,1,1,-0.10267872305121273,,
image-baseline,"20100525_Deutsche Telekom, Inc._Wieck, Reinhard_Short-Form.pdf",registrant_name,"Deutsche Telekom, Inc.","Deutsche Telekom, Inc.
",1,1,1,1,-0.10311543983455825,,
image-baseline,"20100525_Deutsche Telekom, Inc._Wieck, Reinhard_Short-Form.pdf",foreign_principle_name,"Deutsche Telekom, Inc.","Deutsche Telekom, Inc.
",1,1,1,1,-0.10204696984146722,,
image-baseline,"20100525_Deutsche Telekom, Inc._Wieck, Reinhard_Short-Form.pdf",file_date,2010 MAY 25 PM 2:22,"May 14, 2010
",0,0,1,1,-0.18473702708225964,,
image-baseline,"20100525_Deutsche Telekom, Inc._Wieck, Reinhard_Short-Form.pdf",signer_name,C. inn,,0,0,0,0,-1.4254946808020275,,
image-baseline,"20100525_Deutsche Telekom, Inc._Wieck, Reinhard_Short-Form.pdf",signer_title,Managing Director,,0,0,0,1,-0.04130151751451194,,
image-baseline,"20120730_Glover Park Group, LLC_Harris, Robert W._Short-Form.pdf",registration_num,FARA,"5666
",0,0,1,1,-0.04609868238912895,,
image-baseline,"20120730_Glover Park Group, LLC_Harris, Robert W._Short-Form.pdf",registrant_name,Robert W. Harris,"The Glover Park Group, LLC
",0,0,1,1,-0.010794351968797855,,
image-baseline,"20120730_Glover Park Group, LLC_Harris, Robert W._Short-Form.pdf",foreign_principle_name,Embassy of the Federal Republic of Nigeria,"Embassy of the Federal Republic of Nigeria
",1,1,1,1,-0.013366927576953458,,
image-baseline,"20120730_Glover Park Group, LLC_Harris, Robert W._Short-Form.pdf",file_date,07/30/2012,"July 30, 2012
",1,1,1,1,-0.011392593651544302,,
image-baseline,"20120730_Glover Park Group, LLC_Harris, Robert W._Short-Form.pdf",signer_name,Robert Harris,"Robert Harris
",1,1,1,1,-0.07576730381697416,,
image-baseline,"20120730_Glover Park Group, LLC_Harris, Robert W._Short-Form.pdf",signer_title,,,1,1,0,0,-0.7640199065208435,,
image-baseline,"20160610_McGuireWoods Consulting, LLC_Obenshain, Anne_Short-Form.pdf",registration_num,FARA,"6295
",0,0,1,1,-0.03827302681747824,,
image-baseline,"20160610_McGuireWoods Consulting, LLC_Obenshain, Anne_Short-Form.pdf",registrant_name,Anne Obenshain,"McGuireWoods Consulting, LLC
",0,0,1,1,-0.05479476044420153,,
image-baseline,"20160610_McGuireWoods Consulting, LLC_Obenshain, Anne_Short-Form.pdf",foreign_principle_name,Embassy of Japan,"Embassy of Japan
",1,1,1,1,-0.028653049041167833,,
image-baseline,"20160610_McGuireWoods Consulting, LLC_Obenshain, Anne_Short-Form.pdf",file_date,06/10/2016,"June 10, 2016
",1,1,1,1,-0.02382592729559292,,
image-baseline,"20160610_McGuireWoods Consulting, LLC_Obenshain, Anne_Short-Form.pdf",signer_name,Anne Obenshain,"Anne Obenshain
",1,1,1,1,-0.020018182665808126,,
image-baseline,"20160610_McGuireWoods Consulting, LLC_Obenshain, Anne_Short-Form.pdf",signer_title,,,1,1,0,0,-0.4834285378456116,,
image-baseline,"20171127_MMGY Global, LLC_Hill, Leanne_Short-Form.pdf",registration_num,FARA,"6492
",0,0,1,1,-0.08316730242222548,,
image-baseline,"20171127_MMGY Global, LLC_Hill, Leanne_Short-Form.pdf",registrant_name,Leanne Hill,"MMGY Global, LLC.
",0,0,1,1,-0.05737141654632675,,
image-baseline,"20171127_MMGY Global, LLC_Hill, Leanne_Short-Form.pdf",foreign_principle_name,"Nassau Paradise Island Promotion Board, Tourism Vancouver","Nassau Paradise Island Promotion Board, Tourism Vancouver
",1,1,1,1,-0.023150237911613657,,
image-baseline,"20171127_MMGY Global, LLC_Hill, Leanne_Short-Form.pdf",file_date,11/27/2017,"November 01, 2017
",0,0,1,1,-0.006667480056967179,,
image-baseline,"20171127_MMGY Global, LLC_Hill, Leanne_Short-Form.pdf",signer_name,Leanne Hill,"Leanne Hill
",1,1,1,1,-0.014639173896284774,,
image-baseline,"20171127_MMGY Global, LLC_Hill, Leanne_Short-Form.pdf",signer_title,,,1,1,0,0,-0.6047024130821228,,
image-baseline,"20160731_Burson-Marsteller, LLC (Washington, DC)_Smith, Rachel_Short-Form.pdf",registration_num,FARA,"6227
",0,0,1,1,-0.04810302483383566,,
image-baseline,"20160731_Burson-Marsteller, LLC (Washington, DC)_Smith, Rachel_Short-Form.pdf",registrant_name,Rachel Smith,"Burson-Marsteller, LLC
",0,0,1,1,-0.00983650452690199,,
image-baseline,"20160731_Burson-Marsteller, LLC (Washington, DC)_Smith, Rachel_Short-Form.pdf",foreign_principle_name,"Consejo De Promocion Turistica De Mexico, S.A.","Consejo De Promocion Turistica De Mexico, S.A.
",1,1,1,1,-0.024347279843641444,,
image-baseline,"20160731_Burson-Marsteller, LLC (Washington, DC)_Smith, Rachel_Short-Form.pdf",file_date,07/31/2016,"July 07, 2016
",0,0,1,1,-0.01215929092186343,,
image-baseline,"20160731_Burson-Marsteller, LLC (Washington, DC)_Smith, Rachel_Short-Form.pdf",signer_name,Rachel Smith,"Rachel Smith
",1,1,1,1,-0.03469156927894801,,
image-baseline,"20160731_Burson-Marsteller, LLC (Washington, DC)_Smith, Rachel_Short-Form.pdf",signer_title,VP,,0,0,0,1,-0.9035910367965698,,
image-baseline,"20151130_KOTRA_Kwon, Ohsuk_Short-Form.pdf",registration_num,FARA,"1619
",0,0,1,1,-0.29728343163151294,,
image-baseline,"20151130_KOTRA_Kwon, Ohsuk_Short-Form.pdf",registrant_name,Ohsuk Kwon,"Korea Business Center
",0,0,1,1,-0.025251729879528284,,
image-baseline,"20151130_KOTRA_Kwon, Ohsuk_Short-Form.pdf",foreign_principle_name,Korea Business Center,,0,0,0,1,-0.03756706428248435,,
image-baseline,"20151130_KOTRA_Kwon, Ohsuk_Short-Form.pdf",file_date,11/30/2015,"November 24, 2015
",0,0,1,1,-0.07927397511421078,,
image-baseline,"20151130_KOTRA_Kwon, Ohsuk_Short-Form.pdf",signer_name,Ohsuk Kwon,"Ohsuk Kwon
",1,1,1,1,-0.002764167595887557,,
image-baseline,"20151130_KOTRA_Kwon, Ohsuk_Short-Form.pdf",signer_title,"Director General, KOTRA",,0,0,0,1,-0.21008005354572865,,
image-baseline,"20131226_KBS America, Inc._Kim, Kyung Hee_Short-Form.pdf",registration_num,FARA,"5684
",0,0,1,1,-0.10175885818898678,,
image-baseline,"20131226_KBS America, Inc._Kim, Kyung Hee_Short-Form.pdf",registrant_name,Kyung Hee Kim,"KBS America, Inc.
",0,0,1,1,-0.01602692850137828,,
image-baseline,"20131226_KBS America, Inc._Kim, Kyung Hee_Short-Form.pdf",foreign_principle_name,"KBS America, Inc.","Korean Broadcasting System (through e-KBS Co., Ltd. and KBS Media, Ltd.)
",0,0,1,1,-0.08942074483881395,,
image-baseline,"20131226_KBS America, Inc._Kim, Kyung Hee_Short-Form.pdf",file_date,12/26/2013,"December 26, 2013
",1,1,1,1,-0.05680319586135738,,
image-baseline,"20131226_KBS America, Inc._Kim, Kyung Hee_Short-Form.pdf",signer_name,Kyung Hee Kim,"Kyung Hee Kim
",1,1,1,1,-0.0008116221919408417,,
image-baseline,"20131226_KBS America, Inc._Kim, Kyung Hee_Short-Form.pdf",signer_title,,,1,1,0,0,-0.6960805654525757,,
image-baseline,"20080204_Singapore Economic Development Board_Wong, Yau-Chung_Short-Form.pdf",registration_num,FARA,"2003
",0,0,1,0,-0.09032365438179113,,
image-baseline,"20080204_Singapore Economic Development Board_Wong, Yau-Chung_Short-Form.pdf",registrant_name,Yau-Chung Wong,"Singapore Economic Development Board
",0,0,1,1,-0.02210381575860083,,
image-baseline,"20080204_Singapore Economic Development Board_Wong, Yau-Chung_Short-Form.pdf",foreign_principle_name,Singapore Economic Development Board,"Singapore Economic Development Board
",1,1,1,1,-0.009542178191622952,,
image-baseline,"20080204_Singapore Economic Development Board_Wong, Yau-Chung_Short-Form.pdf",file_date,2003,"26 AUG 2007
",0,0,1,1,-0.5236066919751465,,
image-baseline,"20080204_Singapore Economic Development Board_Wong, Yau-Chung_Short-Form.pdf",signer_name,Yau-Chung,,0,0,0,1,-0.13717134937178344,,
image-baseline,"20080204_Singapore Economic Development Board_Wong, Yau-Chung_Short-Form.pdf",signer_title,Director,,0,0,0,1,-0.3733856678009033,,
image-baseline,"20160301_Daniel J. Edelman, Inc._Wasser, Debra_Short-Form.pdf",registration_num,FARA,"3634
",0,0,1,1,-0.09826425721985288,,
image-baseline,"20160301_Daniel J. Edelman, Inc._Wasser, Debra_Short-Form.pdf",registrant_name,Debra Wasser,"Daniel J. Edelman, Inc.
",0,0,1,1,-0.019628327514510602,,
image-baseline,"20160301_Daniel J. Edelman, Inc._Wasser, Debra_Short-Form.pdf",foreign_principle_name,"Bombardier, Inc.","Bombardier, Inc.
",1,1,1,1,-0.019073900053626858,,
image-baseline,"20160301_Daniel J. Edelman, Inc._Wasser, Debra_Short-Form.pdf",file_date,03/01/2016,"February 05, 2016
",0,0,1,1,-0.009311706537755527,,
image-baseline,"20160301_Daniel J. Edelman, Inc._Wasser, Debra_Short-Form.pdf",signer_name,Debra Ann Wasser,"Debra Ann Wasser
",1,1,1,1,-0.13458367995917797,,
image-baseline,"20160301_Daniel J. Edelman, Inc._Wasser, Debra_Short-Form.pdf",signer_title,,,1,1,0,0,-0.6211141347885132,,
image-baseline,"20080417_CMGRP, Inc._Jensen, Paul_Short-Form.pdf",registration_num,FARA,"3911
",0,0,1,1,-0.18900936911813915,,
image-baseline,"20080417_CMGRP, Inc._Jensen, Paul_Short-Form.pdf",registrant_name,Paul Jensen,"CMGRP Inc. DBA Weber Shandwick
",0,0,1,1,-0.0029167006723582745,,
image-baseline,"20080417_CMGRP, Inc._Jensen, Paul_Short-Form.pdf",foreign_principle_name,Government of the Bahamas; Ministry of TRade and Industry - Arab Republic of Egypt/Alexandria Cotton Exporters Assn. (Alcotexa); Temasek Holdings,"Government of the Bahamas; Ministry of TRade and Industry Arab Republic of
Egypt/Alexandria Cotton Exporters Assn. (Alcotexa); Temasek Holdings
",0,1,1,1,-0.04231968203536477,,
image-baseline,"20080417_CMGRP, Inc._Jensen, Paul_Short-Form.pdf",file_date,2008 APR 17 AM 5:59,"3/31/08
",0,0,1,0,-0.19064460455722707,,
image-baseline,"20080417_CMGRP, Inc._Jensen, Paul_Short-Form.pdf",signer_name,Paul Jensen,,0,0,0,1,-0.1182604106143117,,
image-baseline,"20080417_CMGRP, Inc._Jensen, Paul_Short-Form.pdf",signer_title,,,1,1,0,0,-0.5943935513496399,,
image-baseline,"20080723_CMGRP, Inc._Shaw, Lauren_Short-Form.pdf",registration_num,FARA,"3911
",0,0,1,1,-0.048542506992816925,,
image-baseline,"20080723_CMGRP, Inc._Shaw, Lauren_Short-Form.pdf",registrant_name,Lauren Shaw,"CMGRP Inc. DBA Weber Shandwick
",0,0,1,1,-0.0030145611381158233,,
image-baseline,"20080723_CMGRP, Inc._Shaw, Lauren_Short-Form.pdf",foreign_principle_name,,"Government of the Bahamas; Ministry of Trade and Industry Arab Republic
of Egypt/Alexandria Cotton Exporters Assocation; Temasek Holdings; Bahrain
Economic Development Board
",0,0,1,0,-0.5518990159034729,,
image-baseline,"20080723_CMGRP, Inc._Shaw, Lauren_Short-Form.pdf",file_date,08/16/82,"6/30/08
(Date ",0,0,1,0,-0.30821056337299524,,
image-baseline,"20080723_CMGRP, Inc._Shaw, Lauren_Short-Form.pdf",signer_name,Lauren Shaw,,0,0,0,1,-0.11982158198952675,,
image-baseline,"20080723_CMGRP, Inc._Shaw, Lauren_Short-Form.pdf",signer_title,,,1,1,0,0,-0.5509371757507324,,
image-baseline,"20180703_Mercury Public Affairs, LLC_Randolph, Lindsay_Short-Form.pdf",registration_num,FARA,"6170
",0,0,1,1,-0.2123565822839737,,
image-baseline,"20180703_Mercury Public Affairs, LLC_Randolph, Lindsay_Short-Form.pdf",registrant_name,Lindsay Randolph,"Mercury Public Affairs LLC
",0,0,1,1,-0.01992222185557087,,
image-baseline,"20180703_Mercury Public Affairs, LLC_Randolph, Lindsay_Short-Form.pdf",foreign_principle_name,"Turkey-US Business Council (""TAIK"")","Turkey-US Business Council (""TAIK"")
",1,1,1,1,-0.1430032415179691,,
image-baseline,"20180703_Mercury Public Affairs, LLC_Randolph, Lindsay_Short-Form.pdf",file_date,07/03/2018,"July 03, 2018
",1,1,1,1,-0.01810374735850928,,
image-baseline,"20180703_Mercury Public Affairs, LLC_Randolph, Lindsay_Short-Form.pdf",signer_name,Lindsay Randolph,"Lindsay Randolph
",1,1,1,1,-0.0045388190386195975,,
image-baseline,"20180703_Mercury Public Affairs, LLC_Randolph, Lindsay_Short-Form.pdf",signer_title,,,1,1,0,0,-0.854468822479248,,
image-baseline,"20171011_Quinn _ Co. of NY LTD._Chiou, Ivy_Short-Form.pdf",registration_num,FARA,"6433
",0,0,1,1,-0.12228245800361037,,
image-baseline,"20171011_Quinn _ Co. of NY LTD._Chiou, Ivy_Short-Form.pdf",registrant_name,Ivy Chiou,"Quinn PR
",0,0,1,1,-0.07591710215638159,,
image-baseline,"20171011_Quinn _ Co. of NY LTD._Chiou, Ivy_Short-Form.pdf",foreign_principle_name,Tourism Authority of Thailand,"Tourism Authority of Thailand
",1,1,1,1,-0.09934550631151069,,
image-baseline,"20171011_Quinn _ Co. of NY LTD._Chiou, Ivy_Short-Form.pdf",file_date,10/11/2017,"October 10, 2017
",0,0,1,1,-0.014326436743431259,,
image-baseline,"20171011_Quinn _ Co. of NY LTD._Chiou, Ivy_Short-Form.pdf",signer_name,Ivy Chiou,"Chiou
",0,0,1,1,-0.04467189015394979,,
image-baseline,"20171011_Quinn _ Co. of NY LTD._Chiou, Ivy_Short-Form.pdf",signer_title,,,1,1,0,0,-0.8486621975898743,,
image-baseline,"20170130_Burson-Marsteller, LLC (Washington, DC)_Chandler, Carson_Short-Form.pdf",registration_num,FARA,"6227
",0,0,1,1,-0.0788838064763695,,
image-baseline,"20170130_Burson-Marsteller, LLC (Washington, DC)_Chandler, Carson_Short-Form.pdf",registrant_name,Carson Chandler,"Burson-Marsteller, LLC
",0,0,1,1,-0.0497360030276468,,
image-baseline,"20170130_Burson-Marsteller, LLC (Washington, DC)_Chandler, Carson_Short-Form.pdf",foreign_principle_name,"Consejo De Promocion Turistica De Mexico, S.A",,0,0,0,1,-0.07821693539985322,,
image-baseline,"20170130_Burson-Marsteller, LLC (Washington, DC)_Chandler, Carson_Short-Form.pdf",file_date,01/30/2017,"1-20-17
",0,0,1,1,-0.056572148737723184,,
image-baseline,"20170130_Burson-Marsteller, LLC (Washington, DC)_Chandler, Carson_Short-Form.pdf",signer_name,"Burson-Marsteller, LLC","Consejo De Promocion Turistica De Mexico, S.A
",0,0,1,1,-0.052789681629898645,,
image-baseline,"20170130_Burson-Marsteller, LLC (Washington, DC)_Chandler, Carson_Short-Form.pdf",signer_title,"110 Vermont Ave, NW",,0,0,0,1,-0.38430238145935747,,
image-baseline,"20140507_Squire Patton Boggs, LLP_Harris, Laurence E._Short-Form.pdf",registration_num,FARA,"2165
",0,0,1,1,-0.2821031695930287,,
image-baseline,"20140507_Squire Patton Boggs, LLP_Harris, Laurence E._Short-Form.pdf",registrant_name,Laurence E. Harris,"Patton Boggs LLP
",0,0,1,1,-0.13447008985094727,,
image-baseline,"20140507_Squire Patton Boggs, LLP_Harris, Laurence E._Short-Form.pdf",foreign_principle_name,Patton Boggs LLP,"By this filing: The Office of the National Security Advisor (Nigeria). By prior filings: 1) Gov't of Cameroon; 2) People's Republic
of China; 3) Gov't of Georgia; 4) Gov't of Kosovo; 5) Gov't of Libya; 6) The Royal Embassy of Saudi Arabia; 7) Gov't of South
Korea; 8) Bo Zhang; 9) Gov't of Gambia; and 10) Kurdistan Regional Government
",0,0,1,1,-0.006531934541271767,,
image-baseline,"20140507_Squire Patton Boggs, LLP_Harris, Laurence E._Short-Form.pdf",file_date,05/07/2014,"May 06, 2014
",0,0,1,1,-0.016819724720699016,,
image-baseline,"20140507_Squire Patton Boggs, LLP_Harris, Laurence E._Short-Form.pdf",signer_name,Laurence E. Harris,"Laurence E. Harris
",1,1,1,1,-0.008787434740224854,,
image-baseline,"20140507_Squire Patton Boggs, LLP_Harris, Laurence E._Short-Form.pdf",signer_title,,,1,1,0,0,-0.6656326651573181,,
image-baseline,"20090925_Podesta Group, Inc._Young, Nicole_Short-Form.pdf",registration_num,FARA,"5926
",0,0,1,1,-0.03111231216462329,,
image-baseline,"20090925_Podesta Group, Inc._Young, Nicole_Short-Form.pdf",registrant_name,Nicole Young,"Podesta Group, Inc.
",0,0,1,1,-0.0010908164928575086,,
image-baseline,"20090925_Podesta Group, Inc._Young, Nicole_Short-Form.pdf",foreign_principle_name,The Swiss Confederation,"The Swiss Confederation, represented by the Swiss Embassy in Washington
",0,0,1,1,-0.021023478691859054,,
image-baseline,"20090925_Podesta Group, Inc._Young, Nicole_Short-Form.pdf",file_date,2009 SEP 25,"09/25/09
",0,0,1,1,-0.10049904759944184,,
image-baseline,"20090925_Podesta Group, Inc._Young, Nicole_Short-Form.pdf",signer_name,Nicole Young,,0,0,0,1,-0.00955117491260656,,
image-baseline,"20090925_Podesta Group, Inc._Young, Nicole_Short-Form.pdf",signer_title,Consultant,,0,0,0,1,-0.10633396937919315,,
image-baseline,"20180216_Sonoran Policy Group, LLC_Rosenberg, John_Short-Form.pdf",registration_num,FARA,"6399
",0,0,1,1,-0.058107815217226744,,
image-baseline,"20180216_Sonoran Policy Group, LLC_Rosenberg, John_Short-Form.pdf",registrant_name,"Sonoran Policy Group, LLC","Sonoran Policy Group, LLC
",1,1,1,1,-0.06651493042348496,,
image-baseline,"20180216_Sonoran Policy Group, LLC_Rosenberg, John_Short-Form.pdf",foreign_principle_name,"Government of Kenya (Ministry of Foreign Affairs); Embassy of Iceland, Washington, DC; Mer Security & Communications Systems, Ltd; Venable LLP",,0,0,0,1,-0.050819955892150354,,
image-baseline,"20180216_Sonoran Policy Group, LLC_Rosenberg, John_Short-Form.pdf",file_date,02/16/2018,"February 16, 2018
",1,1,1,1,-0.032810510873969176,,
image-baseline,"20180216_Sonoran Policy Group, LLC_Rosenberg, John_Short-Form.pdf",signer_name,John Rosenberg,"John Rosenberg
",1,1,1,1,-0.021679925397620536,,
image-baseline,"20180216_Sonoran Policy Group, LLC_Rosenberg, John_Short-Form.pdf",signer_title,Strategic Advisor,,0,0,0,1,-0.02587198865755151,,
image-baseline,"20160527_KOTRA_Chae, Hee Kwang_Short-Form.pdf",registration_num,FARA,"1619
",0,0,1,1,-0.09952887846156955,,
image-baseline,"20160527_KOTRA_Chae, Hee Kwang_Short-Form.pdf",registrant_name,"Chae, Hee Kwang","Korea Trade Promotion Center
",0,0,1,1,-0.040021771942909776,,
image-baseline,"20160527_KOTRA_Chae, Hee Kwang_Short-Form.pdf",foreign_principle_name,Korea Trade Promotion Center,,0,0,0,1,-0.016284359013661744,,
image-baseline,"20160527_KOTRA_Chae, Hee Kwang_Short-Form.pdf",file_date,05/27/2016,"May 19, 2016
",0,0,1,1,-0.03706480274549904,,
image-baseline,"20160527_KOTRA_Chae, Hee Kwang_Short-Form.pdf",signer_name,Hee Kwang Chae,"Heekwang Chae
",0,1,1,1,-0.23158727836804852,,
image-baseline,"20160527_KOTRA_Chae, Hee Kwang_Short-Form.pdf",signer_title,,,1,1,0,0,-0.6019812822341919,,
image-baseline,"20110801_Hill and Knowlton Strategies, LLC_Johnsmeyer, Catherine_Short-Form.pdf",registration_num,FARA,"3301
",0,0,1,1,-0.07378494298609439,,
image-baseline,"20110801_Hill and Knowlton Strategies, LLC_Johnsmeyer, Catherine_Short-Form.pdf",registrant_name,Catherine Johnsmeyer,"Hill & Knowlton
",0,0,1,1,-0.01711986740701832,,
image-baseline,"20110801_Hill and Knowlton Strategies, LLC_Johnsmeyer, Catherine_Short-Form.pdf",foreign_principle_name,Hill & Knowlton,"The Information Technology Industry Development Agency (ITIDA) (through Hill & Knowlton, London)
",0,0,1,1,-0.09070793245822036,,
image-baseline,"20110801_Hill and Knowlton Strategies, LLC_Johnsmeyer, Catherine_Short-Form.pdf",file_date,08/01/2011,"July 28, 2011
",0,0,1,1,-0.02630610238738882,,
image-baseline,"20110801_Hill and Knowlton Strategies, LLC_Johnsmeyer, Catherine_Short-Form.pdf",signer_name,Catherine Johnsmeyer,"Catherine Johnsmeyer
",1,1,1,1,-0.005851891628117301,,
image-baseline,"20110801_Hill and Knowlton Strategies, LLC_Johnsmeyer, Catherine_Short-Form.pdf",signer_title,,,1,1,0,0,-0.5814909934997559,,
image-baseline,"20180323_Pillsbury Winthrop Shaw Pittman, LLP_Moeller, Elizabeth V._Short-Form.pdf",registration_num,FARA,"5198
",0,0,1,1,-0.06978095753584057,,
image-baseline,"20180323_Pillsbury Winthrop Shaw Pittman, LLP_Moeller, Elizabeth V._Short-Form.pdf",registrant_name,Elizabeth V. Moeller,"Pillsbury Winthrop Shaw Pittman LLP
",0,0,1,1,-0.006349465716630221,,
image-baseline,"20180323_Pillsbury Winthrop Shaw Pittman, LLP_Moeller, Elizabeth V._Short-Form.pdf",foreign_principle_name,"Cayman Islands Ministry of Financial Services, Commerce & Environment; Embassy of Qatar","Cayman Islands Ministry of Financial Services, Commerce & Environment; Embassy of Qatar.
",0,1,1,1,-0.028224424916970747,,
image-baseline,"20180323_Pillsbury Winthrop Shaw Pittman, LLP_Moeller, Elizabeth V._Short-Form.pdf",file_date,03/23/2018,"March 23, 2018
",1,1,1,1,-0.01206416969653219,,
image-baseline,"20180323_Pillsbury Winthrop Shaw Pittman, LLP_Moeller, Elizabeth V._Short-Form.pdf",signer_name,Elizabeth V. Moeller,"Elizabeth V. Moeller
",1,1,1,1,-0.041547617426840586,,
image-baseline,"20180323_Pillsbury Winthrop Shaw Pittman, LLP_Moeller, Elizabeth V._Short-Form.pdf",signer_title,Partner,,0,0,0,1,-1.6232606172561646,,
image-baseline,"20100713_Invest Northern Ireland_Jones, John Henry_Short-Form.pdf",registration_num,FARA,"4364
",0,0,1,0,-0.11440023547038436,,
image-baseline,"20100713_Invest Northern Ireland_Jones, John Henry_Short-Form.pdf",registrant_name,John Henry Jones,Invest Northern Ireland ,0,0,1,1,-0.02928121155127883,,
image-baseline,"20100713_Invest Northern Ireland_Jones, John Henry_Short-Form.pdf",foreign_principle_name,Invest Northern Ireland,"Department of Enterprise Trade and Investment - A Northern Ireland
Department of the U.K. Government
",0,0,1,1,-0.11311018063376348,,
image-baseline,"20100713_Invest Northern Ireland_Jones, John Henry_Short-Form.pdf",file_date,2000-07-13,"07/1/2010
",0,0,1,0,-0.2737968133529648,,
image-baseline,"20100713_Invest Northern Ireland_Jones, John Henry_Short-Form.pdf",signer_name,John Henry Jones,,0,0,0,1,-0.013493387959897518,,
image-baseline,"20100713_Invest Northern Ireland_Jones, John Henry_Short-Form.pdf",signer_title,Business Development Manager,,0,0,0,1,-0.42421568852538866,,
image-baseline,"20161214_Fratelli Group_Cox, Frances K._Short-Form.pdf",registration_num,FARA,"5867
",0,0,1,1,-0.10039437521481887,,
image-baseline,"20161214_Fratelli Group_Cox, Frances K._Short-Form.pdf",registrant_name,Frances K. Cox,"The Fratelli Group
",0,0,1,1,-0.018096094310749322,,
image-baseline,"20161214_Fratelli Group_Cox, Frances K._Short-Form.pdf",foreign_principle_name,The Fratelli Group,"The Government of Japan
",0,0,1,1,-0.032067878419184126,,
image-baseline,"20161214_Fratelli Group_Cox, Frances K._Short-Form.pdf",file_date,12/14/2016,"12/12/2014
",0,0,1,1,-0.02890048064655275,,
image-baseline,"20161214_Fratelli Group_Cox, Frances K._Short-Form.pdf",signer_name,Frances K. Cox,,0,0,0,1,-0.06785358677734621,,
image-baseline,"20161214_Fratelli Group_Cox, Frances K._Short-Form.pdf",signer_title,Consultant,,0,0,0,1,-0.07413585377798881,,
image-baseline,"20180625_Korea International Trade Association, Inc._Park, Joung Woo_Short-Form.pdf",registration_num,FARA,"2686
",0,0,1,1,-0.06347331934375688,,
image-baseline,"20180625_Korea International Trade Association, Inc._Park, Joung Woo_Short-Form.pdf",registrant_name,JOUNG WOO PARK,"KOREA INTERNATIONAL TRADE ASSOCIATION
",0,0,1,1,-0.08069290549913906,,
image-baseline,"20180625_Korea International Trade Association, Inc._Park, Joung Woo_Short-Form.pdf",foreign_principle_name,KOREA INTERNATIONAL TRADE ASSOCIATION,"KOREA INTERNATIONAL TRADE ASSOCIATION
",1,1,1,1,-0.014635914925747784,,
image-baseline,"20180625_Korea International Trade Association, Inc._Park, Joung Woo_Short-Form.pdf",file_date,06/25/2018,"June 25, 2018
",1,1,1,1,-0.0354288784077653,,
image-baseline,"20180625_Korea International Trade Association, Inc._Park, Joung Woo_Short-Form.pdf",signer_name,JOUNG WOO PARK,"Joung Woo Park
",0,1,1,1,-0.07875813993208187,,
image-baseline,"20180625_Korea International Trade Association, Inc._Park, Joung Woo_Short-Form.pdf",signer_title,DIRECTOR,,0,0,0,1,-0.015525194954534527,,
image-baseline,"20100625_Fleishman-Hillard, Inc.__Short-Form.pdf",registration_num,FARA,"5801
",0,0,1,1,-0.03671262529678643,,
image-baseline,"20100625_Fleishman-Hillard, Inc.__Short-Form.pdf",registrant_name,Melissa J. Banas,"Fleishman-Hillard Inc.
",0,0,1,1,-0.002857423686388453,,
image-baseline,"20100625_Fleishman-Hillard, Inc.__Short-Form.pdf",foreign_principle_name,"Fleishman-Hillard, Inc.","Social Communication Secretariat of the Office of the President of the Republic of Brazil
",0,0,1,1,-0.0861414709175329,,
image-baseline,"20100625_Fleishman-Hillard, Inc.__Short-Form.pdf",file_date,2010-06-25,"6/23/2010
",0,0,1,0,-0.12268915462773293,,
image-baseline,"20100625_Fleishman-Hillard, Inc.__Short-Form.pdf",signer_name,Melissa J. Banas,"Melissa R. Banas
",0,0,1,1,-0.058978674186316006,,
image-baseline,"20100625_Fleishman-Hillard, Inc.__Short-Form.pdf",signer_title,"Account Supervisor, Fleishman-Hillard, Inc.",,0,0,0,1,-0.06419299773452539,,
image-baseline,"20090731_Hill and Knowlton Strategies, LLC_Poulos, Peter_Short-Form.pdf",registration_num,FARA,"3301
",0,0,1,1,-0.1733249772223644,,
image-baseline,"20090731_Hill and Knowlton Strategies, LLC_Poulos, Peter_Short-Form.pdf",registrant_name,Peter Poulos,"Hill & Knowlton, Inc.
",0,0,1,1,-0.04570845142006874,,
image-baseline,"20090731_Hill and Knowlton Strategies, LLC_Poulos, Peter_Short-Form.pdf",foreign_principle_name,Qatar Financial Centre Authority,"Qatar Financial Centre Authority
(Through Hill & Knowlton Qatar, LLC)
",0,0,1,1,-0.0351469261222519,,
image-baseline,"20090731_Hill and Knowlton Strategies, LLC_Poulos, Peter_Short-Form.pdf",file_date,2009,"0
",0,0,1,1,-0.27910674829036,,
image-baseline,"20090731_Hill and Knowlton Strategies, LLC_Poulos, Peter_Short-Form.pdf",signer_name,Peter Poulos,,0,0,0,1,-0.2705806408387919,,
image-baseline,"20090731_Hill and Knowlton Strategies, LLC_Poulos, Peter_Short-Form.pdf",signer_title,"Senior Vice President, Public Relations",,0,0,0,1,-0.031673230419983156,,
image-baseline,"20170320_Burson-Marsteller, LLC (Washington, DC)_Smith, Nancy_Short-Form.pdf",registration_num,FARA,"6227
",0,0,1,1,-0.16643647011369467,,
image-baseline,"20170320_Burson-Marsteller, LLC (Washington, DC)_Smith, Nancy_Short-Form.pdf",registrant_name,Nancy Smith,"Burson-Marsteller, LLC
",0,0,1,1,-0.17768785484076943,,
image-baseline,"20170320_Burson-Marsteller, LLC (Washington, DC)_Smith, Nancy_Short-Form.pdf",foreign_principle_name,"Burson-Marsteller, LLC","Consejo De Promocion Turistica De Mexico, S.A
",0,0,1,1,-0.08273660562311609,,
image-baseline,"20170320_Burson-Marsteller, LLC (Washington, DC)_Smith, Nancy_Short-Form.pdf",file_date,03/20/2017,"3/9/17
(Date of ",0,0,1,1,-0.08935138004671898,,
image-baseline,"20170320_Burson-Marsteller, LLC (Washington, DC)_Smith, Nancy_Short-Form.pdf",signer_name,Nancy Smith,,0,0,0,1,-0.1413434992233912,,
image-baseline,"20170320_Burson-Marsteller, LLC (Washington, DC)_Smith, Nancy_Short-Form.pdf",signer_title,Public Relations Consultant,,0,0,0,1,-0.2665653583438446,,
image-baseline,"20151130_KOTRA_Lee, Jonggun_Short-Form.pdf",registration_num,FARA,"1619
",0,0,1,1,-0.10424860392231494,,
image-baseline,"20151130_KOTRA_Lee, Jonggun_Short-Form.pdf",registrant_name,LeeJonggun,"Korea Business Center, NY
",0,0,1,1,-0.23756014555692673,,
image-baseline,"20151130_KOTRA_Lee, Jonggun_Short-Form.pdf",foreign_principle_name,"Korea Business Center, NY",,0,0,0,1,-0.0919038566450278,,
image-baseline,"20151130_KOTRA_Lee, Jonggun_Short-Form.pdf",file_date,11/30/2015,"November 24, 2015
",0,0,1,1,-0.05336801825706061,,
image-baseline,"20151130_KOTRA_Lee, Jonggun_Short-Form.pdf",signer_name,Jonggun Lee,"Jonggun Lee
",1,1,1,1,-0.02321184054017067,,
image-baseline,"20151130_KOTRA_Lee, Jonggun_Short-Form.pdf",signer_title,,,1,1,0,0,-0.732552170753479,,
image-baseline,"20121119_Commonwealth of Dominica Maritime Registry, Inc._Amettikkara, Devadas_Short-Form.pdf",registration_num,FARA,"5334
",0,0,1,1,-0.019868753908667713,,
image-baseline,"20121119_Commonwealth of Dominica Maritime Registry, Inc._Amettikkara, Devadas_Short-Form.pdf",registrant_name,DEVADAS AMETTIKKARA,"Commonwealth of Dominica Maritime Registry
",0,0,1,1,-0.27843714702508543,,
image-baseline,"20121119_Commonwealth of Dominica Maritime Registry, Inc._Amettikkara, Devadas_Short-Form.pdf",foreign_principle_name,Commonwealth of Dominica,"Commonwealth of Dominica
",1,1,1,1,-0.007654575105152617,,
image-baseline,"20121119_Commonwealth of Dominica Maritime Registry, Inc._Amettikkara, Devadas_Short-Form.pdf",file_date,11/19/2012,"November 01, 2012
",0,0,1,1,-0.018734879981457196,,
image-baseline,"20121119_Commonwealth of Dominica Maritime Registry, Inc._Amettikkara, Devadas_Short-Form.pdf",signer_name,DEVADAS AMETTIKKARA,"DEVADAS AMETTIKKARA
",1,1,1,1,-0.006647981449662309,,
image-baseline,"20121119_Commonwealth of Dominica Maritime Registry, Inc._Amettikkara, Devadas_Short-Form.pdf",signer_title,,,1,1,0,0,-0.30365973711013794,,
image-baseline,"20120814_Commonwealth of Dominica Maritime Registry, Inc._Khvedelidze, Parmen_Short-Form.pdf",registration_num,FARA,,0,0,0,1,-0.0431190055096522,,
image-baseline,"20120814_Commonwealth of Dominica Maritime Registry, Inc._Khvedelidze, Parmen_Short-Form.pdf",registrant_name,Parmen Khverelidze,"Commonwealth of Dominica Maritime Registry
",0,0,1,0,-0.657637487298676,,
image-baseline,"20120814_Commonwealth of Dominica Maritime Registry, Inc._Khvedelidze, Parmen_Short-Form.pdf",foreign_principle_name,Commonwealth of Dominica,"Commonwealth of Dominica
",1,1,1,1,-0.04235752916429192,,
image-baseline,"20120814_Commonwealth of Dominica Maritime Registry, Inc._Khvedelidze, Parmen_Short-Form.pdf",file_date,08/14/2012,"13.08.2012
",0,0,1,1,-0.10587733192369342,,
image-baseline,"20120814_Commonwealth of Dominica Maritime Registry, Inc._Khvedelidze, Parmen_Short-Form.pdf",signer_name,Parmen Khverelidze,,0,0,0,0,-0.2610194258657949,,
image-baseline,"20120814_Commonwealth of Dominica Maritime Registry, Inc._Khvedelidze, Parmen_Short-Form.pdf",signer_title,Director,,0,0,0,1,-1.191077709197998,,
image-baseline,"20121129_Commonwealth of Dominica Maritime Registry, Inc._Gamal, Islam_Short-Form.pdf",registration_num,FARA,"5334
",0,0,1,1,-0.04263564059510827,,
image-baseline,"20121129_Commonwealth of Dominica Maritime Registry, Inc._Gamal, Islam_Short-Form.pdf",registrant_name,Islam Gamal,"Commonwealth of Dominica Maritime Registry
",0,0,1,1,-0.10364134971556875,,
image-baseline,"20121129_Commonwealth of Dominica Maritime Registry, Inc._Gamal, Islam_Short-Form.pdf",foreign_principle_name,Commonwealth of Dominica Maritime Registry,"Commonwealth of Dominica
",0,0,1,1,-0.10044922026177769,,
image-baseline,"20121129_Commonwealth of Dominica Maritime Registry, Inc._Gamal, Islam_Short-Form.pdf",file_date,11/29/2012,"22TH SEPTEMBER, 2012
",0,0,1,1,-0.05470653816046252,,
image-baseline,"20121129_Commonwealth of Dominica Maritime Registry, Inc._Gamal, Islam_Short-Form.pdf",signer_name,Islam Gamal,,0,0,0,1,-0.03398081340128556,,
image-baseline,"20121129_Commonwealth of Dominica Maritime Registry, Inc._Gamal, Islam_Short-Form.pdf",signer_title,,,1,1,0,0,-0.47707414627075195,,
image-baseline,"20130315_Daniel J. Edelman, Inc._Klempay, Daniel_Short-Form.pdf",registration_num,FARA,"3634
",0,0,1,1,-0.07551514555234462,,
image-baseline,"20130315_Daniel J. Edelman, Inc._Klempay, Daniel_Short-Form.pdf",registrant_name,Daniel Klempay,"Daniel J. Edelman, Inc.
",0,0,1,1,-0.007417759973577631,,
image-baseline,"20130315_Daniel J. Edelman, Inc._Klempay, Daniel_Short-Form.pdf",foreign_principle_name,"Oerlikon Solar, Ltd.","Oerlikon Solar, Ltd.
",1,1,1,1,-0.01676948157546576,,
image-baseline,"20130315_Daniel J. Edelman, Inc._Klempay, Daniel_Short-Form.pdf",file_date,03/15/2013,"February 28, 2013
",0,0,1,1,-0.008432824291003272,,
image-baseline,"20130315_Daniel J. Edelman, Inc._Klempay, Daniel_Short-Form.pdf",signer_name,Daniel Klempay,"Daniel Klempay
",1,1,1,1,-0.08272653239089323,,
image-baseline,"20130315_Daniel J. Edelman, Inc._Klempay, Daniel_Short-Form.pdf",signer_title,,,1,1,0,0,-0.8462761640548706,,
image-baseline,"20180214_Tigercomm, LLC_Schub, Nathaniel J._Short-Form.pdf",registration_num,FARA,"6511
",0,0,1,1,-0.1275800677249208,,
image-baseline,"20180214_Tigercomm, LLC_Schub, Nathaniel J._Short-Form.pdf",registrant_name,Nathaniel J Schub,"Tigercomm, LLC
",0,0,1,1,-0.047624757056231225,,
image-baseline,"20180214_Tigercomm, LLC_Schub, Nathaniel J._Short-Form.pdf",foreign_principle_name,Embassy of the State of Qatar,"Embassy of the State of Qatar
",1,1,1,1,-0.03626825535580532,,
image-baseline,"20180214_Tigercomm, LLC_Schub, Nathaniel J._Short-Form.pdf",file_date,02/14/2018,"February 14, 2018
",1,1,1,1,-0.036922745238643986,,
image-baseline,"20180214_Tigercomm, LLC_Schub, Nathaniel J._Short-Form.pdf",signer_name,Nathaniel J Schub,"Nathaniel J Schub
",1,1,1,1,-0.0197371765528563,,
image-baseline,"20180214_Tigercomm, LLC_Schub, Nathaniel J._Short-Form.pdf",signer_title,,,1,1,0,0,-0.7619539499282837,,
image-baseline,"20180710_BerlinRosen Ltd._Rose, Rebecca_Short-Form.pdf",registration_num,FARA,"6531
",0,0,1,1,-0.028788848576368764,,
image-baseline,"20180710_BerlinRosen Ltd._Rose, Rebecca_Short-Form.pdf",registrant_name,Rebecca Rose,"BerlinRosen Ltd
",0,0,1,1,-0.006994732888415456,,
image-baseline,"20180710_BerlinRosen Ltd._Rose, Rebecca_Short-Form.pdf",foreign_principle_name,Cambodia National Rescue Movement (CNRM),"Cambodia National Rescue Movement (CNRM)
",1,1,1,1,-0.07211696718392584,,
image-baseline,"20180710_BerlinRosen Ltd._Rose, Rebecca_Short-Form.pdf",file_date,07/10/2018,"July 10, 2018
",1,1,1,1,-0.013571438167855377,,
image-baseline,"20180710_BerlinRosen Ltd._Rose, Rebecca_Short-Form.pdf",signer_name,Rebecca Rose,"Rebecca Rose
",1,1,1,1,-0.00471029533946421,,
image-baseline,"20180710_BerlinRosen Ltd._Rose, Rebecca_Short-Form.pdf",signer_title,,,1,1,0,0,-0.7908280491828918,,
image-baseline,"20170914_Doremus _ Company_Quan, Renee_Short-Form.pdf",registration_num,FARA,"6387
",0,0,1,1,-0.04632686299737543,,
image-baseline,"20170914_Doremus _ Company_Quan, Renee_Short-Form.pdf",registrant_name,Renee Quan,"Doremus & Company
",0,0,1,1,-0.07837183128867764,,
image-baseline,"20170914_Doremus _ Company_Quan, Renee_Short-Form.pdf",foreign_principle_name,Doremus & Company,"Economic Development Board Singapore
",0,0,1,1,-0.12832058761268855,,
image-baseline,"20170914_Doremus _ Company_Quan, Renee_Short-Form.pdf",file_date,09/14/2017,"September 01, 2017
",0,0,1,1,-0.03329624974503531,,
image-baseline,"20170914_Doremus _ Company_Quan, Renee_Short-Form.pdf",signer_name,Renee Tasha Quan,"Renee Tasha Quan
",1,1,1,1,-0.010539637131538862,,
image-baseline,"20170914_Doremus _ Company_Quan, Renee_Short-Form.pdf",signer_title,N/A,,0,0,0,1,-0.7998130219057202,,
image-baseline,"20130208_Tourism Authority of Thailand, Los Angeles_Awutkom, Orasa_Short-Form.pdf",registration_num,FARA,"2178
",0,0,1,1,-0.15186851227190346,,
image-baseline,"20130208_Tourism Authority of Thailand, Los Angeles_Awutkom, Orasa_Short-Form.pdf",registrant_name,Orasa Awutkom,"Tourism Authority of Thailand
",0,0,1,1,-0.06742682079784572,,
image-baseline,"20130208_Tourism Authority of Thailand, Los Angeles_Awutkom, Orasa_Short-Form.pdf",foreign_principle_name,Tourism Authority of Thailand,,0,0,0,1,-0.0045892682566773145,,
image-baseline,"20130208_Tourism Authority of Thailand, Los Angeles_Awutkom, Orasa_Short-Form.pdf",file_date,02/08/2013,"Feb8,2013
",0,0,1,1,-0.01277200575423194,,
image-baseline,"20130208_Tourism Authority of Thailand, Los Angeles_Awutkom, Orasa_Short-Form.pdf",signer_name,C. Awutkom,,0,0,0,0,-0.2767647296190262,,
image-baseline,"20130208_Tourism Authority of Thailand, Los Angeles_Awutkom, Orasa_Short-Form.pdf",signer_title,Assistant Director,,0,0,0,1,-0.5157147762365639,,
image-baseline,"20180305_Baker, Donelson, Bearman, Caldwell _ Berkowitz, P.C._Dyer, James W._Short-Form.pdf",registration_num,FARA,"6535
",0,0,1,1,-0.06830727017950267,,
image-baseline,"20180305_Baker, Donelson, Bearman, Caldwell _ Berkowitz, P.C._Dyer, James W._Short-Form.pdf",registrant_name,James W. Dyer,"Baker, Donelson, Bearman, Caldwell &
Berkowitz, A Professional Corporation
",0,0,1,1,-0.011460422514937818,,
image-baseline,"20180305_Baker, Donelson, Bearman, Caldwell _ Berkowitz, P.C._Dyer, James W._Short-Form.pdf",foreign_principle_name,"Embassy of the Republic of Azerbaijan (through BGR Government Affairs, LLC)","Embassy of the Republic of Azerbaijan (through BGR Government Affairs, LLC)
",1,1,1,1,-0.016752474865825207,,
image-baseline,"20180305_Baker, Donelson, Bearman, Caldwell _ Berkowitz, P.C._Dyer, James W._Short-Form.pdf",file_date,03/05/2018,"3/5/2018
",1,1,1,1,-0.026001211380025778,,
image-baseline,"20180305_Baker, Donelson, Bearman, Caldwell _ Berkowitz, P.C._Dyer, James W._Short-Form.pdf",signer_name,James W. Dyer,"James W. Dyer
",1,1,1,1,-0.0008745833154534921,,
image-baseline,"20180305_Baker, Donelson, Bearman, Caldwell _ Berkowitz, P.C._Dyer, James W._Short-Form.pdf",signer_title,,,1,1,0,0,-0.7229163646697998,,
image-baseline,"20140922_Ketchum Inc. NY_O_Gorman, Catherine Mary Anne_Short-Form.pdf",registration_num,FARA,"5758
",0,0,1,1,-0.13434656237950549,,
image-baseline,"20140922_Ketchum Inc. NY_O_Gorman, Catherine Mary Anne_Short-Form.pdf",registrant_name,Catherine Mary Anne O'Gorman,"Ketchum, Inc.
",0,0,1,1,-0.025941068925021682,,
image-baseline,"20140922_Ketchum Inc. NY_O_Gorman, Catherine Mary Anne_Short-Form.pdf",foreign_principle_name,"Russian Federation, Republic of Ecuador","Russian Federation, Republic of Ecuador
",1,1,1,1,-0.06497704725188669,,
image-baseline,"20140922_Ketchum Inc. NY_O_Gorman, Catherine Mary Anne_Short-Form.pdf",file_date,09/22/2014,"8/22/2014
",0,0,1,1,-0.011234120858352981,,
image-baseline,"20140922_Ketchum Inc. NY_O_Gorman, Catherine Mary Anne_Short-Form.pdf",signer_name,"Ketchum, Inc.",,0,0,0,1,-0.13612087497798106,,
image-baseline,"20140922_Ketchum Inc. NY_O_Gorman, Catherine Mary Anne_Short-Form.pdf",signer_title,Senior Account Executive,,0,0,0,1,-0.0828587010813256,,
image-baseline,"20161130_KOTRA_Kim, Kunki_Short-Form.pdf",registration_num,FARA,"1619
",0,0,1,1,-0.10434080669074319,,
image-baseline,"20161130_KOTRA_Kim, Kunki_Short-Form.pdf",registrant_name,Kunki Kim,"Korea Business Center
",0,0,1,1,-0.06714857932335387,,
image-baseline,"20161130_KOTRA_Kim, Kunki_Short-Form.pdf",foreign_principle_name,Korea Business Center,,0,0,0,1,-0.10427049561985768,,
image-baseline,"20161130_KOTRA_Kim, Kunki_Short-Form.pdf",file_date,11/30/2016,"November 28, 2016
",0,0,1,1,-0.010304926302796957,,
image-baseline,"20161130_KOTRA_Kim, Kunki_Short-Form.pdf",signer_name,KIM KI,"KIM KI
",1,1,1,1,-0.061719549198945366,,
image-baseline,"20161130_KOTRA_Kim, Kunki_Short-Form.pdf",signer_title,,,1,1,0,0,-0.682798445224762,,
image-baseline,"20180206_S.G.R. LLC Government Relations and Lobbying_Lowman, Greg_Short-Form.pdf",registration_num,FARA,"6379
",0,0,1,1,-0.04263249004725367,,
image-baseline,"20180206_S.G.R. LLC Government Relations and Lobbying_Lowman, Greg_Short-Form.pdf",registrant_name,Greg Lowman,"S.G.R. LLC Government Relations & Lobbying
",0,0,1,1,-0.012532226120432218,,
image-baseline,"20180206_S.G.R. LLC Government Relations and Lobbying_Lowman, Greg_Short-Form.pdf",foreign_principle_name,Federal Democratic Republic of Ethiopia,"Federal Democratic Republic of Ethiopia
The Ministry of Foreign Affairs and International Cooperation of the Kingdom of Morocco (through JPC Strategies LLC)
The Embassy of the State of Qatar (through Venable LLP)
",0,0,1,1,-0.07139392925892026,,
image-baseline,"20180206_S.G.R. LLC Government Relations and Lobbying_Lowman, Greg_Short-Form.pdf",file_date,02/06/2018,"February 06, 2018
",1,1,1,1,-0.06489060446365329,,
image-baseline,"20180206_S.G.R. LLC Government Relations and Lobbying_Lowman, Greg_Short-Form.pdf",signer_name,Greg Lowman,"Greg Lowman
",1,1,1,1,-0.03142480081684577,,
image-baseline,"20180206_S.G.R. LLC Government Relations and Lobbying_Lowman, Greg_Short-Form.pdf",signer_title,S.G.R. LLC Government Relations & Lobbying,,0,0,0,1,-0.21637072585581335,,
image-baseline,"20171004_Sonoran Policy Group, LLC_Meyers, Jessica_Short-Form.pdf",registration_num,FARA,"6399
",0,0,1,1,-0.0795188422780484,,
image-baseline,"20171004_Sonoran Policy Group, LLC_Meyers, Jessica_Short-Form.pdf",registrant_name,Jessica Lynn Meyers,"Sonoran Policy Group, LLC
",0,0,1,1,-0.01147029155617929,,
image-baseline,"20171004_Sonoran Policy Group, LLC_Meyers, Jessica_Short-Form.pdf",foreign_principle_name,"The Embassy of the Islamic Republic of Afghanistan; Government of Kenya (Ministry of Foreign Affairs); Embassy of Iceland, Washington, DC",,0,0,0,1,-0.02533733590560307,,
image-baseline,"20171004_Sonoran Policy Group, LLC_Meyers, Jessica_Short-Form.pdf",file_date,10/03/2017,"October 03, 2017
",1,1,1,1,-0.006360881880755187,,
image-baseline,"20171004_Sonoran Policy Group, LLC_Meyers, Jessica_Short-Form.pdf",signer_name,Jessica Lynn Meyers,"Jessica Lynn Meyers
",1,1,1,1,-0.004542875302831817,,
image-baseline,"20171004_Sonoran Policy Group, LLC_Meyers, Jessica_Short-Form.pdf",signer_title,N/A,,0,0,0,1,-0.7299090698361397,,
image-baseline,"20140929_Sandler Trade, LLC_Cabeza, Romulo_Short-Form.pdf",registration_num,FARA,"6180.
",0,0,1,1,-0.3134541027247906,,
image-baseline,"20140929_Sandler Trade, LLC_Cabeza, Romulo_Short-Form.pdf",registrant_name,Romulo Cabeza,"Sandler Trade LLC
",0,0,1,1,-0.004515042976436234,,
image-baseline,"20140929_Sandler Trade, LLC_Cabeza, Romulo_Short-Form.pdf",foreign_principle_name,Minister Benchawan Ukrid,"Minister Benchawan Ukrid, Office of Commercial Affairs, Royal Thai Embassy, 1024 Wisconsin Ave, N.W., Washington, D.C.
20007
",0,0,1,1,-0.12956020593022308,,
image-baseline,"20140929_Sandler Trade, LLC_Cabeza, Romulo_Short-Form.pdf",file_date,09/29/2014,"9/17/2014
",0,0,1,1,-0.03453885451963288,,
image-baseline,"20140929_Sandler Trade, LLC_Cabeza, Romulo_Short-Form.pdf",signer_name,Romulo Cabeza,,0,0,0,1,-0.027941697277128696,,
image-baseline,"20140929_Sandler Trade, LLC_Cabeza, Romulo_Short-Form.pdf",signer_title,employee,,0,0,0,1,-1.3753334283828735,,
image-baseline,"20180605_PTI USA, LLC_Ali, Imtiaz_Short-Form.pdf",registration_num,FARA,"6160
",0,0,1,1,-0.11286756850313395,,
image-baseline,"20180605_PTI USA, LLC_Ali, Imtiaz_Short-Form.pdf",registrant_name,Imtiaz Ali,"Pakistan Tehreek-e-Insaaf
",0,0,1,1,-0.024762830315012252,,
image-baseline,"20180605_PTI USA, LLC_Ali, Imtiaz_Short-Form.pdf",foreign_principle_name,Pakistan Tehreek-e-Insaf,"Pakistan Tehreek-e-Insaf, PTI
",0,0,1,1,-0.06640855449118785,,
image-baseline,"20180605_PTI USA, LLC_Ali, Imtiaz_Short-Form.pdf",file_date,06/05/2018,"5/31/2018
Date of ",0,0,1,1,-0.026620848092716188,,
image-baseline,"20180605_PTI USA, LLC_Ali, Imtiaz_Short-Form.pdf",signer_name,Imtiaz Ali,".
Imtiaz Ali
(Signature)
",0,0,1,1,-0.017442954645957798,,
image-baseline,"20180605_PTI USA, LLC_Ali, Imtiaz_Short-Form.pdf",signer_title,N/A,,0,0,0,1,-0.6716960743069649,,
image-baseline,"20170906_Akin, Gump, Strauss, Hauer _ Feld, LLP_Shapiro, Hal_Short-Form.pdf",registration_num,FARA,"3492
",0,0,1,1,-0.06200297159375623,,
image-baseline,"20170906_Akin, Gump, Strauss, Hauer _ Feld, LLP_Shapiro, Hal_Short-Form.pdf",registrant_name,Hal Shapiro,"Akin Gump Strauss Hauer & Feld LLP
",0,0,1,1,-0.02623513265280053,,
image-baseline,"20170906_Akin, Gump, Strauss, Hauer _ Feld, LLP_Shapiro, Hal_Short-Form.pdf",foreign_principle_name,Akin Gump Strauss Hauer & Feld LLP,"Government of the Republic of the Marshall Islands
",0,0,1,1,-0.06329185485374182,,
image-baseline,"20170906_Akin, Gump, Strauss, Hauer _ Feld, LLP_Shapiro, Hal_Short-Form.pdf",file_date,09/06/2017,"September 06, 2017
",1,1,1,1,-0.013572562757599372,,
image-baseline,"20170906_Akin, Gump, Strauss, Hauer _ Feld, LLP_Shapiro, Hal_Short-Form.pdf",signer_name,Hal Shapiro,"Hal Shapiro
",1,1,1,1,-0.013969069375889376,,
image-baseline,"20170906_Akin, Gump, Strauss, Hauer _ Feld, LLP_Shapiro, Hal_Short-Form.pdf",signer_title,Attorney,,0,0,0,1,-0.2195630749774864,,
image-baseline,"20140929_Burson-Marsteller, LLC (Miami Office)_Wenceiblat, Claudia Gloria_Short-Form.pdf",registration_num,FARA,"6223
",0,0,1,1,-0.07423334702616557,,
image-baseline,"20140929_Burson-Marsteller, LLC (Miami Office)_Wenceiblat, Claudia Gloria_Short-Form.pdf",registrant_name,Burson-Marsteller LLC,"Burson-Marsteller LLC
",1,1,1,1,-0.08047376193571835,,
image-baseline,"20140929_Burson-Marsteller, LLC (Miami Office)_Wenceiblat, Claudia Gloria_Short-Form.pdf",foreign_principle_name,COALIANZA,"Comision para la Promocion de la Alianza Publico-Privada (COALIANZA)
",0,0,1,1,-0.3443250785348937,,
image-baseline,"20140929_Burson-Marsteller, LLC (Miami Office)_Wenceiblat, Claudia Gloria_Short-Form.pdf",file_date,09/22/14,"9/22/14
",1,1,1,0,-0.09275085368426517,,
image-baseline,"20140929_Burson-Marsteller, LLC (Miami Office)_Wenceiblat, Claudia Gloria_Short-Form.pdf",signer_name,Burson-Marsteller LLC,,0,0,0,1,-0.20588526651263236,,
image-baseline,"20140929_Burson-Marsteller, LLC (Miami Office)_Wenceiblat, Claudia Gloria_Short-Form.pdf",signer_title,Burson-Marsteller LLC,,0,0,0,1,-0.26348167201504114,,
image-baseline,"20171128_Burson-Marsteller, LLC (Washington, DC)_Lerubino, Kathryn L._Short-Form.pdf",registration_num,FARA,"6227
",0,0,1,1,-0.17364189313957468,,
image-baseline,"20171128_Burson-Marsteller, LLC (Washington, DC)_Lerubino, Kathryn L._Short-Form.pdf",registrant_name,Kathryn L. Ierubino,"Burson-Marsteller LLC (Washington DC)
",0,0,1,0,-0.07926019981581096,,
image-baseline,"20171128_Burson-Marsteller, LLC (Washington, DC)_Lerubino, Kathryn L._Short-Form.pdf",foreign_principle_name,"Kobe Steel, Ltd.","Kobe Steel, Ltd.
",1,1,1,1,-0.01780724629255322,,
image-baseline,"20171128_Burson-Marsteller, LLC (Washington, DC)_Lerubino, Kathryn L._Short-Form.pdf",file_date,11/28/17,"11/28/17
",1,1,1,1,-0.0416698124136019,,
image-baseline,"20171128_Burson-Marsteller, LLC (Washington, DC)_Lerubino, Kathryn L._Short-Form.pdf",signer_name,Kathryn L. Ierubino,"Kathryn L. lerubino
",0,0,1,0,-0.0019055450894585294,,
image-baseline,"20171128_Burson-Marsteller, LLC (Washington, DC)_Lerubino, Kathryn L._Short-Form.pdf",signer_title,,,1,1,0,0,-0.4345690906047821,,
image-baseline,"20171017_Italian Government Tourist Board, New York_Persampieri, Salvatore_Short-Form.pdf",registration_num,568,"568
",1,1,1,1,-0.1321881009886662,,
image-baseline,"20171017_Italian Government Tourist Board, New York_Persampieri, Salvatore_Short-Form.pdf",registrant_name,Salvatore Persampieri,"ENIT-Italian Government Tourist Board
",0,0,1,1,-0.13332492718473077,,
image-baseline,"20171017_Italian Government Tourist Board, New York_Persampieri, Salvatore_Short-Form.pdf",foreign_principle_name,ENIT - Agenzia Nazionale del Turismo,"ENIT-Agenzia Nazionale del Turismo
",1,1,1,1,-0.16909253611811437,,
image-baseline,"20171017_Italian Government Tourist Board, New York_Persampieri, Salvatore_Short-Form.pdf",file_date,10/17/2017,"October 10, 2017
",0,0,1,1,-0.05298479392913578,,
image-baseline,"20171017_Italian Government Tourist Board, New York_Persampieri, Salvatore_Short-Form.pdf",signer_name,Salvatore Persampieri,"Salvatore Persampieri
",1,1,1,1,-0.005773492562487566,,
image-baseline,"20171017_Italian Government Tourist Board, New York_Persampieri, Salvatore_Short-Form.pdf",signer_title,ENIT - Italian Government Tourist Board,,0,0,0,1,-0.22788328043316142,,
image-baseline,"20141105_Ketchum Inc. NY_Surfield, Ron_Short-Form.pdf",registration_num,FARA,"5758
",0,0,1,1,-0.030575408542063087,,
image-baseline,"20141105_Ketchum Inc. NY_Surfield, Ron_Short-Form.pdf",registrant_name,Ron Surfield,"Ketchum, Inc.
",0,0,1,1,-0.01099162766089042,,
image-baseline,"20141105_Ketchum Inc. NY_Surfield, Ron_Short-Form.pdf",foreign_principle_name,"Ketchum, Inc.","Exerom Spain
ICEX
",0,0,1,1,-0.06940104624300147,,
image-baseline,"20141105_Ketchum Inc. NY_Surfield, Ron_Short-Form.pdf",file_date,11/05/2014,"July 16, 2014
",0,0,1,1,-0.024610469866274798,,
image-baseline,"20141105_Ketchum Inc. NY_Surfield, Ron_Short-Form.pdf",signer_name,Ronald Joseph Surfield,"Ronald Joseph Surfield
",1,1,1,1,-0.0033228485961444678,,
image-baseline,"20141105_Ketchum Inc. NY_Surfield, Ron_Short-Form.pdf",signer_title,,,1,1,0,0,-0.5267605781555176,,
image-baseline,"20091209_International Trade _ Development Agency, Inc._Murphy, Morgan F._Short-Form.pdf",registration_num,FARA,"3690
",0,0,1,1,-0.10878295672591776,,
image-baseline,"20091209_International Trade _ Development Agency, Inc._Murphy, Morgan F._Short-Form.pdf",registrant_name,Morgan F. Murphy,"International Trade and Development Agency
",0,0,1,1,-0.02895599128678441,,
image-baseline,"20091209_International Trade _ Development Agency, Inc._Murphy, Morgan F._Short-Form.pdf",foreign_principle_name,Taiwan,"Taiwan
",1,1,1,1,-0.021056318895716686,,
image-baseline,"20091209_International Trade _ Development Agency, Inc._Murphy, Morgan F._Short-Form.pdf",file_date,2009 DEC - 9,"Decilna 2009
",0,0,1,1,-0.19969408874749206,,
image-baseline,"20091209_International Trade _ Development Agency, Inc._Murphy, Morgan F._Short-Form.pdf",signer_name,Morgan F. Murphy,,0,0,0,1,-0.013525535631924868,,
image-baseline,"20091209_International Trade _ Development Agency, Inc._Murphy, Morgan F._Short-Form.pdf",signer_title,Legal Consultant,,0,0,0,1,-0.35528413229621947,,
image-baseline,"20180629_MMGY Global, LLC_Koehly, Chelsea_Short-Form.pdf",registration_num,FARA,"6492
",0,0,1,1,-0.03504535974934697,,
image-baseline,"20180629_MMGY Global, LLC_Koehly, Chelsea_Short-Form.pdf",registrant_name,Chelsea Koehly,"MMGY Global, LLC
",0,0,1,1,-0.020214696487528272,,
image-baseline,"20180629_MMGY Global, LLC_Koehly, Chelsea_Short-Form.pdf",foreign_principle_name,Bermuda Tourism Authority,"Bermuda Tourism Authority
",1,1,1,1,-0.019038751952757595,,
image-baseline,"20180629_MMGY Global, LLC_Koehly, Chelsea_Short-Form.pdf",file_date,06/29/2018,"June 27, 2018
",0,0,1,1,-0.012636997454592347,,
image-baseline,"20180629_MMGY Global, LLC_Koehly, Chelsea_Short-Form.pdf",signer_name,Chelsea Koehly,"Chelsea Koehly
",1,1,1,1,-0.009258095284167212,,
image-baseline,"20180629_MMGY Global, LLC_Koehly, Chelsea_Short-Form.pdf",signer_title,,,1,1,0,0,-0.41635921597480774,,
image-baseline,"20100226_KRL International, LLC__Short-Form.pdf",registration_num,FARA,"5788
",0,0,1,1,-0.08827545796521008,,
image-baseline,"20100226_KRL International, LLC__Short-Form.pdf",registrant_name,K. Riva Levinson,"KRL International LLC
",0,0,1,1,-0.12907600003139427,,
image-baseline,"20100226_KRL International, LLC__Short-Form.pdf",foreign_principle_name,Office of the President Minister of State for Liberia,"Office of the President minister of State for Liberia
",0,1,1,1,-0.15937462212362638,,
image-baseline,"20100226_KRL International, LLC__Short-Form.pdf",file_date,2010 FEB 26,"2/24/2010
(Date ",0,0,1,1,-0.1942724478067248,,
image-baseline,"20100226_KRL International, LLC__Short-Form.pdf",signer_name,K. Riva Levinson,,0,0,0,1,-0.13764809619169682,,
image-baseline,"20100226_KRL International, LLC__Short-Form.pdf",signer_title,Managing Director,,0,0,0,1,-0.3569852680666372,,
image-baseline,"20120926_Squire Patton Boggs, LLP_Thompson, Scott C._Short-Form.pdf",registration_num,FARA,"2165
",0,0,1,1,-0.19445074850227684,,
image-baseline,"20120926_Squire Patton Boggs, LLP_Thompson, Scott C._Short-Form.pdf",registrant_name,Scott C. Thompson,"Patton Boggs LLP
",0,0,1,1,-0.08298225729959086,,
image-baseline,"20120926_Squire Patton Boggs, LLP_Thompson, Scott C._Short-Form.pdf",foreign_principle_name,Patton Boggs LLP,"By this filing: Interim Transitional National Council of Libya. By prior filings: 1) Al-Ahmar Trading Group, 2) The Embassy
of the Republic of Azerbaijan, 3) The Korea International Trade Association, 4) Republic of Croatia, 5) Government of
Kosova, and 6) Royal Embassy of Saudi Arabia.
",0,0,1,1,-0.022699882132292258,,
image-baseline,"20120926_Squire Patton Boggs, LLP_Thompson, Scott C._Short-Form.pdf",file_date,09/26/2012,"September 25, 2012
",0,0,1,1,-0.04891041424270952,,
image-baseline,"20120926_Squire Patton Boggs, LLP_Thompson, Scott C._Short-Form.pdf",signer_name,Scott C. Thompson,"Scott C. Thompson
",1,1,1,1,-0.002379293269768823,,
image-baseline,"20120926_Squire Patton Boggs, LLP_Thompson, Scott C._Short-Form.pdf",signer_title,Attorney,,0,0,0,1,-0.08416956594919611,,
image-baseline,"20120914_Department of Culture Tourism - Abu Dhabi (New York Branch)_McDonagh, Paul_Short-Form.pdf",registration_num,FARA,"6134
",0,0,1,1,-0.04353708354756236,,
image-baseline,"20120914_Department of Culture Tourism - Abu Dhabi (New York Branch)_McDonagh, Paul_Short-Form.pdf",registrant_name,Paul McDonagh,"Abu Dhabi Tourism & Culture Authority - New Yo
",0,0,1,1,-0.022425678578050185,,
image-baseline,"20120914_Department of Culture Tourism - Abu Dhabi (New York Branch)_McDonagh, Paul_Short-Form.pdf",foreign_principle_name,Abu Dhabi Tourism & Culture Authority,"Abu Dhabi Tourism & Culture Authority
",1,1,1,1,-0.003098549239179452,,
image-baseline,"20120914_Department of Culture Tourism - Abu Dhabi (New York Branch)_McDonagh, Paul_Short-Form.pdf",file_date,09/14/2012,"September 14, 2012
",1,1,1,1,-0.030639656057974207,,
image-baseline,"20120914_Department of Culture Tourism - Abu Dhabi (New York Branch)_McDonagh, Paul_Short-Form.pdf",signer_name,Paul McDonagh,"Paul McDonagh
",1,1,1,1,-0.01488248483898739,,
image-baseline,"20120914_Department of Culture Tourism - Abu Dhabi (New York Branch)_McDonagh, Paul_Short-Form.pdf",signer_title,eSigned,,0,0,0,1,-0.5379040539264679,,
image-baseline,"20180209_Andreae _ Associates_Braha, Katharine_Short-Form.pdf",registration_num,FARA,"6371
",0,0,1,1,-0.32428393862210214,,
image-baseline,"20180209_Andreae _ Associates_Braha, Katharine_Short-Form.pdf",registrant_name,Katharine Braha,"Andreae & Associates
",0,0,1,1,-0.008013625378953292,,
image-baseline,"20180209_Andreae _ Associates_Braha, Katharine_Short-Form.pdf",foreign_principle_name,"SCL Social, For Iraq United","SCL Social, For Iraq United
",1,1,1,1,-0.0403158565168269,,
image-baseline,"20180209_Andreae _ Associates_Braha, Katharine_Short-Form.pdf",file_date,02/09/2018,"February 9, 2018
",1,1,1,1,-0.025333396356654703,,
image-baseline,"20180209_Andreae _ Associates_Braha, Katharine_Short-Form.pdf",signer_name,Katharine Braha,,0,0,0,1,-0.0723692826111801,,
image-baseline,"20180209_Andreae _ Associates_Braha, Katharine_Short-Form.pdf",signer_title,Vice President,,0,0,0,1,-0.042348743983893655,,
image-baseline,"20180315_Miller _ Chevalier Chartered_Orr, P. Welles_Short-Form.pdf",registration_num,FARA,"No.
6533
",0,0,1,1,-0.1950862556695938,,
image-baseline,"20180315_Miller _ Chevalier Chartered_Orr, P. Welles_Short-Form.pdf",registrant_name,P. Welles Orr,"Miller & Chevalier Chartered
",0,0,1,0,-0.05037025045603514,,
image-baseline,"20180315_Miller _ Chevalier Chartered_Orr, P. Welles_Short-Form.pdf",foreign_principle_name,Government of the Kingdom of Bahrain,"Government of the Kingdom of Bahrain
",1,1,1,1,-0.0411050017355592,,
image-baseline,"20180315_Miller _ Chevalier Chartered_Orr, P. Welles_Short-Form.pdf",file_date,03/15/2018,"14 March 2015
",0,0,1,1,-0.052056157860715754,,
image-baseline,"20180315_Miller _ Chevalier Chartered_Orr, P. Welles_Short-Form.pdf",signer_name,P. Welles Orr,,0,0,0,0,-0.11765748076722957,,
image-baseline,"20180315_Miller _ Chevalier Chartered_Orr, P. Welles_Short-Form.pdf",signer_title,Senior International Trade Advisor,,0,0,0,1,-0.021133694255695445,,
image-baseline,"20151119_Capitol Counsel, LLC_Tryon, Warren_Short-Form.pdf",registration_num,FARA,"6328
",0,0,1,1,-0.09992057830095291,,
image-baseline,"20151119_Capitol Counsel, LLC_Tryon, Warren_Short-Form.pdf",registrant_name,Warren Tryon,"Capitol Counsel LLC
",0,0,1,1,-0.003978566834121011,,
image-baseline,"20151119_Capitol Counsel, LLC_Tryon, Warren_Short-Form.pdf",foreign_principle_name,Republic of Turkey (through Gephardt Group Government Affairs LLC),"Republic of Turkey (through Gephardt Group Government Affairs LLC)
",1,1,1,1,-0.04374493185969186,,
image-baseline,"20151119_Capitol Counsel, LLC_Tryon, Warren_Short-Form.pdf",file_date,11/19/2015,"November 19, 2015
",1,1,1,1,-0.06603029055113438,,
image-baseline,"20151119_Capitol Counsel, LLC_Tryon, Warren_Short-Form.pdf",signer_name,Warren Tryon,"Warren Tryon
",1,1,1,1,-0.004305531987256472,,
image-baseline,"20151119_Capitol Counsel, LLC_Tryon, Warren_Short-Form.pdf",signer_title,Capitol Counsel LLC,,0,0,0,1,-0.6218848004937172,,
image-baseline,"20090217_Squire Patton Boggs, LLP_Brand, Joseph L._Short-Form.pdf",registration_num,FARA,"2165
",0,0,1,1,-0.0994146050652489,,
image-baseline,"20090217_Squire Patton Boggs, LLP_Brand, Joseph L._Short-Form.pdf",registrant_name,Joseph L. Brand,"Patton Boggs LLP
",0,0,1,1,-0.0317406177855446,,
image-baseline,"20090217_Squire Patton Boggs, LLP_Brand, Joseph L._Short-Form.pdf",foreign_principle_name,The Embassy of Sri Lanka,"By this filing: The Embassy of Sri Lanka. By previous filings; The Government of the Republic of Angola;
The Government of the Republic of Cyprus; The Government of the State of Qatar; and The Government of the
Republic of Cameroon.
",0,0,1,1,-0.08346752955112606,,
image-baseline,"20090217_Squire Patton Boggs, LLP_Brand, Joseph L._Short-Form.pdf",file_date,2007-09-17,"1-29-09
",0,0,1,0,-0.33503183061257,,
image-baseline,"20090217_Squire Patton Boggs, LLP_Brand, Joseph L._Short-Form.pdf",signer_name,Patton Boggs LLP,,0,0,0,1,-0.04635314719635062,,
image-baseline,"20090217_Squire Patton Boggs, LLP_Brand, Joseph L._Short-Form.pdf",signer_title,Attorney,,0,0,0,1,-0.42908461677870946,,
image-baseline,"20160720_KRL International, LLC_Levinson, K Riva_Short-Form.pdf",registration_num,FARA,"5788
",0,0,1,1,-0.178188884165138,,
image-baseline,"20160720_KRL International, LLC_Levinson, K Riva_Short-Form.pdf",registrant_name,KRiva Levinson,"KRL International LLC
",0,0,1,1,-0.09475000831116631,,
image-baseline,"20160720_KRL International, LLC_Levinson, K Riva_Short-Form.pdf",foreign_principle_name,Nana Foundation,"1. Office of the President of Liberia, 2. DRC Office in charge of fight against sexual violence, 3. 1 Am For Nana Foundation,
",0,0,1,1,-0.4076869438091914,,
image-baseline,"20160720_KRL International, LLC_Levinson, K Riva_Short-Form.pdf",file_date,07/20/2016,"7/13/2016
(Date of signature)
",0,0,1,1,-0.020579050591186386,,
image-baseline,"20160720_KRL International, LLC_Levinson, K Riva_Short-Form.pdf",signer_name,KRiva Levinson,,0,0,0,1,-0.19716948658970068,,
image-baseline,"20160720_KRL International, LLC_Levinson, K Riva_Short-Form.pdf",signer_title,Consultant/Lobbyist,,0,0,0,1,-0.24518485338776372,,
image-baseline,"20130410_Singapore Economic Development Board_Ng, Tat Peng Paul_Short-Form.pdf",registration_num,FARA,"2003
",0,0,1,1,-0.12878134517814033,,
image-baseline,"20130410_Singapore Economic Development Board_Ng, Tat Peng Paul_Short-Form.pdf",registrant_name,NG TAI-PENG PAUL,"SINGAPORE ECONOMIC DEVELOPMENT BOARD
",0,0,1,0,-0.07036425722097712,,
image-baseline,"20130410_Singapore Economic Development Board_Ng, Tat Peng Paul_Short-Form.pdf",foreign_principle_name,SINGAPORE ECONOMIC DEVELOPMENT BOARD,"SINGAPORE ECONOMIC DEVELOPMENT BOARD
250 NORTH BRIDGE RD, #28-00 RAFFLES CITY TOWER, SINGAPORE
",0,0,1,1,-0.04218957719098802,,
image-baseline,"20130410_Singapore Economic Development Board_Ng, Tat Peng Paul_Short-Form.pdf",file_date,04/10/2013,"8 FEB 2013
",0,0,1,1,-0.03532831113625434,,
image-baseline,"20130410_Singapore Economic Development Board_Ng, Tat Peng Paul_Short-Form.pdf",signer_name,NG TAI-PENG,,0,0,0,0,-0.20147366113960744,,
image-baseline,"20130410_Singapore Economic Development Board_Ng, Tat Peng Paul_Short-Form.pdf",signer_title,VICE PRESIDENT,,0,0,0,1,-0.0621413787206014,,
image-baseline,"20130617_Hill and Knowlton Strategies, LLC_Morscheck, Peter_Short-Form.pdf",registration_num,FARA,"3301
",0,0,1,1,-0.14509327156702057,,
image-baseline,"20130617_Hill and Knowlton Strategies, LLC_Morscheck, Peter_Short-Form.pdf",registrant_name,Peter Morscheck,"Hill and Knowlton Strategies, LLC
",0,0,1,1,-0.06191217014566064,,
image-baseline,"20130617_Hill and Knowlton Strategies, LLC_Morscheck, Peter_Short-Form.pdf",foreign_principle_name,Tokyo Electric Power Company (TEPCO),"Tokyo Electric Power Company (TEPCO)
",1,1,1,1,-0.024024097999790682,,
image-baseline,"20130617_Hill and Knowlton Strategies, LLC_Morscheck, Peter_Short-Form.pdf",file_date,06/17/13,"6/17/13
",1,1,1,0,-0.014429776376346126,,
image-baseline,"20130617_Hill and Knowlton Strategies, LLC_Morscheck, Peter_Short-Form.pdf",signer_name,Peter E. Morscheck,"Peter E. Morscheck
(Signature)
",0,0,1,1,-0.03638575323081265,,
image-baseline,"20130617_Hill and Knowlton Strategies, LLC_Morscheck, Peter_Short-Form.pdf",signer_title,,,1,1,0,0,-0.6776295900344849,,
image-baseline,"20120905_Squire Patton Boggs, LLP_Thompson, Scott C._Short-Form.pdf",registration_num,FARA,"2165
",0,0,1,1,-0.29269068309804425,,
image-baseline,"20120905_Squire Patton Boggs, LLP_Thompson, Scott C._Short-Form.pdf",registrant_name,Scott C. Thompson,"Patton Boggs LLP
",0,0,1,1,-0.011423511517932639,,
image-baseline,"20120905_Squire Patton Boggs, LLP_Thompson, Scott C._Short-Form.pdf",foreign_principle_name,Patton Boggs LLP,"By this filing: Republic of Croatia. By prior filings: 1. Al-Hamar Trading Group; 2. The Embassy of the Republic of
Azerbaijan; 3. The Korea International Trade Association (KITA); 4. The Government of Kosova; and, 5. The Government
of Saudi Arabia.
",0,0,1,1,-0.0545316904084757,,
image-baseline,"20120905_Squire Patton Boggs, LLP_Thompson, Scott C._Short-Form.pdf",file_date,09/05/2012,"September 05, 2012
",1,1,1,1,-0.025308004975158838,,
image-baseline,"20120905_Squire Patton Boggs, LLP_Thompson, Scott C._Short-Form.pdf",signer_name,Scott C. Thompson,"Scott C. Thompson
",1,1,1,1,-0.0047979999872040935,,
image-baseline,"20120905_Squire Patton Boggs, LLP_Thompson, Scott C._Short-Form.pdf",signer_title,Attorney,,0,0,0,1,-0.08257642314492841,,
image-baseline,"20131009_Squire Patton Boggs, LLP_Frideres, Taryn F._Short-Form.pdf",registration_num,FARA,"2165
",0,0,1,1,-0.05220990313682705,,
image-baseline,"20131009_Squire Patton Boggs, LLP_Frideres, Taryn F._Short-Form.pdf",registrant_name,Taryn F. Frideres,"Taryn F. Frideres
",1,1,1,1,-0.03213456304365536,,
image-baseline,"20131009_Squire Patton Boggs, LLP_Frideres, Taryn F._Short-Form.pdf",foreign_principle_name,Temasek Holdings,,0,0,0,1,-0.008304653704726661,,
image-baseline,"20131009_Squire Patton Boggs, LLP_Frideres, Taryn F._Short-Form.pdf",file_date,10/09/2013,"October 9, 2013
",1,1,1,1,-0.03867383388092094,,
image-baseline,"20131009_Squire Patton Boggs, LLP_Frideres, Taryn F._Short-Form.pdf",signer_name,Taryn F. Frideres,"Taryn F. Frideres
",1,1,1,1,-0.017254436554594577,,
image-baseline,"20131009_Squire Patton Boggs, LLP_Frideres, Taryn F._Short-Form.pdf",signer_title,,,1,1,0,0,-0.6710975766181946,,
image-baseline,"20090424_BGR Government Affairs, LLC_Reid, Morris L._Short-Form.pdf",registration_num,FARA,"5430
",0,0,1,1,-0.12560246253269725,,
image-baseline,"20090424_BGR Government Affairs, LLC_Reid, Morris L._Short-Form.pdf",registrant_name,Morris L. Reid,"Barbour Griffith & Rogers, LLC d/b/a BGR
Government Affairs, LLC
",0,0,1,1,-0.01663536071537237,,
image-baseline,"20090424_BGR Government Affairs, LLC_Reid, Morris L._Short-Form.pdf",foreign_principle_name,Kurdistan Regional Government,"Kurdistan Regional Government
State of Qatar
Republic of India
",0,0,1,1,-0.08559387311106548,,
image-baseline,"20090424_BGR Government Affairs, LLC_Reid, Morris L._Short-Form.pdf",file_date,01/30/2009,"21
Date of ",0,0,1,1,-0.12079323067009681,,
image-baseline,"20090424_BGR Government Affairs, LLC_Reid, Morris L._Short-Form.pdf",signer_name,Morris L. Reid,,0,0,0,1,-0.04002233700011857,,
image-baseline,"20090424_BGR Government Affairs, LLC_Reid, Morris L._Short-Form.pdf",signer_title,"Managing Director, BGR Government Affairs, LLC",,0,0,0,1,-0.06551101985678542,,
image-baseline,"20180307_BerlinRosen Ltd._Mondy, Lincoln Cornell_Short-Form.pdf",registration_num,FARA,"6531
",0,0,1,1,-0.138535569421947,,
image-baseline,"20180307_BerlinRosen Ltd._Mondy, Lincoln Cornell_Short-Form.pdf",registrant_name,Lincoln Cornell Mondy,"Berlin Rosen Ltd
",0,0,1,1,-0.23580418698256836,,
image-baseline,"20180307_BerlinRosen Ltd._Mondy, Lincoln Cornell_Short-Form.pdf",foreign_principle_name,Cambodia National Rescue Movement (CNRM),"Cambodia National Rescue Movement (CNRM)
",1,1,1,1,-0.10906509386647183,,
image-baseline,"20180307_BerlinRosen Ltd._Mondy, Lincoln Cornell_Short-Form.pdf",file_date,03/07/2018,"2/26/18
",0,0,1,1,-0.03044986240711296,,
image-baseline,"20180307_BerlinRosen Ltd._Mondy, Lincoln Cornell_Short-Form.pdf",signer_name,Berlin Rosen Ltd,,0,0,0,1,-0.10117856878787279,,
image-baseline,"20180307_BerlinRosen Ltd._Mondy, Lincoln Cornell_Short-Form.pdf",signer_title,N/A,,0,0,0,1,-1.1040293481200933,,
image-baseline,"20110311_Garvey, Schubert _ Barer_Duboff, Scott_Short-Form.pdf",registration_num,FARA,"3047
",0,0,1,1,-0.17889459687285125,,
image-baseline,"20110311_Garvey, Schubert _ Barer_Duboff, Scott_Short-Form.pdf",registrant_name,Scott M. DuBoff,"Garvey Schubert Barer
",0,0,1,1,-0.04348744448119154,,
image-baseline,"20110311_Garvey, Schubert _ Barer_Duboff, Scott_Short-Form.pdf",foreign_principle_name,Garvey Schubert Barer,"Province of Manitoba
",0,0,1,1,-0.04200404412813441,,
image-baseline,"20110311_Garvey, Schubert _ Barer_Duboff, Scott_Short-Form.pdf",file_date,03/11/2011,"March 11, 2011
",1,1,1,1,-0.06311674008829868,,
image-baseline,"20110311_Garvey, Schubert _ Barer_Duboff, Scott_Short-Form.pdf",signer_name,"Harold G. Bailey, Jr.","Harold G. Bailey, Jr.
",1,1,1,1,-0.005914838238822995,,
image-baseline,"20110311_Garvey, Schubert _ Barer_Duboff, Scott_Short-Form.pdf",signer_title,eSigned,,0,0,0,1,-0.7181194089353085,,
image-baseline,"20180419_Pillsbury Winthrop Shaw Pittman, LLP_Oresman, Matthew S._Short-Form.pdf",registration_num,FARA,"5198
",0,0,1,1,-0.08490680158138275,,
image-baseline,"20180419_Pillsbury Winthrop Shaw Pittman, LLP_Oresman, Matthew S._Short-Form.pdf",registrant_name,Matthew S. Oresman,"Pillsbury Winthrop Shaw Pittman LLP
",0,0,1,1,-0.016128824165207334,,
image-baseline,"20180419_Pillsbury Winthrop Shaw Pittman, LLP_Oresman, Matthew S._Short-Form.pdf",foreign_principle_name,Embassy of Qatar,"Embassy of Qatar.
",0,1,1,1,-0.12113425097777508,,
image-baseline,"20180419_Pillsbury Winthrop Shaw Pittman, LLP_Oresman, Matthew S._Short-Form.pdf",file_date,04/19/2018,"April 19, 2018
",1,1,1,1,-0.024502972288428283,,
image-baseline,"20180419_Pillsbury Winthrop Shaw Pittman, LLP_Oresman, Matthew S._Short-Form.pdf",signer_name,Matthew S. Oresman,"Matthew S. Oresman
",1,1,1,1,-0.003098703139282103,,
image-baseline,"20180419_Pillsbury Winthrop Shaw Pittman, LLP_Oresman, Matthew S._Short-Form.pdf",signer_title,,,1,1,0,0,-0.7642224431037903,,
image-baseline,"20090115_Korea National Tourism Organization, Los Angeles_Lee, Jae Kyong_Short-Form.pdf",registration_num,FARA,"2544
",0,0,1,1,-0.08868059003725648,,
image-baseline,"20090115_Korea National Tourism Organization, Los Angeles_Lee, Jae Kyong_Short-Form.pdf",registrant_name,Jae Kyong Lee,"Jaekyong Lee
",0,1,1,1,-0.0486949265236035,,
image-baseline,"20090115_Korea National Tourism Organization, Los Angeles_Lee, Jae Kyong_Short-Form.pdf",foreign_principle_name,Korea National Tourism Organization,"Korea National Tourism Organization
",1,1,1,1,-0.06556861447170377,,
image-baseline,"20090115_Korea National Tourism Organization, Los Angeles_Lee, Jae Kyong_Short-Form.pdf",file_date,2009,"12;
2009
",0,0,1,1,-0.4113542502745986,,
image-baseline,"20090115_Korea National Tourism Organization, Los Angeles_Lee, Jae Kyong_Short-Form.pdf",signer_name,Jae Kyong Lee,,0,0,0,1,-0.22712986208498478,,
image-baseline,"20090115_Korea National Tourism Organization, Los Angeles_Lee, Jae Kyong_Short-Form.pdf",signer_title,Director,,0,0,0,1,-0.968389630317688,,
image-baseline,"20081125_Greenberg Traurig, LLP_Vargo, Regina_Short-Form.pdf",registration_num,FARA,"5712
",0,0,1,0,-0.07037626812234521,,
image-baseline,"20081125_Greenberg Traurig, LLP_Vargo, Regina_Short-Form.pdf",registrant_name,Regina Vargo,"Greenberg Traurig, LLP
",0,0,1,1,-0.006485155567133916,,
image-baseline,"20081125_Greenberg Traurig, LLP_Vargo, Regina_Short-Form.pdf",foreign_principle_name,SAGARPA,"Secretaria de Agricultura Ganaderia, Desarollo Rural, Pesca y Alimentacion ( SAGARPA)
",0,0,1,1,-0.1612436933501158,,
image-baseline,"20081125_Greenberg Traurig, LLP_Vargo, Regina_Short-Form.pdf",file_date,2008 NOV 25,"11/25/2008
",0,0,1,1,-0.059396266893600114,,
image-baseline,"20081125_Greenberg Traurig, LLP_Vargo, Regina_Short-Form.pdf",signer_name,Regina Vargo,,0,0,0,1,-0.013173574989195913,,
image-baseline,"20081125_Greenberg Traurig, LLP_Vargo, Regina_Short-Form.pdf",signer_title,Senior Director for Global Trade and Investment,,0,0,0,1,-0.07636749209320572,,
image-baseline,"20180402_Mercury Public Affairs, LLC_Hernandez, Michael Anthony_Short-Form.pdf",registration_num,FARA,"6170
",0,0,1,1,-0.07913674635346979,,
image-baseline,"20180402_Mercury Public Affairs, LLC_Hernandez, Michael Anthony_Short-Form.pdf",registrant_name,Michael Anthony Hernandez,"Mercury Public Affairs, LLC
",0,0,1,1,-0.006709383567795157,,
image-baseline,"20180402_Mercury Public Affairs, LLC_Hernandez, Michael Anthony_Short-Form.pdf",foreign_principle_name,Embassy of the State Of Qatar,"Embassy of the State Of Qatar
",1,1,1,1,-0.0350946707933742,,
image-baseline,"20180402_Mercury Public Affairs, LLC_Hernandez, Michael Anthony_Short-Form.pdf",file_date,04/02/2018,"April 02, 2018
",1,1,1,1,-0.00816517870844109,,
image-baseline,"20180402_Mercury Public Affairs, LLC_Hernandez, Michael Anthony_Short-Form.pdf",signer_name,Michael Hernandez,"Michael Hernandez
",1,1,1,1,-0.005326626356691122,,
image-baseline,"20180402_Mercury Public Affairs, LLC_Hernandez, Michael Anthony_Short-Form.pdf",signer_title,,,1,1,0,0,-0.6693862080574036,,
image-baseline,"20100622_Tourist Office for Flanders, Belgium - New York Office_Jacobs, Geertrui_Short-Form.pdf",registration_num,FARA,"5840
",0,0,1,1,-0.05306199478218332,,
image-baseline,"20100622_Tourist Office for Flanders, Belgium - New York Office_Jacobs, Geertrui_Short-Form.pdf",registrant_name,Geertrui Jacobs,"Tourist Office for Flanders, Belgium
",0,0,1,1,-0.10549140395596623,,
image-baseline,"20100622_Tourist Office for Flanders, Belgium - New York Office_Jacobs, Geertrui_Short-Form.pdf",foreign_principle_name,"Tourist Office for Flanders, Belgium","Flanders Tourism Board
",0,0,1,1,-0.12259606525731215,,
image-baseline,"20100622_Tourist Office for Flanders, Belgium - New York Office_Jacobs, Geertrui_Short-Form.pdf",file_date,2010 JUN 22,"June 16, 2010
",0,0,1,1,-0.07381581517984159,,
image-baseline,"20100622_Tourist Office for Flanders, Belgium - New York Office_Jacobs, Geertrui_Short-Form.pdf",signer_name,Geertrui Jacobs,,0,0,0,1,-0.17202232039999216,,
image-baseline,"20100622_Tourist Office for Flanders, Belgium - New York Office_Jacobs, Geertrui_Short-Form.pdf",signer_title,Director,,0,0,0,1,-0.30986037850379944,,
image-baseline,"20140918_JETRO, New York_Suzuki, Atsushi_Short-Form.pdf",registration_num,FARA,"1643
",0,0,1,1,-0.12357190201873891,,
image-baseline,"20140918_JETRO, New York_Suzuki, Atsushi_Short-Form.pdf",registrant_name,Mr. Atsushi Suzuki,"JETRO, New York
",0,0,1,1,-0.02174057515609699,,
image-baseline,"20140918_JETRO, New York_Suzuki, Atsushi_Short-Form.pdf",foreign_principle_name,JETRO,"Japan External Trade Organization, (JETRO), Tokyo Japan
",0,0,1,1,-0.02843777415000659,,
image-baseline,"20140918_JETRO, New York_Suzuki, Atsushi_Short-Form.pdf",file_date,09/18/2014,"09/18/2014
",1,1,1,1,-0.01273455296177417,,
image-baseline,"20140918_JETRO, New York_Suzuki, Atsushi_Short-Form.pdf",signer_name,Atsushi Suzuki,"Atsush
Sugarker
",0,0,1,1,-0.06538174283923581,,
image-baseline,"20140918_JETRO, New York_Suzuki, Atsushi_Short-Form.pdf",signer_title,Director,,0,0,0,1,-0.11294065415859222,,
image-baseline,"20170512_Alpha Strategies, LLC_Jalil, Adnan_Short-Form.pdf",registration_num,FARA,"6431
",0,0,1,1,-0.03773305204231292,,
image-baseline,"20170512_Alpha Strategies, LLC_Jalil, Adnan_Short-Form.pdf",registrant_name,Adnan Jalil,"Aselus Strategies, LLC
",0,0,1,1,-0.00851905278977938,,
image-baseline,"20170512_Alpha Strategies, LLC_Jalil, Adnan_Short-Form.pdf",foreign_principle_name,Government of Democratic Republic of the Congo (through Mer Security and Communication Systems),"Government of Democratic Republic of the Congo (through Mer Security and Communication Systems)
",1,1,1,1,-0.12038417529450575,,
image-baseline,"20170512_Alpha Strategies, LLC_Jalil, Adnan_Short-Form.pdf",file_date,05/12/2017,"May 12, 2017
",1,1,1,1,-0.023646134187947608,,
image-baseline,"20170512_Alpha Strategies, LLC_Jalil, Adnan_Short-Form.pdf",signer_name,Adnan Jalil,"Adnan Jalil
",1,1,1,1,-0.037330556596316455,,
image-baseline,"20170512_Alpha Strategies, LLC_Jalil, Adnan_Short-Form.pdf",signer_title,N/A,,0,0,0,1,-0.83931047283113,,
image-baseline,"20130417_Korea National Tourism Organization, New Jersey_You, Sejoon_Short-Form.pdf",registration_num,FARA,"2614
",0,0,1,1,-0.05655718382331543,,
image-baseline,"20130417_Korea National Tourism Organization, New Jersey_You, Sejoon_Short-Form.pdf",registrant_name,Sejoon You,"Jeongah Kim
",0,0,1,1,-0.12561179185286164,,
image-baseline,"20130417_Korea National Tourism Organization, New Jersey_You, Sejoon_Short-Form.pdf",foreign_principle_name,Jeongah Kim,,0,0,0,1,-0.04281231798813678,,
image-baseline,"20130417_Korea National Tourism Organization, New Jersey_You, Sejoon_Short-Form.pdf",file_date,04/17/2013,"4 17, 2013
",0,0,1,1,-0.005959908482145693,,
image-baseline,"20130417_Korea National Tourism Organization, New Jersey_You, Sejoon_Short-Form.pdf",signer_name,Sejoon You,"Sejoon You
",1,1,1,1,-0.005856167819729308,,
image-baseline,"20130417_Korea National Tourism Organization, New Jersey_You, Sejoon_Short-Form.pdf",signer_title,,,1,1,0,0,-0.7221738696098328,,
image-baseline,"20170307_S.G.R. LLC Government Relations and Lobbying_Miller, James G._Short-Form.pdf",registration_num,FARA,"6379
",0,0,1,1,-0.09687022445723414,,
image-baseline,"20170307_S.G.R. LLC Government Relations and Lobbying_Miller, James G._Short-Form.pdf",registrant_name,James G. Miller,"S.G.R.LLC Government Relations and Lobbying
",0,0,1,1,-0.08737643010681495,,
image-baseline,"20170307_S.G.R. LLC Government Relations and Lobbying_Miller, James G._Short-Form.pdf",foreign_principle_name,Inovo BV,"Inovo BV (as a result of work SGR did for Flynn Intel Group Inc.)
",0,0,1,1,-0.3273031810919444,,
image-baseline,"20170307_S.G.R. LLC Government Relations and Lobbying_Miller, James G._Short-Form.pdf",file_date,03/07/2017,"3/2/2017
",0,0,1,1,-0.016144279951913632,,
image-baseline,"20170307_S.G.R. LLC Government Relations and Lobbying_Miller, James G._Short-Form.pdf",signer_name,James G. Miller,,0,0,0,1,-0.3247938819695264,,
image-baseline,"20170307_S.G.R. LLC Government Relations and Lobbying_Miller, James G._Short-Form.pdf",signer_title,Public Affairs Consultant,,0,0,0,1,-0.35524285747669637,,
image-baseline,"20100621_Venable, LLP_Hinckley, Elias_Short-Form.pdf",registration_num,FARA,"5931
",0,0,1,1,-0.09941615513525903,,
image-baseline,"20100621_Venable, LLP_Hinckley, Elias_Short-Form.pdf",registrant_name,Elias Hinckley,"Venable LLP
",0,0,1,1,-0.08378096392261795,,
image-baseline,"20100621_Venable, LLP_Hinckley, Elias_Short-Form.pdf",foreign_principle_name,Venable LLP,"Gazprom Export
",0,0,1,1,-0.08823673101142049,,
image-baseline,"20100621_Venable, LLP_Hinckley, Elias_Short-Form.pdf",file_date,2010 JUN 21,"6.4.2010
",0,0,1,1,-0.059785316552734,,
image-baseline,"20100621_Venable, LLP_Hinckley, Elias_Short-Form.pdf",signer_name,Elias Hinckley,,0,0,0,1,-0.13431254104580148,,
image-baseline,"20100621_Venable, LLP_Hinckley, Elias_Short-Form.pdf",signer_title,Attorney,,0,0,0,1,-0.3084901629044907,,
image-baseline,"20130917_Daniel J. Edelman, Inc._Colson, Rachel_Short-Form.pdf",registration_num,FARA,"3634
",0,0,1,1,-0.05638106749393046,,
image-baseline,"20130917_Daniel J. Edelman, Inc._Colson, Rachel_Short-Form.pdf",registrant_name,Rachel Colson,"Daniel J. Edelman, Inc.
",0,0,1,1,-0.0012849800502105306,,
image-baseline,"20130917_Daniel J. Edelman, Inc._Colson, Rachel_Short-Form.pdf",foreign_principle_name,"Oerlikon Solar, Ltd. (or TEL Solar)","Oerlikon Solar, Ltd. (or TEL Solar)
",1,1,1,1,-0.012371023832551705,,
image-baseline,"20130917_Daniel J. Edelman, Inc._Colson, Rachel_Short-Form.pdf",file_date,09/17/2013,"9/9/2013
",0,0,1,1,-0.032942421334701065,,
image-baseline,"20130917_Daniel J. Edelman, Inc._Colson, Rachel_Short-Form.pdf",signer_name,Rachel Colson,"Rachel Colson
",1,1,1,1,-0.0011475020243475835,,
image-baseline,"20130917_Daniel J. Edelman, Inc._Colson, Rachel_Short-Form.pdf",signer_title,,,1,1,0,0,-0.5073969960212708,,
image-baseline,"20120109_Raben Group, LLC_Raben, Robert_Short-Form.pdf",registration_num,FARA,"5932
",0,0,1,1,-0.034659389610169455,,
image-baseline,"20120109_Raben Group, LLC_Raben, Robert_Short-Form.pdf",registrant_name,Robert Raben,"The Raben Group, LLC
",0,0,1,1,-0.009443007861894634,,
image-baseline,"20120109_Raben Group, LLC_Raben, Robert_Short-Form.pdf",foreign_principle_name,Embassy of Mexico,"Embassy of Mexico
",1,1,1,1,-0.10125134787449497,,
image-baseline,"20120109_Raben Group, LLC_Raben, Robert_Short-Form.pdf",file_date,01/09/2012,"January 09, 2012
",1,1,1,1,-0.008493336056017143,,
image-baseline,"20120109_Raben Group, LLC_Raben, Robert_Short-Form.pdf",signer_name,Robert Raben,"Robert Raben
",1,1,1,1,-0.0034576497325057667,,
image-baseline,"20120109_Raben Group, LLC_Raben, Robert_Short-Form.pdf",signer_title,,,1,1,0,0,-0.6170042753219604,,
image-baseline,"20100514_Hill and Knowlton Strategies, LLC_Mercer, Amirah_Short-Form.pdf",registration_num,3301,"3301
",1,1,1,1,-0.14855221419929876,,
image-baseline,"20100514_Hill and Knowlton Strategies, LLC_Mercer, Amirah_Short-Form.pdf",registrant_name,Amirah Mercer,"Hill & Knowlton, Inc.
",0,0,1,1,-0.027409075177274644,,
image-baseline,"20100514_Hill and Knowlton Strategies, LLC_Mercer, Amirah_Short-Form.pdf",foreign_principle_name,"The Information Technology Development Agency, ITIDA (through Hill & Knowlton, London)","The Information Technology Development Agency, ITIDA (through Hill & Knowlton, London)
",1,1,1,1,-0.04612437470091714,,
image-baseline,"20100514_Hill and Knowlton Strategies, LLC_Mercer, Amirah_Short-Form.pdf",file_date,2010 MAY 14 PT 3:07,"3/26/10
",0,0,1,0,-0.27717260985809844,,
image-baseline,"20100514_Hill and Knowlton Strategies, LLC_Mercer, Amirah_Short-Form.pdf",signer_name,Cathy M.,,0,0,0,0,-1.1194287538528442,,
image-baseline,"20100514_Hill and Knowlton Strategies, LLC_Mercer, Amirah_Short-Form.pdf",signer_title,,,1,1,0,0,-0.7779598236083984,,
image-baseline,"20110415_Ketchum Inc. NY_Lieberman, Anne W._Short-Form.pdf",registration_num,FARA,"5758
",0,0,1,1,-0.05490348883904517,,
image-baseline,"20110415_Ketchum Inc. NY_Lieberman, Anne W._Short-Form.pdf",registrant_name,Anne W. Lieberman,"Ketchum Inc.
",0,0,1,1,-0.011784253176301718,,
image-baseline,"20110415_Ketchum Inc. NY_Lieberman, Anne W._Short-Form.pdf",foreign_principle_name,Government of the Russian Federation and Gazprom,"Government of the Russian Federation and Gazprom
",1,1,1,1,-0.0234873106564919,,
image-baseline,"20110415_Ketchum Inc. NY_Lieberman, Anne W._Short-Form.pdf",file_date,2011 APR 15,"April 5, 2011
",0,0,1,1,-0.13669987018511165,,
image-baseline,"20110415_Ketchum Inc. NY_Lieberman, Anne W._Short-Form.pdf",signer_name,Am,,0,0,0,1,-1.4642131328582764,,
image-baseline,"20110415_Ketchum Inc. NY_Lieberman, Anne W._Short-Form.pdf",signer_title,U.S. Attorney,,0,0,0,0,-1.5032676011323929,,
image-baseline,"20130307_Gephardt Group Government Affairs, LLC_Gephardt, Richard A._Short-Form.pdf",registration_num,FARA,"5874
",0,0,1,1,-0.048033916333224624,,
image-baseline,"20130307_Gephardt Group Government Affairs, LLC_Gephardt, Richard A._Short-Form.pdf",registrant_name,Richard A. Gephardt,"Gephardt Group Government Affairs, LLC
",0,0,1,1,-0.042578785063233225,,
image-baseline,"20130307_Gephardt Group Government Affairs, LLC_Gephardt, Richard A._Short-Form.pdf",foreign_principle_name,Republic of Korea,"Republic of Korea
Republic of Turkey
Taipei Economic and Cultural Representative Office in the United States
",0,0,1,1,-0.22528379272747165,,
image-baseline,"20130307_Gephardt Group Government Affairs, LLC_Gephardt, Richard A._Short-Form.pdf",file_date,03/07/2013,"March 07, 2013
",1,1,1,1,-0.014124213666218566,,
image-baseline,"20130307_Gephardt Group Government Affairs, LLC_Gephardt, Richard A._Short-Form.pdf",signer_name,Richard A. Gephardt,"Richard A. Gephardt
",1,1,1,1,-0.001899833808420226,,
image-baseline,"20130307_Gephardt Group Government Affairs, LLC_Gephardt, Richard A._Short-Form.pdf",signer_title,President & CEO,,0,0,0,1,-0.015648331105088193,,
image-baseline,"20111209_Independent Diplomat, Inc._Sheeran, Scott Philip_Short-Form.pdf",registration_num,FARA,"5860
",0,0,1,1,-0.050846419762820005,,
image-baseline,"20111209_Independent Diplomat, Inc._Sheeran, Scott Philip_Short-Form.pdf",registrant_name,Scott Philip Sheeran,"Independent Diplomat
",0,0,1,1,-0.003766720968997106,,
image-baseline,"20111209_Independent Diplomat, Inc._Sheeran, Scott Philip_Short-Form.pdf",foreign_principle_name,"The Government of the Republic of South Sudan; The Government of the Saharawi Arab Democratic Republic, The Government of the Republic of Somalia","The Government of the Republic of South Sudan; The Government of the Saharawi Arab Democratic Republic, The
Government of the Republic of Somaliland.
",0,0,1,0,-0.07253924541563955,,
image-baseline,"20111209_Independent Diplomat, Inc._Sheeran, Scott Philip_Short-Form.pdf",file_date,2011-DEC-9,"November 30, 2011
",0,0,1,1,-0.1462011280527804,,
image-baseline,"20111209_Independent Diplomat, Inc._Sheeran, Scott Philip_Short-Form.pdf",signer_name,Scott Philip Sheeran,"Scott Philip Sheeran
",1,1,1,1,-0.004796743436600082,,
image-baseline,"20111209_Independent Diplomat, Inc._Sheeran, Scott Philip_Short-Form.pdf",signer_title,Independent Diplomat,,0,0,0,1,-0.10443379744053043,,
image-baseline,"20170914_Doremus _ Company_Becker, David C._Short-Form.pdf",registration_num,FARA,"6387
",0,0,1,1,-0.049937383620999753,,
image-baseline,"20170914_Doremus _ Company_Becker, David C._Short-Form.pdf",registrant_name,David C. Becker,"Doremus & Company
",0,0,1,1,-0.0069943379567121156,,
image-baseline,"20170914_Doremus _ Company_Becker, David C._Short-Form.pdf",foreign_principle_name,Doremus & Company,"Economic Development Board Singapore
",0,0,1,1,-0.10230257036164403,,
image-baseline,"20170914_Doremus _ Company_Becker, David C._Short-Form.pdf",file_date,09/14/2017,"September 01, 2017
",0,0,1,1,-0.017686661144216485,,
image-baseline,"20170914_Doremus _ Company_Becker, David C._Short-Form.pdf",signer_name,David C. Becker,"David C. Becker
",1,1,1,1,-0.005340895688277669,,
image-baseline,"20170914_Doremus _ Company_Becker, David C._Short-Form.pdf",signer_title,eSigned,,0,0,0,1,-0.7032091021537781,,
image-baseline,"20121129_Commonwealth of Dominica Maritime Registry, Inc._Ma, Jianzhong_Short-Form.pdf",registration_num,FARA,"5334
",0,0,1,1,-0.343480930197984,,
image-baseline,"20121129_Commonwealth of Dominica Maritime Registry, Inc._Ma, Jianzhong_Short-Form.pdf",registrant_name,Ma Jianzhong,"Commonwealth of Dominica Maritime Registry
",0,0,1,1,-0.028635819830014952,,
image-baseline,"20121129_Commonwealth of Dominica Maritime Registry, Inc._Ma, Jianzhong_Short-Form.pdf",foreign_principle_name,Commonwealth of Dominica Maritime Registry,"Commonwealth of Dominica
",0,0,1,1,-0.04613144345265547,,
image-baseline,"20121129_Commonwealth of Dominica Maritime Registry, Inc._Ma, Jianzhong_Short-Form.pdf",file_date,11/29/2012,"20th September 2012
",0,0,1,1,-0.04469947375509946,,
image-baseline,"20121129_Commonwealth of Dominica Maritime Registry, Inc._Ma, Jianzhong_Short-Form.pdf",signer_name,20th September 2012,,0,0,0,1,-0.20772957480059834,,
image-baseline,"20121129_Commonwealth of Dominica Maritime Registry, Inc._Ma, Jianzhong_Short-Form.pdf",signer_title,Date of signature,,0,0,0,1,-0.436629402761658,,
image-baseline,"20180216_Sonoran Policy Group, LLC_Stryk, Robert Daniel_Short-Form.pdf",registration_num,FARA,"6399
",0,0,1,1,-0.06941067543812096,,
image-baseline,"20180216_Sonoran Policy Group, LLC_Stryk, Robert Daniel_Short-Form.pdf",registrant_name,Robert Daniel Stryk,"Sonoran Policy Group, LLC
",0,0,1,1,-0.2559018898755312,,
image-baseline,"20180216_Sonoran Policy Group, LLC_Stryk, Robert Daniel_Short-Form.pdf",foreign_principle_name,"Sonoran Policy Group, LLC",,0,0,0,1,-0.02490796790031406,,
image-baseline,"20180216_Sonoran Policy Group, LLC_Stryk, Robert Daniel_Short-Form.pdf",file_date,02/16/2018,"February 16, 2018
",1,1,1,1,-0.03481811478905002,,
image-baseline,"20180216_Sonoran Policy Group, LLC_Stryk, Robert Daniel_Short-Form.pdf",signer_name,Robert Stryk,"Robert Stryk
",1,1,1,1,-0.042011722922325134,,
image-baseline,"20180216_Sonoran Policy Group, LLC_Stryk, Robert Daniel_Short-Form.pdf",signer_title,Owner,,0,0,0,1,-1.0659332275390625,,
image-clarified,"20170223_PTI USA, LLC_Irshad, Faisal_Short-Form.pdf",registration_num,6160,"6160
",1,1,1,1,-0.007445044459018391,,
image-clarified,"20170223_PTI USA, LLC_Irshad, Faisal_Short-Form.pdf",registrant_name,Pakistan Tehreek-e-Insaf,"Pakistan Tehreek-e-Insaf
",1,1,1,1,-0.028752136655384675,,
image-clarified,"20170223_PTI USA, LLC_Irshad, Faisal_Short-Form.pdf",foreign_principle_name,PTI,"Pakistan Tehreek-e-Insaf
",0,0,1,1,-0.4037025715224445,,
image-clarified,"20170223_PTI USA, LLC_Irshad, Faisal_Short-Form.pdf",file_date,2/17/2017,"2/17/2017
",1,1,1,1,-0.013419626511879161,,
image-clarified,"20170223_PTI USA, LLC_Irshad, Faisal_Short-Form.pdf",signer_name,Faisal Javed,"Faisal
Jeshid
",0,0,1,0,-0.903917521238327,,
image-clarified,"20170223_PTI USA, LLC_Irshad, Faisal_Short-Form.pdf",signer_title,,,1,1,0,0,-0.24801617860794067,,
image-clarified,"20160920_S.G.R. LLC Government Relations and Lobbying_Kelly, John_Short-Form.pdf",registration_num,6379,"6379
",1,1,1,1,-0.032902105798712,,
image-clarified,"20160920_S.G.R. LLC Government Relations and Lobbying_Kelly, John_Short-Form.pdf",registrant_name,S.G.R. LLC Government Relations & Lobbyin,S.G.R. LLC Government Relations & Lobbyin ,1,1,1,1,-0.05098831813375,,
image-clarified,"20160920_S.G.R. LLC Government Relations and Lobbying_Kelly, John_Short-Form.pdf",foreign_principle_name,Center for Studies & Media Affairs at the Saudi Royal Court,"Center for Studies & Media Affairs at the Saudi Royal Court
",1,1,1,1,-0.05402355749207676,,
image-clarified,"20160920_S.G.R. LLC Government Relations and Lobbying_Kelly, John_Short-Form.pdf",file_date,09/20/2016,"9/20116
",0,0,1,1,-0.16614709298301022,,
image-clarified,"20160920_S.G.R. LLC Government Relations and Lobbying_Kelly, John_Short-Form.pdf",signer_name,NA,,0,0,0,1,-1.338486671447754,,
image-clarified,"20160920_S.G.R. LLC Government Relations and Lobbying_Kelly, John_Short-Form.pdf",signer_title,NA,,0,0,0,1,-0.5160545110702515,,
image-clarified,"20100222_Daniel J. Edelman, Inc._Harris, Hadley_Short-Form.pdf",registration_num,3634,"3634
",1,1,1,1,-0.010014688625233248,,
image-clarified,"20100222_Daniel J. Edelman, Inc._Harris, Hadley_Short-Form.pdf",registrant_name,"Daniel J. Toelman, Inc.","Daniel J. Edelman, Inc.
",0,0,1,0,-0.42810730999917723,,
image-clarified,"20100222_Daniel J. Edelman, Inc._Harris, Hadley_Short-Form.pdf",foreign_principle_name,Critical National Infrastructure,"Critical National Infrastructure
",1,1,1,1,-0.021031923359259963,,
image-clarified,"20100222_Daniel J. Edelman, Inc._Harris, Hadley_Short-Form.pdf",file_date,12/02/09,"12/02/09
(Date of ",0,0,1,1,-0.05649519910366507,,
image-clarified,"20100222_Daniel J. Edelman, Inc._Harris, Hadley_Short-Form.pdf",signer_name,Holley J. Harris,,0,0,0,0,-0.17067640721797944,,
image-clarified,"20100222_Daniel J. Edelman, Inc._Harris, Hadley_Short-Form.pdf",signer_title,,,1,1,0,0,-0.3399304449558258,,
image-clarified,"20180411_Mercury Public Affairs, LLC_Reid, Morris L._Short-Form.pdf",registration_num,6170,"6170
",1,1,1,1,-0.0047108596490943455,,
image-clarified,"20180411_Mercury Public Affairs, LLC_Reid, Morris L._Short-Form.pdf",registrant_name,Morris L. Reid,"Mercury Public Affairs, LLC
",0,0,1,1,-0.08394215106964112,,
image-clarified,"20180411_Mercury Public Affairs, LLC_Reid, Morris L._Short-Form.pdf",foreign_principle_name,Rwanda Development Board (through Peter Greenberg Worldwide),"Rwanda Development Board (through Peter Greenberg Worldwide)
Turkey - US Business Council (TAIK)
Presidency of Republic of Haiti (through Mercury International UK Ltd)
",0,0,1,1,-0.1203763698382924,,
image-clarified,"20180411_Mercury Public Affairs, LLC_Reid, Morris L._Short-Form.pdf",file_date,"April 11, 2018","April 11, 2018
",1,1,1,1,-0.010657166957753362,,
image-clarified,"20180411_Mercury Public Affairs, LLC_Reid, Morris L._Short-Form.pdf",signer_name,Morris L. Reid,"Morris L. Reid
",1,1,1,1,-0.04852149126600125,,
image-clarified,"20180411_Mercury Public Affairs, LLC_Reid, Morris L._Short-Form.pdf",signer_title,,,1,1,0,0,-0.17045822739601135,,
image-clarified,"20120215_Nickles Group, LLC_Nickles, Don_Short-Form.pdf",registration_num,608,"608
",1,1,1,1,-0.033595381304621696,,
image-clarified,"20120215_Nickles Group, LLC_Nickles, Don_Short-Form.pdf",registrant_name,Don Nickles,"The Nickles Group, LLC
",0,0,1,1,-0.14571579620436145,,
image-clarified,"20120215_Nickles Group, LLC_Nickles, Don_Short-Form.pdf",foreign_principle_name,Embassy of the Republic of Korea,"Embassy of the Republic of Korea
",1,1,1,1,-0.10445282117663217,,
image-clarified,"20120215_Nickles Group, LLC_Nickles, Don_Short-Form.pdf",file_date,"February 02, 2012","February 02, 2012
",1,1,1,1,-0.027231870555669956,,
image-clarified,"20120215_Nickles Group, LLC_Nickles, Don_Short-Form.pdf",signer_name,Don Nickles,"Don Nickles
",1,1,1,1,-0.007263184430485126,,
image-clarified,"20120215_Nickles Group, LLC_Nickles, Don_Short-Form.pdf",signer_title,,,1,1,0,0,-0.19474126398563385,,
image-clarified,"20080903_Quebec Government Office_Keating, Robert_Short-Form.pdf",registration_num,01787,"01787
",1,1,1,1,-0.005647102385410108,,
image-clarified,"20080903_Quebec Government Office_Keating, Robert_Short-Form.pdf",registrant_name,Quebec Government Office,"Quebec Government Office
",1,1,1,1,-0.12877784922602586,,
image-clarified,"20080903_Quebec Government Office_Keating, Robert_Short-Form.pdf",foreign_principle_name,Ministry of International Relations,"Québec Governement (Ministry of International Relations); National Affairs; Governmental Relations and Academic Affairs; Communication
and Public Affairs; Investissement Québec; Economic Affairs and Cultural Affairs
",0,0,1,1,-0.2483128749532625,,
image-clarified,"20080903_Quebec Government Office_Keating, Robert_Short-Form.pdf",file_date,"August 28, 2008","88/2008
8/2008
(Date of signatures
",0,0,1,0,-0.10909702292119619,,
image-clarified,"20080903_Quebec Government Office_Keating, Robert_Short-Form.pdf",signer_name,Robert Keating,,0,0,0,1,-0.03768555726855993,,
image-clarified,"20080903_Quebec Government Office_Keating, Robert_Short-Form.pdf",signer_title,,,1,1,0,0,-0.42433908581733704,,
image-clarified,"20151030_Akin, Gump, Strauss, Hauer _ Feld, LLP_Hawkins, Matthew_Short-Form.pdf",registration_num,3492,"3492
",1,1,1,1,-0.0011798911373261944,,
image-clarified,"20151030_Akin, Gump, Strauss, Hauer _ Feld, LLP_Hawkins, Matthew_Short-Form.pdf",registrant_name,Matthew Hawkins,"Akin Gump Strauss Hauer & Feld LLP
",0,0,1,1,-0.11733834620099515,,
image-clarified,"20151030_Akin, Gump, Strauss, Hauer _ Feld, LLP_Hawkins, Matthew_Short-Form.pdf",foreign_principle_name,Akin Gump Strauss Hauer & Feld LLP,"Embassy of the United Arab Emirates
",0,0,1,1,-0.05555031247495208,,
image-clarified,"20151030_Akin, Gump, Strauss, Hauer _ Feld, LLP_Hawkins, Matthew_Short-Form.pdf",file_date,"October 30, 2015","October 30, 2015
",1,1,1,1,-0.006810639039144917,,
image-clarified,"20151030_Akin, Gump, Strauss, Hauer _ Feld, LLP_Hawkins, Matthew_Short-Form.pdf",signer_name,Matthew Hawkins,"Matthew Hawkins
",1,1,1,1,-0.001751371892169118,,
image-clarified,"20151030_Akin, Gump, Strauss, Hauer _ Feld, LLP_Hawkins, Matthew_Short-Form.pdf",signer_title,,,1,1,0,0,-0.11969596892595291,,
image-clarified,"20110814_China Daily Distribution Corporation_Preimesberger, Mei_Short-Form.pdf",registration_num,3457,"3457
",1,1,1,1,-0.002024756991886534,,
image-clarified,"20110814_China Daily Distribution Corporation_Preimesberger, Mei_Short-Form.pdf",registrant_name,Mei Preimesberger,"China Daily Distribution Corp.
",0,0,1,1,-0.021964597498299553,,
image-clarified,"20110814_China Daily Distribution Corporation_Preimesberger, Mei_Short-Form.pdf",foreign_principle_name,China Daily (Beijing),"China Daily (Beijing)
",1,1,1,1,-0.07721969414948641,,
image-clarified,"20110814_China Daily Distribution Corporation_Preimesberger, Mei_Short-Form.pdf",file_date,"August 14, 2011","August 14, 2011
",1,1,1,1,-0.01366821716087543,,
image-clarified,"20110814_China Daily Distribution Corporation_Preimesberger, Mei_Short-Form.pdf",signer_name,Mei Preimesberger,"Mei Preimesberger
",1,1,1,1,-0.004063535673776641,,
image-clarified,"20110814_China Daily Distribution Corporation_Preimesberger, Mei_Short-Form.pdf",signer_title,,,1,1,0,0,-0.11099980026483536,,
image-clarified,"20081201_KOTRA_Hong, Soonyong_Short-Form.pdf",registration_num,1619,"1619
",1,1,1,1,-0.0009276555620090221,,
image-clarified,"20081201_KOTRA_Hong, Soonyong_Short-Form.pdf",registrant_name,Korea Business Center,"Korea Business Center
",1,1,1,1,-0.032536385260755196,,
image-clarified,"20081201_KOTRA_Hong, Soonyong_Short-Form.pdf",foreign_principle_name,KOTRA,,0,0,0,1,-0.2717884067678824,,
image-clarified,"20081201_KOTRA_Hong, Soonyong_Short-Form.pdf",file_date,11/24/2007,"11/24/2007
",1,1,1,1,-0.01521085920958285,,
image-clarified,"20081201_KOTRA_Hong, Soonyong_Short-Form.pdf",signer_name,李用,,0,0,0,0,-1.6378986835479736,,
image-clarified,"20081201_KOTRA_Hong, Soonyong_Short-Form.pdf",signer_title,,,1,1,0,0,-0.2588953673839569,,
image-clarified,"20171108_CGCN Group_O_Connor, Patrick Michael_Short-Form.pdf",registration_num,6396,"6396
",1,1,1,1,-0.0037452383403433487,,
image-clarified,"20171108_CGCN Group_O_Connor, Patrick Michael_Short-Form.pdf",registrant_name,CGCN Group,"CGCN Group
",1,1,1,1,-0.04871114405492941,,
image-clarified,"20171108_CGCN Group_O_Connor, Patrick Michael_Short-Form.pdf",foreign_principle_name,Government of Saudi Arabia,"Government of Saudi Arabia
",1,1,1,1,-0.004297227977076545,,
image-clarified,"20171108_CGCN Group_O_Connor, Patrick Michael_Short-Form.pdf",file_date,11/08/2017,,0,0,0,1,-0.015553575154262944,,
image-clarified,"20171108_CGCN Group_O_Connor, Patrick Michael_Short-Form.pdf",signer_name,Patrick Michael O'Connor,,0,0,0,1,-0.08646748831961304,,
image-clarified,"20171108_CGCN Group_O_Connor, Patrick Michael_Short-Form.pdf",signer_title,,,1,1,0,0,-0.24280141294002533,,
image-clarified,"20100601_KOTRA_Yun, Wonsok_Short-Form.pdf",registration_num,1619,"1619
",1,1,1,1,-0.0027445446903584525,,
image-clarified,"20100601_KOTRA_Yun, Wonsok_Short-Form.pdf",registrant_name,Korea Trade Promotion Center,"Korea Trade Promotion Center
",1,1,1,1,-0.054676587891299276,,
image-clarified,"20100601_KOTRA_Yun, Wonsok_Short-Form.pdf",foreign_principle_name,,,1,1,0,0,-0.666278600692749,,
image-clarified,"20100601_KOTRA_Yun, Wonsok_Short-Form.pdf",file_date,5/14/2010,"5/14/2010
",1,1,1,1,-0.00926758205868181,,
image-clarified,"20100601_KOTRA_Yun, Wonsok_Short-Form.pdf",signer_name,Wonsok Yun,,0,0,0,1,-0.2111666299169883,,
image-clarified,"20100601_KOTRA_Yun, Wonsok_Short-Form.pdf",signer_title,,,1,1,0,0,-0.02658070996403694,,
image-clarified,"20180227_Sonoran Policy Group, LLC_Stryk, Robert Daniel_Short-Form.pdf",registration_num,6399,"6399
",1,1,1,1,-0.006626455650803109,,
image-clarified,"20180227_Sonoran Policy Group, LLC_Stryk, Robert Daniel_Short-Form.pdf",registrant_name,"Sonoran Policy Group, LLC","Sonoran Policy Group, LLC
",1,1,1,1,-0.007007739276256568,,
image-clarified,"20180227_Sonoran Policy Group, LLC_Stryk, Robert Daniel_Short-Form.pdf",foreign_principle_name,"Government of Kenya (Ministry of Foreign Affairs); Embassy of Iceland, Washington, DC; Mer Security & Communications Systems, Ltd; Venable LLP; Embassy of The Kingdom of Bahrain",,0,0,0,1,-0.04802341645788349,,
image-clarified,"20180227_Sonoran Policy Group, LLC_Stryk, Robert Daniel_Short-Form.pdf",file_date,"February 27, 2018","February 27, 2018
",1,1,1,1,-0.006951627265198113,,
image-clarified,"20180227_Sonoran Policy Group, LLC_Stryk, Robert Daniel_Short-Form.pdf",signer_name,Robert Daniel Stryk,"Robert Daniel Stryk
",1,1,1,1,-0.11042933165299473,,
image-clarified,"20180227_Sonoran Policy Group, LLC_Stryk, Robert Daniel_Short-Form.pdf",signer_title,,,1,1,0,0,-0.2859314978122711,,
image-clarified,"20110729_Hai Tian Development U.S.A., Inc._Fang, Xu_Short-Form.pdf",registration_num,5143,"5143
",1,1,1,1,-0.012292115436139284,,
image-clarified,"20110729_Hai Tian Development U.S.A., Inc._Fang, Xu_Short-Form.pdf",registrant_name,"Hai Tian Development U.S.A., Inc.","Hai Tian Development U.S.A., Inc.
",1,1,1,1,-0.08645116188563406,,
image-clarified,"20110729_Hai Tian Development U.S.A., Inc._Fang, Xu_Short-Form.pdf",foreign_principle_name,People's Daily Overseas Edition,"People's Daily Overseas Edition
",1,1,1,1,-0.02324811543803662,,
image-clarified,"20110729_Hai Tian Development U.S.A., Inc._Fang, Xu_Short-Form.pdf",file_date,07/29/2011,"7/29/2011
of signature)
",0,0,1,1,-0.07380181660410016,,
image-clarified,"20110729_Hai Tian Development U.S.A., Inc._Fang, Xu_Short-Form.pdf",signer_name,"Hai Tian Development U.S.A., Inc.",,0,0,0,1,-0.20294773605807373,,
image-clarified,"20110729_Hai Tian Development U.S.A., Inc._Fang, Xu_Short-Form.pdf",signer_title,,,1,1,0,0,-0.28339552879333496,,
image-clarified,"20120926_Commonwealth of Dominica Maritime Registry, Inc._Phatak, Vasant_Short-Form.pdf",registration_num,5334,"5334
",1,1,1,1,-0.006386278761056019,,
image-clarified,"20120926_Commonwealth of Dominica Maritime Registry, Inc._Phatak, Vasant_Short-Form.pdf",registrant_name,Commonwealth of Dominica Maritime Registry,"Commonwealth of Dominica Maritime Registry
",1,1,1,1,-0.027163718760545765,,
image-clarified,"20120926_Commonwealth of Dominica Maritime Registry, Inc._Phatak, Vasant_Short-Form.pdf",foreign_principle_name,Commonwealth of Dominica,"Commonwealth of Dominica
",1,1,1,1,-0.10941830500087235,,
image-clarified,"20120926_Commonwealth of Dominica Maritime Registry, Inc._Phatak, Vasant_Short-Form.pdf",file_date,24 SEP 2012,"24 SEP 2012
",1,1,1,1,-0.02430550481130922,,
image-clarified,"20120926_Commonwealth of Dominica Maritime Registry, Inc._Phatak, Vasant_Short-Form.pdf",signer_name,H. T. T. T.,,0,0,0,0,-1.6717716306447983,,
image-clarified,"20120926_Commonwealth of Dominica Maritime Registry, Inc._Phatak, Vasant_Short-Form.pdf",signer_title,,,1,1,0,0,-0.34355491399765015,,
image-clarified,"20130129_CMGRP, Inc._Chu, Ellen Wei-Hsin_Short-Form.pdf",registration_num,3911,"3911
",1,1,1,1,-0.009167349832750915,,
image-clarified,"20130129_CMGRP, Inc._Chu, Ellen Wei-Hsin_Short-Form.pdf",registrant_name,"CMGRP, Inc. d/b/a Weber Shandwick","CMGRP, Inc. d/b/a Weber Shandwick
",1,1,1,1,-0.08656235903394051,,
image-clarified,"20130129_CMGRP, Inc._Chu, Ellen Wei-Hsin_Short-Form.pdf",foreign_principle_name,Temasek Holdings,"Temasek Holdings
",1,1,1,1,-0.01443584097432904,,
image-clarified,"20130129_CMGRP, Inc._Chu, Ellen Wei-Hsin_Short-Form.pdf",file_date,"January 29, 2013","January 29, 2013
",1,1,1,1,-0.013642681511282718,,
image-clarified,"20130129_CMGRP, Inc._Chu, Ellen Wei-Hsin_Short-Form.pdf",signer_name,Ellen Wei-Hsin Chu,"Ellen Wei-Hsin Chu
",1,1,1,1,-0.0043931274337107125,,
image-clarified,"20130129_CMGRP, Inc._Chu, Ellen Wei-Hsin_Short-Form.pdf",signer_title,,,1,1,0,0,-0.17291539907455444,,
image-clarified,"20170222_Squire Patton Boggs, LLP_Deschauer Jr., John J._Short-Form.pdf",registration_num,2165,"2165
",1,1,1,1,-0.002331230953132035,,
image-clarified,"20170222_Squire Patton Boggs, LLP_Deschauer Jr., John J._Short-Form.pdf",registrant_name,Squire Patton Boggs (US) LLP,"Squire Patton Boggs (US) LLP
",1,1,1,1,-0.0598419593879953,,
image-clarified,"20170222_Squire Patton Boggs, LLP_Deschauer Jr., John J._Short-Form.pdf",foreign_principle_name,The High Negotiations Committee of the Syrian Opposition,"By this registration: The High Negotiations Committee of the Syrian Opposition.
By prior registrations: 1) The Government of Croatia; and 2) The Center for Studies and Media Affairs at the Saudi
Royal Court.
",0,0,1,1,-0.02385260145011772,,
image-clarified,"20170222_Squire Patton Boggs, LLP_Deschauer Jr., John J._Short-Form.pdf",file_date,"February 22, 2017","February 22, 2017
",1,1,1,1,-0.003693079448919434,,
image-clarified,"20170222_Squire Patton Boggs, LLP_Deschauer Jr., John J._Short-Form.pdf",signer_name,John J. Deschauer,"John J. Deschauer
",1,1,1,1,-0.005875639656248192,,
image-clarified,"20170222_Squire Patton Boggs, LLP_Deschauer Jr., John J._Short-Form.pdf",signer_title,,,1,1,0,0,-0.13699419796466827,,
image-clarified,"20130917_Daniel J. Edelman, Inc._Forman, David_Short-Form.pdf",registration_num,3634,"3634
",1,1,1,1,-0.000997391307464568,,
image-clarified,"20130917_Daniel J. Edelman, Inc._Forman, David_Short-Form.pdf",registrant_name,David Forman,"Daniel J. Edelman, Inc.
",0,0,1,1,-0.011341134192965304,,
image-clarified,"20130917_Daniel J. Edelman, Inc._Forman, David_Short-Form.pdf",foreign_principle_name,Grupo Vicini,"Grupo Vicini
",1,1,1,1,-0.15348410757724196,,
image-clarified,"20130917_Daniel J. Edelman, Inc._Forman, David_Short-Form.pdf",file_date,"August 16, 2013","August 16, 2013
",1,1,1,1,-0.0041297591185184505,,
image-clarified,"20130917_Daniel J. Edelman, Inc._Forman, David_Short-Form.pdf",signer_name,David Forman,"David Forman
",1,1,1,1,-0.002080459536955459,,
image-clarified,"20130917_Daniel J. Edelman, Inc._Forman, David_Short-Form.pdf",signer_title,,,1,1,0,0,-0.12274084985256195,,
image-clarified,"20100525_Deutsche Telekom, Inc._Wieck, Reinhard_Short-Form.pdf",registration_num,4419,"4419
",1,1,1,1,-0.0025375309342052788,,
image-clarified,"20100525_Deutsche Telekom, Inc._Wieck, Reinhard_Short-Form.pdf",registrant_name,"Deutsche Telekom, Inc.","Deutsche Telekom, Inc.
",1,1,1,1,-0.055439050522788115,,
image-clarified,"20100525_Deutsche Telekom, Inc._Wieck, Reinhard_Short-Form.pdf",foreign_principle_name,"Deutsche Telekom, Inc.","Deutsche Telekom, Inc.
",1,1,1,1,-0.15164982900508525,,
image-clarified,"20100525_Deutsche Telekom, Inc._Wieck, Reinhard_Short-Form.pdf",file_date,2010-05-14,"May 14, 2010
",0,0,1,0,-0.25604206228163096,,
image-clarified,"20100525_Deutsche Telekom, Inc._Wieck, Reinhard_Short-Form.pdf",signer_name,C. inn,,0,0,0,0,-1.4202015399932861,,
image-clarified,"20100525_Deutsche Telekom, Inc._Wieck, Reinhard_Short-Form.pdf",signer_title,Managing Director,,0,0,0,1,-0.0718693578382954,,
image-clarified,"20120730_Glover Park Group, LLC_Harris, Robert W._Short-Form.pdf",registration_num,5666,"5666
",1,1,1,1,-0.0015413302162414766,,
image-clarified,"20120730_Glover Park Group, LLC_Harris, Robert W._Short-Form.pdf",registrant_name,"The Glover Park Group, LLC","The Glover Park Group, LLC
",1,1,1,1,-0.06141396521585799,,
image-clarified,"20120730_Glover Park Group, LLC_Harris, Robert W._Short-Form.pdf",foreign_principle_name,Embassy of the Federal Republic of Nigeria,"Embassy of the Federal Republic of Nigeria
",1,1,1,1,-0.010615107752073527,,
image-clarified,"20120730_Glover Park Group, LLC_Harris, Robert W._Short-Form.pdf",file_date,"July 30, 2012","July 30, 2012
",1,1,1,1,-0.018713761798289853,,
image-clarified,"20120730_Glover Park Group, LLC_Harris, Robert W._Short-Form.pdf",signer_name,Robert Harris,"Robert Harris
",1,1,1,1,-0.007585756597109139,,
image-clarified,"20120730_Glover Park Group, LLC_Harris, Robert W._Short-Form.pdf",signer_title,,,1,1,0,0,-0.18239957094192505,,
image-clarified,"20160610_McGuireWoods Consulting, LLC_Obenshain, Anne_Short-Form.pdf",registration_num,6295,"6295
",1,1,1,1,-0.0018770148253679508,,
image-clarified,"20160610_McGuireWoods Consulting, LLC_Obenshain, Anne_Short-Form.pdf",registrant_name,"McGuireWoods Consulting, LLC","McGuireWoods Consulting, LLC
",1,1,1,1,-0.09328132823065971,,
image-clarified,"20160610_McGuireWoods Consulting, LLC_Obenshain, Anne_Short-Form.pdf",foreign_principle_name,Embassy of Japan,"Embassy of Japan
",1,1,1,1,-0.009222865352057852,,
image-clarified,"20160610_McGuireWoods Consulting, LLC_Obenshain, Anne_Short-Form.pdf",file_date,"June 10, 2016","June 10, 2016
",1,1,1,1,-0.0049610613995582755,,
image-clarified,"20160610_McGuireWoods Consulting, LLC_Obenshain, Anne_Short-Form.pdf",signer_name,Anne Obenshain,"Anne Obenshain
",1,1,1,1,-0.0682079124264419,,
image-clarified,"20160610_McGuireWoods Consulting, LLC_Obenshain, Anne_Short-Form.pdf",signer_title,,,1,1,0,0,-0.19388504326343536,,
image-clarified,"20171127_MMGY Global, LLC_Hill, Leanne_Short-Form.pdf",registration_num,G492,"6492
",0,0,1,0,-0.38761734776198864,,
image-clarified,"20171127_MMGY Global, LLC_Hill, Leanne_Short-Form.pdf",registrant_name,"MMGY Global, LLC.","MMGY Global, LLC.
",1,1,1,1,-0.06922931200824678,,
image-clarified,"20171127_MMGY Global, LLC_Hill, Leanne_Short-Form.pdf",foreign_principle_name,"Nassau Paradise Island Promotion Board, Tourism Vancouver","Nassau Paradise Island Promotion Board, Tourism Vancouver
",1,1,1,1,-0.01297029530396685,,
image-clarified,"20171127_MMGY Global, LLC_Hill, Leanne_Short-Form.pdf",file_date,"November 01, 2017","November 01, 2017
",1,1,1,1,-0.014198457555130517,,
image-clarified,"20171127_MMGY Global, LLC_Hill, Leanne_Short-Form.pdf",signer_name,/s/ Leanne Hill,"Leanne Hill
",0,0,1,1,-0.09628918290642711,,
image-clarified,"20171127_MMGY Global, LLC_Hill, Leanne_Short-Form.pdf",signer_title,,,1,1,0,0,-0.24955883622169495,,
image-clarified,"20160731_Burson-Marsteller, LLC (Washington, DC)_Smith, Rachel_Short-Form.pdf",registration_num,6227,"6227
",1,1,1,1,-0.00487109090317972,,
image-clarified,"20160731_Burson-Marsteller, LLC (Washington, DC)_Smith, Rachel_Short-Form.pdf",registrant_name,Rachel Smith,"Burson-Marsteller, LLC
",0,0,1,1,-0.2943573242519051,,
image-clarified,"20160731_Burson-Marsteller, LLC (Washington, DC)_Smith, Rachel_Short-Form.pdf",foreign_principle_name,"Burson-Marsteller, LLC","Consejo De Promocion Turistica De Mexico, S.A.
",0,0,1,1,-0.09447480003776339,,
image-clarified,"20160731_Burson-Marsteller, LLC (Washington, DC)_Smith, Rachel_Short-Form.pdf",file_date,"July 07, 2016","July 07, 2016
",1,1,1,1,-0.01670809267577624,,
image-clarified,"20160731_Burson-Marsteller, LLC (Washington, DC)_Smith, Rachel_Short-Form.pdf",signer_name,Rachel Smith,"Rachel Smith
",1,1,1,1,-0.012881788017693907,,
image-clarified,"20160731_Burson-Marsteller, LLC (Washington, DC)_Smith, Rachel_Short-Form.pdf",signer_title,,,1,1,0,0,-0.22999733686447144,,
image-clarified,"20151130_KOTRA_Kwon, Ohsuk_Short-Form.pdf",registration_num,1619,"1619
",1,1,1,1,-0.0008728799657546915,,
image-clarified,"20151130_KOTRA_Kwon, Ohsuk_Short-Form.pdf",registrant_name,Korea Business Center,"Korea Business Center
",1,1,1,1,-0.042419403878739104,,
image-clarified,"20151130_KOTRA_Kwon, Ohsuk_Short-Form.pdf",foreign_principle_name,Ohsuk Kwon,,0,0,0,1,-0.1471269724017475,,
image-clarified,"20151130_KOTRA_Kwon, Ohsuk_Short-Form.pdf",file_date,"November 24, 2015","November 24, 2015
",1,1,1,1,-0.0059286274353326,,
image-clarified,"20151130_KOTRA_Kwon, Ohsuk_Short-Form.pdf",signer_name,Ohsuk Kwon,"Ohsuk Kwon
",1,1,1,1,-0.003069759756908752,,
image-clarified,"20151130_KOTRA_Kwon, Ohsuk_Short-Form.pdf",signer_title,,,1,1,0,0,-0.1987953782081604,,
image-clarified,"20131226_KBS America, Inc._Kim, Kyung Hee_Short-Form.pdf",registration_num,5684,"5684
",1,1,1,1,-0.0019745850077015348,,
image-clarified,"20131226_KBS America, Inc._Kim, Kyung Hee_Short-Form.pdf",registrant_name,"KBS America, Inc.","KBS America, Inc.
",1,1,1,1,-0.040616984595544636,,
image-clarified,"20131226_KBS America, Inc._Kim, Kyung Hee_Short-Form.pdf",foreign_principle_name,Korean Broadcasting System,"Korean Broadcasting System (through e-KBS Co., Ltd. and KBS Media, Ltd.)
",0,0,1,1,-0.0069194633106235415,,
image-clarified,"20131226_KBS America, Inc._Kim, Kyung Hee_Short-Form.pdf",file_date,"December 26, 2013","December 26, 2013
",1,1,1,1,-0.01454144541187361,,
image-clarified,"20131226_KBS America, Inc._Kim, Kyung Hee_Short-Form.pdf",signer_name,Kyung Hee Kim,"Kyung Hee Kim
",1,1,1,1,-0.002498352318798425,,
image-clarified,"20131226_KBS America, Inc._Kim, Kyung Hee_Short-Form.pdf",signer_title,,,1,1,0,0,-0.1719021499156952,,
image-clarified,"20080204_Singapore Economic Development Board_Wong, Yau-Chung_Short-Form.pdf",registration_num,2003,"2003
",1,1,1,1,-0.0020430073200259358,,
image-clarified,"20080204_Singapore Economic Development Board_Wong, Yau-Chung_Short-Form.pdf",registrant_name,Singapore Economic Development Board,"Singapore Economic Development Board
",1,1,1,1,-0.01789588732935954,,
image-clarified,"20080204_Singapore Economic Development Board_Wong, Yau-Chung_Short-Form.pdf",foreign_principle_name,Singapore Economic Development Board,"Singapore Economic Development Board
",1,1,1,1,-0.17531731028066133,,
image-clarified,"20080204_Singapore Economic Development Board_Wong, Yau-Chung_Short-Form.pdf",file_date,26 AUG 2007,"26 AUG 2007
",1,1,1,1,-0.09324843985427833,,
image-clarified,"20080204_Singapore Economic Development Board_Wong, Yau-Chung_Short-Form.pdf",signer_name,Yau-Chung Wong,,0,0,0,1,-0.1750928435474634,,
image-clarified,"20080204_Singapore Economic Development Board_Wong, Yau-Chung_Short-Form.pdf",signer_title,,,1,1,0,0,-0.20931750535964966,,
image-clarified,"20160301_Daniel J. Edelman, Inc._Wasser, Debra_Short-Form.pdf",registration_num,3634,"3634
",1,1,1,1,-0.003006639984960202,,
image-clarified,"20160301_Daniel J. Edelman, Inc._Wasser, Debra_Short-Form.pdf",registrant_name,Debra Wasser,"Daniel J. Edelman, Inc.
",0,0,1,1,-0.17564805527217686,,
image-clarified,"20160301_Daniel J. Edelman, Inc._Wasser, Debra_Short-Form.pdf",foreign_principle_name,"Bombardier, Inc.","Bombardier, Inc.
",1,1,1,1,-0.02510688582227279,,
image-clarified,"20160301_Daniel J. Edelman, Inc._Wasser, Debra_Short-Form.pdf",file_date,"February 05, 2016","February 05, 2016
",1,1,1,1,-0.02202598481071618,,
image-clarified,"20160301_Daniel J. Edelman, Inc._Wasser, Debra_Short-Form.pdf",signer_name,Debra Ann Wasser,"Debra Ann Wasser
",1,1,1,1,-0.0257227054098621,,
image-clarified,"20160301_Daniel J. Edelman, Inc._Wasser, Debra_Short-Form.pdf",signer_title,,,1,1,0,0,-0.1949809193611145,,
image-clarified,"20080417_CMGRP, Inc._Jensen, Paul_Short-Form.pdf",registration_num,3911,"3911
",1,1,1,1,-0.001165946843684651,,
image-clarified,"20080417_CMGRP, Inc._Jensen, Paul_Short-Form.pdf",registrant_name,CMGRP Inc. DBA Weber Shandwick,"CMGRP Inc. DBA Weber Shandwick
",1,1,1,1,-0.10562692676321603,,
image-clarified,"20080417_CMGRP, Inc._Jensen, Paul_Short-Form.pdf",foreign_principle_name,Government of the Bahamas; Ministry of TRade and Industry - Arab Republic of Egypt/Alexandria Cotton Exporters Assn. (Alcotexa); Temasek Holdings,"Government of the Bahamas; Ministry of TRade and Industry Arab Republic of
Egypt/Alexandria Cotton Exporters Assn. (Alcotexa); Temasek Holdings
",0,1,1,1,-0.03363894046447058,,
image-clarified,"20080417_CMGRP, Inc._Jensen, Paul_Short-Form.pdf",file_date,3/31/08,"3/31/08
",1,1,1,1,-0.1327902604742641,,
image-clarified,"20080417_CMGRP, Inc._Jensen, Paul_Short-Form.pdf",signer_name,Paul Jensen,,0,0,0,1,-0.09412212576717138,,
image-clarified,"20080417_CMGRP, Inc._Jensen, Paul_Short-Form.pdf",signer_title,,,1,1,0,0,-0.34297966957092285,,
image-clarified,"20080723_CMGRP, Inc._Shaw, Lauren_Short-Form.pdf",registration_num,3911,"3911
",1,1,1,1,-0.0014009260330567486,,
image-clarified,"20080723_CMGRP, Inc._Shaw, Lauren_Short-Form.pdf",registrant_name,Lauren Shaw,"CMGRP Inc. DBA Weber Shandwick
",0,0,1,1,-0.24475259731601304,,
image-clarified,"20080723_CMGRP, Inc._Shaw, Lauren_Short-Form.pdf",foreign_principle_name,Government of the Bahamas,"Government of the Bahamas; Ministry of Trade and Industry Arab Republic
of Egypt/Alexandria Cotton Exporters Assocation; Temasek Holdings; Bahrain
Economic Development Board
",0,0,1,1,-0.39985715971852187,,
image-clarified,"20080723_CMGRP, Inc._Shaw, Lauren_Short-Form.pdf",file_date,08/07/08,"6/30/08
(Date ",0,0,1,0,-0.5969195646466687,,
image-clarified,"20080723_CMGRP, Inc._Shaw, Lauren_Short-Form.pdf",signer_name,Lauren Shaw,,0,0,0,1,-0.11911393826206525,,
image-clarified,"20080723_CMGRP, Inc._Shaw, Lauren_Short-Form.pdf",signer_title,,,1,1,0,0,-0.3816930055618286,,
image-clarified,"20180703_Mercury Public Affairs, LLC_Randolph, Lindsay_Short-Form.pdf",registration_num,6170,"6170
",1,1,1,1,-0.0033801445988501655,,
image-clarified,"20180703_Mercury Public Affairs, LLC_Randolph, Lindsay_Short-Form.pdf",registrant_name,Mercury Public Affairs LLC,"Mercury Public Affairs LLC
",1,1,1,1,-0.0829086065874435,,
image-clarified,"20180703_Mercury Public Affairs, LLC_Randolph, Lindsay_Short-Form.pdf",foreign_principle_name,"Turkey-US Business Council (""TAIK"")","Turkey-US Business Council (""TAIK"")
",1,1,1,1,-0.12387022028593088,,
image-clarified,"20180703_Mercury Public Affairs, LLC_Randolph, Lindsay_Short-Form.pdf",file_date,"July 03, 2018","July 03, 2018
",1,1,1,1,-0.0174101991164207,,
image-clarified,"20180703_Mercury Public Affairs, LLC_Randolph, Lindsay_Short-Form.pdf",signer_name,Lindsay Randolph,"Lindsay Randolph
",1,1,1,1,-0.007197590234378974,,
image-clarified,"20180703_Mercury Public Affairs, LLC_Randolph, Lindsay_Short-Form.pdf",signer_title,,,1,1,0,0,-0.1647673398256302,,
image-clarified,"20171011_Quinn _ Co. of NY LTD._Chiou, Ivy_Short-Form.pdf",registration_num,6433,"6433
",1,1,1,1,-0.006604091402550694,,
image-clarified,"20171011_Quinn _ Co. of NY LTD._Chiou, Ivy_Short-Form.pdf",registrant_name,Ivy Chiou,"Quinn PR
",0,0,1,1,-0.18686384963439195,,
image-clarified,"20171011_Quinn _ Co. of NY LTD._Chiou, Ivy_Short-Form.pdf",foreign_principle_name,Tourism Authority of Thailand,"Tourism Authority of Thailand
",1,1,1,1,-0.05406341167108621,,
image-clarified,"20171011_Quinn _ Co. of NY LTD._Chiou, Ivy_Short-Form.pdf",file_date,"October 10, 2017","October 10, 2017
",1,1,1,1,-0.011270401610318004,,
image-clarified,"20171011_Quinn _ Co. of NY LTD._Chiou, Ivy_Short-Form.pdf",signer_name,/s/ Ivy Chiou,"Chiou
",0,0,1,1,-0.20156753650371684,,
image-clarified,"20171011_Quinn _ Co. of NY LTD._Chiou, Ivy_Short-Form.pdf",signer_title,,,1,1,0,0,-0.230099156498909,,
image-clarified,"20170130_Burson-Marsteller, LLC (Washington, DC)_Chandler, Carson_Short-Form.pdf",registration_num,6227,"6227
",1,1,1,1,-0.08804900968971197,,
image-clarified,"20170130_Burson-Marsteller, LLC (Washington, DC)_Chandler, Carson_Short-Form.pdf",registrant_name,"Burson-Marsteller, LLC","Burson-Marsteller, LLC
",1,1,1,1,-0.04529278717624644,,
image-clarified,"20170130_Burson-Marsteller, LLC (Washington, DC)_Chandler, Carson_Short-Form.pdf",foreign_principle_name,"Consejo De Promocion Turistica De Mexico, S.A",,0,0,0,1,-0.03665792743725303,,
image-clarified,"20170130_Burson-Marsteller, LLC (Washington, DC)_Chandler, Carson_Short-Form.pdf",file_date,1-20-12,"1-20-17
",0,0,1,0,-0.12447298123567764,,
image-clarified,"20170130_Burson-Marsteller, LLC (Washington, DC)_Chandler, Carson_Short-Form.pdf",signer_name,CJ,"Consejo De Promocion Turistica De Mexico, S.A
",0,0,1,0,-0.8662994801998138,,
image-clarified,"20170130_Burson-Marsteller, LLC (Washington, DC)_Chandler, Carson_Short-Form.pdf",signer_title,,,1,1,0,0,-0.4820994436740875,,
image-clarified,"20140507_Squire Patton Boggs, LLP_Harris, Laurence E._Short-Form.pdf",registration_num,2165,"2165
",1,1,1,1,-0.0021040192696091253,,
image-clarified,"20140507_Squire Patton Boggs, LLP_Harris, Laurence E._Short-Form.pdf",registrant_name,Patton Boggs LLP,"Patton Boggs LLP
",1,1,1,1,-0.010543268962646835,,
image-clarified,"20140507_Squire Patton Boggs, LLP_Harris, Laurence E._Short-Form.pdf",foreign_principle_name,The Office of the National Security Advisor (Nigeria),"By this filing: The Office of the National Security Advisor (Nigeria). By prior filings: 1) Gov't of Cameroon; 2) People's Republic
of China; 3) Gov't of Georgia; 4) Gov't of Kosovo; 5) Gov't of Libya; 6) The Royal Embassy of Saudi Arabia; 7) Gov't of South
Korea; 8) Bo Zhang; 9) Gov't of Gambia; and 10) Kurdistan Regional Government
",0,0,1,1,-0.10903463505581551,,
image-clarified,"20140507_Squire Patton Boggs, LLP_Harris, Laurence E._Short-Form.pdf",file_date,"May 06, 2014","May 06, 2014
",1,1,1,1,-0.01354412368064004,,
image-clarified,"20140507_Squire Patton Boggs, LLP_Harris, Laurence E._Short-Form.pdf",signer_name,Laurence E. Harris,"Laurence E. Harris
",1,1,1,1,-0.025315445492742582,,
image-clarified,"20140507_Squire Patton Boggs, LLP_Harris, Laurence E._Short-Form.pdf",signer_title,,,1,1,0,0,-0.14702992141246796,,
image-clarified,"20090925_Podesta Group, Inc._Young, Nicole_Short-Form.pdf",registration_num,5926,"5926
",1,1,1,1,-0.010927352888757014,,
image-clarified,"20090925_Podesta Group, Inc._Young, Nicole_Short-Form.pdf",registrant_name,Nicole Young,"Podesta Group, Inc.
",0,0,1,1,-0.020390117958110448,,
image-clarified,"20090925_Podesta Group, Inc._Young, Nicole_Short-Form.pdf",foreign_principle_name,The Swiss Confederation,"The Swiss Confederation, represented by the Swiss Embassy in Washington
",0,0,1,1,-0.024204268737776147,,
image-clarified,"20090925_Podesta Group, Inc._Young, Nicole_Short-Form.pdf",file_date,2009 SEP 25,"09/25/09
",0,0,1,1,-0.1221309832908446,,
image-clarified,"20090925_Podesta Group, Inc._Young, Nicole_Short-Form.pdf",signer_name,Nicole Young,,0,0,0,1,-0.02659272405435331,,
image-clarified,"20090925_Podesta Group, Inc._Young, Nicole_Short-Form.pdf",signer_title,,,1,1,0,0,-0.2764117419719696,,
image-clarified,"20180216_Sonoran Policy Group, LLC_Rosenberg, John_Short-Form.pdf",registration_num,6399,"6399
",1,1,1,1,-0.004632464173482731,,
image-clarified,"20180216_Sonoran Policy Group, LLC_Rosenberg, John_Short-Form.pdf",registrant_name,"Sonoran Policy Group, LLC","Sonoran Policy Group, LLC
",1,1,1,1,-0.012700708818253284,,
image-clarified,"20180216_Sonoran Policy Group, LLC_Rosenberg, John_Short-Form.pdf",foreign_principle_name,"Government of Kenya (Ministry of Foreign Affairs); Embassy of Iceland, Washington, DC; Mer Security & Communications Systems, Ltd; Venable LLP",,0,0,0,1,-0.04392989784085738,,
image-clarified,"20180216_Sonoran Policy Group, LLC_Rosenberg, John_Short-Form.pdf",file_date,"February 16, 2018","February 16, 2018
",1,1,1,1,-0.00818299968655083,,
image-clarified,"20180216_Sonoran Policy Group, LLC_Rosenberg, John_Short-Form.pdf",signer_name,John Rosenberg,"John Rosenberg
",1,1,1,1,-0.001740901338052936,,
image-clarified,"20180216_Sonoran Policy Group, LLC_Rosenberg, John_Short-Form.pdf",signer_title,,,1,1,0,0,-0.25918859243392944,,
image-clarified,"20160527_KOTRA_Chae, Hee Kwang_Short-Form.pdf",registration_num,1619,"1619
",1,1,1,1,-0.001173780379758682,,
image-clarified,"20160527_KOTRA_Chae, Hee Kwang_Short-Form.pdf",registrant_name,Korea Trade Promotion Center,"Korea Trade Promotion Center
",1,1,1,1,-0.0336036566295661,,
image-clarified,"20160527_KOTRA_Chae, Hee Kwang_Short-Form.pdf",foreign_principle_name,,,1,1,0,0,-0.4201912581920624,,
image-clarified,"20160527_KOTRA_Chae, Hee Kwang_Short-Form.pdf",file_date,"May 19, 2016","May 19, 2016
",1,1,1,1,-0.00961688890783705,,
image-clarified,"20160527_KOTRA_Chae, Hee Kwang_Short-Form.pdf",signer_name,Heekwang Chae,"Heekwang Chae
",1,1,1,1,-0.10965735421923455,,
image-clarified,"20160527_KOTRA_Chae, Hee Kwang_Short-Form.pdf",signer_title,,,1,1,0,0,-0.01910557597875595,,
image-clarified,"20110801_Hill and Knowlton Strategies, LLC_Johnsmeyer, Catherine_Short-Form.pdf",registration_num,3301,"3301
",1,1,1,1,-0.0020097795932088047,,
image-clarified,"20110801_Hill and Knowlton Strategies, LLC_Johnsmeyer, Catherine_Short-Form.pdf",registrant_name,Catherine Johnsmeyer,"Hill & Knowlton
",0,0,1,1,-0.04400177481584251,,
image-clarified,"20110801_Hill and Knowlton Strategies, LLC_Johnsmeyer, Catherine_Short-Form.pdf",foreign_principle_name,Hill & Knowlton,"The Information Technology Industry Development Agency (ITIDA) (through Hill & Knowlton, London)
",0,0,1,1,-0.14861470467682616,,
image-clarified,"20110801_Hill and Knowlton Strategies, LLC_Johnsmeyer, Catherine_Short-Form.pdf",file_date,"July 28, 2011","July 28, 2011
",1,1,1,1,-0.01034140630767979,,
image-clarified,"20110801_Hill and Knowlton Strategies, LLC_Johnsmeyer, Catherine_Short-Form.pdf",signer_name,Catherine Johnsmeyer,"Catherine Johnsmeyer
",1,1,1,1,-0.004284749936778099,,
image-clarified,"20110801_Hill and Knowlton Strategies, LLC_Johnsmeyer, Catherine_Short-Form.pdf",signer_title,,,1,1,0,0,-0.19397547841072083,,
image-clarified,"20180323_Pillsbury Winthrop Shaw Pittman, LLP_Moeller, Elizabeth V._Short-Form.pdf",registration_num,5198,"5198
",1,1,1,1,-0.0030724466632818803,,
image-clarified,"20180323_Pillsbury Winthrop Shaw Pittman, LLP_Moeller, Elizabeth V._Short-Form.pdf",registrant_name,Pillsbury Winthrop Shaw Pittman LLP,"Pillsbury Winthrop Shaw Pittman LLP
",1,1,1,1,-0.021440729145575058,,
image-clarified,"20180323_Pillsbury Winthrop Shaw Pittman, LLP_Moeller, Elizabeth V._Short-Form.pdf",foreign_principle_name,"Cayman Islands Ministry of Financial Services, Commerce & Environment; Embassy of Qatar","Cayman Islands Ministry of Financial Services, Commerce & Environment; Embassy of Qatar.
",0,1,1,1,-0.031231421327220232,,
image-clarified,"20180323_Pillsbury Winthrop Shaw Pittman, LLP_Moeller, Elizabeth V._Short-Form.pdf",file_date,"March 23, 2018","March 23, 2018
",1,1,1,1,-0.01793821411679346,,
image-clarified,"20180323_Pillsbury Winthrop Shaw Pittman, LLP_Moeller, Elizabeth V._Short-Form.pdf",signer_name,Elizabeth V. Moeller,"Elizabeth V. Moeller
",1,1,1,1,-0.004192938236519695,,
image-clarified,"20180323_Pillsbury Winthrop Shaw Pittman, LLP_Moeller, Elizabeth V._Short-Form.pdf",signer_title,,,1,1,0,0,-0.15489913523197174,,
image-clarified,"20100713_Invest Northern Ireland_Jones, John Henry_Short-Form.pdf",registration_num,4364,"4364
",1,1,1,1,-0.013440937822451815,,
image-clarified,"20100713_Invest Northern Ireland_Jones, John Henry_Short-Form.pdf",registrant_name,Invest Northern Ireland,Invest Northern Ireland ,1,1,1,1,-0.09794123885997881,,
image-clarified,"20100713_Invest Northern Ireland_Jones, John Henry_Short-Form.pdf",foreign_principle_name,"Department of Enterprise, Trade and Investment - A Northern Ireland Department of the U.V. Government","Department of Enterprise Trade and Investment - A Northern Ireland
Department of the U.K. Government
",0,0,1,0,-0.0990018865640094,,
image-clarified,"20100713_Invest Northern Ireland_Jones, John Henry_Short-Form.pdf",file_date,07/1/2010,"07/1/2010
",1,1,1,1,-0.11808239515974289,,
image-clarified,"20100713_Invest Northern Ireland_Jones, John Henry_Short-Form.pdf",signer_name,John Henry Jones,,0,0,0,1,-0.022254973960419495,,
image-clarified,"20100713_Invest Northern Ireland_Jones, John Henry_Short-Form.pdf",signer_title,,,1,1,0,0,-0.2071423977613449,,
image-clarified,"20161214_Fratelli Group_Cox, Frances K._Short-Form.pdf",registration_num,5867,"5867
",1,1,1,1,-0.0023277164764294866,,
image-clarified,"20161214_Fratelli Group_Cox, Frances K._Short-Form.pdf",registrant_name,The Fratelli Group,"The Fratelli Group
",1,1,1,1,-0.03949751281470526,,
image-clarified,"20161214_Fratelli Group_Cox, Frances K._Short-Form.pdf",foreign_principle_name,The Government of Japan,"The Government of Japan
",1,1,1,1,-0.004039827123051509,,
image-clarified,"20161214_Fratelli Group_Cox, Frances K._Short-Form.pdf",file_date,12/17/2014,"12/12/2014
",0,0,1,0,-0.02635791172651807,,
image-clarified,"20161214_Fratelli Group_Cox, Frances K._Short-Form.pdf",signer_name,Frances K. Cox,,0,0,0,1,-0.26139532472006977,,
image-clarified,"20161214_Fratelli Group_Cox, Frances K._Short-Form.pdf",signer_title,,,1,1,0,0,-0.44286972284317017,,
image-clarified,"20180625_Korea International Trade Association, Inc._Park, Joung Woo_Short-Form.pdf",registration_num,2686,"2686
",1,1,1,1,-0.007363612370681949,,
image-clarified,"20180625_Korea International Trade Association, Inc._Park, Joung Woo_Short-Form.pdf",registrant_name,KOREA INTERNATIONAL TRADE ASSOCIATION,"KOREA INTERNATIONAL TRADE ASSOCIATION
",1,1,1,1,-0.004184048940260254,,
image-clarified,"20180625_Korea International Trade Association, Inc._Park, Joung Woo_Short-Form.pdf",foreign_principle_name,KOREA INTERNATIONAL TRADE ASSOCIATION,"KOREA INTERNATIONAL TRADE ASSOCIATION
",1,1,1,1,-0.06807234382358729,,
image-clarified,"20180625_Korea International Trade Association, Inc._Park, Joung Woo_Short-Form.pdf",file_date,"June 25, 2018","June 25, 2018
",1,1,1,1,-0.008529733354907875,,
image-clarified,"20180625_Korea International Trade Association, Inc._Park, Joung Woo_Short-Form.pdf",signer_name,Joung Woo Park,"Joung Woo Park
",1,1,1,1,-0.10036688562249765,,
image-clarified,"20180625_Korea International Trade Association, Inc._Park, Joung Woo_Short-Form.pdf",signer_title,,,1,1,0,0,-0.2593550682067871,,
image-clarified,"20100625_Fleishman-Hillard, Inc.__Short-Form.pdf",registration_num,5801,"5801
",1,1,1,1,-0.004817325705516851,,
image-clarified,"20100625_Fleishman-Hillard, Inc.__Short-Form.pdf",registrant_name,Fleishman-Hillard Inc.,"Fleishman-Hillard Inc.
",1,1,1,1,-0.1250861493499542,,
image-clarified,"20100625_Fleishman-Hillard, Inc.__Short-Form.pdf",foreign_principle_name,Social Communication Secretariat of the Office of the President of the Republic of Brazil,"Social Communication Secretariat of the Office of the President of the Republic of Brazil
",1,1,1,1,-0.03246233662454567,,
image-clarified,"20100625_Fleishman-Hillard, Inc.__Short-Form.pdf",file_date,6/23/2010,"6/23/2010
",1,1,1,1,-0.09261817499969362,,
image-clarified,"20100625_Fleishman-Hillard, Inc.__Short-Form.pdf",signer_name,Melissa J. Banas,"Melissa R. Banas
",0,0,1,1,-0.11730979832160908,,
image-clarified,"20100625_Fleishman-Hillard, Inc.__Short-Form.pdf",signer_title,,,1,1,0,0,-0.1982826143503189,,
image-clarified,"20090731_Hill and Knowlton Strategies, LLC_Poulos, Peter_Short-Form.pdf",registration_num,3301,"3301
",1,1,1,1,-0.0026220196268695872,,
image-clarified,"20090731_Hill and Knowlton Strategies, LLC_Poulos, Peter_Short-Form.pdf",registrant_name,"Hill & Knowlton, Inc.","Hill & Knowlton, Inc.
",1,1,1,1,-0.039192984708481364,,
image-clarified,"20090731_Hill and Knowlton Strategies, LLC_Poulos, Peter_Short-Form.pdf",foreign_principle_name,Qatar Financial Centre Authority,"Qatar Financial Centre Authority
(Through Hill & Knowlton Qatar, LLC)
",0,0,1,1,-0.0022915230423677714,,
image-clarified,"20090731_Hill and Knowlton Strategies, LLC_Poulos, Peter_Short-Form.pdf",file_date,6/23/09,"0
",0,0,1,0,-0.14735141893782253,,
image-clarified,"20090731_Hill and Knowlton Strategies, LLC_Poulos, Peter_Short-Form.pdf",signer_name,K,,0,0,0,1,-1.9642380475997925,,
image-clarified,"20090731_Hill and Knowlton Strategies, LLC_Poulos, Peter_Short-Form.pdf",signer_title,,,1,1,0,0,-0.30828747153282166,,
image-clarified,"20170320_Burson-Marsteller, LLC (Washington, DC)_Smith, Nancy_Short-Form.pdf",registration_num,6227,"6227
",1,1,1,1,-0.002718786068726331,,
image-clarified,"20170320_Burson-Marsteller, LLC (Washington, DC)_Smith, Nancy_Short-Form.pdf",registrant_name,"Burson-Marsteller, LLC","Burson-Marsteller, LLC
",1,1,1,1,-0.02214514623240878,,
image-clarified,"20170320_Burson-Marsteller, LLC (Washington, DC)_Smith, Nancy_Short-Form.pdf",foreign_principle_name,"Consejo De Promocion Turistica De Mexico, S.A","Consejo De Promocion Turistica De Mexico, S.A
",1,1,1,1,-0.008064799235268896,,
image-clarified,"20170320_Burson-Marsteller, LLC (Washington, DC)_Smith, Nancy_Short-Form.pdf",file_date,3/9/17,"3/9/17
(Date of ",0,0,1,1,-0.14809489580996646,,
image-clarified,"20170320_Burson-Marsteller, LLC (Washington, DC)_Smith, Nancy_Short-Form.pdf",signer_name,Nancy A,,0,0,0,0,-0.32393708514670533,,
image-clarified,"20170320_Burson-Marsteller, LLC (Washington, DC)_Smith, Nancy_Short-Form.pdf",signer_title,,,1,1,0,0,-0.4215606153011322,,
image-clarified,"20151130_KOTRA_Lee, Jonggun_Short-Form.pdf",registration_num,1619,"1619
",1,1,1,1,-0.0011864920379593968,,
image-clarified,"20151130_KOTRA_Lee, Jonggun_Short-Form.pdf",registrant_name,"Korea Business Center, NY","Korea Business Center, NY
",1,1,1,1,-0.024176294760157663,,
image-clarified,"20151130_KOTRA_Lee, Jonggun_Short-Form.pdf",foreign_principle_name,Korea Business Center,,0,0,0,1,-0.28736733441473916,,
image-clarified,"20151130_KOTRA_Lee, Jonggun_Short-Form.pdf",file_date,"November 24, 2015","November 24, 2015
",1,1,1,1,-0.012065397058768213,,
image-clarified,"20151130_KOTRA_Lee, Jonggun_Short-Form.pdf",signer_name,Jonggun Lee,"Jonggun Lee
",1,1,1,1,-0.021884035493712872,,
image-clarified,"20151130_KOTRA_Lee, Jonggun_Short-Form.pdf",signer_title,,,1,1,0,0,-0.13911622762680054,,
image-clarified,"20121119_Commonwealth of Dominica Maritime Registry, Inc._Amettikkara, Devadas_Short-Form.pdf",registration_num,5334,"5334
",1,1,1,1,-0.004405213577229006,,
image-clarified,"20121119_Commonwealth of Dominica Maritime Registry, Inc._Amettikkara, Devadas_Short-Form.pdf",registrant_name,Commonwealth of Dominica Maritime Registry,"Commonwealth of Dominica Maritime Registry
",1,1,1,1,-0.10596583993330048,,
image-clarified,"20121119_Commonwealth of Dominica Maritime Registry, Inc._Amettikkara, Devadas_Short-Form.pdf",foreign_principle_name,Commonwealth of Dominica,"Commonwealth of Dominica
",1,1,1,1,-0.033575617004953526,,
image-clarified,"20121119_Commonwealth of Dominica Maritime Registry, Inc._Amettikkara, Devadas_Short-Form.pdf",file_date,"November 01, 2012","November 01, 2012
",1,1,1,1,-0.010330820499029869,,
image-clarified,"20121119_Commonwealth of Dominica Maritime Registry, Inc._Amettikkara, Devadas_Short-Form.pdf",signer_name,DEVADAS AMETTIKKARA,"DEVADAS AMETTIKKARA
",1,1,1,1,-0.257806362654914,,
image-clarified,"20121119_Commonwealth of Dominica Maritime Registry, Inc._Amettikkara, Devadas_Short-Form.pdf",signer_title,,,1,1,0,0,-0.10415788739919662,,
image-clarified,"20120814_Commonwealth of Dominica Maritime Registry, Inc._Khvedelidze, Parmen_Short-Form.pdf",registration_num,5334,,0,0,0,0,-0.40003134310245514,,
image-clarified,"20120814_Commonwealth of Dominica Maritime Registry, Inc._Khvedelidze, Parmen_Short-Form.pdf",registrant_name,Commonwealth of Dominica Maritime Registry,"Commonwealth of Dominica Maritime Registry
",1,1,1,1,-0.22071917635704658,,
image-clarified,"20120814_Commonwealth of Dominica Maritime Registry, Inc._Khvedelidze, Parmen_Short-Form.pdf",foreign_principle_name,Commonwealth of Dominica,"Commonwealth of Dominica
",1,1,1,1,-0.013042286736890674,,
image-clarified,"20120814_Commonwealth of Dominica Maritime Registry, Inc._Khvedelidze, Parmen_Short-Form.pdf",file_date,13.08.2012,"13.08.2012
",1,1,1,1,-0.05205048849456943,,
image-clarified,"20120814_Commonwealth of Dominica Maritime Registry, Inc._Khvedelidze, Parmen_Short-Form.pdf",signer_name,R. C. D.,,0,0,0,0,-1.3740842640399933,,
image-clarified,"20120814_Commonwealth of Dominica Maritime Registry, Inc._Khvedelidze, Parmen_Short-Form.pdf",signer_title,,,1,1,0,0,-0.43592700362205505,,
image-clarified,"20121129_Commonwealth of Dominica Maritime Registry, Inc._Gamal, Islam_Short-Form.pdf",registration_num,5334,"5334
",1,1,1,1,-0.009211453863827046,,
image-clarified,"20121129_Commonwealth of Dominica Maritime Registry, Inc._Gamal, Islam_Short-Form.pdf",registrant_name,Commonwealth of Dominica Maritime Registry,"Commonwealth of Dominica Maritime Registry
",1,1,1,1,-0.03613284956268866,,
image-clarified,"20121129_Commonwealth of Dominica Maritime Registry, Inc._Gamal, Islam_Short-Form.pdf",foreign_principle_name,Commonwealth of Dominica,"Commonwealth of Dominica
",1,1,1,1,-0.02578033302534095,,
image-clarified,"20121129_Commonwealth of Dominica Maritime Registry, Inc._Gamal, Islam_Short-Form.pdf",file_date,"22TH SEPTEMBER, 2012","22TH SEPTEMBER, 2012
",1,1,1,1,-0.02356176127280681,,
image-clarified,"20121129_Commonwealth of Dominica Maritime Registry, Inc._Gamal, Islam_Short-Form.pdf",signer_name,Islam Gamal,,0,0,0,1,-0.08501864511830111,,
image-clarified,"20121129_Commonwealth of Dominica Maritime Registry, Inc._Gamal, Islam_Short-Form.pdf",signer_title,,,1,1,0,0,-0.35291892290115356,,
image-clarified,"20130315_Daniel J. Edelman, Inc._Klempay, Daniel_Short-Form.pdf",registration_num,3634,"3634
",1,1,1,1,-0.0030878436300554313,,
image-clarified,"20130315_Daniel J. Edelman, Inc._Klempay, Daniel_Short-Form.pdf",registrant_name,Daniel Klempay,"Daniel J. Edelman, Inc.
",0,0,1,1,-0.1630115367788676,,
image-clarified,"20130315_Daniel J. Edelman, Inc._Klempay, Daniel_Short-Form.pdf",foreign_principle_name,"Oerlikon Solar, Ltd.","Oerlikon Solar, Ltd.
",1,1,1,1,-0.03892582990738447,,
image-clarified,"20130315_Daniel J. Edelman, Inc._Klempay, Daniel_Short-Form.pdf",file_date,"February 28, 2013","February 28, 2013
",1,1,1,1,-0.007030924983928344,,
image-clarified,"20130315_Daniel J. Edelman, Inc._Klempay, Daniel_Short-Form.pdf",signer_name,Daniel Klempay,"Daniel Klempay
",1,1,1,1,-0.0028877132459683708,,
image-clarified,"20130315_Daniel J. Edelman, Inc._Klempay, Daniel_Short-Form.pdf",signer_title,,,1,1,0,0,-0.08074751496315002,,
image-clarified,"20180214_Tigercomm, LLC_Schub, Nathaniel J._Short-Form.pdf",registration_num,6511,"6511
",1,1,1,1,-0.0005176497979846317,,
image-clarified,"20180214_Tigercomm, LLC_Schub, Nathaniel J._Short-Form.pdf",registrant_name,"Tigercomm, LLC","Tigercomm, LLC
",1,1,1,1,-0.05945365813095123,,
image-clarified,"20180214_Tigercomm, LLC_Schub, Nathaniel J._Short-Form.pdf",foreign_principle_name,Embassy of the State of Qatar,"Embassy of the State of Qatar
",1,1,1,1,-0.006442784802857204,,
image-clarified,"20180214_Tigercomm, LLC_Schub, Nathaniel J._Short-Form.pdf",file_date,"February 14, 2018","February 14, 2018
",1,1,1,1,-0.003757350220109856,,
image-clarified,"20180214_Tigercomm, LLC_Schub, Nathaniel J._Short-Form.pdf",signer_name,Nathaniel J Schub,"Nathaniel J Schub
",1,1,1,1,-0.059786881674275115,,
image-clarified,"20180214_Tigercomm, LLC_Schub, Nathaniel J._Short-Form.pdf",signer_title,,,1,1,0,0,-0.08131827414035797,,
image-clarified,"20180710_BerlinRosen Ltd._Rose, Rebecca_Short-Form.pdf",registration_num,6531,"6531
",1,1,1,1,-0.003932596826416557,,
image-clarified,"20180710_BerlinRosen Ltd._Rose, Rebecca_Short-Form.pdf",registrant_name,BerlinRosen Ltd,"BerlinRosen Ltd
",1,1,1,1,-0.1437409021964413,,
image-clarified,"20180710_BerlinRosen Ltd._Rose, Rebecca_Short-Form.pdf",foreign_principle_name,Cambodia National Rescue Movement (CNRM),"Cambodia National Rescue Movement (CNRM)
",1,1,1,1,-0.020980338226460542,,
image-clarified,"20180710_BerlinRosen Ltd._Rose, Rebecca_Short-Form.pdf",file_date,"July 10, 2018","July 10, 2018
",1,1,1,1,-0.019292055154528497,,
image-clarified,"20180710_BerlinRosen Ltd._Rose, Rebecca_Short-Form.pdf",signer_name,Rebecca Rose,"Rebecca Rose
",1,1,1,1,-0.0005828835419379175,,
image-clarified,"20180710_BerlinRosen Ltd._Rose, Rebecca_Short-Form.pdf",signer_title,,,1,1,0,0,-0.1220770999789238,,
image-clarified,"20170914_Doremus _ Company_Quan, Renee_Short-Form.pdf",registration_num,6387,"6387
",1,1,1,1,-0.0064619664117344655,,
image-clarified,"20170914_Doremus _ Company_Quan, Renee_Short-Form.pdf",registrant_name,Doremus & Company,"Doremus & Company
",1,1,1,1,-0.0882538974750787,,
image-clarified,"20170914_Doremus _ Company_Quan, Renee_Short-Form.pdf",foreign_principle_name,Economic Development Board Singapore,"Economic Development Board Singapore
",1,1,1,1,-0.006858874339377508,,
image-clarified,"20170914_Doremus _ Company_Quan, Renee_Short-Form.pdf",file_date,"September 01, 2017","September 01, 2017
",1,1,1,1,-0.016499086320800417,,
image-clarified,"20170914_Doremus _ Company_Quan, Renee_Short-Form.pdf",signer_name,Renee Tasha Quan,"Renee Tasha Quan
",1,1,1,1,-0.016323555013514124,,
image-clarified,"20170914_Doremus _ Company_Quan, Renee_Short-Form.pdf",signer_title,,,1,1,0,0,-0.17028099298477173,,
image-clarified,"20130208_Tourism Authority of Thailand, Los Angeles_Awutkom, Orasa_Short-Form.pdf",registration_num,2178,"2178
",1,1,1,1,-0.0025819961601882824,,
image-clarified,"20130208_Tourism Authority of Thailand, Los Angeles_Awutkom, Orasa_Short-Form.pdf",registrant_name,Tourism Authority of Thailand,"Tourism Authority of Thailand
",1,1,1,1,-0.012915018809144386,,
image-clarified,"20130208_Tourism Authority of Thailand, Los Angeles_Awutkom, Orasa_Short-Form.pdf",foreign_principle_name,Assistant Director of the Tourism Authority of Thailand Los Angeles,,0,0,0,1,-0.27128856333438306,,
image-clarified,"20130208_Tourism Authority of Thailand, Los Angeles_Awutkom, Orasa_Short-Form.pdf",file_date,"Feb 8, 2013","Feb8,2013
",1,1,1,1,-0.07430672569070237,,
image-clarified,"20130208_Tourism Authority of Thailand, Los Angeles_Awutkom, Orasa_Short-Form.pdf",signer_name,C. Awutkom,,0,0,0,0,-0.4572963982820511,,
image-clarified,"20130208_Tourism Authority of Thailand, Los Angeles_Awutkom, Orasa_Short-Form.pdf",signer_title,,,1,1,0,0,-0.3949119746685028,,
image-clarified,"20180305_Baker, Donelson, Bearman, Caldwell _ Berkowitz, P.C._Dyer, James W._Short-Form.pdf",registration_num,0535,"6535
",0,0,1,0,-0.20343854476232082,,
image-clarified,"20180305_Baker, Donelson, Bearman, Caldwell _ Berkowitz, P.C._Dyer, James W._Short-Form.pdf",registrant_name,James W. Dyer,"Baker, Donelson, Bearman, Caldwell &
Berkowitz, A Professional Corporation
",0,0,1,1,-0.13140926723135635,,
image-clarified,"20180305_Baker, Donelson, Bearman, Caldwell _ Berkowitz, P.C._Dyer, James W._Short-Form.pdf",foreign_principle_name,"Embassy of the Republic of Azerbaijan (through BGR Government Affairs, LLC)","Embassy of the Republic of Azerbaijan (through BGR Government Affairs, LLC)
",1,1,1,1,-0.05152033581362048,,
image-clarified,"20180305_Baker, Donelson, Bearman, Caldwell _ Berkowitz, P.C._Dyer, James W._Short-Form.pdf",file_date,3/5/2018,"3/5/2018
",1,1,1,1,-0.012420631671830051,,
image-clarified,"20180305_Baker, Donelson, Bearman, Caldwell _ Berkowitz, P.C._Dyer, James W._Short-Form.pdf",signer_name,James W. Dyer,"James W. Dyer
",1,1,1,1,-0.0015475997905014082,,
image-clarified,"20180305_Baker, Donelson, Bearman, Caldwell _ Berkowitz, P.C._Dyer, James W._Short-Form.pdf",signer_title,,,1,1,0,0,-0.10181678086519241,,
image-clarified,"20140922_Ketchum Inc. NY_O_Gorman, Catherine Mary Anne_Short-Form.pdf",registration_num,5758,"5758
",1,1,1,1,-0.003942700397601584,,
image-clarified,"20140922_Ketchum Inc. NY_O_Gorman, Catherine Mary Anne_Short-Form.pdf",registrant_name,"Ketchum, Inc.","Ketchum, Inc.
",1,1,1,1,-0.0884446645504795,,
image-clarified,"20140922_Ketchum Inc. NY_O_Gorman, Catherine Mary Anne_Short-Form.pdf",foreign_principle_name,"Russian Federation, Republic of Ecuador","Russian Federation, Republic of Ecuador
",1,1,1,1,-0.05425163126831952,,
image-clarified,"20140922_Ketchum Inc. NY_O_Gorman, Catherine Mary Anne_Short-Form.pdf",file_date,8/22/2014,"8/22/2014
",1,1,1,1,-0.06153844991058577,,
image-clarified,"20140922_Ketchum Inc. NY_O_Gorman, Catherine Mary Anne_Short-Form.pdf",signer_name,Ch,,0,0,0,1,-2.045931339263916,,
image-clarified,"20140922_Ketchum Inc. NY_O_Gorman, Catherine Mary Anne_Short-Form.pdf",signer_title,,,1,1,0,0,-0.3534186780452728,,
image-clarified,"20161130_KOTRA_Kim, Kunki_Short-Form.pdf",registration_num,1619,"1619
",1,1,1,1,-0.0020092095764994156,,
image-clarified,"20161130_KOTRA_Kim, Kunki_Short-Form.pdf",registrant_name,Korea Business Center,"Korea Business Center
",1,1,1,1,-0.014956958300899714,,
image-clarified,"20161130_KOTRA_Kim, Kunki_Short-Form.pdf",foreign_principle_name,KIM KI,,0,0,0,1,-0.18289799615740776,,
image-clarified,"20161130_KOTRA_Kim, Kunki_Short-Form.pdf",file_date,"November 28, 2016","November 28, 2016
",1,1,1,1,-0.011711208059864475,,
image-clarified,"20161130_KOTRA_Kim, Kunki_Short-Form.pdf",signer_name,KIM KI,"KIM KI
",1,1,1,1,-0.021412682991164427,,
image-clarified,"20161130_KOTRA_Kim, Kunki_Short-Form.pdf",signer_title,,,1,1,0,0,-0.2299557626247406,,
image-clarified,"20180206_S.G.R. LLC Government Relations and Lobbying_Lowman, Greg_Short-Form.pdf",registration_num,6379,"6379
",1,1,1,1,-0.010334667196730152,,
image-clarified,"20180206_S.G.R. LLC Government Relations and Lobbying_Lowman, Greg_Short-Form.pdf",registrant_name,S.G.R. LLC Government Relations & Lobbying,"S.G.R. LLC Government Relations & Lobbying
",1,1,1,1,-0.028104012641415467,,
image-clarified,"20180206_S.G.R. LLC Government Relations and Lobbying_Lowman, Greg_Short-Form.pdf",foreign_principle_name,Federal Democratic Republic of Ethiopia,"Federal Democratic Republic of Ethiopia
The Ministry of Foreign Affairs and International Cooperation of the Kingdom of Morocco (through JPC Strategies LLC)
The Embassy of the State of Qatar (through Venable LLP)
",0,0,1,1,-0.12518813764763764,,
image-clarified,"20180206_S.G.R. LLC Government Relations and Lobbying_Lowman, Greg_Short-Form.pdf",file_date,"February 06, 2018","February 06, 2018
",1,1,1,1,-0.014110663447490878,,
image-clarified,"20180206_S.G.R. LLC Government Relations and Lobbying_Lowman, Greg_Short-Form.pdf",signer_name,Greg Lowman,"Greg Lowman
",1,1,1,1,-0.002495161141268909,,
image-clarified,"20180206_S.G.R. LLC Government Relations and Lobbying_Lowman, Greg_Short-Form.pdf",signer_title,,,1,1,0,0,-0.19255425035953522,,
image-clarified,"20171004_Sonoran Policy Group, LLC_Meyers, Jessica_Short-Form.pdf",registration_num,6399,"6399
",1,1,1,1,-0.0023020739326966577,,
image-clarified,"20171004_Sonoran Policy Group, LLC_Meyers, Jessica_Short-Form.pdf",registrant_name,"Sonoran Policy Group, LLC","Sonoran Policy Group, LLC
",1,1,1,1,-0.07558854002976052,,
image-clarified,"20171004_Sonoran Policy Group, LLC_Meyers, Jessica_Short-Form.pdf",foreign_principle_name,"The Embassy of the Islamic Republic of Afghanistan; Government of Kenya (Ministry of Foreign Affairs); Embassy of Iceland, Washington, DC",,0,0,0,1,-0.041802011811621645,,
image-clarified,"20171004_Sonoran Policy Group, LLC_Meyers, Jessica_Short-Form.pdf",file_date,"October 03, 2017","October 03, 2017
",1,1,1,1,-0.028602870023451032,,
image-clarified,"20171004_Sonoran Policy Group, LLC_Meyers, Jessica_Short-Form.pdf",signer_name,Jessica Lynn Meyers,"Jessica Lynn Meyers
",1,1,1,1,-0.0017924295389093459,,
image-clarified,"20171004_Sonoran Policy Group, LLC_Meyers, Jessica_Short-Form.pdf",signer_title,,,1,1,0,0,-0.30274587869644165,,
image-clarified,"20140929_Sandler Trade, LLC_Cabeza, Romulo_Short-Form.pdf",registration_num,6180,"6180.
",1,1,1,1,-0.007539234844443854,,
image-clarified,"20140929_Sandler Trade, LLC_Cabeza, Romulo_Short-Form.pdf",registrant_name,Romulo Cabeza,"Sandler Trade LLC
",0,0,1,1,-0.10427885746184984,,
image-clarified,"20140929_Sandler Trade, LLC_Cabeza, Romulo_Short-Form.pdf",foreign_principle_name,Minister Benchawan Ukrid,"Minister Benchawan Ukrid, Office of Commercial Affairs, Royal Thai Embassy, 1024 Wisconsin Ave, N.W., Washington, D.C.
20007
",0,0,1,1,-0.13759949011728168,,
image-clarified,"20140929_Sandler Trade, LLC_Cabeza, Romulo_Short-Form.pdf",file_date,9/17/2014,"9/17/2014
",1,1,1,1,-0.055713663451671086,,
image-clarified,"20140929_Sandler Trade, LLC_Cabeza, Romulo_Short-Form.pdf",signer_name,Romulo Cabeza,,0,0,0,1,-0.06689414096763358,,
image-clarified,"20140929_Sandler Trade, LLC_Cabeza, Romulo_Short-Form.pdf",signer_title,,,1,1,0,0,-0.2381385713815689,,
image-clarified,"20180605_PTI USA, LLC_Ali, Imtiaz_Short-Form.pdf",registration_num,6160,"6160
",1,1,1,1,-0.008987979530502344,,
image-clarified,"20180605_PTI USA, LLC_Ali, Imtiaz_Short-Form.pdf",registrant_name,Pakistan Tehreek-e-Insaf,"Pakistan Tehreek-e-Insaaf
",0,0,1,1,-0.08265905611083976,,
image-clarified,"20180605_PTI USA, LLC_Ali, Imtiaz_Short-Form.pdf",foreign_principle_name,PTI,"Pakistan Tehreek-e-Insaf, PTI
",0,0,1,1,-0.07845488528255373,,
image-clarified,"20180605_PTI USA, LLC_Ali, Imtiaz_Short-Form.pdf",file_date,5/31/2018,"5/31/2018
Date of ",0,0,1,1,-0.05558798890140477,,
image-clarified,"20180605_PTI USA, LLC_Ali, Imtiaz_Short-Form.pdf",signer_name,Imtiaz Ali,".
Imtiaz Ali
(Signature)
",0,0,1,1,-0.026474233891349286,,
image-clarified,"20180605_PTI USA, LLC_Ali, Imtiaz_Short-Form.pdf",signer_title,,,1,1,0,0,-0.16453853249549866,,
image-clarified,"20170906_Akin, Gump, Strauss, Hauer _ Feld, LLP_Shapiro, Hal_Short-Form.pdf",registration_num,3492,"3492
",1,1,1,1,-0.03239228212805756,,
image-clarified,"20170906_Akin, Gump, Strauss, Hauer _ Feld, LLP_Shapiro, Hal_Short-Form.pdf",registrant_name,Akin Gump Strauss Hauer & Feld LLP,"Akin Gump Strauss Hauer & Feld LLP
",1,1,1,1,-0.03206567215092946,,
image-clarified,"20170906_Akin, Gump, Strauss, Hauer _ Feld, LLP_Shapiro, Hal_Short-Form.pdf",foreign_principle_name,Government of the Republic of the Marshall Islands,"Government of the Republic of the Marshall Islands
",1,1,1,1,-0.007088000818839646,,
image-clarified,"20170906_Akin, Gump, Strauss, Hauer _ Feld, LLP_Shapiro, Hal_Short-Form.pdf",file_date,"September 06, 2017","September 06, 2017
",1,1,1,1,-0.0309179934340591,,
image-clarified,"20170906_Akin, Gump, Strauss, Hauer _ Feld, LLP_Shapiro, Hal_Short-Form.pdf",signer_name,Hal Shapiro,"Hal Shapiro
",1,1,1,1,-0.011740579269826412,,
image-clarified,"20170906_Akin, Gump, Strauss, Hauer _ Feld, LLP_Shapiro, Hal_Short-Form.pdf",signer_title,,,1,1,0,0,-0.14769479632377625,,
image-clarified,"20140929_Burson-Marsteller, LLC (Miami Office)_Wenceiblat, Claudia Gloria_Short-Form.pdf",registration_num,6223,"6223
",1,1,1,1,-0.0025556688397045946,,
image-clarified,"20140929_Burson-Marsteller, LLC (Miami Office)_Wenceiblat, Claudia Gloria_Short-Form.pdf",registrant_name,Burson-Marsteller LLC,"Burson-Marsteller LLC
",1,1,1,1,-0.04270071598002687,,
image-clarified,"20140929_Burson-Marsteller, LLC (Miami Office)_Wenceiblat, Claudia Gloria_Short-Form.pdf",foreign_principle_name,Comision para la Promocion de la Alianza Publico-Privada (COALIANZA),"Comision para la Promocion de la Alianza Publico-Privada (COALIANZA)
",1,1,1,1,-0.08353581786005551,,
image-clarified,"20140929_Burson-Marsteller, LLC (Miami Office)_Wenceiblat, Claudia Gloria_Short-Form.pdf",file_date,9/22/14,"9/22/14
",1,1,1,1,-0.08466698844651026,,
image-clarified,"20140929_Burson-Marsteller, LLC (Miami Office)_Wenceiblat, Claudia Gloria_Short-Form.pdf",signer_name,D,,0,0,0,1,-2.4423680305480957,,
image-clarified,"20140929_Burson-Marsteller, LLC (Miami Office)_Wenceiblat, Claudia Gloria_Short-Form.pdf",signer_title,,,1,1,0,0,-0.4409261643886566,,
image-clarified,"20171128_Burson-Marsteller, LLC (Washington, DC)_Lerubino, Kathryn L._Short-Form.pdf",registration_num,NA,"6227
",0,0,1,1,-0.0314207561314106,,
image-clarified,"20171128_Burson-Marsteller, LLC (Washington, DC)_Lerubino, Kathryn L._Short-Form.pdf",registrant_name,Burson-Marsteller LLC (Washington DC),"Burson-Marsteller LLC (Washington DC)
",1,1,1,1,-0.058473494783457786,,
image-clarified,"20171128_Burson-Marsteller, LLC (Washington, DC)_Lerubino, Kathryn L._Short-Form.pdf",foreign_principle_name,"Kobe Steel, Ltd.","Kobe Steel, Ltd.
",1,1,1,1,-0.01709824406619494,,
image-clarified,"20171128_Burson-Marsteller, LLC (Washington, DC)_Lerubino, Kathryn L._Short-Form.pdf",file_date,11/28/17,"11/28/17
",1,1,1,1,-0.0012857669807999628,,
image-clarified,"20171128_Burson-Marsteller, LLC (Washington, DC)_Lerubino, Kathryn L._Short-Form.pdf",signer_name,Kathryn L. Ierubino,"Kathryn L. lerubino
",0,0,1,0,-0.03958305456520369,,
image-clarified,"20171128_Burson-Marsteller, LLC (Washington, DC)_Lerubino, Kathryn L._Short-Form.pdf",signer_title,,,1,1,0,0,-0.14794322848320007,,
image-clarified,"20171017_Italian Government Tourist Board, New York_Persampieri, Salvatore_Short-Form.pdf",registration_num,568,"568
",1,1,1,1,-0.006988837441895157,,
image-clarified,"20171017_Italian Government Tourist Board, New York_Persampieri, Salvatore_Short-Form.pdf",registrant_name,ENT - Italian Government Tourist Board,"ENIT-Italian Government Tourist Board
",0,0,1,0,-0.1988920915090213,,
image-clarified,"20171017_Italian Government Tourist Board, New York_Persampieri, Salvatore_Short-Form.pdf",foreign_principle_name,ENT - Agenzia Nazionale del Turismo,"ENIT-Agenzia Nazionale del Turismo
",0,0,1,0,-0.10853359668648668,,
image-clarified,"20171017_Italian Government Tourist Board, New York_Persampieri, Salvatore_Short-Form.pdf",file_date,"October 10, 2017","October 10, 2017
",1,1,1,1,-0.008700411758536575,,
image-clarified,"20171017_Italian Government Tourist Board, New York_Persampieri, Salvatore_Short-Form.pdf",signer_name,Salvatore Persampieri,"Salvatore Persampieri
",1,1,1,1,-0.011708653958824774,,
image-clarified,"20171017_Italian Government Tourist Board, New York_Persampieri, Salvatore_Short-Form.pdf",signer_title,,,1,1,0,0,-0.12924186885356903,,
image-clarified,"20141105_Ketchum Inc. NY_Surfield, Ron_Short-Form.pdf",registration_num,5758,"5758
",1,1,1,1,-0.0025682725990918698,,
image-clarified,"20141105_Ketchum Inc. NY_Surfield, Ron_Short-Form.pdf",registrant_name,"Ketchum, Inc.","Ketchum, Inc.
",1,1,1,1,-0.11174297030568899,,
image-clarified,"20141105_Ketchum Inc. NY_Surfield, Ron_Short-Form.pdf",foreign_principle_name,ICEX,"Exerom Spain
ICEX
",0,0,1,1,-0.7201343588531017,,
image-clarified,"20141105_Ketchum Inc. NY_Surfield, Ron_Short-Form.pdf",file_date,"July 16, 2014","July 16, 2014
",1,1,1,1,-0.010512400192044424,,
image-clarified,"20141105_Ketchum Inc. NY_Surfield, Ron_Short-Form.pdf",signer_name,Ronald Joseph Surfield,"Ronald Joseph Surfield
",1,1,1,1,-0.0036147873441223057,,
image-clarified,"20141105_Ketchum Inc. NY_Surfield, Ron_Short-Form.pdf",signer_title,,,1,1,0,0,-0.1633453667163849,,
image-clarified,"20091209_International Trade _ Development Agency, Inc._Murphy, Morgan F._Short-Form.pdf",registration_num,3690,"3690
",1,1,1,1,-0.006046415504897595,,
image-clarified,"20091209_International Trade _ Development Agency, Inc._Murphy, Morgan F._Short-Form.pdf",registrant_name,International Trade and Development Agency,"International Trade and Development Agency
",1,1,1,1,-0.046144319778250065,,
image-clarified,"20091209_International Trade _ Development Agency, Inc._Murphy, Morgan F._Short-Form.pdf",foreign_principle_name,Taiwan,"Taiwan
",1,1,1,1,-0.0023985515908862,,
image-clarified,"20091209_International Trade _ Development Agency, Inc._Murphy, Morgan F._Short-Form.pdf",file_date,2009-12-09,"Decilna 2009
",0,0,1,0,-0.15147977666929363,,
image-clarified,"20091209_International Trade _ Development Agency, Inc._Murphy, Morgan F._Short-Form.pdf",signer_name,Morgan F. Murphy,,0,0,0,1,-0.023214032221585513,,
image-clarified,"20091209_International Trade _ Development Agency, Inc._Murphy, Morgan F._Short-Form.pdf",signer_title,,,1,1,0,0,-0.11466740816831589,,
image-clarified,"20180629_MMGY Global, LLC_Koehly, Chelsea_Short-Form.pdf",registration_num,6492,"6492
",1,1,1,1,-0.0030635619805252645,,
image-clarified,"20180629_MMGY Global, LLC_Koehly, Chelsea_Short-Form.pdf",registrant_name,"MMGY Global, LLC","MMGY Global, LLC
",1,1,1,1,-0.03330815900117159,,
image-clarified,"20180629_MMGY Global, LLC_Koehly, Chelsea_Short-Form.pdf",foreign_principle_name,Bermuda Tourism Authority,"Bermuda Tourism Authority
",1,1,1,1,-0.0025945041445083914,,
image-clarified,"20180629_MMGY Global, LLC_Koehly, Chelsea_Short-Form.pdf",file_date,"June 27, 2018","June 27, 2018
",1,1,1,1,-0.006347179193971897,,
image-clarified,"20180629_MMGY Global, LLC_Koehly, Chelsea_Short-Form.pdf",signer_name,Chelsea Koehly,"Chelsea Koehly
",1,1,1,1,-0.02125060417165514,,
image-clarified,"20180629_MMGY Global, LLC_Koehly, Chelsea_Short-Form.pdf",signer_title,,,1,1,0,0,-0.15342500805854797,,
image-clarified,"20100226_KRL International, LLC__Short-Form.pdf",registration_num,5788,"5788
",1,1,1,1,-0.004678241413785145,,
image-clarified,"20100226_KRL International, LLC__Short-Form.pdf",registrant_name,K.Riva Levinson,"KRL International LLC
",0,0,1,1,-0.2309718204662204,,
image-clarified,"20100226_KRL International, LLC__Short-Form.pdf",foreign_principle_name,Office of the President Minister of State for Liberia,"Office of the President minister of State for Liberia
",0,1,1,1,-0.1751781530264351,,
image-clarified,"20100226_KRL International, LLC__Short-Form.pdf",file_date,2/24/2010,"2/24/2010
(Date ",0,0,1,1,-0.11954598293070579,,
image-clarified,"20100226_KRL International, LLC__Short-Form.pdf",signer_name,K.Riva Levinson,,0,0,0,1,-0.19385605761781335,,
image-clarified,"20100226_KRL International, LLC__Short-Form.pdf",signer_title,,,1,1,0,0,-0.4262767434120178,,
image-clarified,"20120926_Squire Patton Boggs, LLP_Thompson, Scott C._Short-Form.pdf",registration_num,2165,"2165
",1,1,1,1,-0.002319860472198343,,
image-clarified,"20120926_Squire Patton Boggs, LLP_Thompson, Scott C._Short-Form.pdf",registrant_name,Patton Boggs LLP,"Patton Boggs LLP
",1,1,1,1,-0.04843231119593838,,
image-clarified,"20120926_Squire Patton Boggs, LLP_Thompson, Scott C._Short-Form.pdf",foreign_principle_name,Interim Transitional National Council of Libya,"By this filing: Interim Transitional National Council of Libya. By prior filings: 1) Al-Ahmar Trading Group, 2) The Embassy
of the Republic of Azerbaijan, 3) The Korea International Trade Association, 4) Republic of Croatia, 5) Government of
Kosova, and 6) Royal Embassy of Saudi Arabia.
",0,0,1,1,-0.025686958815120824,,
image-clarified,"20120926_Squire Patton Boggs, LLP_Thompson, Scott C._Short-Form.pdf",file_date,"September 25, 2012","September 25, 2012
",1,1,1,1,-0.008919734416122083,,
image-clarified,"20120926_Squire Patton Boggs, LLP_Thompson, Scott C._Short-Form.pdf",signer_name,Scott C. Thompson,"Scott C. Thompson
",1,1,1,1,-0.0022832188988104463,,
image-clarified,"20120926_Squire Patton Boggs, LLP_Thompson, Scott C._Short-Form.pdf",signer_title,,,1,1,0,0,-0.2481892853975296,,
image-clarified,"20120914_Department of Culture Tourism - Abu Dhabi (New York Branch)_McDonagh, Paul_Short-Form.pdf",registration_num,6134,"6134
",1,1,1,1,-0.044836718239821494,,
image-clarified,"20120914_Department of Culture Tourism - Abu Dhabi (New York Branch)_McDonagh, Paul_Short-Form.pdf",registrant_name,Paul McDonagh,"Abu Dhabi Tourism & Culture Authority - New Yo
",0,0,1,1,-0.050504837883636355,,
image-clarified,"20120914_Department of Culture Tourism - Abu Dhabi (New York Branch)_McDonagh, Paul_Short-Form.pdf",foreign_principle_name,Abu Dhabi Tourism & Culture Authority,"Abu Dhabi Tourism & Culture Authority
",1,1,1,1,-0.0025410630145675634,,
image-clarified,"20120914_Department of Culture Tourism - Abu Dhabi (New York Branch)_McDonagh, Paul_Short-Form.pdf",file_date,"September 14, 2012","September 14, 2012
",1,1,1,1,-0.007883084909917671,,
image-clarified,"20120914_Department of Culture Tourism - Abu Dhabi (New York Branch)_McDonagh, Paul_Short-Form.pdf",signer_name,Paul McDonagh,"Paul McDonagh
",1,1,1,1,-0.013099878192103157,,
image-clarified,"20120914_Department of Culture Tourism - Abu Dhabi (New York Branch)_McDonagh, Paul_Short-Form.pdf",signer_title,,,1,1,0,0,-0.17676584422588348,,
image-clarified,"20180209_Andreae _ Associates_Braha, Katharine_Short-Form.pdf",registration_num,6371,"6371
",1,1,1,1,-0.0009240159670298453,,
image-clarified,"20180209_Andreae _ Associates_Braha, Katharine_Short-Form.pdf",registrant_name,Katharine Braha,"Andreae & Associates
",0,0,1,1,-0.11291517253266647,,
image-clarified,"20180209_Andreae _ Associates_Braha, Katharine_Short-Form.pdf",foreign_principle_name,"SCL Social, For Iraq United","SCL Social, For Iraq United
",1,1,1,1,-0.10123124349463199,,
image-clarified,"20180209_Andreae _ Associates_Braha, Katharine_Short-Form.pdf",file_date,"February 9, 2018","February 9, 2018
",1,1,1,1,-0.0044741310299893184,,
image-clarified,"20180209_Andreae _ Associates_Braha, Katharine_Short-Form.pdf",signer_name,Katharine Braha,,0,0,0,1,-0.09175637941807509,,
image-clarified,"20180209_Andreae _ Associates_Braha, Katharine_Short-Form.pdf",signer_title,,,1,1,0,0,-0.28497064113616943,,
image-clarified,"20180315_Miller _ Chevalier Chartered_Orr, P. Welles_Short-Form.pdf",registration_num,0533,"No.
6533
",0,0,1,0,-0.17186797154136002,,
image-clarified,"20180315_Miller _ Chevalier Chartered_Orr, P. Welles_Short-Form.pdf",registrant_name,Miller & Chevalier Chartered,"Miller & Chevalier Chartered
",1,1,1,1,-0.044223912085206915,,
image-clarified,"20180315_Miller _ Chevalier Chartered_Orr, P. Welles_Short-Form.pdf",foreign_principle_name,Government of the Kingdom of Bahrain,"Government of the Kingdom of Bahrain
",1,1,1,1,-0.0025976589786296245,,
image-clarified,"20180315_Miller _ Chevalier Chartered_Orr, P. Welles_Short-Form.pdf",file_date,14 March 2016,"14 March 2015
",0,0,1,0,-0.029395233596915205,,
image-clarified,"20180315_Miller _ Chevalier Chartered_Orr, P. Welles_Short-Form.pdf",signer_name,Paul Welle,,0,0,0,0,-0.4166196237007777,,
image-clarified,"20180315_Miller _ Chevalier Chartered_Orr, P. Welles_Short-Form.pdf",signer_title,,,1,1,0,0,-0.2071092575788498,,
image-clarified,"20151119_Capitol Counsel, LLC_Tryon, Warren_Short-Form.pdf",registration_num,6328,"6328
",1,1,1,1,-0.010938077786704525,,
image-clarified,"20151119_Capitol Counsel, LLC_Tryon, Warren_Short-Form.pdf",registrant_name,Capitol Counsel LLC,"Capitol Counsel LLC
",1,1,1,1,-0.20167817891342565,,
image-clarified,"20151119_Capitol Counsel, LLC_Tryon, Warren_Short-Form.pdf",foreign_principle_name,Republic of Turkey (through Gephardt Group Government Affairs LLC),"Republic of Turkey (through Gephardt Group Government Affairs LLC)
",1,1,1,1,-0.05214584925367186,,
image-clarified,"20151119_Capitol Counsel, LLC_Tryon, Warren_Short-Form.pdf",file_date,"November 19, 2015","November 19, 2015
",1,1,1,1,-0.0313217081214134,,
image-clarified,"20151119_Capitol Counsel, LLC_Tryon, Warren_Short-Form.pdf",signer_name,Warren Tryon,"Warren Tryon
",1,1,1,1,-0.0025628803341533057,,
image-clarified,"20151119_Capitol Counsel, LLC_Tryon, Warren_Short-Form.pdf",signer_title,,,1,1,0,0,-0.1309831738471985,,
image-clarified,"20090217_Squire Patton Boggs, LLP_Brand, Joseph L._Short-Form.pdf",registration_num,2165,"2165
",1,1,1,1,-0.003244185973017011,,
image-clarified,"20090217_Squire Patton Boggs, LLP_Brand, Joseph L._Short-Form.pdf",registrant_name,Patton Boggs LLP,"Patton Boggs LLP
",1,1,1,1,-0.007372009857499506,,
image-clarified,"20090217_Squire Patton Boggs, LLP_Brand, Joseph L._Short-Form.pdf",foreign_principle_name,The Embassy of Sri Lanka,"By this filing: The Embassy of Sri Lanka. By previous filings; The Government of the Republic of Angola;
The Government of the Republic of Cyprus; The Government of the State of Qatar; and The Government of the
Republic of Cameroon.
",0,0,1,1,-0.0511649557214696,,
image-clarified,"20090217_Squire Patton Boggs, LLP_Brand, Joseph L._Short-Form.pdf",file_date,1-29-09,"1-29-09
",1,1,1,1,-0.0662789125760485,,
image-clarified,"20090217_Squire Patton Boggs, LLP_Brand, Joseph L._Short-Form.pdf",signer_name,Joseph L. Brand,,0,0,0,1,-0.3182280406472273,,
image-clarified,"20090217_Squire Patton Boggs, LLP_Brand, Joseph L._Short-Form.pdf",signer_title,,,1,1,0,0,-0.5157938599586487,,
image-clarified,"20160720_KRL International, LLC_Levinson, K Riva_Short-Form.pdf",registration_num,5788,"5788
",1,1,1,1,-0.002140925307685393,,
image-clarified,"20160720_KRL International, LLC_Levinson, K Riva_Short-Form.pdf",registrant_name,KRL International LLC,"KRL International LLC
",1,1,1,1,-0.12013647594721988,,
image-clarified,"20160720_KRL International, LLC_Levinson, K Riva_Short-Form.pdf",foreign_principle_name,I Am For Nana Foundation,"1. Office of the President of Liberia, 2. DRC Office in charge of fight against sexual violence, 3. 1 Am For Nana Foundation,
",0,0,1,1,-0.21715518894294897,,
image-clarified,"20160720_KRL International, LLC_Levinson, K Riva_Short-Form.pdf",file_date,07/13/2016,"7/13/2016
(Date of signature)
",0,1,1,0,-0.068961350164318,,
image-clarified,"20160720_KRL International, LLC_Levinson, K Riva_Short-Form.pdf",signer_name,E,,0,0,0,1,-2.009847640991211,,
image-clarified,"20160720_KRL International, LLC_Levinson, K Riva_Short-Form.pdf",signer_title,,,1,1,0,0,-0.7039318680763245,,
image-clarified,"20130410_Singapore Economic Development Board_Ng, Tat Peng Paul_Short-Form.pdf",registration_num,2003,"2003
",1,1,1,1,-0.0005286921168590197,,
image-clarified,"20130410_Singapore Economic Development Board_Ng, Tat Peng Paul_Short-Form.pdf",registrant_name,SINGAPORE ECONOMIC DEVELOPMENT BOARD,"SINGAPORE ECONOMIC DEVELOPMENT BOARD
",1,1,1,1,-0.006278182554524392,,
image-clarified,"20130410_Singapore Economic Development Board_Ng, Tat Peng Paul_Short-Form.pdf",foreign_principle_name,SINGAPORE,"SINGAPORE ECONOMIC DEVELOPMENT BOARD
250 NORTH BRIDGE RD, #28-00 RAFFLES CITY TOWER, SINGAPORE
",0,0,1,1,-0.05389894320614985,,
image-clarified,"20130410_Singapore Economic Development Board_Ng, Tat Peng Paul_Short-Form.pdf",file_date,8 FEB 2013,"8 FEB 2013
",1,1,1,1,-0.08256996634216714,,
image-clarified,"20130410_Singapore Economic Development Board_Ng, Tat Peng Paul_Short-Form.pdf",signer_name,NG TAI-PENG PAUL,,0,0,0,0,-0.3456466099180813,,
image-clarified,"20130410_Singapore Economic Development Board_Ng, Tat Peng Paul_Short-Form.pdf",signer_title,,,1,1,0,0,-0.4359889626502991,,
image-clarified,"20130617_Hill and Knowlton Strategies, LLC_Morscheck, Peter_Short-Form.pdf",registration_num,3301,"3301
",1,1,1,1,-0.0018500246696930844,,
image-clarified,"20130617_Hill and Knowlton Strategies, LLC_Morscheck, Peter_Short-Form.pdf",registrant_name,Peter Morscheck,"Hill and Knowlton Strategies, LLC
",0,0,1,1,-0.20750841835979372,,
image-clarified,"20130617_Hill and Knowlton Strategies, LLC_Morscheck, Peter_Short-Form.pdf",foreign_principle_name,Tokyo Electric Power Company (TEPCO),"Tokyo Electric Power Company (TEPCO)
",1,1,1,1,-0.031061050103744492,,
image-clarified,"20130617_Hill and Knowlton Strategies, LLC_Morscheck, Peter_Short-Form.pdf",file_date,06/17/13,"6/17/13
",1,1,1,0,-0.09025163290789351,,
image-clarified,"20130617_Hill and Knowlton Strategies, LLC_Morscheck, Peter_Short-Form.pdf",signer_name,Peter E. Morscheck,"Peter E. Morscheck
(Signature)
",0,0,1,1,-0.023720985433707636,,
image-clarified,"20130617_Hill and Knowlton Strategies, LLC_Morscheck, Peter_Short-Form.pdf",signer_title,,,1,1,0,0,-0.16219112277030945,,
image-clarified,"20120905_Squire Patton Boggs, LLP_Thompson, Scott C._Short-Form.pdf",registration_num,2165,"2165
",1,1,1,1,-0.0030108817136351718,,
image-clarified,"20120905_Squire Patton Boggs, LLP_Thompson, Scott C._Short-Form.pdf",registrant_name,Patton Boggs LLP,"Patton Boggs LLP
",1,1,1,1,-0.05299349887354765,,
image-clarified,"20120905_Squire Patton Boggs, LLP_Thompson, Scott C._Short-Form.pdf",foreign_principle_name,Republic of Croatia,"By this filing: Republic of Croatia. By prior filings: 1. Al-Hamar Trading Group; 2. The Embassy of the Republic of
Azerbaijan; 3. The Korea International Trade Association (KITA); 4. The Government of Kosova; and, 5. The Government
of Saudi Arabia.
",0,0,1,1,-0.015029004600364715,,
image-clarified,"20120905_Squire Patton Boggs, LLP_Thompson, Scott C._Short-Form.pdf",file_date,"September 05, 2012","September 05, 2012
",1,1,1,1,-0.025869998578309607,,
image-clarified,"20120905_Squire Patton Boggs, LLP_Thompson, Scott C._Short-Form.pdf",signer_name,Scott C. Thompson,"Scott C. Thompson
",1,1,1,1,-0.003688942117150873,,
image-clarified,"20120905_Squire Patton Boggs, LLP_Thompson, Scott C._Short-Form.pdf",signer_title,,,1,1,0,0,-0.2285829782485962,,
image-clarified,"20131009_Squire Patton Boggs, LLP_Frideres, Taryn F._Short-Form.pdf",registration_num,2165,"2165
",1,1,1,1,-0.0075737159968412016,,
image-clarified,"20131009_Squire Patton Boggs, LLP_Frideres, Taryn F._Short-Form.pdf",registrant_name,Patton Boggs LLP,"Taryn F. Frideres
",0,0,1,1,-0.03989897177089006,,
image-clarified,"20131009_Squire Patton Boggs, LLP_Frideres, Taryn F._Short-Form.pdf",foreign_principle_name,Temasek Holdings,,0,0,0,1,-0.005956038797194196,,
image-clarified,"20131009_Squire Patton Boggs, LLP_Frideres, Taryn F._Short-Form.pdf",file_date,"October 9, 2013","October 9, 2013
",1,1,1,1,-0.006584419269327352,,
image-clarified,"20131009_Squire Patton Boggs, LLP_Frideres, Taryn F._Short-Form.pdf",signer_name,Taryn F. Frideres,"Taryn F. Frideres
",1,1,1,1,-0.01856204895011615,,
image-clarified,"20131009_Squire Patton Boggs, LLP_Frideres, Taryn F._Short-Form.pdf",signer_title,,,1,1,0,0,-0.15430063009262085,,
image-clarified,"20090424_BGR Government Affairs, LLC_Reid, Morris L._Short-Form.pdf",registration_num,5430,"5430
",1,1,1,1,-0.0018746379573713057,,
image-clarified,"20090424_BGR Government Affairs, LLC_Reid, Morris L._Short-Form.pdf",registrant_name,"Barbour Griffith & Rogers, LLC d/b/a BGR Government Affairs, LLC","Barbour Griffith & Rogers, LLC d/b/a BGR
Government Affairs, LLC
",1,1,1,1,-0.05572979610769835,,
image-clarified,"20090424_BGR Government Affairs, LLC_Reid, Morris L._Short-Form.pdf",foreign_principle_name,Kurdistan Regional Government,"Kurdistan Regional Government
State of Qatar
Republic of India
",0,0,1,1,-0.06289635937137064,,
image-clarified,"20090424_BGR Government Affairs, LLC_Reid, Morris L._Short-Form.pdf",file_date,04/21/09,"21
Date of ",0,0,1,0,-0.1149760123116721,,
image-clarified,"20090424_BGR Government Affairs, LLC_Reid, Morris L._Short-Form.pdf",signer_name,Morris L. Reid,,0,0,0,1,-0.08626784748630598,,
image-clarified,"20090424_BGR Government Affairs, LLC_Reid, Morris L._Short-Form.pdf",signer_title,,,1,1,0,0,-0.33722636103630066,,
image-clarified,"20180307_BerlinRosen Ltd._Mondy, Lincoln Cornell_Short-Form.pdf",registration_num,653,"6531
",0,0,1,1,-0.28259173097709817,,
image-clarified,"20180307_BerlinRosen Ltd._Mondy, Lincoln Cornell_Short-Form.pdf",registrant_name,Berlin Rosen Ltd,"Berlin Rosen Ltd
",1,1,1,1,-0.036292676658680044,,
image-clarified,"20180307_BerlinRosen Ltd._Mondy, Lincoln Cornell_Short-Form.pdf",foreign_principle_name,Cambodia National Rescue Movement (CNRM),"Cambodia National Rescue Movement (CNRM)
",1,1,1,1,-0.07605258616968058,,
image-clarified,"20180307_BerlinRosen Ltd._Mondy, Lincoln Cornell_Short-Form.pdf",file_date,2/26/18,"2/26/18
",1,1,1,1,-0.0688888795058509,,
image-clarified,"20180307_BerlinRosen Ltd._Mondy, Lincoln Cornell_Short-Form.pdf",signer_name,M,,0,0,0,1,-1.592579960823059,,
image-clarified,"20180307_BerlinRosen Ltd._Mondy, Lincoln Cornell_Short-Form.pdf",signer_title,,,1,1,0,0,-0.6757400631904602,,
image-clarified,"20110311_Garvey, Schubert _ Barer_Duboff, Scott_Short-Form.pdf",registration_num,3047,"3047
",1,1,1,1,-0.005542345505091362,,
image-clarified,"20110311_Garvey, Schubert _ Barer_Duboff, Scott_Short-Form.pdf",registrant_name,Scott M. DuBoff,"Garvey Schubert Barer
",0,0,1,1,-0.1107764517752609,,
image-clarified,"20110311_Garvey, Schubert _ Barer_Duboff, Scott_Short-Form.pdf",foreign_principle_name,Garvey Schubert Barer,"Province of Manitoba
",0,0,1,1,-0.0813357812000201,,
image-clarified,"20110311_Garvey, Schubert _ Barer_Duboff, Scott_Short-Form.pdf",file_date,"March 11, 2011","March 11, 2011
",1,1,1,1,-0.008833032342181468,,
image-clarified,"20110311_Garvey, Schubert _ Barer_Duboff, Scott_Short-Form.pdf",signer_name,"Harold G. Bailey, Jr.","Harold G. Bailey, Jr.
",1,1,1,1,-0.0068048503817408346,,
image-clarified,"20110311_Garvey, Schubert _ Barer_Duboff, Scott_Short-Form.pdf",signer_title,,,1,1,0,0,-0.15797504782676697,,
image-clarified,"20180419_Pillsbury Winthrop Shaw Pittman, LLP_Oresman, Matthew S._Short-Form.pdf",registration_num,5198,"5198
",1,1,1,1,-0.0034020545426756144,,
image-clarified,"20180419_Pillsbury Winthrop Shaw Pittman, LLP_Oresman, Matthew S._Short-Form.pdf",registrant_name,Matthew S. Oresman,"Pillsbury Winthrop Shaw Pittman LLP
",0,0,1,1,-0.05278707165901627,,
image-clarified,"20180419_Pillsbury Winthrop Shaw Pittman, LLP_Oresman, Matthew S._Short-Form.pdf",foreign_principle_name,Pillsbury Winthrop Shaw Pittman LLP,"Embassy of Qatar.
",0,0,1,1,-0.1079386085802475,,
image-clarified,"20180419_Pillsbury Winthrop Shaw Pittman, LLP_Oresman, Matthew S._Short-Form.pdf",file_date,"April 19, 2018","April 19, 2018
",1,1,1,1,-0.008118472008254685,,
image-clarified,"20180419_Pillsbury Winthrop Shaw Pittman, LLP_Oresman, Matthew S._Short-Form.pdf",signer_name,Matthew S. Oresman,"Matthew S. Oresman
",1,1,1,1,-0.002486527371123278,,
image-clarified,"20180419_Pillsbury Winthrop Shaw Pittman, LLP_Oresman, Matthew S._Short-Form.pdf",signer_title,,,1,1,0,0,-0.13088791072368622,,
image-clarified,"20090115_Korea National Tourism Organization, Los Angeles_Lee, Jae Kyong_Short-Form.pdf",registration_num,2544,"2544
",1,1,1,1,-0.003000931792485062,,
image-clarified,"20090115_Korea National Tourism Organization, Los Angeles_Lee, Jae Kyong_Short-Form.pdf",registrant_name,Jae Kyong Lee,"Jaekyong Lee
",0,1,1,1,-0.09429664353374392,,
image-clarified,"20090115_Korea National Tourism Organization, Los Angeles_Lee, Jae Kyong_Short-Form.pdf",foreign_principle_name,Korea National Tourism Organization,"Korea National Tourism Organization
",1,1,1,1,-0.08284855955280364,,
image-clarified,"20090115_Korea National Tourism Organization, Los Angeles_Lee, Jae Kyong_Short-Form.pdf",file_date,"Jan 12, 2009","12;
2009
",0,0,1,0,-0.10806259016317199,,
image-clarified,"20090115_Korea National Tourism Organization, Los Angeles_Lee, Jae Kyong_Short-Form.pdf",signer_name,Jae Kyong Lee,,0,0,0,1,-0.31103314300999046,,
image-clarified,"20090115_Korea National Tourism Organization, Los Angeles_Lee, Jae Kyong_Short-Form.pdf",signer_title,,,1,1,0,0,-0.6195662021636963,,
image-clarified,"20081125_Greenberg Traurig, LLP_Vargo, Regina_Short-Form.pdf",registration_num,5712,"5712
",1,1,1,1,-0.0032826688857312547,,
image-clarified,"20081125_Greenberg Traurig, LLP_Vargo, Regina_Short-Form.pdf",registrant_name,Regina Vargo,"Greenberg Traurig, LLP
",0,0,1,1,-0.173771385467262,,
image-clarified,"20081125_Greenberg Traurig, LLP_Vargo, Regina_Short-Form.pdf",foreign_principle_name,SAGARPA,"Secretaria de Agricultura Ganaderia, Desarollo Rural, Pesca y Alimentacion ( SAGARPA)
",0,0,1,1,-0.14124038438603748,,
image-clarified,"20081125_Greenberg Traurig, LLP_Vargo, Regina_Short-Form.pdf",file_date,11/25/2008,"11/25/2008
",1,1,1,1,-0.046357310375969976,,
image-clarified,"20081125_Greenberg Traurig, LLP_Vargo, Regina_Short-Form.pdf",signer_name,Regina Vargo,,0,0,0,1,-0.01189467980293557,,
image-clarified,"20081125_Greenberg Traurig, LLP_Vargo, Regina_Short-Form.pdf",signer_title,,,1,1,0,0,-0.27620819211006165,,
image-clarified,"20180402_Mercury Public Affairs, LLC_Hernandez, Michael Anthony_Short-Form.pdf",registration_num,6170,"6170
",1,1,1,1,-0.0013334311961443746,,
image-clarified,"20180402_Mercury Public Affairs, LLC_Hernandez, Michael Anthony_Short-Form.pdf",registrant_name,"Mercury Public Affairs, LLC","Mercury Public Affairs, LLC
",1,1,1,1,-0.017094394119339995,,
image-clarified,"20180402_Mercury Public Affairs, LLC_Hernandez, Michael Anthony_Short-Form.pdf",foreign_principle_name,Embassy of the State Of Qatar,"Embassy of the State Of Qatar
",1,1,1,1,-0.04808057535306683,,
image-clarified,"20180402_Mercury Public Affairs, LLC_Hernandez, Michael Anthony_Short-Form.pdf",file_date,"April 02, 2018","April 02, 2018
",1,1,1,1,-0.009522353414831741,,
image-clarified,"20180402_Mercury Public Affairs, LLC_Hernandez, Michael Anthony_Short-Form.pdf",signer_name,Michael Hernandez,"Michael Hernandez
",1,1,1,1,-0.0020522220293059945,,
image-clarified,"20180402_Mercury Public Affairs, LLC_Hernandez, Michael Anthony_Short-Form.pdf",signer_title,,,1,1,0,0,-0.10774092376232147,,
image-clarified,"20100622_Tourist Office for Flanders, Belgium - New York Office_Jacobs, Geertrui_Short-Form.pdf",registration_num,5840,"5840
",1,1,1,1,-0.01282092671317514,,
image-clarified,"20100622_Tourist Office for Flanders, Belgium - New York Office_Jacobs, Geertrui_Short-Form.pdf",registrant_name,Geertrui Jacobs,"Tourist Office for Flanders, Belgium
",0,0,1,1,-0.24263127725571393,,
image-clarified,"20100622_Tourist Office for Flanders, Belgium - New York Office_Jacobs, Geertrui_Short-Form.pdf",foreign_principle_name,"Tourist Office for Flanders, Belgium","Flanders Tourism Board
",0,0,1,1,-0.08038376731110475,,
image-clarified,"20100622_Tourist Office for Flanders, Belgium - New York Office_Jacobs, Geertrui_Short-Form.pdf",file_date,"June 16, 2010","June 16, 2010
",1,1,1,1,-0.015241532458821894,,
image-clarified,"20100622_Tourist Office for Flanders, Belgium - New York Office_Jacobs, Geertrui_Short-Form.pdf",signer_name,Geertrui Jacobs,,0,0,0,1,-0.2928540070541203,,
image-clarified,"20100622_Tourist Office for Flanders, Belgium - New York Office_Jacobs, Geertrui_Short-Form.pdf",signer_title,Director,,0,0,0,1,-0.5536810159683228,,
image-clarified,"20140918_JETRO, New York_Suzuki, Atsushi_Short-Form.pdf",registration_num,1643,"1643
",1,1,1,1,-0.0007619592797709629,,
image-clarified,"20140918_JETRO, New York_Suzuki, Atsushi_Short-Form.pdf",registrant_name,"JETRO, New York","JETRO, New York
",1,1,1,1,-0.026704453240381554,,
image-clarified,"20140918_JETRO, New York_Suzuki, Atsushi_Short-Form.pdf",foreign_principle_name,"Japan External Trade Organization, (JETRO), Tokyo Japan","Japan External Trade Organization, (JETRO), Tokyo Japan
",1,1,1,1,-0.11673762021051846,,
image-clarified,"20140918_JETRO, New York_Suzuki, Atsushi_Short-Form.pdf",file_date,09/18/2014,"09/18/2014
",1,1,1,1,-0.09430378181423293,,
image-clarified,"20140918_JETRO, New York_Suzuki, Atsushi_Short-Form.pdf",signer_name,Atsushi Suzuki,"Atsush
Sugarker
",0,0,1,1,-0.1525461271230597,,
image-clarified,"20140918_JETRO, New York_Suzuki, Atsushi_Short-Form.pdf",signer_title,,,1,1,0,0,-0.2956216633319855,,
image-clarified,"20170512_Alpha Strategies, LLC_Jalil, Adnan_Short-Form.pdf",registration_num,6431,"6431
",1,1,1,1,-0.08703601363231428,,
image-clarified,"20170512_Alpha Strategies, LLC_Jalil, Adnan_Short-Form.pdf",registrant_name,Adnan Jalil,"Aselus Strategies, LLC
",0,0,1,1,-0.09038289110321784,,
image-clarified,"20170512_Alpha Strategies, LLC_Jalil, Adnan_Short-Form.pdf",foreign_principle_name,Government of Democratic Republic of the Congo,"Government of Democratic Republic of the Congo (through Mer Security and Communication Systems)
",0,0,1,1,-0.12523549853150534,,
image-clarified,"20170512_Alpha Strategies, LLC_Jalil, Adnan_Short-Form.pdf",file_date,"May 12, 2017","May 12, 2017
",1,1,1,1,-0.020143239966023428,,
image-clarified,"20170512_Alpha Strategies, LLC_Jalil, Adnan_Short-Form.pdf",signer_name,Adnan Jalil,"Adnan Jalil
",1,1,1,1,-0.0038729304887965554,,
image-clarified,"20170512_Alpha Strategies, LLC_Jalil, Adnan_Short-Form.pdf",signer_title,,,1,1,0,0,-0.1700500100851059,,
image-clarified,"20130417_Korea National Tourism Organization, New Jersey_You, Sejoon_Short-Form.pdf",registration_num,2614,"2614
",1,1,1,1,-0.0023568952528876252,,
image-clarified,"20130417_Korea National Tourism Organization, New Jersey_You, Sejoon_Short-Form.pdf",registrant_name,Sejoon You,"Jeongah Kim
",0,0,1,1,-0.2003249098197557,,
image-clarified,"20130417_Korea National Tourism Organization, New Jersey_You, Sejoon_Short-Form.pdf",foreign_principle_name,Jeongah Kim,,0,0,0,1,-0.0814273766882252,,
image-clarified,"20130417_Korea National Tourism Organization, New Jersey_You, Sejoon_Short-Form.pdf",file_date,04-17-2013,"4 17, 2013
",0,0,1,1,-0.12294580720408703,,
image-clarified,"20130417_Korea National Tourism Organization, New Jersey_You, Sejoon_Short-Form.pdf",signer_name,Sejoon You,"Sejoon You
",1,1,1,1,-0.010162149861571379,,
image-clarified,"20130417_Korea National Tourism Organization, New Jersey_You, Sejoon_Short-Form.pdf",signer_title,,,1,1,0,0,-0.19313068687915802,,
image-clarified,"20170307_S.G.R. LLC Government Relations and Lobbying_Miller, James G._Short-Form.pdf",registration_num,6379,"6379
",1,1,1,1,-0.009930541673384141,,
image-clarified,"20170307_S.G.R. LLC Government Relations and Lobbying_Miller, James G._Short-Form.pdf",registrant_name,S.G.R. LLC Government Relations and Lobbying,"S.G.R.LLC Government Relations and Lobbying
",1,1,1,1,-0.027984800780541264,,
image-clarified,"20170307_S.G.R. LLC Government Relations and Lobbying_Miller, James G._Short-Form.pdf",foreign_principle_name,Inovo BV,"Inovo BV (as a result of work SGR did for Flynn Intel Group Inc.)
",0,0,1,1,-0.2791396764417489,,
image-clarified,"20170307_S.G.R. LLC Government Relations and Lobbying_Miller, James G._Short-Form.pdf",file_date,03/2/2017,"3/2/2017
",1,1,1,0,-0.15393407588190813,,
image-clarified,"20170307_S.G.R. LLC Government Relations and Lobbying_Miller, James G._Short-Form.pdf",signer_name,J. Miller,,0,0,0,0,-0.8173694709936777,,
image-clarified,"20170307_S.G.R. LLC Government Relations and Lobbying_Miller, James G._Short-Form.pdf",signer_title,,,1,1,0,0,-0.33577239513397217,,
image-clarified,"20100621_Venable, LLP_Hinckley, Elias_Short-Form.pdf",registration_num,5931,"5931
",1,1,1,1,-0.0013332664038898656,,
image-clarified,"20100621_Venable, LLP_Hinckley, Elias_Short-Form.pdf",registrant_name,Venable LLP,"Venable LLP
",1,1,1,1,-0.044438819866627455,,
image-clarified,"20100621_Venable, LLP_Hinckley, Elias_Short-Form.pdf",foreign_principle_name,Gazprom Export,"Gazprom Export
",1,1,1,1,-0.06193995540525066,,
image-clarified,"20100621_Venable, LLP_Hinckley, Elias_Short-Form.pdf",file_date,6.4.2010,"6.4.2010
",1,1,1,1,-0.06508964817203378,,
image-clarified,"20100621_Venable, LLP_Hinckley, Elias_Short-Form.pdf",signer_name,,,1,1,0,0,-0.6993571519851685,,
image-clarified,"20100621_Venable, LLP_Hinckley, Elias_Short-Form.pdf",signer_title,,,1,1,0,0,-0.006069324444979429,,
image-clarified,"20130917_Daniel J. Edelman, Inc._Colson, Rachel_Short-Form.pdf",registration_num,3634,"3634
",1,1,1,1,-0.0015071590714796912,,
image-clarified,"20130917_Daniel J. Edelman, Inc._Colson, Rachel_Short-Form.pdf",registrant_name,Rachel Colson,"Daniel J. Edelman, Inc.
",0,0,1,1,-0.12237873587097663,,
image-clarified,"20130917_Daniel J. Edelman, Inc._Colson, Rachel_Short-Form.pdf",foreign_principle_name,"Oerlikon Solar, Ltd. (or TEL Solar)","Oerlikon Solar, Ltd. (or TEL Solar)
",1,1,1,1,-0.02253975822532084,,
image-clarified,"20130917_Daniel J. Edelman, Inc._Colson, Rachel_Short-Form.pdf",file_date,9/9/2013,"9/9/2013
",1,1,1,1,-0.01590496456391577,,
image-clarified,"20130917_Daniel J. Edelman, Inc._Colson, Rachel_Short-Form.pdf",signer_name,Rachel Colson,"Rachel Colson
",1,1,1,1,-0.000602620702314501,,
image-clarified,"20130917_Daniel J. Edelman, Inc._Colson, Rachel_Short-Form.pdf",signer_title,,,1,1,0,0,-0.1294361650943756,,
image-clarified,"20120109_Raben Group, LLC_Raben, Robert_Short-Form.pdf",registration_num,5932,"5932
",1,1,1,1,-0.018443819049934973,,
image-clarified,"20120109_Raben Group, LLC_Raben, Robert_Short-Form.pdf",registrant_name,"The Raben Group, LLC","The Raben Group, LLC
",1,1,1,1,-0.11188897645721833,,
image-clarified,"20120109_Raben Group, LLC_Raben, Robert_Short-Form.pdf",foreign_principle_name,Embassy of Mexico,"Embassy of Mexico
",1,1,1,1,-0.032307618312188424,,
image-clarified,"20120109_Raben Group, LLC_Raben, Robert_Short-Form.pdf",file_date,"January 09, 2012","January 09, 2012
",1,1,1,1,-0.05113806657823261,,
image-clarified,"20120109_Raben Group, LLC_Raben, Robert_Short-Form.pdf",signer_name,Robert Raben,"Robert Raben
",1,1,1,1,-0.002342973370711358,,
image-clarified,"20120109_Raben Group, LLC_Raben, Robert_Short-Form.pdf",signer_title,,,1,1,0,0,-0.1733199506998062,,
image-clarified,"20100514_Hill and Knowlton Strategies, LLC_Mercer, Amirah_Short-Form.pdf",registration_num,3301,"3301
",1,1,1,1,-0.0011472213118395302,,
image-clarified,"20100514_Hill and Knowlton Strategies, LLC_Mercer, Amirah_Short-Form.pdf",registrant_name,Amirah Mercer,"Hill & Knowlton, Inc.
",0,0,1,1,-0.10906532203080133,,
image-clarified,"20100514_Hill and Knowlton Strategies, LLC_Mercer, Amirah_Short-Form.pdf",foreign_principle_name,"The Information Technology Development Agency, ITIDA (through Hill & Knowlton, London)","The Information Technology Development Agency, ITIDA (through Hill & Knowlton, London)
",1,1,1,1,-0.07122166931124714,,
image-clarified,"20100514_Hill and Knowlton Strategies, LLC_Mercer, Amirah_Short-Form.pdf",file_date,3/26/10,"3/26/10
",1,1,1,1,-0.103185465376425,,
image-clarified,"20100514_Hill and Knowlton Strategies, LLC_Mercer, Amirah_Short-Form.pdf",signer_name,Cathy M.,,0,0,0,0,-1.0603194385766983,,
image-clarified,"20100514_Hill and Knowlton Strategies, LLC_Mercer, Amirah_Short-Form.pdf",signer_title,,,1,1,0,0,-0.4415530860424042,,
image-clarified,"20110415_Ketchum Inc. NY_Lieberman, Anne W._Short-Form.pdf",registration_num,5758,"5758
",1,1,1,1,-0.0033644192199062672,,
image-clarified,"20110415_Ketchum Inc. NY_Lieberman, Anne W._Short-Form.pdf",registrant_name,Anne W. Lieberman,"Ketchum Inc.
",0,0,1,1,-0.052874171477742496,,
image-clarified,"20110415_Ketchum Inc. NY_Lieberman, Anne W._Short-Form.pdf",foreign_principle_name,Government of the Russian Federation and Gazprom,"Government of the Russian Federation and Gazprom
",1,1,1,1,-0.07309554195489909,,
image-clarified,"20110415_Ketchum Inc. NY_Lieberman, Anne W._Short-Form.pdf",file_date,2011-04-15,"April 5, 2011
",0,0,1,0,-0.1378571092558559,,
image-clarified,"20110415_Ketchum Inc. NY_Lieberman, Anne W._Short-Form.pdf",signer_name,Am,,0,0,0,1,-1.5573914051055908,,
image-clarified,"20110415_Ketchum Inc. NY_Lieberman, Anne W._Short-Form.pdf",signer_title,,,1,1,0,0,-0.5395925641059875,,
image-clarified,"20130307_Gephardt Group Government Affairs, LLC_Gephardt, Richard A._Short-Form.pdf",registration_num,5874,"5874
",1,1,1,1,-0.00284516956526204,,
image-clarified,"20130307_Gephardt Group Government Affairs, LLC_Gephardt, Richard A._Short-Form.pdf",registrant_name,"Gephardt Group Government Affairs, LLC","Gephardt Group Government Affairs, LLC
",1,1,1,1,-0.043457202777062776,,
image-clarified,"20130307_Gephardt Group Government Affairs, LLC_Gephardt, Richard A._Short-Form.pdf",foreign_principle_name,Republic of Korea,"Republic of Korea
Republic of Turkey
Taipei Economic and Cultural Representative Office in the United States
",0,0,1,1,-0.22362937614282904,,
image-clarified,"20130307_Gephardt Group Government Affairs, LLC_Gephardt, Richard A._Short-Form.pdf",file_date,"March 07, 2013","March 07, 2013
",1,1,1,1,-0.012414057107991993,,
image-clarified,"20130307_Gephardt Group Government Affairs, LLC_Gephardt, Richard A._Short-Form.pdf",signer_name,Richard A. Gephardt,"Richard A. Gephardt
",1,1,1,1,-0.005179629946360365,,
image-clarified,"20130307_Gephardt Group Government Affairs, LLC_Gephardt, Richard A._Short-Form.pdf",signer_title,,,1,1,0,0,-0.10862719267606735,,
image-clarified,"20111209_Independent Diplomat, Inc._Sheeran, Scott Philip_Short-Form.pdf",registration_num,5860,"5860
",1,1,1,1,-0.010416114015242783,,
image-clarified,"20111209_Independent Diplomat, Inc._Sheeran, Scott Philip_Short-Form.pdf",registrant_name,Scott Philip Sheeran,"Independent Diplomat
",0,0,1,1,-0.01259085489436984,,
image-clarified,"20111209_Independent Diplomat, Inc._Sheeran, Scott Philip_Short-Form.pdf",foreign_principle_name,"The Government of the Republic of South Sudan; The Government of the Saharawi Arab Democratic Republic, The Government of the Republic of Somalia","The Government of the Republic of South Sudan; The Government of the Saharawi Arab Democratic Republic, The
Government of the Republic of Somaliland.
",0,0,1,0,-0.06142088841820455,,
image-clarified,"20111209_Independent Diplomat, Inc._Sheeran, Scott Philip_Short-Form.pdf",file_date,"November 30, 2011","November 30, 2011
",1,1,1,1,-0.03358032070682384,,
image-clarified,"20111209_Independent Diplomat, Inc._Sheeran, Scott Philip_Short-Form.pdf",signer_name,Scott Philip Sheeran,"Scott Philip Sheeran
",1,1,1,1,-0.0022949351878196467,,
image-clarified,"20111209_Independent Diplomat, Inc._Sheeran, Scott Philip_Short-Form.pdf",signer_title,,,1,1,0,0,-0.17381049692630768,,
image-clarified,"20170914_Doremus _ Company_Becker, David C._Short-Form.pdf",registration_num,6387,"6387
",1,1,1,1,-0.02446755291748559,,
image-clarified,"20170914_Doremus _ Company_Becker, David C._Short-Form.pdf",registrant_name,Doremus & Company,"Doremus & Company
",1,1,1,1,-0.05834766691550612,,
image-clarified,"20170914_Doremus _ Company_Becker, David C._Short-Form.pdf",foreign_principle_name,Economic Development Board Singapore,"Economic Development Board Singapore
",1,1,1,1,-0.00506167539570015,,
image-clarified,"20170914_Doremus _ Company_Becker, David C._Short-Form.pdf",file_date,"September 01, 2017","September 01, 2017
",1,1,1,1,-0.03262216646344314,,
image-clarified,"20170914_Doremus _ Company_Becker, David C._Short-Form.pdf",signer_name,David C. Becker,"David C. Becker
",1,1,1,1,-0.0024597966912551783,,
image-clarified,"20170914_Doremus _ Company_Becker, David C._Short-Form.pdf",signer_title,,,1,1,0,0,-0.136310413479805,,
image-clarified,"20121129_Commonwealth of Dominica Maritime Registry, Inc._Ma, Jianzhong_Short-Form.pdf",registration_num,5334,"5334
",1,1,1,1,-0.005243810923275305,,
image-clarified,"20121129_Commonwealth of Dominica Maritime Registry, Inc._Ma, Jianzhong_Short-Form.pdf",registrant_name,Commonwealth of Dominica Maritime Registry,"Commonwealth of Dominica Maritime Registry
",1,1,1,1,-0.023604218598588238,,
image-clarified,"20121129_Commonwealth of Dominica Maritime Registry, Inc._Ma, Jianzhong_Short-Form.pdf",foreign_principle_name,Commonwealth of Dominica,"Commonwealth of Dominica
",1,1,1,1,-0.12137254527333426,,
image-clarified,"20121129_Commonwealth of Dominica Maritime Registry, Inc._Ma, Jianzhong_Short-Form.pdf",file_date,20th September 2012,"20th September 2012
",1,1,1,1,-0.08545716956359684,,
image-clarified,"20121129_Commonwealth of Dominica Maritime Registry, Inc._Ma, Jianzhong_Short-Form.pdf",signer_name,N/A,,0,0,0,1,-1.1101813167333603,,
image-clarified,"20121129_Commonwealth of Dominica Maritime Registry, Inc._Ma, Jianzhong_Short-Form.pdf",signer_title,N/A,,0,0,0,1,-0.01994612046109978,,
image-clarified,"20180216_Sonoran Policy Group, LLC_Stryk, Robert Daniel_Short-Form.pdf",registration_num,6399,"6399
",1,1,1,1,-0.003909414526788169,,
image-clarified,"20180216_Sonoran Policy Group, LLC_Stryk, Robert Daniel_Short-Form.pdf",registrant_name,"Sonoran Policy Group, LLC","Sonoran Policy Group, LLC
",1,1,1,1,-0.013392533397563966,,
image-clarified,"20180216_Sonoran Policy Group, LLC_Stryk, Robert Daniel_Short-Form.pdf",foreign_principle_name,"Government of Kenya (Ministry of Foreign Affairs); Embassy of Iceland, Washington, DC; Mer Security & Communications Systems, Ltd; Venable LLP",,0,0,0,1,-0.04437829041452115,,
image-clarified,"20180216_Sonoran Policy Group, LLC_Stryk, Robert Daniel_Short-Form.pdf",file_date,"February 16, 2018","February 16, 2018
",1,1,1,1,-0.005752599207471576,,
image-clarified,"20180216_Sonoran Policy Group, LLC_Stryk, Robert Daniel_Short-Form.pdf",signer_name,Robert Stryk,"Robert Stryk
",1,1,1,1,-0.09733653091825545,,
image-clarified,"20180216_Sonoran Policy Group, LLC_Stryk, Robert Daniel_Short-Form.pdf",signer_title,,,1,1,0,0,-0.2884155809879303,,
