doc,field,error,auto_type,field-only,fusion,fusion+binding,same-info-HGB,fusion-HGB,no-field,no-key-competition,no-value-rival
test/0,subtotal,0,,0.6353879120692748,0.6409806624580929,0.6310025262275251,0.6701542106036803,0.6590691723294776,0.8637436278505188,0.6710761161845581,0.695746278775692
test/0,tax,0,,0.91815551819656,0.8271374199947303,0.9423573152811803,0.9787911834697491,0.9656152372768688,0.8734074744943778,0.944869857154674,0.9497135681129529
test/0,service,0,,0.942407173648234,0.975458060556424,0.9771316656103847,0.9570832276003877,0.9816882667309371,0.9673218928913355,0.9744312603855199,0.9847511678978105
test/0,discount,0,,0.9235625131308043,0.7536053501393076,0.9273744406210809,0.21708757953671987,0.3267143317109527,0.8609507705171348,0.9431127501351134,0.9526890776498127
test/0,total,0,,0.9336638623976049,0.9565400941554022,0.9851681375002771,0.9009934036942295,0.9779855334921155,0.9213709534251513,0.9864240938053903,0.9856954364607049
test/0,cash,0,,0.9432999467583982,0.9927238707258457,0.9679277684071634,0.9779977306896839,0.9736762001241686,0.9685424919654396,0.96691545567592,0.9779850833576085
test/0,change,0,,0.982270219622937,0.9986332214915251,0.9975925458429051,0.9944327112752815,0.9855296006175527,0.9748169897763922,0.9979160088681692,0.998357670137351
test/0,card,0,,0.9524121839894817,0.783443683562291,0.9172957019972798,0.8705378804940169,0.9372733313117051,0.8614756547328231,0.9266623385117662,0.9242177461510643
test/1,subtotal,0,,0.6353879120692748,0.38355884155003556,0.16368704861422387,0.8788504927145441,0.7149600258595311,0.6091411741244744,0.16927332768831524,0.19157616496414204
test/1,tax,0,,0.91815551819656,0.9824570985763553,0.9884795593225116,0.998802054735198,0.9938348686760957,0.9858748570682723,0.9894962911054015,0.9842152276935154
test/1,service,0,,0.942407173648234,0.9751687381881904,0.989352671112556,0.9993156211447835,0.9963240032220606,0.9827377774484585,0.9894884046254431,0.9875559570367225
test/1,discount,0,,0.9235625131308043,0.9590476694719895,0.9567440590773886,0.9118643880304443,0.9747109166151896,0.9688446163218664,0.9584792775732996,0.9697262851259953
test/1,total,0,,0.9336638623976049,0.9552962973960919,0.9881668748281626,0.9405820189623878,0.9716706662216564,0.9381195641639549,0.9885304251436586,0.9848655571407215
test/1,cash,0,,0.9432999467583982,0.9308821855564202,0.9799314489209648,0.9695071809654282,0.9635540443665929,0.9527211233547597,0.9821791146500031,0.9673988599599419
test/1,change,0,,0.982270219622937,0.9985923331824436,0.9974641954774573,0.9906372841729543,0.9918843383248555,0.9738364176808252,0.9978189465568,0.9983278560038069
test/1,card,0,,0.9524121839894817,0.9718700250480695,0.9757762934249758,0.9919973293689631,0.990257461930244,0.9789550174738038,0.9774783343863271,0.9753907783584994
test/2,subtotal,0,,0.6353879120692748,0.6468346903215719,0.6878170824460166,0.960813722644309,0.6379036382127521,0.8953597622661065,0.6953467713461686,0.7075952697901101
test/2,tax,0,,0.91815551819656,0.9834153168939384,0.9886494703486292,0.9939077994952191,0.9440207660936019,0.9864508107664647,0.9897688130765477,0.984717276022125
test/2,service,0,,0.942407173648234,0.9765589214504926,0.9910383312953434,0.9993572151532805,0.9964442933777102,0.9860840637842325,0.99117625450698,0.9879713904249756
test/2,discount,0,,0.9235625131308043,0.9619547591138222,0.9840309514219631,0.99920024334133,0.9953093981186449,0.9878551870847997,0.9863460731155765,0.9756429198582527
test/2,total,0,,0.9336638623976049,0.9577508051273176,0.970509313955182,0.9728017372817089,0.975503715967103,0.8725226377286722,0.9677086957753531,0.969671605142131
test/2,cash,0,,0.9432999467583982,0.9459740144128345,0.9878063501528358,0.9977932099825375,0.9543873752676549,0.9656833542353659,0.9874082909496545,0.985003142162117
test/2,change,0,,0.982270219622937,0.9870980714262462,0.9946259044273297,0.9983588102983061,0.9954724847629519,0.8990707323628012,0.9942748833088998,0.9950634092531849
test/2,card,0,,0.9524121839894817,0.9734398405276115,0.9802959755982878,0.9988748262615619,0.9906445712934506,0.983690079823734,0.9816954162656403,0.9762026449911216
test/3,subtotal,0,,0.6353879120692748,0.6203585731647506,0.10017535098318815,0.08752608480424566,0.3316895374466208,0.4120198043539444,0.08382991017666203,0.08216951898764385
test/3,tax,0,,0.91815551819656,0.9814035240340732,0.9935480774888504,0.9977618029349865,0.9871387711329549,0.9923864580239358,0.9938519354445149,0.9836675389306719
test/3,service,0,,0.942407173648234,0.9736983300117437,0.9952040397918486,0.9993800895212943,0.9968207513632669,0.9926765595952697,0.994989035851212,0.9871263723676794
test/3,discount,0,,0.9235625131308043,0.9573890163575537,0.9879653981510226,0.9992175839340321,0.996183765004618,0.9906829751786713,0.9892936843466694,0.9739542840206101
test/3,total,0,,0.9336638623976049,0.952706223000697,0.6058603035612873,0.7939660785281476,0.866801411026973,0.3417570985921178,0.52566548731536,0.527853836605807
test/3,cash,0,,0.9432999467583982,0.9269857026604199,0.029395720521291937,0.25291131155357716,0.9277554560815687,0.035238437941271586,0.03670957637415408,0.023735871746963216
test/3,change,0,,0.982270219622937,0.9985068383416325,0.9994098959902646,0.9991812391428794,0.9885200531819986,0.9943561152015902,0.9994354537443485,0.9982712535294053
test/3,card,0,,0.9524121839894817,0.9702102663523995,0.9912843750285554,0.9988468431734957,0.9915670607081041,0.9930881369245106,0.9913221445793445,0.9745522023091288
test/4,subtotal,0,,0.6353879120692748,0.7169614925066017,0.7606902138785321,0.9805949796098288,0.8357508171199491,0.9159727060641273,0.7576615708939135,0.8211933972672463
test/4,tax,0,,0.91815551819656,0.9852601637138585,0.9843993705761969,0.9558415174359829,0.9703357201041501,0.9835710403504596,0.9869604352332724,0.9856838721717904
test/4,service,0,,0.942407173648234,0.9791150123518938,0.989870082583371,0.9960510043714959,0.9960207839921907,0.9874685037318217,0.990873533593902,0.9886572143176121
test/4,discount,0,,0.9235625131308043,0.7431128355164089,0.9507860883725872,0.944683296032131,0.8768891605859133,0.9268714800306312,0.9528583876585157,0.9421400953104131
test/4,total,0,,0.9336638623976049,0.9690058633230034,0.981915398042423,0.992878045451571,0.9876509216027898,0.911075617135405,0.9788541093606342,0.9828518765531393
test/4,cash,0,,0.9432999467583982,0.9517004395052799,0.9826381728833928,0.9958068883522251,0.9869090043957464,0.9554404327098088,0.9823272570209353,0.981443887096866
test/4,change,1,transcription,0.982270219622937,0.13508238555723587,0.022872554037000146,0.013395537011901043,0.22211650407866304,0.004573975266748542,0.03734733797003515,0.01212596551824459
test/4,card,0,,0.9524121839894817,0.9763278166754208,0.9759696495283622,0.9875296541644369,0.994626334388589,0.9807489697143936,0.9784809103617124,0.977746486422802
test/5,subtotal,0,,0.6353879120692748,0.640981513913993,0.7888236403986938,0.9931671358901921,0.6593304064674405,0.9323083094397715,0.7797435397732098,0.7872075546601939
test/5,tax,0,,0.91815551819656,0.8271374199947303,0.9293405263014222,0.9103169274157209,0.9656152372768688,0.8538304245194567,0.9346897630251771,0.9322756651473647
test/5,service,0,,0.942407173648234,0.9739690864284117,0.9721300283110006,0.9626164234270278,0.9777920339285507,0.9609760215888993,0.9677098926561359,0.9814413329655269
test/5,discount,0,,0.9235625131308043,0.960839662784025,0.9528400393275392,0.966812921964254,0.9844303830394008,0.9659761142371862,0.9539554945342261,0.9686100508610411
test/5,total,0,,0.9336638623976049,0.9565400941554022,0.984920315503386,0.993581164329598,0.9779855334921155,0.9240475300614148,0.9839768690675483,0.9836708593435269
test/5,cash,0,,0.9432999467583982,0.9327574454631581,0.9514671117156148,0.9662500714824365,0.9716253466479372,0.8981512995891209,0.9517714569340981,0.9431317892712756
test/5,change,0,,0.982270219622937,0.998633215244041,0.9975289314827123,0.9940437253267813,0.9844453913342353,0.9745719353471546,0.9978766663458303,0.9983569030867505
test/5,card,0,,0.9524121839894817,0.9726658486256352,0.9772693051501969,0.9954525248572966,0.9893592047626112,0.9806362001688205,0.9789205872122124,0.9757999978058018
test/6,subtotal,1,binding_absent,0.6353879120692748,0.6610960201295182,0.43581853147808247,0.10226837577954508,0.7189568085522333,0.7898573362340454,0.43214395443669307,0.43533410700459674
test/6,tax,0,,0.91815551819656,0.9843793751369455,0.9898880327502352,0.9987711316175139,0.9901970977314629,0.9883763188233817,0.9909392592107384,0.9852477190415567
test/6,service,0,,0.942407173648234,0.9778730410051307,0.9917260203806595,0.99942972395075,0.99691929930282,0.9875767325042493,0.9919169691726506,0.9883731141322455
test/6,discount,0,,0.9235625131308043,0.9640574854452616,0.9832646370079731,0.9992842941798615,0.9956668222427744,0.9875208492242804,0.9858995504000807,0.9764465771346406
test/6,total,0,,0.9336638623976049,0.960076196440422,0.9855125733399428,0.992416983824346,0.9799353413395925,0.9333888873037444,0.984673824177621,0.9806446319795568
test/6,cash,0,,0.9432999467583982,0.9381033998561904,0.974472723795387,0.9972852833058488,0.9787398599049822,0.9400905596650692,0.9738970123505835,0.9753276925886545
test/6,change,0,,0.982270219622937,0.9851242347619044,0.99665885907192,0.9986578467797014,0.9962746876858787,0.9401284720875457,0.9965608535296548,0.9963405508571089
test/6,card,0,,0.9524121839894817,0.9749243115475337,0.9804250463803921,0.9989223411871414,0.9955634496847443,0.9842108259870993,0.9820287856003805,0.9769882305753291
test/7,subtotal,0,,0.6353879120692748,0.70370628573833,0.8191500978816395,0.9894656363973354,0.7010450136735988,0.9346799440200163,0.817701436824116,0.8614915426889155
test/7,tax,0,,0.91815551819656,0.8629005859914187,0.94443564833593,0.9225303378310393,0.9036521025574744,0.8801384505670056,0.9449926713055012,0.9358744956983154
test/7,service,0,,0.942407173648234,0.977055129982981,0.9701446342493181,0.9606076627620753,0.9764333910376299,0.9643691036012528,0.963057537663829,0.9764111869432119
test/7,discount,1,binding_absent,0.9235625131308043,0.769691256357222,0.9404036655811656,0.9196257487195459,0.8025855552672989,0.8934909186081477,0.9419911710321079,0.9558641495521171
test/7,total,0,,0.9336638623976049,0.9671828241708139,0.9836832309456501,0.9884146683011041,0.9799353413395925,0.9147042509216944,0.9826959178986217,0.9840949890230238
test/7,cash,0,,0.9432999467583982,0.8949533785099627,0.8262475967167764,0.8377330203490135,0.8045955038310367,0.35498137488387504,0.8111222426753318,0.8535655035286014
test/7,change,0,,0.982270219622937,0.9987489020178586,0.9979282364068928,0.9960885033642319,0.9873576796773792,0.9793600587593652,0.9982237894367043,0.9984401615028791
test/7,card,0,,0.9524121839894817,0.9749243275330177,0.9804366783083264,0.9989223411871414,0.9955634496847443,0.9842212621242021,0.9820388761631608,0.9769882430037821
test/8,subtotal,0,,0.6353879120692748,0.6477458345782752,0.8627961133507436,0.9937817012740201,0.6593304064674405,0.9556694895356835,0.8620836596411722,0.865078155107757
test/8,tax,0,,0.91815551819656,0.8313173652152424,0.9533056835946191,0.9907619863901201,0.9656152372768688,0.8954980412188688,0.9563108483349556,0.957321527378405
test/8,service,0,,0.942407173648234,0.9765589064819898,0.9699342503206702,0.9922069762211329,0.9964442933777102,0.9639808274366625,0.962276432877746,0.9757452742499227
test/8,discount,0,,0.9235625131308043,0.9619548787676159,0.9650981264488694,0.9954413221805443,0.9963806399477327,0.9816568754813703,0.9644112039349867,0.9588923281784443
test/8,total,0,,0.9336638623976049,0.9577508151084457,0.9880034391900623,0.9944063646449871,0.9779855334921155,0.9405802668343705,0.9872197246652051,0.9843555604603456
test/8,cash,0,,0.9432999467583982,0.9929294703349629,0.9781280920438238,0.9363647559682077,0.8653258547555487,0.9766457681535659,0.9809460965303871,0.9821402736687354
test/8,change,0,,0.982270219622937,0.9986728994366162,0.9965369485839995,0.9870222181288392,0.9844453913342353,0.9691923913053795,0.9965047847388071,0.9980108025029721
test/8,card,0,,0.9524121839894817,0.7884099003303782,0.9837976884363142,0.9859682858759045,0.9372733313117051,0.9659487388879427,0.9850488309367703,0.9826059029357617
test/9,subtotal,0,,0.6353879120692748,0.6409735670173341,0.8399076092285583,0.9967361953159399,0.574414407907371,0.9476069890261425,0.836288567037732,0.8456964524238599
test/9,tax,0,,0.91815551819656,0.982780453900378,0.9609534471212067,0.8260347851522379,0.9353016387546625,0.9609166519294604,0.9561703836041185,0.9720693076854345
test/9,service,0,,0.942407173648234,0.9758723077455737,0.9859004327698005,0.9948899632728123,0.9942944171706906,0.9790977644799577,0.9868178419423425,0.9877205584304984
test/9,discount,0,,0.9235625131308043,0.9678315407084942,0.9396654716540352,0.9911919544991328,0.9963806399477327,0.9620750394549472,0.9286840550121154,0.9468980214032405
test/9,total,1,binding_absent,0.9336638623976049,0.9565392735702136,0.5945597257833917,0.50424551170136,0.9269793960552017,0.2881157553295929,0.6872335597101311,0.7531123751913956
test/9,cash,0,,0.9432999467583982,0.9327574454631581,0.9692357608510777,0.9922610339646429,0.9716253466479372,0.929014073334347,0.9709007305700781,0.9641781355719767
test/9,change,0,,0.982270219622937,0.9867166811213127,0.9971508209121362,0.9991255186567618,0.9954724847629519,0.9408355348491153,0.9969899616379695,0.9967401628820628
test/9,card,0,,0.9524121839894817,0.97266576170121,0.9804877962899574,0.986777987136699,0.9954603592298387,0.9873395277620871,0.9830609532854783,0.9753718344850539
test/10,subtotal,0,,0.6353879120692748,0.6341605470122682,0.8182319375049746,0.980896314754107,0.5990806073655832,0.9426358230779003,0.8234354999243693,0.7859233617963352
test/10,tax,0,,0.91815551819656,0.9824558814017321,0.9872221298740029,0.9987179608309996,0.9904441662516814,0.9841565725829937,0.9884154997612147,0.9842143327004061
test/10,service,0,,0.942407173648234,0.9751687381881904,0.9899772556223844,0.9993156211447835,0.9963240032220606,0.983852164356993,0.9900717091393378,0.9875559600761435
test/10,discount,0,,0.9235625131308043,0.9597341813033432,0.9776729630062087,0.999136230189599,0.9951509011038638,0.9818992359771381,0.9810160944118768,0.9748125415576356
test/10,total,0,,0.9336638623976049,0.9552962973960919,0.9782889014300692,0.9917380864004013,0.9716706662216564,0.896730456385773,0.976378108712273,0.9770650241923017
test/10,cash,0,,0.9432999467583982,0.9308821855564202,0.9809596058451512,0.9983047550612402,0.9635540443665929,0.9489584622563314,0.9806650911916317,0.9825448604671567
test/10,change,0,,0.982270219622937,0.9832910336397712,0.9958798212972093,0.9988394832978217,0.9955727307839002,0.9196210547860185,0.9957619542987366,0.9965204311549325
test/10,card,0,,0.9524121839894817,0.9718700250480695,0.9805766509391598,0.998802054735198,0.990257461930244,0.9835410626314988,0.9817212067407811,0.9753909103700392
test/11,subtotal,1,binding_absent,0.6353879120692748,0.6734819808672634,0.5485297347899474,0.13911083454955228,0.3733912821727411,0.8182892579551675,0.5561514248704829,0.5721854527134903
test/11,tax,0,,0.91815551819656,0.9818861390035354,0.9821000317992172,0.9532009871442723,0.9504450721061332,0.9798518100209997,0.9846656564285711,0.9838125152969193
test/11,service,0,,0.942407173648234,0.9744437892562853,0.9834037797818598,0.990312152424883,0.9948562894201023,0.97269488294449,0.9841296612950993,0.9873294557168409
test/11,discount,0,,0.9235625131308043,0.9585778129049035,0.9671674089955413,0.9930391741122321,0.9934710042664419,0.9732294503269313,0.9729044154219252,0.9743526132971683
test/11,total,0,,0.9336638623976049,0.96216102359508,0.9856891647650954,0.9170366625238797,0.9160731847972801,0.9179240973757317,0.9853623166743275,0.9846957403147006
test/11,cash,0,,0.9432999467583982,0.9412654539807054,0.9531100559615406,0.933361655144941,0.9570662115954491,0.8828720369546721,0.9561245470772103,0.9558990890664979
test/11,change,0,,0.982270219622937,0.9985502234415957,0.9928854154282847,0.9924809344890545,0.9964141772055777,0.9581525169792949,0.9898653303220873,0.9922343975966682
test/11,card,0,,0.9524121839894817,0.9710515922823556,0.9698481941108601,0.9880569919896182,0.9865950395605729,0.9735454579181017,0.9723675973871162,0.9749614352105564
test/12,subtotal,1,binding_absent,0.6353879120692748,0.7171977846531032,0.53313699070598,0.19754536132014663,0.8681484894423533,0.8318071162501388,0.5444327578598939,0.5339874907426231
test/12,tax,0,,0.91815551819656,0.9852626229668942,0.9629496520504793,0.9840638567503136,0.9971285542363345,0.9678173367210305,0.957469648571946,0.9694876404112347
test/12,service,0,,0.942407173648234,0.9791150524654322,0.9754406452797234,0.994023860576548,0.9978131059856106,0.9697220422016138,0.9711129460513962,0.9816257116350131
test/12,discount,0,,0.9235625131308043,0.9660477117338674,0.9369100241090976,0.9902415489170249,0.9945650701237405,0.9664083350207238,0.928647796300313,0.9418328110056665
test/12,total,0,,0.9336638623976049,0.9690058707162384,0.9835607895553061,0.9709645912474159,0.9876509216027898,0.9210942844376679,0.9832375248722189,0.979607216225561
test/12,cash,0,,0.9432999467583982,0.9937158175705186,0.9712923575671042,0.9775559495103398,0.9804325320976768,0.9738837594940024,0.9708273651148752,0.9793055617911982
test/12,change,0,,0.982270219622937,0.9988205139604605,0.9945870129196659,0.9936736540304817,0.9842654662964772,0.9656811885870902,0.9933663147622732,0.995605467643709
test/12,card,0,,0.9524121839894817,0.8371037238388416,0.9679517758584187,0.9795137780212332,0.9005533352224487,0.9380634514404577,0.971041204574589,0.9676166455341063
test/13,tax,0,,0.91815551819656,0.8684055617199782,0.9459264044581246,0.9776199206022346,0.865489746468078,0.8847985608364467,0.942020674845597,0.9441979245186831
test/13,service,0,,0.942407173648234,0.9784639057432528,0.9885589841186607,0.9792600856688916,0.9754370166255206,0.9848460032369076,0.9895702268983044,0.9884864369789093
test/13,discount,1,binding_absent,0.9235625131308043,0.7685704409258246,0.689226814916305,0.1278823998504068,0.24279919707607767,0.636010345562809,0.6868843133310862,0.6851211359191138
test/13,total,0,,0.9336638623976049,0.9561397268033349,0.8994328293337536,0.815730776743438,0.7038095337231759,0.6123432346631795,0.8802064969752664,0.9301833549995034
test/13,cash,0,,0.9432999467583982,0.9503159422081944,0.8880611880629629,0.9130732641775536,0.9202409109864781,0.7917165414155622,0.8769833709285123,0.9000027103122391
test/13,change,0,,0.982270219622937,0.9792567856183055,0.9933156136463069,0.9891309578923015,0.8761006863220442,0.8944361229697808,0.9928300549070542,0.990912497723704
test/13,card,0,,0.9524121839894817,0.9756358926783207,0.9821090544481937,0.9987711316175139,0.9953911476050645,0.9858956229404306,0.9835943349439364,0.9773714733497989
test/14,subtotal,1,transcription,0.6353879120692748,0.0022434014722919103,0.0029793784936882964,0.010375898656325265,0.06799048448772398,0.010564557336054749,0.005959284929989393,0.0031254699105923546
test/14,tax,1,miss,0.91815551819656,0.8481408773847398,0.8522160072742576,0.7524279445147174,0.7205984925294614,0.8363018042413138,0.8677098382183839,0.8784472907141223
test/14,service,1,transcription,0.942407173648234,0.01369369420971531,0.008773265915070166,0.03378373190080261,0.059345024175105135,0.01329019260423134,0.014518277224229565,0.00580829094550255
test/14,discount,1,binding_absent,0.9235625131308043,0.7995815738678693,0.9558566000155746,0.9272957627569456,0.8938218781765588,0.9319076011510717,0.9568200200770247,0.9501660207825539
test/14,total,0,,0.9336638623976049,0.9723622967237849,0.9837946461016143,0.9924665051856377,0.989531292289175,0.9252755969073647,0.9812736394529371,0.9830964761102303
test/14,cash,0,,0.9432999467583982,0.9568474542359897,0.9849845680743103,0.9973690543296116,0.9889010758780106,0.9626947202350846,0.9851141061252715,0.9844749786523811
test/14,change,0,,0.982270219622937,0.9889567083119408,0.9973270113843237,0.9973642030067205,0.9901404887521658,0.9426469294734009,0.9973931735047039,0.9978165855015112
test/14,card,0,,0.9524121839894817,0.978908590717639,0.9806932569244443,0.9893209996072749,0.9944437848731404,0.9855992030672137,0.9829044151924445,0.9791956855678858
test/15,subtotal,1,absent_halluc,0.6353879120692748,0.0014434348423259444,0.0007668844101495592,0.009969897344432533,0.037316107305171126,0.0033656808714613213,0.001367294160112241,0.0006311559590949624
test/15,tax,0,,0.91815551819656,0.9834447522707745,0.9896641627187637,0.9987958346471317,0.9904441662516814,0.9877870197135646,0.9906356824389421,0.984739396098389
test/15,service,0,,0.942407173648234,0.9765588017022583,0.9915850638493153,0.9993120658096045,0.996174704231276,0.9870200186212457,0.9916855808577018,0.987971340284325
test/15,discount,0,,0.9235625131308043,0.9619545198053676,0.9857266463226108,0.99920024334133,0.9951427561081537,0.9892848098202707,0.987722386454326,0.9756427936420716
test/15,total,1,transcription,0.9336638623976049,0.055427630748688866,0.05603005780551704,0.020287136499312065,0.08433189421275719,0.03406269065094316,0.09852729212059076,0.06508952959679982
test/15,cash,1,transcription,0.9432999467583982,0.035664141008391825,0.0249325818989062,0.01699790946405932,0.047271214747245154,0.031170003791575116,0.05052523098739423,0.03515061477057943
test/15,change,1,transcription,0.982270219622937,0.13911572210100337,0.11426979937108493,0.038076799825300205,0.0868766064076844,0.021064636209654375,0.20870789474337453,0.15516445405544382
test/15,card,0,,0.9524121839894817,0.973439823621568,0.9740362692928217,0.9901503813204501,0.9893592047626112,0.9778738610139365,0.9762568167958453,0.9762016666805721
test/16,subtotal,0,,0.6353879120692748,0.6806452180143095,0.8413871827704391,0.9925814263182948,0.8682815367921553,0.9518251492155044,0.842653442451342,0.8588539234555173
test/16,tax,0,,0.91815551819656,0.8510152329488787,0.9461218330128295,0.9838368567465937,0.9820044284879579,0.8897463826667602,0.9483694518429224,0.9551777129668065
test/16,service,0,,0.942407173648234,0.9797101735203803,0.9830519644015939,0.9945721743976224,0.9960207839921907,0.9791001089007422,0.9815653592030441,0.9862437585660873
test/16,discount,0,,0.9235625131308043,0.9670008253432947,0.9802531337844609,0.993896428792203,0.9902356688621816,0.9915586899954105,0.9810513119129552,0.9656148323779463
test/16,total,0,,0.9336638623976049,0.9633356129528642,0.9890961228936361,0.998347421474791,0.9876509216027898,0.9488902798492426,0.9875587552601969,0.9870108299833906
test/16,cash,0,,0.9432999467583982,0.9530393660938271,0.9873456148245748,0.998209004568807,0.9869090043957464,0.968094968565754,0.9870597239460001,0.9832197031935292
test/16,change,0,,0.982270219622937,0.9888487079733077,0.9982332373000168,0.999181204569993,0.9973422376178213,0.9633787471639798,0.9982349755729658,0.9980155841160367
test/16,card,0,,0.9524121839894817,0.9769977325156807,0.9798925902902904,0.9684976108541128,0.9873488109157953,0.9843461926906685,0.9819049126828989,0.978116917188971
test/17,subtotal,0,,0.6353879120692748,0.6544385281389712,0.8635067048764624,0.8205523043202275,0.6910755476443936,0.9568589125033221,0.8833724056298532,0.849647750037484
test/17,tax,0,,0.91815551819656,0.9839144161340666,0.9778490532817669,0.9792719901842446,0.978783592458772,0.9774608302824868,0.9780886380290126,0.9828442059077375
test/17,service,0,,0.942407173648234,0.9772251857616444,0.9806343307213283,0.9893593890509695,0.9968793395912049,0.973629722575968,0.9787873804388172,0.9860208703290353
test/17,discount,0,,0.9235625131308043,0.967880433253928,0.9608009671253588,0.9291692257804003,0.9617257086568214,0.9685244123391709,0.958536924239441,0.971042053891618
test/17,total,0,,0.9336638623976049,0.9772495391644038,0.9785565410104897,0.9367060628442987,0.9683563227909368,0.8834779117282705,0.9774195765565782,0.9715153888353587
test/17,cash,0,,0.9432999467583982,0.9931383693151123,0.9866169467499297,0.9872623665750523,0.9887235805080269,0.9902210295411402,0.9872498491895992,0.9817064777600227
test/17,change,0,,0.982270219622937,0.9987114766537812,0.9979199393325503,0.997074830098601,0.9935019246790753,0.978882541552275,0.9982025470672461,0.9984133255912765
test/17,card,0,,0.9524121839894817,0.7932921730363534,0.8271448412806715,0.8623460937075307,0.948575738457737,0.7815910550214519,0.8272808866829395,0.772439250856886
test/18,subtotal,1,binding_absent,0.6353879120692748,0.6272855736745557,0.8458959024099384,0.8435604415508643,0.46747892258884205,0.9478908878218539,0.8610516876165246,0.8384235714172483
test/18,tax,0,,0.91815551819656,0.9812729352199198,0.9860527164381275,0.9709512533427622,0.940359497857206,0.9877017402144197,0.986633631284108,0.9827115280211448
test/18,service,0,,0.942407173648234,0.9744436427019217,0.9753402033120535,0.9904127630806259,0.9946736360589176,0.9636308937802366,0.9720307184780738,0.984175102844546
test/18,discount,0,,0.9235625131308043,0.9585764368248317,0.9394119526615486,0.9892401319006872,0.9944637210775193,0.9581913821756393,0.9362104304597662,0.9573370725316366
test/18,total,0,,0.9336638623976049,0.9540186150637073,0.9854497355752395,0.9712619272728382,0.9335493896294638,0.9267078752469279,0.9850124620491925,0.9809591244482047
test/18,cash,0,,0.9432999467583982,0.9289586115162681,0.9558158725175022,0.9634813838336801,0.9597382200447431,0.9001325446458679,0.9587528513007437,0.9513477249707093
test/18,change,0,,0.982270219622937,0.9991983182382188,0.9976450743237797,0.9282346233583991,0.9823502620304969,0.9707977891083331,0.9973486648753488,0.9986795551862004
test/18,card,0,,0.9524121839894817,0.9710516841871765,0.9703397048065848,0.9902783123138738,0.9882447409477162,0.9795051687630232,0.969532626681103,0.9724504895276499
test/19,subtotal,0,,0.6353879120692748,0.6544514137527461,0.6812440049393724,0.98448000460213,0.7440582624153607,0.8818860924460172,0.6806406983282932,0.8032431529094286
test/19,tax,0,,0.91815551819656,0.8354163139727594,0.9739595030844811,0.9975792023729393,0.9713841954871097,0.9333955340964599,0.9744369233632987,0.9804800282264683
test/19,service,0,,0.942407173648234,0.9772229008551823,0.9901950989344472,0.999229080960607,0.9929807775691701,0.9848215182586064,0.9904527670432224,0.9881729344213711
test/19,discount,0,,0.9235625131308043,0.9630203283217635,0.9787787734290324,0.9991838298347901,0.9958958153297085,0.9835283524133476,0.9822351633542666,0.9760479162138854
test/19,total,0,,0.9336638623976049,0.9589292555828305,0.9777077456453241,0.9945909760359912,0.9823012355982126,0.8978511809494962,0.9749826349852256,0.978507236798367
test/19,cash,0,,0.9432999467583982,0.993138436153834,0.987645066361991,0.9990025039107975,0.993703657307295,0.9871111460120551,0.9887875353455349,0.98247276943421
test/19,change,0,,0.982270219622937,0.998711477495243,0.9987539614813813,0.9994080397509245,0.9967254047876805,0.9879156924487618,0.9988911702839492,0.9984133967151813
test/19,card,0,,0.9524121839894817,0.9741923661116868,0.9821801171403675,0.9865100720254928,0.9959421402126137,0.9890561264281322,0.984700287979545,0.9760474444802821
test/20,subtotal,0,,0.6353879120692748,0.7231246014846798,0.8577144020183706,0.9961883789699317,0.8334531018177014,0.9552143667359639,0.8549226439455128,0.8511785853812801
test/20,tax,0,,0.91815551819656,0.8665008713853163,0.8356709462328797,0.6128262901687935,0.47208337555209007,0.6998244139877152,0.8273687927035164,0.9058051608865534
test/20,service,0,,0.942407173648234,0.8307680623325664,0.9889180290519446,0.9955010813418796,0.9474491839869191,0.9619896071784553,0.9880592152873103,0.9881179451889768
test/20,discount,0,,0.9235625131308043,0.966735846529436,0.974296610553642,0.8958145852087226,0.9549901407001654,0.981337709783133,0.9794573558044966,0.9774359408410254
test/20,total,0,,0.9336638623976049,0.9353182454189166,0.9090426971900085,0.9176345857160622,0.9355734659931096,0.5154347262454113,0.8834793949674127,0.9066536862707408
test/20,cash,0,,0.9432999467583982,0.9938979160596336,0.9870601066279737,0.9985626846224706,0.987665503639017,0.9870973592162613,0.988569382156414,0.9836180828692566
test/20,change,0,,0.982270219622937,0.9988548163409425,0.9985484296228311,0.9984171632111828,0.9973590586455879,0.9864121128774024,0.998750495779511,0.9985186477360918
test/20,card,0,,0.9524121839894817,0.976999833760795,0.9771728423355837,0.9857394242759668,0.9949384324553048,0.9820229812160367,0.9796172549194972,0.978117417485615
test/21,subtotal,1,binding_absent,0.6353879120692748,0.2566897756030694,0.09557671348408577,0.18569847942703624,0.5493318936764768,0.37802099131273925,0.08388349373258379,0.09482601777337157
test/21,tax,0,,0.91815551819656,0.9834403231183693,0.9929240794058515,0.9975881794844865,0.9773443416848443,0.9919802307629311,0.9934544595761486,0.9847360675560244
test/21,service,0,,0.942407173648234,0.9765589064819898,0.9933351700133946,0.9993572151532805,0.9964442933777102,0.9899730008993121,0.9933289378029585,0.9879713850658529
test/21,discount,0,,0.9235625131308043,0.9619547351830248,0.987558739871149,0.9991586955173987,0.9953093981186449,0.9908069846520585,0.9892188695807044,0.9756429075747372
test/21,total,0,,0.9336638623976049,0.9577508151084457,0.8745687029555165,0.9472751161575903,0.9779855334921155,0.6431127218370983,0.8539372552046235,0.8812274089880845
test/21,cash,0,,0.9432999467583982,0.9345854023324535,0.7450501315300484,0.9742508165662881,0.9716253466479372,0.6287718081297792,0.7101757510797555,0.7664996815192645
test/21,change,0,,0.982270219622937,0.9870980714262462,0.9227294542811916,0.9893277211632872,0.9954724847629519,0.4639606475260334,0.9054690190985241,0.9327544771372003
test/21,card,0,,0.9524121839894817,0.9734397898094493,0.9905007557863893,0.9987380550286412,0.9893592047626112,0.992767613183654,0.9908148852917755,0.9762026247173887
test/22,subtotal,1,binding_absent,0.6353879120692748,0.6409645984416102,0.2999572924300019,0.19357030077331017,0.6164732204970571,0.6665978980965706,0.29124173335252734,0.36921671657917227
test/22,tax,0,,0.91815551819656,0.9829557748828194,0.9901817270638992,0.9974345149567357,0.9773443416848443,0.9883175815494127,0.991024731453334,0.9844778709421022
test/22,service,0,,0.942407173648234,0.9758736163738424,0.9918228380326497,0.9994045666430181,0.9967896788728986,0.9872661236053198,0.991857857392972,0.9877654275580879
test/22,discount,0,,0.9235625131308043,0.9608596350891637,0.9817376683689388,0.9992527261418311,0.9954847425417761,0.9857151424696443,0.9844015896621003,0.9752311620331869
test/22,total,0,,0.9336638623976049,0.9565400941554022,0.9836197454298257,0.9939687574476468,0.9779855334921155,0.9188762614543114,0.9824966525025526,0.98230797276399
test/22,cash,0,,0.9432999467583982,0.9444455533255532,0.9837030851991863,0.9980500422802535,0.9697173456362675,0.9551398124209495,0.9829119162842117,0.9809136097377338
test/22,change,0,,0.982270219622937,0.9867166811213127,0.9978837731784129,0.9990080799653065,0.9954724847629519,0.9505313262280718,0.9978622037601024,0.9980827390150282
test/22,card,0,,0.9524121839894817,0.9726658660104947,0.9713570280443623,0.9887751577754652,0.9893592047626112,0.9751420598628517,0.9738317930894583,0.9757965964257147
test/23,subtotal,1,binding_absent,0.6353879120692748,0.6544115301257597,0.5677429967664933,0.39353537584978454,0.6910755476443936,0.8430871013262002,0.5751299713429776,0.6350233207179711
test/23,tax,0,,0.91815551819656,0.9839173651814019,0.990729918264614,0.99738195813361,0.978783592458772,0.9893116256630058,0.9916027352894043,0.9849946309136425
test/23,service,0,,0.942407173648234,0.9772252439734543,0.9913971118664461,0.99942972395075,0.9972880976846695,0.9868649912199364,0.9915621884369609,0.9881739408597905
test/23,discount,0,,0.9235625131308043,0.9630205611840322,0.9865601667111867,0.9992842941798615,0.9961849840042187,0.9901058597058788,0.98847258857761,0.9760480745939144
test/23,total,0,,0.9336638623976049,0.9589292555828305,0.9895749764428028,0.9945817720222396,0.9823012355982126,0.9442366553364481,0.9893320355857247,0.9895078620588981
test/23,cash,0,,0.9432999467583982,0.9363670570734276,0.9821382701009616,0.9981351503261282,0.9805284253354145,0.9553316439364152,0.9819168324398991,0.9814945533317656
test/23,change,0,,0.982270219622937,0.9846854016792096,0.9956833688391078,0.9988107509951597,0.9967204002733961,0.9173030211353582,0.9956844356790436,0.9968996664698175
test/23,card,0,,0.9524121839894817,0.974192481189603,0.9722149501978888,0.9899438116807657,0.9960939242510856,0.9767309092601727,0.9749359038680507,0.9765915796799315
test/24,subtotal,1,binding_absent,0.6353879120692748,0.7111743669171083,0.22406373123624104,0.21344162585563817,0.5937278841759922,0.6134816463449617,0.21394593780546226,0.19862528710323035
test/24,tax,0,,0.91815551819656,0.9832633868425938,0.9805711141369066,0.8388059271949132,0.8536916085649634,0.9772811455069037,0.983497529860122,0.9842738680721907
test/24,service,0,,0.942407173648234,0.9785027763977503,0.9889546277140857,0.9958737352718346,0.9965878114092398,0.9831222120401406,0.9894470903505334,0.9885688819709927
test/24,discount,0,,0.9235625131308043,0.9650663664533607,0.9758646720571151,0.9883428376651078,0.995498516685364,0.9836254089097937,0.9809129192962367,0.9767332279039082
test/24,total,0,,0.9336638623976049,0.9681069418639883,0.9773932944647868,0.944255245723801,0.9807278920428145,0.9052778652472218,0.9754837864042192,0.9609866757872704
test/24,cash,0,,0.9432999467583982,0.9935292535732093,0.9809810977090175,0.9926981549541227,0.9933922056922231,0.979815812171294,0.9833700706409622,0.9830534849253837
test/24,change,0,,0.982270219622937,0.9987852567520311,0.9984806396082111,0.9994080397509245,0.9964296468878177,0.9853493404396976,0.9986791829252736,0.9984669239448116
test/24,card,0,,0.9524121839894817,0.8330388089137943,0.9791376967747761,0.9858979775045889,0.9740700239695581,0.9617395025370239,0.9803522730574131,0.9633792651190903
test/25,subtotal,1,binding_absent,0.6353879120692748,0.6544512464062936,0.49590350182087023,0.1584002279641971,0.7440582624153607,0.815520359242985,0.4960127948343899,0.5192482163381654
test/25,tax,0,,0.91815551819656,0.983915513022817,0.9894800369639042,0.9974788380425393,0.978783592458772,0.9877011122819225,0.9905362046833659,0.984993221878746
test/25,service,0,,0.942407173648234,0.9772252294205128,0.9916095105835572,0.9993843718488357,0.9969961734655689,0.9872233179615215,0.9917590942025437,0.9881739348603654
test/25,discount,0,,0.9235625131308043,0.9630205146116658,0.9858919364480945,0.9992842941798615,0.9961849840042187,0.9895555251722468,0.9879309288423549,0.9760480496557705
test/25,total,0,,0.9336638623976049,0.9589292555828305,0.9841934020743854,0.9933470459943915,0.9823012355982126,0.925929158653906,0.9831893239179912,0.9806007778411707
test/25,cash,0,,0.9432999467583982,0.9363670570734276,0.9746968602624468,0.9978250522962916,0.9805284253354145,0.9403571690422746,0.9738895305025167,0.9742143759947038
test/25,change,0,,0.982270219622937,0.9846854016792096,0.9967309683970167,0.9988110602918538,0.9967204002733961,0.9362547157989628,0.9967227406522267,0.9972219333133683
test/25,card,0,,0.9524121839894817,0.9741923825514147,0.9730237027140647,0.9885472412662606,0.9959421402126137,0.9773235594503581,0.9755727315080074,0.9765952117933179
test/26,subtotal,0,,0.6353879120692748,0.30104686445209267,0.58589290043306,0.27604152798698695,0.8120671436056757,0.8102927956382877,0.5929991079006788,0.5590648525224036
test/26,tax,0,,0.91815551819656,0.9834446351659253,0.9834580586048078,0.9888802568933017,0.9870083525916952,0.9794551622216294,0.9853954772073574,0.9847390915182243
test/26,service,0,,0.942407173648234,0.9765589064819898,0.9909078552121737,0.9993572151532805,0.9964442933777102,0.9858598621334103,0.9910549642039069,0.9879713838715445
test/26,discount,0,,0.9235625131308043,0.9619546873214092,0.9716442629150777,0.9934210101606366,0.9951427561081537,0.9770502080076864,0.9765071234698431,0.9756410699474558
test/26,total,0,,0.9336638623976049,0.976596211177952,0.9906759670027581,0.9664036948889259,0.968843438939585,0.9363832423856562,0.9906624012618939,0.9890523010576256
test/26,cash,0,,0.9432999467583982,0.9633671891154756,0.9764953239199444,0.9398660642391435,0.9510632708313711,0.9251859636719183,0.9790025810871369,0.9772751815975058
test/26,change,0,,0.982270219622937,0.9991160029544308,0.9971696822613513,0.978973054091284,0.9805059550662549,0.9710040217963776,0.9968238793441295,0.9982785829367532
test/26,card,0,,0.9524121839894817,0.9734397729033823,0.9754330032736563,0.9901503813204501,0.9893592047626112,0.9791657312021539,0.9774566007608463,0.9762022042963469
test/27,subtotal,0,,0.6353879120692748,0.661095964864557,0.7602008913967422,0.9933914749490994,0.7189568085522333,0.927216408476989,0.7501014809799696,0.7525049122026418
test/27,tax,0,,0.91815551819656,0.8394349638665641,0.9711132209363881,0.9976144153444921,0.9708650455476178,0.9315530718615461,0.9711987002923033,0.9745229722506514
test/27,service,0,,0.942407173648234,0.9622730386052571,0.9575901283675549,0.9608490120741053,0.9561481596048232,0.9561675657720353,0.9459785438753175,0.9541070102326321
test/27,discount,0,,0.9235625131308043,0.9640488974293622,0.9862856012938722,0.9983902484357666,0.9844287209980415,0.9900069125257944,0.9883214579240245,0.9764419374491545
test/27,total,0,,0.9336638623976049,0.960076196440422,0.9902428601581716,0.9256096722653123,0.9799353413395925,0.9477609668940113,0.990646287206752,0.990031495237721
test/27,cash,1,miss,0.9432999467583982,0.9933366773407317,0.9796654351797516,0.9899518745683166,0.9892569076972983,0.9780955689036991,0.9822023397635082,0.9827630515625044
test/27,change,0,,0.982270219622937,0.9987489101883511,0.9987063632129899,0.9994080397509245,0.9962803697983401,0.9875646885850424,0.9988582786609668,0.9984403903021017
test/27,card,0,,0.9524121839894817,0.9749235282490228,0.9510460109932928,0.9665790501630749,0.9961535009767529,0.9668458173062254,0.9449216277356094,0.9626582892373637
test/28,subtotal,0,,0.6353879120692748,0.7172001812184553,0.8848602639608973,0.9975417443887254,0.8682815367921553,0.9629785046383657,0.8831255950611407,0.8751169252404486
test/28,tax,0,,0.91815551819656,0.8717434781748977,0.9805986726998828,0.998445571999766,0.9785495848853384,0.9499091017929912,0.9805573838668137,0.980634251424378
test/28,service,0,,0.942407173648234,0.8265773449808517,0.9881800227059893,0.9972343281647527,0.9474491839869191,0.9595112930769399,0.987118258852833,0.9870167624128937
test/28,discount,0,,0.9235625131308043,0.9721225830519171,0.955574800280929,0.9887936659756027,0.9976047781624507,0.9809948841999333,0.937783873781725,0.9069234116761791
test/28,total,0,,0.9336638623976049,0.9690058707162384,0.9927892368486713,0.9970012995050586,0.9876509216027898,0.9613445475724088,0.9918170831309099,0.9899358617642516
test/28,cash,0,,0.9432999467583982,0.9937162626333654,0.9865870760699128,0.9984936597876244,0.9880856034379947,0.9864022391829614,0.9881020069928372,0.9833388449011525
test/28,change,0,,0.982270219622937,0.9988205486251632,0.9987618848025748,0.9994080397509245,0.9973590586455879,0.9884446583207506,0.9989180694555698,0.9984930096392479
test/28,card,0,,0.9524121839894817,0.9763278620128574,0.9798847165472195,0.992292894631188,0.9948270804405475,0.9866199557867644,0.9826982950151115,0.9775798946715689
test/29,subtotal,0,,0.6353879120692748,0.7172001812184553,0.8649581636753728,0.9906018130088338,0.8682815367921553,0.9558943078829778,0.863570765265554,0.8664413581381349
test/29,tax,0,,0.91815551819656,0.8717434781748977,0.979404923264979,0.9978250522962916,0.9785495848853384,0.9484526659968084,0.9792348434889373,0.9776924481457075
test/29,service,0,,0.942407173648234,0.9788307581628499,0.9877079456084756,0.9774914769599959,0.9773937130427892,0.9829145810134559,0.9887278767932707,0.9886062211978565
test/29,discount,0,,0.9235625131308043,0.9039887405429052,0.895340091102026,0.9142774676254639,0.9148297313762854,0.9276749339241867,0.8995527212065509,0.91816249851919
test/29,total,0,,0.9336638623976049,0.9690058707162384,0.9862452991720254,0.9759623475436583,0.9876509216027898,0.9315543721954246,0.9865581934595313,0.9825559152415438
test/29,cash,0,,0.9432999467583982,0.9937161891385115,0.9657720271669342,0.9782337203313006,0.987665503639017,0.9702153112680666,0.9633737834524818,0.9746334686258923
test/29,change,0,,0.982270219622937,0.998820533989056,0.9988416859824732,0.9977371337008152,0.9852794724265619,0.9930484621467723,0.9989338484609682,0.9983593358959147
test/29,card,1,miss,0.9524121839894817,0.931800770226441,0.8768043511631466,0.5321810590464869,0.4718495688521053,0.9207868825849981,0.859433580549857,0.8845598255313573
test/30,subtotal,0,,0.6353879120692748,0.6610722563993376,0.7880379348394654,0.9928052988450142,0.6631304138189795,0.9343540110186236,0.7821989273844688,0.7956653161411458
test/30,tax,0,,0.91815551819656,0.83862924889524,0.7366249983864761,0.7039387514624688,0.6706130166497081,0.6406083192544988,0.7317121105016675,0.6935415565829598
test/30,service,0,,0.942407173648234,0.9662890158025277,0.944941597037618,0.9405631053397676,0.9561481596048232,0.9445595683135347,0.92424308393235,0.9443528550946437
test/30,discount,1,binding_absent,0.9235625131308043,0.716411559342614,0.03266678047132265,0.09314757726012508,0.2717716539928907,0.040045306312740614,0.1989721068438611,0.04620640139799969
test/30,total,0,,0.9336638623976049,0.9600738787407284,0.9607199788975013,0.9912867525502393,0.8896930046781856,0.8357942587188204,0.9539499823369534,0.9714363276940557
test/30,cash,0,,0.9432999467583982,0.9381032024505985,0.9752210789658148,0.997681999275806,0.9362448264028143,0.9440786257045102,0.9741939892244568,0.971540928542646
test/30,change,0,,0.982270219622937,0.9878287087890509,0.9969260179875747,0.9982984857310826,0.9904004122874769,0.9429857345522381,0.9967058183832389,0.9957359304962706
test/30,card,0,,0.9524121839894817,0.9749235122631605,0.9790502141283729,0.9952239877497063,0.9961535009767529,0.9829720476610191,0.9808381593986724,0.9769875755482289
test/31,subtotal,0,,0.6353879120692748,0.6610961306594406,0.6246115487534879,0.2512266180575617,0.7189568085522333,0.8767576588656626,0.6295413411557553,0.6347695189756081
test/31,tax,1,binding,0.91815551819656,0.8649965887232761,0.9106906407049316,0.7933159402781342,0.9653470956973581,0.8205845429928369,0.9136629146236874,0.9154746757562923
test/31,service,0,,0.942407173648234,0.7748198102579593,0.9780378196836285,0.9547626793648895,0.29244533419275803,0.9258823755917331,0.9785112377415078,0.9785940513808411
test/31,discount,1,binding_absent,0.9235625131308043,0.7678620034415574,0.9417095283057569,0.5711256398902834,0.3017824585727159,0.9084379160472879,0.9450724068650048,0.9230793595681939
test/31,total,0,,0.9336638623976049,0.9671229869358265,0.9635972503517023,0.9134031954159274,0.9604057311595093,0.8413518797421545,0.9577791041246747,0.9663416349313797
test/31,cash,0,,0.9432999467583982,0.9933359848281479,0.9803744853018544,0.9816910562636624,0.9704844051909484,0.9788407616798964,0.9827646216740251,0.9827632627672174
test/31,change,0,,0.982270219622937,0.9987489085542562,0.9990149319899077,0.9980153216313422,0.988241317214573,0.9942555267096909,0.999101852263549,0.9983787966736609
test/31,card,0,,0.9524121839894817,0.9749226010545509,0.9722217184851061,0.9800014808905858,0.9942658430880266,0.9853549451892869,0.9696307920122947,0.9632567218496203
test/32,subtotal,0,,0.6353879120692748,0.5544273036618899,0.7680018568255016,0.9749213362483773,0.6531401093741142,0.9013048222288065,0.7678131585211286,0.7014542397159841
test/32,tax,0,,0.91815551819656,0.9824561857017005,0.9882814087540985,0.9987179608309996,0.9911015841848544,0.985605321967411,0.9893255749016129,0.9842145575403811
test/32,service,0,,0.942407173648234,0.9751687540218247,0.9914277829997712,0.9993156211447835,0.9963240032220606,0.9864143125754781,0.9914344773588738,0.9875559685209049
test/32,discount,0,,0.9235625131308043,0.9597341054960499,0.979869846045879,0.999136230189599,0.9949786566116852,0.9838745105760248,0.9827902641491352,0.9748125171504798
test/32,total,0,,0.9336638623976049,0.9552962973960919,0.9815214868697827,0.993780795463124,0.9716706662216564,0.9130632263421293,0.9796449753611809,0.9764398059193066
test/32,cash,0,,0.9432999467583982,0.9308821855564202,0.9741383442614479,0.9980228040246049,0.9635540443665929,0.9367139074652987,0.9728433079855381,0.9729055270005706
test/32,change,0,,0.982270219622937,0.986324172843058,0.9964443895983436,0.9989143450977247,0.9948369483092433,0.9220102733915038,0.9963254851638873,0.9971089624883677
test/32,card,0,,0.9524121839894817,0.9718700250480695,0.9818965866485507,0.998802054735198,0.990257461930244,0.9847827762092901,0.9828977569776928,0.9753909136022898
test/33,subtotal,0,,0.6353879120692748,0.7171999815046222,0.7795347144501447,0.9746196947195617,0.8682815367921553,0.9326792466969569,0.7666629580750556,0.7453972335306243
test/33,tax,1,binding,0.91815551819656,0.8717430512455417,0.693353043547585,0.6931581680368227,0.8618321201033683,0.5719019935707146,0.6765334587160786,0.7047290799759648
test/33,service,0,,0.942407173648234,0.2746294350678842,0.9193957619447242,0.8626493478982217,0.22085936267990344,0.7999230135636497,0.9103458661358828,0.8814327783024536
test/33,discount,1,binding_absent,0.9235625131308043,0.7770653632774149,0.9374007979131181,0.3984986499147783,0.3533049084008656,0.8958432872130929,0.9384467301544144,0.9473553982201519
test/33,total,0,,0.9336638623976049,0.9690058559297675,0.981889732487333,0.971071925355716,0.9862434118385399,0.916995998464711,0.981280203673658,0.9750557671940279
test/33,cash,0,,0.9432999467583982,0.993714674172806,0.9804186521593826,0.9485845388167002,0.9350388097398449,0.9801703389617319,0.9832062946308044,0.9833177779081489
test/33,change,0,,0.982270219622937,0.9988205478548456,0.9982615406968542,0.9972008553384282,0.9914016833179093,0.9855263260624099,0.9985755507324888,0.9984841096384238
test/33,card,0,,0.9524121839894817,0.9763257613064467,0.95518145720154,0.9804765533087254,0.9897046135070494,0.970414546113301,0.9504009722334149,0.9650655535305934
test/34,subtotal,0,,0.6353879120692748,0.6741684016792943,0.8662825753019745,0.9858912733989464,0.8353229460853089,0.9580797239026573,0.868557764606324,0.8836140208149504
test/34,tax,0,,0.91815551819656,0.8471930450701172,0.712237600907448,0.769094177873624,0.8051311237621557,0.6170913380068666,0.710182014975677,0.6935271556544894
test/34,service,0,,0.942407173648234,0.9787537189929951,0.970513484866494,0.9606076627620753,0.9773937130427892,0.967192873056678,0.9628444904698822,0.9749765580433819
test/34,discount,0,,0.9235625131308043,0.9660343266864554,0.9431501766382255,0.9739232442008411,0.9818778741116071,0.967790918759463,0.9383932768183458,0.951464593043711
test/34,total,0,,0.9336638623976049,0.9622786304073389,0.9804379052232699,0.9950521295733451,0.9876509216027898,0.9148354410780573,0.977105158144899,0.9790709160264846
test/34,cash,0,,0.9432999467583982,0.9517004395052799,0.9783613643458681,0.9952968138037281,0.9869090043957464,0.947907230948157,0.9773878472535718,0.9746577359414033
test/34,change,0,,0.982270219622937,0.9859650701669863,0.9889331539045348,0.9935894587155542,0.9977218108605559,0.8628157600618863,0.9877635192856338,0.984225401577628
test/34,card,0,,0.9524121839894817,0.9763270761542661,0.980446607327112,0.9912196636109256,0.9955146259641086,0.9871752027239413,0.9832107766778282,0.9775695463131653
test/35,subtotal,1,binding_absent,0.6353879120692748,0.6609513440919792,0.36576058275482154,0.20365676590352938,0.7166282082294844,0.7244361142814946,0.37332976789459066,0.4478742826261828
test/35,tax,0,,0.91815551819656,0.983264760455213,0.987775697750505,0.8954774789588524,0.8536916085649634,0.9891943383031138,0.9900436022556258,0.984004461515659
test/35,service,0,,0.942407173648234,0.9785025425692969,0.990342649365436,0.9992979456371849,0.9963290635298274,0.9854450575228031,0.9907034527591808,0.988568836143761
test/35,discount,0,,0.9235625131308043,0.9650662562300705,0.9833976027771275,0.9991838298347901,0.9953385619830205,0.9877860657854833,0.9860907449443703,0.9768385356571002
test/35,total,0,,0.9336638623976049,0.9611924040713615,0.9680511757641475,0.9607182939878446,0.9807278920428145,0.8497768160212842,0.9687551570906826,0.982173354626672
test/35,cash,0,,0.9432999467583982,0.9503253276436725,0.9686967536600263,0.9840527776611929,0.9795786478592462,0.9222027188023758,0.9697982155682919,0.9726190956162466
test/35,change,0,,0.982270219622937,0.988178560541291,0.9943536686311071,0.9977827984716414,0.9958293238600573,0.8846166184733109,0.9944401304899427,0.9971440144259761
test/35,card,0,,0.9524121839894817,0.9756342295117901,0.9831438406194855,0.9865100720254928,0.9942658430880266,0.9898683522767754,0.9856462033132641,0.9769649603700308
test/36,subtotal,0,,0.6353879120692748,0.6266953751030644,0.6288238193504122,0.7885923807972329,0.6693745633522812,0.8619483850688344,0.6335810283547135,0.6610462120674208
test/36,tax,0,,0.91815551819656,0.9829587105351307,0.9594777424482674,0.9833721232353255,0.9957861221102816,0.9605644534161185,0.9536392020711911,0.9700295002287707
test/36,service,0,,0.942407173648234,0.975871460956473,0.9711046604818785,0.9908748883986517,0.9922321093899188,0.9618345983986659,0.9651081730852276,0.9795487209137526
test/36,discount,0,,0.9235625131308043,0.9608575939447904,0.9145424127712657,0.9901580957921575,0.9927589120526128,0.9550962124281541,0.8950052751010438,0.9165908198487863
test/36,total,0,,0.9336638623976049,0.9565336235549865,0.976588905503702,0.9886083186621651,0.9659752912696412,0.8812028243159743,0.9756725434353277,0.9834546624191277
test/36,cash,0,,0.9432999467583982,0.944442569720111,0.9889952600300351,0.997832509828177,0.9250688631547095,0.9669338654048256,0.9888117410864812,0.9879649112108712
test/36,change,0,,0.982270219622937,0.9867166649562291,0.997398401856768,0.9992121030720261,0.9949518960377062,0.9410216546981617,0.9973518887438854,0.9977387564461806
test/36,card,0,,0.9524121839894817,0.9726356206309154,0.9764169854205034,0.9555807928142463,0.8947059256538447,0.9829168663335432,0.9792438698295628,0.9756018678171233
test/37,subtotal,1,binding_absent,0.6353879120692748,0.6341606614655942,0.518451244514205,0.12112192375539088,0.5990806073655832,0.821679342667589,0.5127247676509175,0.5269318164531218
test/37,tax,0,,0.91815551819656,0.9824496254154665,0.9895209193116494,0.9972211267819482,0.9737843599961696,0.9872834918469043,0.9903961154195329,0.9842097430887624
test/37,service,0,,0.942407173648234,0.9751687223545473,0.99088702079799,0.9993156211447835,0.9963240032220606,0.9854637132287896,0.9909250472833466,0.98755595498489
test/37,discount,0,,0.9235625131308043,0.9597341560342605,0.9841489231180053,0.999136230189599,0.9951509011038638,0.9876484826853714,0.9862751650040138,0.974812547268135
test/37,total,1,binding_absent,0.9336638623976049,0.9552962973960919,0.983493939308868,0.9936955999319488,0.9716706662216564,0.9178246536454873,0.9822069184178338,0.9815140069730232
test/37,cash,0,,0.9432999467583982,0.9308821855564202,0.963752257870688,0.9945480785599,0.9635540443665929,0.9187280752382126,0.9607926110542834,0.9585291243155077
test/37,change,0,,0.982270219622937,0.986324172843058,0.9971097799721929,0.9989404440300592,0.9948369483092433,0.9341343148583974,0.9970416639782038,0.9975924601166026
test/37,card,0,,0.9524121839894817,0.9718700071716835,0.9720257080919633,0.9884214058337184,0.9889195043356638,0.9753666475131028,0.9742167031456324,0.975389590944232
test/38,subtotal,0,,0.6353879120692748,0.7516228446902599,0.6858957598033144,0.9295787377267879,0.6782529281086548,0.9056659984687675,0.6748266681147563,0.6963005003950882
test/38,tax,1,miss,0.91815551819656,0.952467640861995,0.9643276929617436,0.8576194551785763,0.7444089975528264,0.9690553626188253,0.9687554226936875,0.9579754335021723
test/38,service,0,,0.942407173648234,0.8505185720845734,0.9857801086334709,0.9966026720976443,0.95962950704155,0.9583766269468532,0.984555891638347,0.9828508906105791
test/38,discount,0,,0.9235625131308043,0.9629903098051626,0.9747383340760799,0.9295883688494518,0.9117589154040934,0.9822865781987841,0.9801761675772765,0.97454538234727
test/38,total,0,,0.9336638623976049,0.9739053782037134,0.991848718600973,0.9951545909331251,0.989531292289175,0.9602169072737733,0.9916888438728443,0.9893312453252251
test/38,cash,0,,0.9432999467583982,0.9947308172289422,0.9848238054462389,0.9874486238722769,0.9872495181699995,0.9855950261663579,0.987125763496916,0.9849457349127753
test/38,change,0,,0.982270219622937,0.9990117461480097,0.9985257908116407,0.9958453904161826,0.9899106981349928,0.9870339004893274,0.9987710553819851,0.998640384781182
test/38,card,0,,0.9524121839894817,0.9800856842379921,0.9681326041180277,0.9038807838643447,0.9753350519253124,0.9796957770382788,0.9674653645291466,0.9747487025589691
test/39,subtotal,1,binding_absent,0.6353879120692748,0.7573689206015379,0.1869098089647902,0.0791783618272842,0.5765330174013892,0.5708081900737937,0.19567964491550538,0.22110468005810832
test/39,tax,0,,0.91815551819656,0.9886454918851973,0.992022057556061,0.9927358080342187,0.853369748555412,0.9922244644770304,0.9932311263451942,0.9877440018354959
test/39,service,0,,0.942407173648234,0.9839089619779855,0.9923014155712596,0.994142444887218,0.9974988892406292,0.9900178357012551,0.9929430216379601,0.9903564621090061
test/39,discount,1,binding_absent,0.9235625131308043,0.7334926020497978,0.7791203041707668,0.0924956015845532,0.2263286207848927,0.7300510392561878,0.7791519246068204,0.8406912944916946
test/39,total,1,binding_absent,0.9336638623976049,0.9753960875843903,0.9700102033048325,0.7885395750371696,0.6739797446826972,0.8941445915435107,0.9701252883651467,0.9559117544054483
test/39,cash,0,,0.9432999467583982,0.9951736682665491,0.9764901921669576,0.92928356821133,0.9633347089141666,0.9814820304245874,0.9766904873951747,0.9812559283414334
test/39,change,0,,0.982270219622937,0.9990954337309962,0.9983944904095641,0.9951275330361778,0.993377013367225,0.9865627066986976,0.9987007404394059,0.9987080775223457
test/39,card,0,,0.9524121839894817,0.8610080464396465,0.9564708028225004,0.7679446699489738,0.43062185198051905,0.9317183248234066,0.9612836141549361,0.9371126033167306
test/40,subtotal,1,absent_halluc,0.6353879120692748,0.0050194938662643475,0.00039045777657482737,0.01988761353533457,0.027900362655469232,0.008117466058014146,0.0006501921623764209,0.0002178379806866345
test/40,tax,0,,0.91815551819656,0.9842787840890117,0.9900652625003605,0.9937834442648107,0.9315255519824214,0.9886039314729738,0.991089463688882,0.9851703410400373
test/40,service,0,,0.942407173648234,0.9778730127083727,0.9922846373606388,0.9993843718488357,0.9965878114092398,0.9885017868513537,0.9924334243329714,0.9883731024852895
test/40,discount,0,,0.9235625131308043,0.9640574854452616,0.9849993479110917,0.9992842941798615,0.9956668222427744,0.9889555751444232,0.9872872930191396,0.9764465781207352
test/40,total,1,transcription,0.9336638623976049,0.05860121287485424,0.007996722486379955,0.05958796432003656,0.08316804156533193,0.008867865433628818,0.011844262533965982,0.003625571569104646
test/40,cash,0,,0.9432999467583982,0.94891301210662,0.9856680982126721,0.997165935035467,0.9740338134811184,0.9624745020953333,0.98525153679893,0.9815588894779239
test/40,change,1,transcription,0.982270219622937,0.08197489418235938,0.09297968742657882,0.020306680035309735,0.08762071641794061,0.016256138158922285,0.16893225132861991,0.1135808490642285
test/40,card,0,,0.9524121839894817,0.9749242635910338,0.9747100201957917,0.9901224469257597,0.9953911476050645,0.9807687930795521,0.9777149607505838,0.976924379913172
test/41,subtotal,0,,0.6353879120692748,0.7920631782614226,0.8950375379679583,0.9870476272731711,0.6563171874471576,0.9596741895830605,0.8911197864037999,0.8907591221609943
test/41,tax,0,,0.91815551819656,0.8889578031322681,0.8327406402944312,0.7473620513201541,0.7951720672526701,0.8335081159741512,0.8259120190730975,0.8512332051830358
test/41,service,1,transcription,0.942407173648234,0.017532145452112697,0.0159939196249473,0.011598371252562764,0.07573309061198269,0.015972020550560052,0.026501112825095794,0.012824649779343712
test/41,discount,0,,0.9235625131308043,0.9660472398947566,0.9794420187432007,0.9968241565979161,0.9941869176492377,0.9846913436371275,0.9830741323454085,0.9772237906281586
test/41,total,0,,0.9336638623976049,0.9791485495315636,0.9935040773324528,0.9950931580710207,0.9668516482589866,0.9576231492497529,0.9930349569493117,0.9912012184044735
test/41,cash,0,,0.9432999467583982,0.9937162830484803,0.9866469880773715,0.9989232130667354,0.9892457126571715,0.9864701996911188,0.9881524152143304,0.983338883212526
test/41,change,0,,0.982270219622937,0.9988205486251632,0.9982956515905446,0.9978823867653348,0.9973590586455879,0.9836016441615533,0.9985371548840077,0.9984929954577086
test/41,card,0,,0.9524121839894817,0.9763262298220012,0.9524717122917608,0.9665790501630749,0.9933155459167304,0.9693668566633487,0.9463272404359689,0.962010888109917
test/42,subtotal,0,,0.6353879120692748,0.640400955501796,0.5243328976819343,0.8426365171671724,0.7149534011584263,0.815585717565669,0.5025811644352179,0.5886065809686264
test/42,tax,1,miss,0.91815551819656,0.9388785821452937,0.9227162419681553,0.8453674212816522,0.8455641854461756,0.9107002551723802,0.9257159402902921,0.9449991304119262
test/42,service,1,binding_absent,0.942407173648234,0.766860975443227,0.6224793929200148,0.31303539423290483,0.8629554055564502,0.4101744037459768,0.6003293464595386,0.7122508592999091
test/42,discount,0,,0.9235625131308043,0.9630185119571368,0.9514727370614419,0.987731144977259,0.9934571418693595,0.9678095269576411,0.9512816493330806,0.9646674009849635
test/42,total,0,,0.9336638623976049,0.9589289544276738,0.9880537043399198,0.9977899647626276,0.9783660937393908,0.9395301720143796,0.986250473661812,0.9873017689681152
test/42,cash,0,,0.9432999467583982,0.9363670276788708,0.9822023450966774,0.9982117171144436,0.9783269296634732,0.9551865933112306,0.9820185883796657,0.9820049115727953
test/42,change,0,,0.982270219622937,0.9874686503341795,0.9941698893379259,0.9975427123807362,0.9961746198984204,0.8985713392943021,0.9936601950453119,0.9936357704848774
test/42,card,0,,0.9524121839894817,0.974192481189603,0.9775663276021055,0.9927959544677849,0.9960939242510856,0.9813937938629468,0.9794335611268957,0.9765985322174038
test/43,subtotal,0,,0.6353879120692748,0.24362805727275305,0.5482461552738634,0.45109604593315805,0.7862723979010043,0.7804066667806345,0.5191056401054561,0.4674330749159713
test/43,tax,0,,0.91815551819656,0.9152133722124602,0.9017860186159514,0.9920578090813974,0.9202277096881557,0.7611769431735546,0.8851888700784339,0.9053984710850476
test/43,service,0,,0.942407173648234,0.975801234607788,0.9912151857522005,0.9970119856179304,0.9774055469060527,0.9862163957642007,0.991287559875625,0.9877351826761113
test/43,discount,0,,0.9235625131308043,0.9608591432546499,0.980610340948164,0.99920024334133,0.9951427561081537,0.984727673190507,0.9834911632805359,0.9752309026970511
test/43,total,0,,0.9336638623976049,0.9802577419938474,0.9823625902691558,0.9553113394346413,0.968843438939585,0.8844277372750602,0.9796960309568515,0.9809923044792479
test/43,cash,0,,0.9432999467583982,0.9690339787407721,0.9008653604220634,0.9933055583896339,0.9571622617615358,0.7503185875228711,0.8849075408261889,0.92201033369971
test/43,change,0,,0.982270219622937,0.9927397502476706,0.9679353020325067,0.9961028372882945,0.9949342413953005,0.5893046794357863,0.960477755706917,0.9736655549852635
test/43,card,0,,0.9524121839894817,0.9726658660104947,0.9911353811392857,0.9989133903674097,0.9893592047626112,0.9932185699045312,0.991342772812956,0.9758000952016879
test/44,subtotal,1,binding_absent,0.6353879120692748,0.6341606614655942,0.35264378189400086,0.10661815521260923,0.5990806073655832,0.7224770533057343,0.3378110902675582,0.3567615877776258
test/44,tax,0,,0.91815551819656,0.9824542696689135,0.9896129585285174,0.9974345149567357,0.9773443416848443,0.9874072111135926,0.9904758668898148,0.984213151735283
test/44,service,0,,0.942407173648234,0.9751687381881904,0.9903179466995942,0.9993156211447835,0.9963240032220606,0.9844573634298825,0.9903907415919659,0.9875559608896682
test/44,discount,0,,0.9235625131308043,0.9597341560342605,0.9789649489616253,0.999136230189599,0.9951509011038638,0.9830636658126144,0.9820583474172369,0.9748125395166588
test/44,total,0,,0.9336638623976049,0.9552962973960919,0.9852107646594767,0.9938646842874325,0.9716706662216564,0.9238259879129345,0.9842400382603625,0.9841411140495427
test/44,cash,0,,0.9432999467583982,0.9308821855564202,0.9738295838426523,0.9979740641499596,0.9635540443665929,0.9350187436099775,0.9727076404294329,0.9743187844630316
test/44,change,0,,0.982270219622937,0.986324172843058,0.997740335587317,0.9990741790737907,0.9948369483092433,0.9468338072338929,0.9977018333140799,0.9979768067664545
test/44,card,0,,0.9524121839894817,0.9718699892952866,0.9752079250261472,0.9895192697484947,0.9900263465579373,0.9784208988162569,0.9769845023042273,0.9753905134223796
test/45,subtotal,1,binding_absent,0.6353879120692748,0.6477458345782752,0.13756736385129978,0.07717359380804781,0.6593304064674405,0.6305565156802136,0.1396518159187435,0.07226161429084757
test/45,tax,0,,0.91815551819656,0.9834221601039325,0.9858743087763714,0.9345284745643576,0.9357164724343784,0.9860366472752411,0.9881940636399595,0.9845455404473656
test/45,service,0,,0.942407173648234,0.9765589214504926,0.9855219384704413,0.9937508978873174,0.9964442933777102,0.9765296017612828,0.9861473905166558,0.9879700260825399
test/45,discount,0,,0.9235625131308043,0.9619546873214092,0.9696709647710571,0.9881916394966188,0.9951427561081537,0.9761831260469684,0.9752521774444409,0.9756172488606469
test/45,total,0,,0.9336638623976049,0.9577508151084457,0.7515495902194557,0.7110351160104276,0.9779855334921155,0.4550018360746765,0.7222259775678639,0.8060278510409437
test/45,cash,0,,0.9432999467583982,0.9345854023324535,0.4893907254509323,0.5576613676778106,0.9716253466479372,0.3862193856682303,0.4684281692762955,0.5451348767637724
test/45,change,0,,0.982270219622937,0.9986729263015554,0.99343731134907,0.9929349786758365,0.996040827034635,0.9628414294019481,0.9908074583183716,0.9927062536950131
test/45,card,0,,0.9524121839894817,0.973439806715514,0.9817408043936753,0.986777987136699,0.9893592047626112,0.9886756106386342,0.9842580570396994,0.9755737852162585
test/46,subtotal,1,binding_absent,0.6353879120692748,0.6404025003324559,0.3686227337437273,0.1766103086895955,0.6379036382127521,0.7127797775161357,0.3816865040434368,0.47418023141001503
test/46,tax,0,,0.91815551819656,0.9829559172932563,0.9861126856822043,0.9672587749803635,0.9773443416848443,0.9864202882800209,0.9883788305510428,0.9842542646426975
test/46,service,0,,0.942407173648234,0.9758736163738424,0.9842558091961207,0.995554733526969,0.9967896788728986,0.9745103733414552,0.9850183770649766,0.9877574821908605
test/46,discount,0,,0.9235625131308043,0.9608561675542503,0.979298504308338,0.9903256887739637,0.9901470891481763,0.9872456725929758,0.9836859528053619,0.9747919406754942
test/46,total,0,,0.9336638623976049,0.9565400941554022,0.9816721208190612,0.9751710662479836,0.9779855334921155,0.9120551969495743,0.9813594064726285,0.9788577906321166
test/46,cash,0,,0.9432999467583982,0.9327574454631581,0.9669058575961399,0.9740360684830147,0.9716253466479372,0.9258283239891989,0.9695401359311094,0.9582103151726249
test/46,change,0,,0.982270219622937,0.9986332232765164,0.993722686343644,0.992383011178706,0.996040827034635,0.9652954227542044,0.9909320204769375,0.9919581473083463
test/46,card,0,,0.9524121839894817,0.972665831240765,0.9707505745657067,0.9887751577754652,0.9893592047626112,0.9746647591969781,0.9733437427052972,0.9757943243205252
test/47,subtotal,1,binding_absent,0.6353879120692748,0.7821716019881213,0.6148979546276481,0.4802686447718126,0.6574178624604783,0.842246330388645,0.6209165615296488,0.6225148357673769
test/47,tax,0,,0.91815551819656,0.9843325458844103,0.969150570947385,0.8987064412200212,0.9288573585416343,0.9680721602874989,0.9676808883799992,0.9791830156510185
test/47,service,0,,0.942407173648234,0.9778729985599819,0.9876209088415332,0.9961550361465747,0.9965878114092398,0.9854412969019336,0.9869930622866788,0.9873293831980243
test/47,discount,0,,0.9235625131308043,0.9801483885428802,0.9696777802169138,0.9871939433771219,0.9952608236793937,0.9822407274085673,0.9578954414710057,0.9471241227951679
test/47,total,0,,0.9336638623976049,0.9779085753316017,0.994635653648263,0.9826222993491365,0.982639614953641,0.9616693293607644,0.9946399748969488,0.9931047983825055
test/47,cash,0,,0.9432999467583982,0.9933366903247866,0.979094199969082,0.9869017918249293,0.9931168099233325,0.9779685458633435,0.9818709553665776,0.9827520598498131
test/47,change,0,,0.982270219622937,0.9987489101883511,0.9977420559555145,0.9971684715725209,0.9962803697983401,0.9777778548451062,0.9980854929032369,0.9984393665990301
test/47,card,0,,0.9524121839894817,0.8791697495009215,0.9890629834958458,0.9828952078804547,0.97662644305274,0.9696505386238492,0.9902742429365475,0.9881304538763016
test/48,subtotal,0,,0.6353879120692748,0.6544205100184951,0.501903594959703,0.9171236231713026,0.6910755476443936,0.8234204079016346,0.47217530391243234,0.5099244338072867
test/48,tax,1,miss,0.91815551819656,0.981767674365942,0.9880638994389741,0.8954774789588524,0.8689526514362257,0.989404330918413,0.9902218093238311,0.9831619222322495
test/48,service,1,binding_absent,0.942407173648234,0.7806760511770249,0.3829312562802528,0.7914790098579391,0.94348920168006,0.3578662573658843,0.3129279039438235,0.27364970787560033
test/48,discount,1,binding_absent,0.9235625131308043,0.6479157129562793,0.443978201177918,0.05156660603158717,0.27772152426022667,0.31804573740028724,0.4483248680784886,0.5609511878970858
test/48,total,0,,0.9336638623976049,0.9589292555828305,0.9864054498519917,0.9892149197494394,0.9823012355982126,0.929077136632581,0.9863684133776649,0.987572932796118
test/48,cash,0,,0.9432999467583982,0.9474630810391921,0.9900930898247293,0.9982887178275063,0.9805284253354145,0.9721051810542032,0.9898545761453991,0.9869135478507067
test/48,change,0,,0.982270219622937,0.9874686503341795,0.9984146724603505,0.9991687222142563,0.9961746198984204,0.9630706375156413,0.9984212196608582,0.9984145171074861
test/48,card,0,,0.9524121839894817,0.9741921852741326,0.9766190694451674,0.9896581489393418,0.9968344541003397,0.9805274173024867,0.9786170140270524,0.9765981278566908
test/49,subtotal,0,,0.6353879120692748,0.6544424886389256,0.8210600502634968,0.9691180145241372,0.6604782257065946,0.9416033402861397,0.8335384204003622,0.8382194163324516
test/49,tax,0,,0.91815551819656,0.9839141677730994,0.9876056732307095,0.9974788380425393,0.978783592458772,0.9852486080774899,0.98894922801923,0.984992194018636
test/49,service,0,,0.942407173648234,0.977225214867564,0.9918015133192943,0.9993843718488357,0.9969961734655689,0.9875465249253115,0.9919373421199499,0.9881739282957424
test/49,discount,0,,0.9235625131308043,0.963020444753029,0.9826743446747109,0.9991838298347901,0.9960367243275529,0.9868645615719928,0.9853399644268807,0.9760480092054942
test/49,total,0,,0.9336638623976049,0.9589292555828305,0.977353656220883,0.9880231658943792,0.9823012355982126,0.8971947153934295,0.9757243108003734,0.9769728339383218
test/49,cash,1,transcription,0.9432999467583982,0.0009404600795123102,0.002582856517613357,0.00993836151911374,0.039511046913438576,0.0042531962572101515,0.004562689972415847,0.0021417856067907984
test/49,change,0,,0.982270219622937,0.9874686345839276,0.9977112357973794,0.9990615144426247,0.9899350723905952,0.94802585462776,0.9977165516771163,0.9980782892570076
test/49,card,0,,0.9524121839894817,0.9741924154308399,0.9720505029445201,0.9885472412662606,0.9959421402126137,0.9766654590055518,0.9748250427745847,0.9765894661915799
test/50,subtotal,0,,0.6353879120692748,0.6477451552065902,0.876614472082479,0.9971957264316562,0.6590691723294776,0.9622137345079865,0.8728470254945487,0.8516133140392526
test/50,tax,0,,0.91815551819656,0.8313173305275724,0.825171525588662,0.8183638905792413,0.9617933264958318,0.7205975355654562,0.8272213575484597,0.8150403981482648
test/50,service,0,,0.942407173648234,0.9762424766835164,0.9658991851425666,0.9613698652818666,0.9816882667309371,0.9603686270096163,0.9557999826152433,0.9719274507083591
test/50,discount,0,,0.9235625131308043,0.9619530121355055,0.9127381540148749,0.9924058271903617,0.9932581651376676,0.9561989071724672,0.891098857833796,0.9106244863088304
test/50,total,0,,0.9336638623976049,0.9577404840713747,0.9636245144382716,0.995459920834957,0.9597766845175919,0.8152580654954126,0.9602390926443402,0.9862024832975281
test/50,cash,0,,0.9432999467583982,0.9459741779637337,0.9872989203180862,0.9980500422802535,0.9697173456362675,0.9661103669657024,0.9866382128750086,0.9813288264011105
test/50,change,1,transcription,0.982270219622937,0.1649001856329151,0.03253934565451303,0.03337148515532218,0.04621250665143848,0.00752634533948674,0.05479609838938897,0.024710327759239096
test/50,card,0,,0.9524121839894817,0.973439806715514,0.9715467134037582,0.9903193229139692,0.9893592047626112,0.9766751125225781,0.9744998607720502,0.9761702812557703
test/51,subtotal,0,,0.6353879120692748,0.7405230564533634,0.7124006381372692,0.9757994547194963,0.8950616865636944,0.9123466926090806,0.7009148962423629,0.7158465394775914
test/51,tax,0,,0.91815551819656,0.8843752926134628,0.952151301610514,0.9125739268889433,0.8719846326910503,0.9101452320915344,0.9543107845708939,0.9293266178116393
test/51,service,0,,0.942407173648234,0.9813542072481033,0.979127933896692,0.9261182850789142,0.964005207937855,0.9752856276864751,0.976262434127065,0.9839308046946272
test/51,discount,0,,0.9235625131308043,0.9696949365895368,0.9855749709305612,0.9687692984022793,0.9748927077236064,0.9927674574231463,0.9891442961669914,0.9780066204976101
test/51,total,0,,0.9336638623976049,0.9723607685371813,0.9886055188727144,0.9765519220983734,0.9790918918590557,0.9497794050913573,0.9882284319251123,0.9797025519276292
test/51,cash,0,,0.9432999467583982,0.9944120069490394,0.9860480184927662,0.9761889320829937,0.983935185029099,0.9900590068468846,0.9868778496279967,0.9832016838142075
test/51,change,0,,0.982270219622937,0.9989517647743404,0.998713778824869,0.996227679274404,0.9858451856880354,0.9908842830831572,0.9989784327079435,0.9985742531632187
test/51,card,0,,0.9524121839894817,0.8525709844681573,0.8638035121859555,0.8816028606279851,0.9304033108147391,0.8328982157461671,0.8589341741996764,0.7905986496987638
test/52,subtotal,0,,0.6353879120692748,0.640981513913993,0.7586048506364953,0.9302153790071388,0.6593304064674405,0.9183404130517117,0.7692786120562412,0.7840260551686518
test/52,tax,0,,0.91815551819656,0.9829581628694071,0.9898371963458321,0.9987958346471317,0.9933128574027017,0.9878619147150669,0.9907273110599755,0.9844796444802467
test/52,service,0,,0.942407173648234,0.9758736163738424,0.9925665259745661,0.9994045666430181,0.9967896788728986,0.9885413778926168,0.9925590342294409,0.9877654277055191
test/52,discount,0,,0.9235625131308043,0.9608596350891637,0.9839445878170567,0.9992527261418311,0.9954847425417761,0.9876272703463466,0.9861922244232281,0.9752311633688713
test/52,total,0,,0.9336638623976049,0.9565400941554022,0.9832703626897529,0.9933631493623893,0.9779855334921155,0.9169015333214954,0.9821778716936647,0.9824511504973257
test/52,cash,0,,0.9432999467583982,0.9444455533255532,0.990622832911475,0.9980203497705956,0.9697173456362675,0.9716223237375446,0.990474521704879,0.9889052801586607
test/52,change,0,,0.982270219622937,0.9867166811213127,0.9986432973700227,0.9990777486201489,0.9954724847629519,0.9665101993352277,0.9986477182999459,0.9986212625923061
test/52,card,0,,0.9524121839894817,0.9726658660104947,0.9783948998649667,0.9987958346471317,0.9893592047626112,0.9816996191905402,0.9799083313095023,0.9758000549497694
test/53,subtotal,0,,0.6353879120692748,0.729019388531941,0.9123607236455425,0.9919688975343697,0.8782997662500254,0.9716834714692304,0.9136071100923696,0.9090807323088422
test/53,tax,0,,0.91815551819656,0.8782006651901189,0.912327275333568,0.9816883194842344,0.9785495848853384,0.8470013479701297,0.9023974365398113,0.8896777576185945
test/53,service,0,,0.942407173648234,0.8048996866205437,0.9784646761461602,0.9936865437213949,0.9600937457006073,0.9382383874376063,0.9767756933330943,0.9800642165424781
test/53,discount,0,,0.9235625131308043,0.967224117397781,0.9825968396931642,0.9957979849432886,0.9571787748107776,0.987610878416941,0.985720194381232,0.9775776461535176
test/53,total,0,,0.9336638623976049,0.9707307088839603,0.9934181125904662,0.9965702719317304,0.9876509216027898,0.9665281052123879,0.9928041939599798,0.9892055804908996
test/53,cash,0,,0.9432999467583982,0.9940743841375556,0.9854020475314169,0.9930325655070597,0.9892457126571715,0.9854370269058753,0.9872680242530044,0.9838927151380044
test/53,change,0,,0.982270219622937,0.9988880895527196,0.998740486816434,0.9994271437101673,0.9973590586455879,0.9885176261626303,0.9989139223907088,0.998543856048561
test/53,card,0,,0.9524121839894817,0.9776545956357809,0.985574416362319,0.9936523660017429,0.9948270804405475,0.9926298108824296,0.986215970739725,0.9777356763336185
test/54,subtotal,0,,0.6353879120692748,0.6133620572958534,0.8807285275194923,0.822804187118859,0.3996344607340524,0.9655996838295166,0.8885740092407386,0.7507294834737832
test/54,tax,0,,0.91815551819656,0.9808596413560381,0.9862442598318472,0.9978280634571431,0.9871387711329549,0.9821506201884815,0.9873492111900978,0.9833909360598508
test/54,service,0,,0.942407173648234,0.9729317129756402,0.9878243687034556,0.9993649677440236,0.9968207513632669,0.9792220486991919,0.9878480140889695,0.9869061213477168
test/54,discount,0,,0.9235625131308043,0.9561691144607068,0.9777221080744962,0.9991985012582498,0.995338104784674,0.981252929696626,0.9807074789287089,0.9735150802265383
test/54,total,0,,0.9336638623976049,0.9513582827305349,0.9926683884830702,0.9239605926857307,0.866801411026973,0.9639583547584466,0.9923534824303567,0.9794842990762596
test/54,cash,0,,0.9432999467583982,0.9249624293710802,0.957733672486169,0.8788495867127651,0.9277554560815687,0.9119209128886213,0.9596659043179518,0.9236775344542512
test/54,change,0,,0.982270219622937,0.9984621739943697,0.9983249612753438,0.9992107479285957,0.9885200531819986,0.9819782127363617,0.9984783136975001,0.9982413374379069
test/54,card,0,,0.9524121839894817,0.9693451054691274,0.9764537281045648,0.9988103499555523,0.9907370008516366,0.9788251565558385,0.9776705511749625,0.9741224039415692
test/55,subtotal,1,binding_absent,0.6353879120692748,0.4449778689482538,0.3969315958887654,0.1939924916936211,0.6440923038583853,0.5332873495127897,0.41978765402711177,0.4967164138753602
test/55,tax,0,,0.91815551819656,0.9829434473169603,0.9855188452775624,0.9954380658958191,0.9556485034677359,0.982029437705129,0.9870400225852174,0.9844686964067604
test/55,service,0,,0.942407173648234,0.9758734932112196,0.9885473060913996,0.9993120658096045,0.996174704231276,0.9815258066049776,0.9888080157682752,0.9877653538053236
test/55,discount,0,,0.9235625131308043,0.9608594137642121,0.9743594217772242,0.9946452348080526,0.9951427561081537,0.9791509192328444,0.9784902887115078,0.9752308206127017
test/55,total,0,,0.9336638623976049,0.9565400941554022,0.9702128734607962,0.9502251324020557,0.9779855334921155,0.8712173922299724,0.970019474105405,0.9658632764446059
test/55,cash,0,,0.9432999467583982,0.9927241729995331,0.9665944948103684,0.9836316037311683,0.9833582017733241,0.9670787778422091,0.9653099150021734,0.977494591402313
test/55,change,0,,0.982270219622937,0.9986332232765164,0.9976557495155253,0.994666068368136,0.996040827034635,0.9754327858410895,0.9979650353992988,0.9983578139675772
test/55,card,0,,0.9524121839894817,0.783443683562291,0.9448294233795955,0.9652214088035632,0.9372733313117051,0.9061619938976467,0.9495143994087947,0.9358229329917335
test/56,subtotal,0,,0.6353879120692748,0.5929486307378201,0.5960779162962887,0.8765979977177828,0.5668150959491884,0.8686006611370446,0.6000905650091566,0.6088850970597878
test/56,tax,0,,0.91815551819656,0.7610932791557661,0.869373784887349,0.9854360431378075,0.935931550006337,0.7894912273933344,0.8622485705709392,0.8959100134098933
test/56,service,0,,0.942407173648234,0.9717149684669919,0.9569858192316312,0.9455373489930458,0.9638772112959695,0.9515604230344586,0.9424023600562785,0.9624243921496203
test/56,discount,0,,0.9235625131308043,0.9608523800471142,0.9457807119450244,0.9680808569907258,0.9853333472730706,0.9628233755173956,0.9445096840360087,0.9620233063226652
test/56,total,0,,0.9336638623976049,0.947254152135278,0.9756653648575901,0.9969262812666851,0.9733332027509208,0.8931486300486762,0.9717839424730669,0.978928196491312
test/56,cash,0,,0.9432999467583982,0.9327573990497994,0.977224149903945,0.9977977853916883,0.9684496401318052,0.9466242073252241,0.9758349235696804,0.9709781708105011
test/56,change,0,,0.982270219622937,0.9837691631365143,0.9940627006232884,0.980970441782063,0.9961180508447085,0.9078098654035762,0.9944143987289938,0.9905787363748797
test/56,card,0,,0.9524121839894817,0.9726658660104947,0.980417209141112,0.986777987136699,0.9893592047626112,0.9872724652307865,0.9829964159170336,0.9753727065861315
test/57,subtotal,0,,0.6353879120692748,0.1749427136893919,0.09464467510523962,0.8506444944228484,0.7619452080021241,0.5117215800764489,0.09605650624259524,0.06509578685149899
test/57,tax,0,,0.91815551819656,0.9819408653377998,0.9837458456657766,0.9914396482953565,0.9910769937162635,0.979070148137056,0.985368268777751,0.9839457786565805
test/57,service,0,,0.942407173648234,0.9744437404049063,0.9875469723281567,0.9972303133321754,0.9946736360589176,0.9792277984818272,0.9877380698081905,0.9873428960727161
test/57,discount,0,,0.9235625131308043,0.9585775792334047,0.9741686768685132,0.9942187446466552,0.993239493655074,0.9784395467822341,0.9780724531860321,0.9743868626428095
test/57,total,1,binding_absent,0.9336638623976049,0.9318642154009358,0.9397264277329024,0.8732510792651285,0.5811228319655718,0.6537042031511593,0.9416860590861645,0.9605212218923953
test/57,cash,0,,0.9432999467583982,0.9289415028060042,0.9369185050288765,0.8041843753001664,0.8203396836107181,0.8492855613803614,0.9469092672057349,0.9579277601709095
test/57,change,0,,0.982270219622937,0.9985499394344931,0.9952709771895152,0.9550450861705214,0.9902757696982937,0.9613735633751757,0.994709916516079,0.9969723203476462
test/57,card,0,,0.9524121839894817,0.9710366271332705,0.971396357229064,0.9643783855740906,0.9814536930666806,0.9744233785183124,0.9735058773046593,0.9749631681932102
test/58,subtotal,0,,0.6353879120692748,0.647741838562784,0.6965494532901414,0.965965517275957,0.6114328223645304,0.9032543295228889,0.6792609365181721,0.6904151672215759
test/58,tax,0,,0.91815551819656,0.8313167392402852,0.48548966815974054,0.8045329162163488,0.8901904540456659,0.40466496905718025,0.4621994974587012,0.4443870542800751
test/58,service,1,binding_absent,0.942407173648234,0.2581637871066566,0.6110428942548942,0.4743642948500901,0.3459194700708926,0.41539565402187806,0.577049726625719,0.5641935687531968
test/58,discount,0,,0.9235625131308043,0.9357915799533834,0.8853172060755121,0.9220559410815241,0.9443903179218167,0.935030140696265,0.8671069222504234,0.8902346881979145
test/58,total,0,,0.9336638623976049,0.9577444268955577,0.7169357711211436,0.9789571566144754,0.9067351525531425,0.44641623388037904,0.6084129790268548,0.8201641669459504
test/58,change,0,,0.982270219622937,0.9870980323228842,0.9964849759567208,0.9986429113094698,0.986925663116022,0.9248883376637885,0.9964058291276665,0.9971806725031952
test/58,card,0,,0.9524121839894817,0.9734334156217461,0.9726947983210701,0.968932459810426,0.9817856476606565,0.9767133347872564,0.9751368168807885,0.976194988623814
test/59,subtotal,0,,0.6353879120692748,0.7782194893011156,0.928884225809512,0.9977386809703431,0.9573456702117605,0.9802521819335984,0.9326009647577724,0.9204129733676866
test/59,tax,0,,0.91815551819656,0.9038858542610867,0.9911525910740184,0.9981111909524368,0.9917748951539583,0.9800552047937408,0.9916729942510034,0.9876371892429201
test/59,service,0,,0.942407173648234,0.9848163355559594,0.9910266532130985,0.9927260374511182,0.995287986473379,0.989448621625079,0.9921620931709328,0.9906525230038272
test/59,discount,0,,0.9235625131308043,0.9752283286570959,0.9874088879227513,0.9990753707071386,0.9969321997031041,0.9922906738293695,0.9900524788848211,0.9810733589988178
test/59,total,0,,0.9336638623976049,0.9774051290524655,0.9949427598102463,0.9965303015579648,0.9956802210661364,0.9765460855297861,0.9946081649009071,0.9922671868489824
test/59,cash,0,,0.9432999467583982,0.9954505819311796,0.9879198961485668,0.9954356331169874,0.9977693029188069,0.9894753267639198,0.9899293341416913,0.9861689766432603
test/59,change,0,,0.982270219622937,0.9991472842116403,0.99902217108025,0.9996298714519369,0.9982887090639221,0.9922452111429981,0.9991911561566266,0.9987522791739154
test/59,card,0,,0.9524121839894817,0.9827781613028412,0.986463788891048,0.989725939396101,0.9967289875816628,0.9927379852271079,0.9889733182371574,0.9813221641154317
test/60,subtotal,0,,0.6353879120692748,0.6544514137527461,0.7114766535138924,0.8068574905879845,0.7440582624153607,0.9080261506669915,0.7373674252804672,0.6988254886064329
test/60,tax,0,,0.91815551819656,0.983757257844037,0.9667957103444645,0.8987064412200212,0.9392457177893452,0.9659069337431964,0.9645049093876835,0.9772095437496646
test/60,service,0,,0.942407173648234,0.9728262275218524,0.9829947489484756,0.9625660362737789,0.9661423536295569,0.9729034165877617,0.9840548000192714,0.9863135873469233
test/60,discount,0,,0.9235625131308043,0.9630061914607718,0.9716691575161777,0.9834706039482288,0.9862722074300968,0.9774285702800803,0.9766913579177497,0.9760372113381987
test/60,total,0,,0.9336638623976049,0.9589292555828305,0.9708615739316994,0.9519452663049465,0.9823012355982126,0.8828467661237576,0.9701910196084369,0.9594814500533682
test/60,cash,0,,0.9432999467583982,0.9931379459909876,0.987527872436699,0.9984936597876244,0.9820998221905803,0.9869752956346102,0.9886870024547955,0.982471760712625
test/60,change,0,,0.982270219622937,0.9987114766537812,0.9986891710180963,0.9993609642814586,0.9935019246790753,0.9872233509356534,0.9988367887965655,0.9984133958492057
test/60,card,0,,0.9524121839894817,0.9495361442045587,0.9683921999802029,0.900419398635743,0.5890690843826449,0.9810374083153852,0.969789796404479,0.9573692205235654
test/61,subtotal,0,,0.6353879120692748,0.6995791419505349,0.6339870881383396,0.24539086062173454,0.8950616865636944,0.891205390712883,0.6600171083254103,0.6321358575445356
test/61,tax,0,,0.91815551819656,0.9868428461366942,0.985596921419566,0.9068420808388036,0.887547532825069,0.9854141019768659,0.988130539046199,0.9866039676872366
test/61,service,0,,0.942407173648234,0.9813969600232434,0.9886247066769853,0.9927260374511182,0.99283261237889,0.9848065276302256,0.989718960377454,0.989476569402455
test/61,discount,0,,0.9235625131308043,0.7905551390348063,0.9234903353539944,0.9394171833198384,0.897121910770966,0.9716813073828575,0.9296834569950003,0.7908274542429767
test/61,total,0,,0.9336638623976049,0.9663382576018354,0.9830372958082247,0.9828075314927451,0.989531292289175,0.9365129538465081,0.9826167048999477,0.9684450508670456
test/61,cash,0,,0.9432999467583982,0.9944121268525649,0.9830583146131665,0.9871817264731838,0.9872495181699995,0.984251621880707,0.9857957282188156,0.984401582011964
test/61,change,0,,0.982270219622937,0.9989517654590483,0.9982446086014762,0.9975063291474638,0.9858451856880354,0.9839670894397078,0.9985347281979244,0.9985928618197919
test/61,card,0,,0.9524121839894817,0.8251326727143407,0.9430734003835972,0.9689144325669915,0.9858708892753523,0.9210629906341667,0.9468012655306011,0.9194876783165946
test/62,subtotal,1,binding_absent,0.6353879120692748,0.6988102890320061,0.48883767588633975,0.16541191798929497,0.6701954453941983,0.8041524763244476,0.4783745889205979,0.4830544277975447
test/62,tax,0,,0.91815551819656,0.9839196206528265,0.9922985986920716,0.9987073200300255,0.9942011284870756,0.9912997617527614,0.9929524039599982,0.9849963464301438
test/62,service,0,,0.942407173648234,0.977225214867564,0.9933608215718039,0.9993843718488357,0.9969961734655689,0.9901407914590185,0.9933938933132476,0.988173929252374
test/62,discount,0,,0.9235625131308043,0.9630203748942987,0.9852712410668135,0.9991838298347901,0.9958958153297085,0.9890415716848009,0.9874289711515358,0.976047974895626
test/62,total,0,,0.9336638623976049,0.966232863656411,0.9884745293117442,0.9882611636197987,0.9823012355982126,0.9376032770989191,0.987672277395262,0.9861357816815186
test/62,cash,0,,0.9432999467583982,0.9474630687858216,0.981342731668249,0.9981003297114296,0.9805284253354145,0.9494651293894459,0.9808039397419774,0.9813751072131256
test/62,change,0,,0.982270219622937,0.9874686472818603,0.8880975803500962,0.9925486557931001,0.9957344190579509,0.3779162169750044,0.8661108317088744,0.9201626111141622
test/62,card,0,,0.9524121839894817,0.9741924976292724,0.9830001146974011,0.9989223411871414,0.9960939242510856,0.986337507815137,0.9841764786084259,0.9765987010953698
test/63,subtotal,0,,0.6353879120692748,0.6610961306594406,0.8083348176489513,0.9668390027538111,0.7189568085522333,0.9435266658335814,0.8204591980599002,0.7697512519637404
test/63,tax,0,,0.91815551819656,0.9843788422440978,0.9873152306484919,0.9852054126945751,0.986673645485345,0.9881740168014248,0.9895271138090717,0.9850348711967739
test/63,service,0,,0.942407173648234,0.9778730410051307,0.9856478016395391,0.9932654462116485,0.99691929930282,0.9779634997442315,0.9865487855585547,0.988363446835268
test/63,discount,0,,0.9235625131308043,0.9640574401300822,0.9169990434207685,0.9924703659104758,0.995498516685364,0.9598602475884398,0.8968655105216344,0.9124637243648702
test/63,total,0,,0.9336638623976049,0.960076196440422,0.9843911944198875,0.9897044529754293,0.9799353413395925,0.9257852827047534,0.9840762457527192,0.9826119427919798
test/63,cash,0,,0.9432999467583982,0.9381033998561904,0.9836975220442199,0.9936001570459422,0.9787398599049822,0.9564984573036194,0.9841053035270945,0.9868675394640789
test/63,change,0,,0.982270219622937,0.9851242347619044,0.9968924954396605,0.9986804622530362,0.9962746876858787,0.9445197702690105,0.9967883982275617,0.9963405682615308
test/63,card,0,,0.9524121839894817,0.9749243275330177,0.9800966018954098,0.9989223411871414,0.9955634496847443,0.9839156382744443,0.9817439174317297,0.9769882320086262
test/64,subtotal,1,binding_absent,0.6353879120692748,0.6272853429944247,0.40265584000877064,0.2058796589626118,0.43093686431513717,0.7491967451098785,0.40529438347812374,0.4214535260079487
test/64,tax,0,,0.91815551819656,0.9819332691159433,0.9808992796362959,0.9764576452214163,0.9784840773696831,0.9750270423973489,0.982964155052285,0.9839398356853815
test/64,service,0,,0.942407173648234,0.9744437892562853,0.9834717189888529,0.9938678323112173,0.9948562894201023,0.9720762642298291,0.984057141078277,0.9873390077525445
test/64,discount,0,,0.9235625131308043,0.9585772676698074,0.9788681073616469,0.999136230189599,0.9945525644204865,0.9827622224070249,0.9818703307165701,0.9743868093867654
test/64,total,0,,0.9336638623976049,0.9540186150637073,0.9799206492005931,0.9714000511163361,0.9335493896294638,0.9008983637461028,0.9793886986628909,0.9784059690031875
test/64,cash,0,,0.9432999467583982,0.9289586115162681,0.9313167380585975,0.9000545707636836,0.9597382200447431,0.8496374719751026,0.9324928687022923,0.9432818554346583
test/64,change,0,,0.982270219622937,0.9859202318513027,0.9956398191989265,0.9981562418156213,0.9913287157063323,0.910543951390229,0.9953389105240051,0.9958751639395556
test/64,card,0,,0.9524121839894817,0.9710507651286913,0.939689942789128,0.9651815474720926,0.9953100716195231,0.9573973576018233,0.9289830854843519,0.9546805761145991
test/65,subtotal,0,,0.6353879120692748,0.6203586312579226,0.812819842179089,0.2981917043244327,0.3316895374466208,0.9471757421496764,0.8171892635449042,0.6576515661259382
test/65,tax,0,,0.91815551819656,0.9812120786939834,0.9830576113671996,0.9438620102634925,0.9667128393550719,0.9838648499416726,0.9834574107980114,0.9823625862603576
test/65,service,0,,0.942407173648234,0.39823783434827037,0.7369809245117522,0.9630294239128335,0.9695255060156003,0.554973137722597,0.7730665721998212,0.7432152385615743
test/65,discount,0,,0.9235625131308043,0.9572070070940454,0.9664794337822489,0.9614735154466953,0.9822489042852895,0.9710894134842553,0.9718395583110524,0.9738573518248698
test/65,total,0,,0.9336638623976049,0.952706223000697,0.9877292225496398,0.9180139602569526,0.866801411026973,0.9452036674418768,0.9865911124132236,0.9684866146435606
test/65,cash,0,,0.9432999467583982,0.9920558009993174,0.9827708738839642,0.9980721293917246,0.9844046313829482,0.9801542788249491,0.9841689289813955,0.9809298846491937
test/65,change,0,,0.982270219622937,0.9985068549148263,0.9977638433361068,0.9967985370276232,0.9969166157519677,0.9756342428776171,0.9980137188757754,0.9982712482301067
test/65,card,0,,0.9524121839894817,0.970210039565935,0.980638418229888,0.9925060032473262,0.9960513159560068,0.9883697799878284,0.9806750180696048,0.9737420211240991
test/66,subtotal,0,,0.6353879120692748,0.6637111175269719,0.8016330824632586,0.9898188216122403,0.7166282082294844,0.9418517804796772,0.7967322733611826,0.7688013119405981
test/66,tax,0,,0.91815551819656,0.8432483427464096,0.9273882526353399,0.8733241724243206,0.7293269516315939,0.8350038593473842,0.9362032979855955,0.9651054962669444
test/66,service,0,,0.942407173648234,0.9784522777980038,0.9783889133421716,0.9562402962532108,0.9746786757016931,0.971040089829149,0.9758580086783673,0.9850963032359287
test/66,discount,0,,0.9235625131308043,0.9650367949058687,0.9885156717719452,0.9837531548565761,0.9739857107164613,0.9951669607255491,0.9900477093456289,0.975306452371998
test/66,total,0,,0.9336638623976049,0.9611902786098763,0.9826696816518825,0.9969229282178834,0.9678785171842497,0.9206122435569439,0.9798609214995291,0.9821436871267755
test/66,cash,0,,0.9432999467583982,0.9397449764309453,0.9401792502319111,0.9765204048633211,0.9566206401968271,0.8790511475959107,0.9369396923106769,0.9491672110499224
test/66,change,0,,0.982270219622937,0.9881785490153967,0.9967937566120546,0.9984829954699203,0.9953495740009393,0.9381373641792373,0.9966696529674557,0.9965539384546034
test/66,card,0,,0.9524121839894817,0.9756359082215121,0.9740145038015424,0.9907247730928143,0.9953911476050645,0.979701231740013,0.9770212291416024,0.9773408073996218
test/67,subtotal,1,binding_absent,0.6353879120692748,0.70670694396957,0.6359324066204188,0.2031989477320986,0.2843029126215942,0.8640101059949005,0.626546324376447,0.5025803131643449
test/67,tax,0,,0.91815551819656,0.9817499031879605,0.9812169145079843,0.9568687075799789,0.9523451603967705,0.9754747242475622,0.983228776313519,0.9838071293168132
test/67,service,0,,0.942407173648234,0.9744437404049063,0.987260074311124,0.9972303133321754,0.9946736360589176,0.9787013461991343,0.9874716773466478,0.9873428843597059
test/67,discount,0,,0.9235625131308043,0.9585774494154786,0.9781454414191225,0.999136230189599,0.993239493655074,0.9821032156394673,0.981283524632653,0.9743869002131225
test/67,total,0,,0.9336638623976049,0.9689085528577785,0.9958826032689392,0.9262366330979834,0.9102680864930986,0.9745373850497587,0.9955667347738684,0.9887710372420835
test/67,cash,0,,0.9432999467583982,0.9515514560861889,0.9753833624069139,0.9178420902091341,0.9412463112137371,0.9356396621762298,0.975766067620182,0.9563767405022267
test/67,change,0,,0.982270219622937,0.9985502139754232,0.9973760188081092,0.9955914957227696,0.9861547081961235,0.9719587148860778,0.9977190866584343,0.9982998893039154
test/67,card,0,,0.9524121839894817,0.9710516658062315,0.9747963070964726,0.9914396482953565,0.9828205671468796,0.977729393891785,0.9764760915153281,0.9749748077301329
test/68,subtotal,1,binding_absent,0.6353879120692748,0.6272562576003906,0.4486084332671175,0.2004311029527254,0.45666962805511346,0.7920980137621602,0.44507776687724787,0.39046443240202167
test/68,tax,0,,0.91815551819656,0.9818969693438779,0.9852442186553404,0.994817203234846,0.9504450721061332,0.9811870329550195,0.9866454514987805,0.9839140238537903
test/68,service,0,,0.942407173648234,0.9744433658752173,0.9866394574450797,0.9949507358345696,0.995709361380008,0.9775619875390454,0.9868970991738076,0.9873426850725019
test/68,discount,0,,0.9235625131308043,0.9585765666451997,0.9786927719540895,0.999136230189599,0.9944637210775193,0.9826024818257674,0.9817278370186792,0.9743864512281716
test/68,total,0,,0.9336638623976049,0.9540186150637073,0.9810903203982748,0.9723651756101304,0.9335493896294638,0.9092655370598314,0.9802805909835229,0.975951383924304
test/68,cash,0,,0.9432999467583982,0.9289586115162681,0.9698264925720834,0.9974997734045764,0.9597382200447431,0.9260618884203446,0.9681102789318519,0.9701477959791265
test/68,change,0,,0.982270219622937,0.9859202318513027,0.9925869385743319,0.9975499147379097,0.9913287157063323,0.860418893591066,0.9919978297562329,0.9941933441351183
test/68,card,0,,0.9524121839894817,0.9710504894066657,0.97096193437706,0.9880855752158202,0.9946730917103009,0.9740090341092938,0.9731314722755401,0.9749726329431714
test/69,subtotal,1,binding_absent,0.6353879120692748,0.6672593202625265,0.4742794749665877,0.1912597667246064,0.6896495717702402,0.8124139598059679,0.4851089651420363,0.47169580942805855
test/69,tax,0,,0.91815551819656,0.9848261581792407,0.9922331589543628,0.9985806030395351,0.986673645485345,0.9914365434543483,0.9929825307874954,0.9854949200499522
test/69,service,0,,0.942407173648234,0.9785028176613847,0.9930876288617346,0.99942972395075,0.997043010825737,0.9899469739842095,0.9932212318547518,0.9885689729858419
test/69,discount,0,,0.9235625131308043,0.9650664546318157,0.9872818234304305,0.9992842941798615,0.9956668222427744,0.9909283362946625,0.9891921345981822,0.9768386464259082
test/69,total,0,,0.9336638623976049,0.9611924040713615,0.9890012711440842,0.9454881525356347,0.9807278920428145,0.945453741792837,0.9892603893890164,0.9869976713578292
test/69,cash,0,,0.9432999467583982,0.9503253276436725,0.9852828657694511,0.9981003297114296,0.9795786478592462,0.9612866840237905,0.9849318127338416,0.9829453181180035
test/69,change,0,,0.982270219622937,0.988178560541291,0.9973600095315527,0.99905979698105,0.9958293238600573,0.9453649213716754,0.9973273348617421,0.9974881639222648
test/69,card,0,,0.9524121839894817,0.9756356439862186,0.9745773622765066,0.9882150169178509,0.9964041860289413,0.9792959230077639,0.9771830815838627,0.9773680372459473
test/70,subtotal,0,,0.6353879120692748,0.8482590396479583,0.9485249022019565,0.9936556236923617,0.873650502834671,0.9819532996531056,0.9523284374002192,0.9548399494649683
test/70,tax,0,,0.91815551819656,0.9243938952692291,0.9940491368475992,0.9983048794103431,0.9926206840332462,0.9855391591491334,0.9943453533118317,0.9904908423604954
test/70,service,0,,0.942407173648234,0.8749337776830263,0.9947853627814509,0.9951412807527473,0.986878531570731,0.9841369740416241,0.9947821930588157,0.9933337672659975
test/70,discount,0,,0.9235625131308043,0.9762115877141705,0.989716929941077,0.9957979849432886,0.9441713907067422,0.9940066165521738,0.9918877318851993,0.9814430344996189
test/70,total,0,,0.9336638623976049,0.9856953799709025,0.9949788582638837,0.976768313724385,0.9847970590407161,0.9712823862027701,0.9949534798517947,0.9942266077695753
test/70,cash,0,,0.9432999467583982,0.995710274176563,0.9903982994984337,0.9993762116131053,0.9977693029188069,0.992041860231954,0.9919911921617904,0.9866303168211874
test/70,change,0,,0.982270219622937,0.9991961297828035,0.9993213089300513,0.9996298714519369,0.9982887090639221,0.9949499457221782,0.9994341438966386,0.9987943889408029
test/70,card,0,,0.9524121839894817,0.9837494078245118,0.9881818028111076,0.9952604689964755,0.9967289875816628,0.9947397176973167,0.9891439014329813,0.981097130589465
test/71,subtotal,1,binding_absent,0.6353879120692748,0.6799416457776456,0.8764657080811142,0.9927036988864718,0.537243876829689,0.9538946268348274,0.8740630648971908,0.8891799448841119
test/71,tax,1,binding_absent,0.91815551819656,0.8746070940250924,0.8646862395596076,0.47143987181185815,0.6595414473012601,0.7268734586080225,0.8727906086711801,0.8627214704195866
test/71,service,0,,0.942407173648234,0.9750950892377622,0.966573607507536,0.9613698652818666,0.9775840555791927,0.9581838957355736,0.9575494207625467,0.9745792025022401
test/71,discount,0,,0.9235625131308043,0.9480755513910666,0.8985766726581115,0.9168005475061111,0.9443903179218167,0.9429223432344961,0.878916755893265,0.9046297169392064
test/71,total,1,binding,0.9336638623976049,0.9426355646781994,0.21078017258616366,0.4669575495767802,0.6836270525194091,0.06237588878496134,0.5115901432563152,0.29933234225646
test/71,cash,1,miss,0.9432999467583982,0.9924941539212072,0.9393480869910279,0.7161082258416176,0.7996308470049832,0.9610479027520686,0.9136647209011878,0.9188920071323189
test/71,change,1,miss,0.982270219622937,0.9985923056074744,0.994339229137276,0.9914061256021527,0.9839257245276234,0.9703703483444386,0.9913893060175077,0.9905552081662188
test/71,card,0,,0.9524121839894817,0.9718308544216683,0.9526722404691038,0.8914691505714905,0.8877428096725967,0.9634987040806355,0.9487057729505597,0.9680626709408339
test/72,subtotal,0,,0.6353879120692748,0.647745778296278,0.890918180144326,0.9967788228750544,0.6593304064674405,0.9661319815350159,0.8887583539072802,0.8700084768925531
test/72,tax,0,,0.91815551819656,0.8313173652152424,0.8656708246104569,0.8183638905792413,0.9656152372768688,0.7642180712093214,0.8711397335762157,0.8725251501559048
test/72,service,0,,0.942407173648234,0.9765147765108398,0.9689325399768534,0.9613698652818666,0.9799559159424334,0.9620048664092985,0.9610666964241286,0.9759885340993618
test/72,discount,0,,0.9235625131308043,0.9619546394597357,0.9179285910257533,0.9904360739356353,0.9951427561081537,0.9572783943516068,0.8999932950363593,0.9196301721682854
test/72,total,0,,0.9336638623976049,0.9577508151084457,0.9893834002247756,0.9976392205242627,0.9779855334921155,0.9449860918631305,0.9877281773353491,0.9879851774579332
test/72,cash,0,,0.9432999467583982,0.9345854023324535,0.9756085999164805,0.9978224620632152,0.9716253466479372,0.9416956229372053,0.9746623363737404,0.9742609571298678
test/72,change,0,,0.982270219622937,0.9842338302625644,0.991697714162032,0.9982690568193271,0.9961180508447085,0.8679145677367331,0.9911470368039965,0.9928270732851363
test/72,card,0,,0.9524121839894817,0.9734398574336486,0.971550851825357,0.9834610183963424,0.9906445712934506,0.9763494155142465,0.9743940751818373,0.9761829641190798
test/73,subtotal,1,binding_absent,0.6353879120692748,0.6610961306594406,0.7004195353001658,0.3398744784111285,0.7189568085522333,0.9095599678747077,0.7037646882041894,0.6619428284029805
test/73,tax,0,,0.91815551819656,0.9842159654110175,0.9778084366912899,0.9455000593940082,0.9315255519824214,0.9775970038475058,0.9781027713223943,0.9828998768566113
test/73,service,0,,0.942407173648234,0.9778730127083727,0.9856211384641379,0.9948414176189515,0.9965878114092398,0.9777778292303768,0.986498458674325,0.9883655580730146
test/73,discount,0,,0.9235625131308043,0.9640564431849985,0.958952960816363,0.987731144977259,0.9950139578506135,0.9718718832950427,0.960817243253808,0.9711197335645458
test/73,total,0,,0.9336638623976049,0.960076196440422,0.9880063916159418,0.9949825414080881,0.9799353413395925,0.9434447979952583,0.9872063814405111,0.9833325145657462
test/73,cash,0,,0.9432999467583982,0.9381033998561904,0.9685379714945185,0.9965717101470202,0.9787398599049822,0.9261299288761397,0.9680041336382756,0.9739699968224531
test/73,change,0,,0.982270219622937,0.9851242347619044,0.9952236204875066,0.9988269037082267,0.9962746876858787,0.9141029543412096,0.9951596873143121,0.9962045191263631
test/73,card,0,,0.9524121839894817,0.9749243275330177,0.9764696343629264,0.991152701729332,0.9955634496847443,0.980703992002121,0.9786426131346773,0.9769867448919369
test/74,subtotal,0,,0.6353879120692748,0.7231486103629741,0.6814436954185787,0.9092105851639412,0.8682815367921553,0.8882469573985794,0.6738051167033806,0.7554741250457966
test/74,tax,0,,0.91815551819656,0.8750078087592897,0.9824987675406612,0.9981773379511568,0.9785495848853384,0.9546730293751258,0.9826494966681033,0.9825977980353741
test/74,service,0,,0.942407173648234,0.8307680970119047,0.9881340910357946,0.9956025957540067,0.9526353133762864,0.9606768455864334,0.9870281386585263,0.9861516184696432
test/74,discount,0,,0.9235625131308043,0.9542534473300094,0.9783778578437234,0.9945954144480732,0.9117589154040934,0.9841253185919064,0.9823499836476948,0.9706701288131371
test/74,total,0,,0.9336638623976049,0.969880250893871,0.99134155358025,0.9942968463455947,0.9876509216027898,0.9537330976163434,0.9910611479365355,0.9894467447047818
test/74,cash,0,,0.9432999467583982,0.993897943819607,0.9855785303950804,0.9959321232267977,0.9892457126571715,0.9854481556294654,0.9873357912460431,0.9836181053525098
test/74,change,0,,0.982270219622937,0.9988548163409425,0.9985954918272067,0.9994080397509245,0.9973590586455879,0.9868933647684808,0.9987887444739142,0.9985186497657027
test/74,card,0,,0.9524121839894817,0.9770004655741302,0.9586458483973865,0.9797926254116432,0.994626334388589,0.9720984517604372,0.9554864770541915,0.9689427262369519
test/75,subtotal,0,,0.6353879120692748,0.7172001312899962,0.8844652662463687,0.9966807855109251,0.8682815367921553,0.9638631688194575,0.881424868979835,0.8625795766709586
test/75,tax,0,,0.91815551819656,0.8717237312308378,0.9828517449264068,0.9972125132589973,0.9593656563727382,0.956355221913553,0.9826611696965067,0.9802782387700453
test/75,service,0,,0.942407173648234,0.9791143036693304,0.9885251981965394,0.9946941338381038,0.9954210044893517,0.9826299638796705,0.9891295722910557,0.9887610296762324
test/75,discount,0,,0.9235625131308043,0.9660479905454956,0.9823965910841315,0.9991838298347901,0.994751426817443,0.9871241321436718,0.9853871451009186,0.9772242727276039
test/75,total,0,,0.9336638623976049,0.9690058707162384,0.9890192658330779,0.9935656531186247,0.9876509216027898,0.944126639671879,0.9883372355543316,0.9855458456086273
test/75,cash,0,,0.9432999467583982,0.9937162871314966,0.9806221417422596,0.9917809529305145,0.9951084233785717,0.9805820435786414,0.9834196728990021,0.9833160883450833
test/75,change,0,,0.982270219622937,0.9988205486251632,0.9984341789265925,0.9984171632111828,0.9973590586455879,0.9850478052570072,0.9986494807496357,0.9984930061794909
test/75,card,0,,0.9524121839894817,0.9763278317879065,0.9538272275915153,0.9756253526541416,0.9948270804405475,0.9697219492509217,0.9484711625382627,0.9638754059884186
test/76,subtotal,1,binding_absent,0.6353879120692748,0.6295300666427429,0.05228786299443845,0.14760015019418235,0.5598238880326835,0.2637810018429646,0.04596279241080317,0.05181849811764949
test/76,tax,0,,0.91815551819656,0.9833378918085894,0.991223509326027,0.9939077994952191,0.9353016387546625,0.9898154144358035,0.9919769139545295,0.9846591289359957
test/76,service,0,,0.942407173648234,0.976557918544112,0.9926186256735775,0.9993120658096045,0.9946883678418958,0.9887724714193302,0.9926535304251994,0.9879709673818987
test/76,discount,0,,0.9235625131308043,0.9619517916069628,0.9821896575631274,0.99920024334133,0.9927589120526128,0.9862825565312382,0.9848599259813438,0.9756413481905981
test/76,total,1,binding_absent,0.9336638623976049,0.95775037998793,0.6919812975240733,0.8441260827105732,0.9478650978796833,0.426865984066435,0.643622342419851,0.6377835423198484
test/76,cash,0,,0.9432999467583982,0.933459982042445,0.4549080062725697,0.37491980797715635,0.6328051504110325,0.36104474340375453,0.4334000005385498,0.4803027969096256
test/76,change,0,,0.982270219622937,0.9986724981429389,0.9990732937458465,0.9976009202695068,0.9865223545423215,0.9911672524375681,0.9991564844238489,0.9983855128003922
test/76,card,0,,0.9524121839894817,0.9734347007007296,0.9756381595928577,0.9648843810807646,0.9817856476606565,0.9793570366776239,0.9776338418296474,0.9761985418744743
test/77,subtotal,0,,0.6353879120692748,0.6341606614655942,0.8030125757939284,0.9807938282722851,0.5990806073655832,0.9362293676601189,0.8095650412921944,0.7874631415434212
test/77,tax,0,,0.91815551819656,0.9824569858778347,0.9900537318975899,0.9987179608309996,0.9933687529020387,0.9879984464250889,0.9908583302042865,0.9842151453873629
test/77,service,0,,0.942407173648234,0.975168706520898,0.9933297757260817,0.9992294985933287,0.9961811254185681,0.9897078763249003,0.9932413203527706,0.9875559491087373
test/77,discount,0,,0.9235625131308043,0.9597335243031254,0.9798402759461208,0.999136230189599,0.9947652228942069,0.9838480825129869,0.9827663203385986,0.9748122163959666
test/77,total,0,,0.9336638623976049,0.9552962973960919,0.9727829675764315,0.9875431110868896,0.9716706662216564,0.8686663610638742,0.9709497559149042,0.9782666593662389
test/77,cash,0,,0.9432999467583982,0.9308821855564202,0.9779828212625619,0.9978252735083413,0.9635540443665929,0.9430477790745301,0.9773582689877042,0.9791027467828375
test/77,change,0,,0.982270219622937,0.9832910336397712,0.9948641694164777,0.9980683264353408,0.9955727307839002,0.9089964301762781,0.9945280609664977,0.9947512420609478
test/77,card,0,,0.9524121839894817,0.9718700429244487,0.980906510174775,0.998802054735198,0.990257461930244,0.9838523182219948,0.9820148289235305,0.9753909240159747
test/78,subtotal,1,binding_absent,0.6353879120692748,0.5338686419718304,0.3087752270944427,0.11271463398716322,0.4709380008698883,0.47721719037237703,0.3101705420523678,0.395365300751463
test/78,tax,0,,0.91815551819656,0.9829578999848981,0.9796565970057645,0.988449467632773,0.9911015841848544,0.9744036975140756,0.9822483321885578,0.9844720824097922
test/78,service,0,,0.942407173648234,0.9758735393972602,0.9858630367832169,0.9949478962953293,0.9963060736501815,0.9767637468652721,0.9863567381945746,0.9877648589586328
test/78,discount,0,,0.9235625131308043,0.9608589219275346,0.9689435533790611,0.9923018343403235,0.9949362619910197,0.9745360357034278,0.9743144597415538,0.9752237220640054
test/78,total,0,,0.9336638623976049,0.9642527284332623,0.9881304682429661,0.9468165995227692,0.9718433552376308,0.9295374755766116,0.9882525871716855,0.9886123062245709
test/78,cash,0,,0.9432999467583982,0.9444455533255532,0.9718055617342312,0.9763261641960469,0.9697173456362675,0.9246640169805573,0.9746060344269583,0.9728164501133344
test/78,change,0,,0.982270219622937,0.9988844899832949,0.9950009565888251,0.992383011178706,0.9924256151975118,0.9679207690676589,0.9928602034241819,0.9941568909507665
test/78,card,0,,0.9524121839894817,0.9726658660104947,0.9726764158981948,0.9891178997609621,0.9893592047626112,0.9763179442664321,0.974941845640011,0.9757985506708217
test/79,subtotal,1,binding_absent,0.6353879120692748,0.647745778296278,0.5607511483725026,0.11614365824338427,0.6593304064674405,0.8505030179671063,0.573580938863625,0.528819154950299
test/79,tax,0,,0.91815551819656,0.9831580473479261,0.9707470712394194,0.8976983886900511,0.9450374808394603,0.968089611925362,0.9700930283211399,0.9807738095377043
test/79,service,0,,0.942407173648234,0.9765588466078999,0.9902973256302388,0.9932068455781891,0.9963060736501815,0.9883947015571791,0.9912018276883663,0.9877070758799743
test/79,discount,0,,0.9235625131308043,0.9619536104226679,0.9524939343294014,0.986060617689644,0.9949362619910197,0.9663945902544384,0.953394240616831,0.9680682712513926
test/79,total,0,,0.9336638623976049,0.9577508151084457,0.9868521599786961,0.9756324230613103,0.9779855334921155,0.9422218393308791,0.9862143961628933,0.973496719363996
test/79,cash,0,,0.9432999467583982,0.9345854023324535,0.9758378581200415,0.9747864076023103,0.9716253466479372,0.9482327615764644,0.9776316063705552,0.9570070625168372
test/79,change,0,,0.982270219622937,0.9986729219685307,0.9966667996655011,0.9844670783704307,0.984973496134157,0.971372049857144,0.9966183492096122,0.9979433072447073
test/79,card,0,,0.9524121839894817,0.9734398405276115,0.9807944630495633,0.9876355739501598,0.9906445712934506,0.9876049438585374,0.9833818731742087,0.9758378432142948
test/80,subtotal,0,,0.6353879120692748,0.6272855736745557,0.1523676468295512,0.0981165309980843,0.46747892258884205,0.47871507556842313,0.1471695124665459,0.19795862998928024
test/80,tax,0,,0.91815551819656,0.9817932542175549,0.9609910820163098,0.8481752782174289,0.9523451603967705,0.9582881767367722,0.9568894856183189,0.9739564994450876
test/80,service,0,,0.942407173648234,0.9744437078372747,0.9765543810904177,0.9904127630806259,0.9946736360589176,0.965580986843969,0.9736284970716605,0.9846159638942135
test/80,discount,0,,0.9235625131308043,0.9585772676698074,0.9475982165559942,0.9885800976058854,0.9945525644204865,0.9611823544812976,0.9477771076194448,0.9660582965744882
test/80,total,0,,0.9336638623976049,0.9540186150637073,0.7229411764074046,0.6523858467336341,0.9335493896294638,0.4079203799588235,0.6933095544600905,0.7932430049991057
test/80,cash,0,,0.9432999467583982,0.9289586115162681,0.7944070738248717,0.7342079252922233,0.9597382200447431,0.6557382149925612,0.7962686262813155,0.8354633134552137
test/80,change,0,,0.982270219622937,0.9985502234415957,0.9921244666912358,0.9946066862112468,0.9964141772055777,0.9512569479893491,0.9891768829605134,0.9930391439849942
test/80,card,0,,0.9524121839894817,0.9710515922823556,0.9532502058486204,0.9813892082635163,0.9865950395605729,0.9633052755426867,0.9495700982549306,0.968635017165531
test/81,subtotal,1,binding_absent,0.6353879120692748,0.6806448970718492,0.3265090942883632,0.24438649473733057,0.8682815367921553,0.7361101822463388,0.325138507334271,0.2863665590031578
test/81,tax,0,,0.91815551819656,0.9856583062918987,0.9808289324976551,0.9169197183343603,0.9121359231873034,0.9818327415521995,0.9814132916086624,0.9840319963044936
test/81,service,0,,0.942407173648234,0.9797101735203803,0.9869396987222241,0.9948414176189515,0.9960207839921907,0.9805624730606932,0.9878589741405394,0.9889465705501564
test/81,discount,0,,0.9235625131308043,0.9670026614580342,0.9548532130515843,0.9851554354413806,0.9945650701237405,0.9716221627755101,0.9551846936634264,0.9663836490562038
test/81,total,0,,0.9336638623976049,0.9633356129528642,0.9887813695614418,0.978027901191145,0.9876509216027898,0.9507895579872089,0.9886908542510304,0.9814678050979972
test/81,cash,0,,0.9432999467583982,0.9938979477853093,0.9850805937981287,0.9936075790944743,0.9951084233785717,0.9848911494484334,0.9869231214950693,0.9836180815942335
test/81,change,0,,0.982270219622937,0.9988548163409425,0.9986899892291856,0.9994080397509245,0.9973590586455879,0.9878587214960795,0.9988658577383728,0.99851865035813
test/81,card,0,,0.9524121839894817,0.977000010082185,0.9619742187945081,0.9771160514982085,0.9949384324553048,0.9737492471814655,0.9600923093395182,0.9719291814607128
test/82,subtotal,0,,0.6353879120692748,0.711173119659733,0.8082696882567204,0.8077886409377525,0.7269573253297745,0.9366078550274739,0.8298392540128894,0.8007459790426362
test/82,tax,0,,0.91815551819656,0.9848258943544846,0.9881705963412495,0.9777769406668795,0.986673645485345,0.9894023541930917,0.9903036776778247,0.9852358280728066
test/82,service,0,,0.942407173648234,0.9785027763977503,0.9861544814423775,0.9918456302940835,0.9965878114092398,0.9792420003550294,0.9871079821725115,0.9885567586130277
test/82,discount,0,,0.9235625131308043,0.9650662341853682,0.9800216186976505,0.9917396187194987,0.9953385619830205,0.9878600954724996,0.9844435836350653,0.9765725414032574
test/82,total,0,,0.9336638623976049,0.9681069418639883,0.9833163113036908,0.9683473678159198,0.9807278920428145,0.9180890510771307,0.9834740907826717,0.9797477694482496
test/82,cash,0,,0.9432999467583982,0.9935292115355568,0.9883819633812212,0.9702577748409003,0.9876783231621501,0.9911470900051665,0.9904060591461615,0.9828445481684692
test/82,change,0,,0.982270219622937,0.9987852567520311,0.9951015068144945,0.995088447598002,0.9964296468878177,0.976119741841544,0.9927301854748645,0.9914008359019277
test/82,card,0,,0.9524121839894817,0.8330388089137943,0.9152938955266667,0.866605891425064,0.9740700239695581,0.8440266842220111,0.9249096481327462,0.9473735577822989
test/83,subtotal,0,,0.6353879120692748,0.6544385273484632,0.700539789968376,0.9786311206072903,0.6910755476443936,0.9108900771469851,0.679072658338336,0.6471385225948015
test/83,tax,0,,0.91815551819656,0.8354163139727594,0.8496410508932872,0.9815973018704546,0.9713841954871097,0.7480761821630562,0.834564811615173,0.8654627768397217
test/83,service,0,,0.942407173648234,0.9770397550021828,0.9928462981795841,0.9702491019650215,0.9796755777561927,0.9923946254532652,0.9936037956223024,0.9878820520921869
test/83,discount,0,,0.9235625131308043,0.9630157872810559,0.9444679673048105,0.9853119886136684,0.9910949077552671,0.9646830489604378,0.9418052731210106,0.9580045148007761
test/83,total,0,,0.9336638623976049,0.9589292555828305,0.8867902645720493,0.966634497075128,0.9823012355982126,0.676796052445066,0.8670204873829866,0.9256732985624122
test/83,cash,0,,0.9432999467583982,0.9363670570734276,0.979467904278168,0.9920067792009597,0.9805284253354145,0.9520821849039519,0.9808808343224573,0.973087631625076
test/83,change,0,,0.982270219622937,0.9846854016792096,0.9912634335684647,0.987520500922384,0.9967204002733961,0.8659382081745173,0.9916124875632765,0.9916792056332919
test/83,card,0,,0.9524121839894817,0.974192481189603,0.9442003315102963,0.9756253526541416,0.9960939242510856,0.963873529469707,0.9343007235515501,0.954644567118582
test/84,subtotal,0,,0.6353879120692748,0.7142886771560418,0.5632799334139622,0.5298308577142858,0.5431995098689383,0.8232604733077289,0.535547446176753,0.6193058370060551
test/84,tax,0,,0.91815551819656,0.8870339237025449,0.9195252062584863,0.9650141301271344,0.8148578678308753,0.8157883276424803,0.9132424845682041,0.9396765571474786
test/84,service,0,,0.942407173648234,0.9778580963335218,0.9877209815764625,0.9797624275348378,0.9834620130916405,0.9808084205075369,0.9882686323192148,0.9883664227787092
test/84,discount,0,,0.9235625131308043,0.9640458606534152,0.9859529430335199,0.9983006872948268,0.9844287209980415,0.9897361123149864,0.9880535380297791,0.9764402962880443
test/84,total,0,,0.9336638623976049,0.9730595350902889,0.9725978887104477,0.9234041015274911,0.9239812358601414,0.8735069005379462,0.9695691833020459,0.9622254166276474
test/84,cash,0,,0.9432999467583982,0.9933365172023737,0.9852915823556971,0.9872623665750523,0.9868273498320418,0.9889759954444232,0.9859255571588934,0.9817026270897654
test/84,change,0,,0.982270219622937,0.9987489101883511,0.9987935027684532,0.9994080397509245,0.9962803697983401,0.988482522434754,0.9989310584895649,0.9984403903643917
test/84,card,0,,0.9524121839894817,0.9749078102521054,0.9693274359353221,0.9122966623016325,0.9664684289904096,0.9791701971105191,0.9686899186287752,0.9738505791038112
test/85,subtotal,0,,0.6353879120692748,0.7730830630510774,0.9154782350597661,0.9975057052559213,0.9573456702117605,0.9774336663435689,0.9174168124374272,0.8922815427440144
test/85,tax,0,,0.91815551819656,0.9012907846906222,0.9592109831627593,0.9649564372502107,0.9926206840332462,0.9268654840722905,0.9615504651164599,0.9447999848117062
test/85,service,1,absent_halluc,0.942407173648234,0.3760913165559502,0.003572908459931987,0.07202860668082124,0.10520064517843938,0.0059664799877484215,0.006115512726754264,0.0013307285635324692
test/85,discount,1,binding_absent,0.9235625131308043,0.7838124745107204,0.24820395053473218,0.08832475174048454,0.2384434554717617,0.42732516699519435,0.23889733712956204,0.12251100250330503
test/85,total,0,,0.9336638623976049,0.9767438579313503,0.9898280877034139,0.9795395433210736,0.9754217264492007,0.9577527806549865,0.9894132024853614,0.983592657563388
test/85,cash,0,,0.9432999467583982,0.9635963853162945,0.9634915731823285,0.9439280741748218,0.962388399195358,0.939925863262167,0.9636995737300226,0.9285794780597468
test/85,change,0,,0.982270219622937,0.9991097086485962,0.9981271527727884,0.9459491113139014,0.9343409453937688,0.9870792274662069,0.9982680261134008,0.9985216638803184
test/85,card,0,,0.9524121839894817,0.9822703969583002,0.9847819963068803,0.9897865386095848,0.9950070898954846,0.9897535706999686,0.9868379837069087,0.9811952407695027
test/86,subtotal,0,,0.6353879120692748,0.6543483882060912,0.84107904566331,0.9737092000387749,0.6731794671627299,0.9509888197391829,0.8498710221180301,0.8241119435054856
test/86,tax,0,,0.91815551819656,0.9839122842724982,0.9870559584517603,0.9969309638984877,0.9734177842710628,0.9845218910313517,0.9884863302800538,0.9849907578324514
test/86,service,0,,0.942407173648234,0.9772252439734543,0.9916818567033333,0.99942972395075,0.9972880976846695,0.9873451640300354,0.991826225691725,0.9881739411374412
test/86,discount,0,,0.9235625131308043,0.9630204913254675,0.9811152385668344,0.9992340267774056,0.9960367243275529,0.9855384486391437,0.9840934345937976,0.9760480308333838
test/86,total,0,,0.9336638623976049,0.9589292555828305,0.9841592593332816,0.9933470459943915,0.9823012355982126,0.9261976076442763,0.9829663663751288,0.9802418355117145
test/86,cash,0,,0.9432999467583982,0.9363670570734276,0.9668274622461923,0.9969778037672254,0.9805284253354145,0.923919310740153,0.9655692074221028,0.9692002414571543
test/86,change,0,,0.982270219622937,0.9874686503341795,0.996805858976408,0.9989069611883106,0.9961746198984204,0.9267825453054459,0.9968634608858696,0.9980337946441276
test/86,card,0,,0.9524121839894817,0.974192481189603,0.9738007888854242,0.98833906358251,0.9960939242510856,0.9780164495905529,0.9762276975210242,0.9765961887557336
test/87,subtotal,0,,0.6353879120692748,0.6465758471390148,0.828928068208992,0.9946301603587502,0.6379036382127521,0.9466146945584986,0.8227320466197607,0.8158882418628559
test/87,tax,0,,0.91815551819656,0.8312710669817952,0.9146596762769521,0.8559380573256581,0.8972416054041773,0.8332188844729714,0.9203409451474108,0.91834776133435
test/87,service,0,,0.942407173648234,0.9724947083579343,0.9700851400757243,0.9410870040986804,0.9638772112959695,0.9593246140735282,0.9651528624442733,0.9793138276244744
test/87,discount,0,,0.9235625131308043,0.9619491111248618,0.9623997040662817,0.9776859588037681,0.9853333472730706,0.974282115153951,0.9644829488143178,0.9717274447182026
test/87,total,0,,0.9336638623976049,0.9577508151084457,0.9822021169529002,0.9896154309931894,0.9779855334921155,0.9092399679658709,0.9815156722888219,0.9850784861364298
test/87,cash,0,,0.9432999467583982,0.9929343252628802,0.9816027783545125,0.9923993776589595,0.9893145670011008,0.979713282130913,0.9835648653955053,0.9821741320197876
test/87,change,0,,0.982270219622937,0.9986729263015554,0.9986003895003709,0.9990378455641648,0.996040827034635,0.98609646366813,0.9987548441125444,0.9983859365649685
test/87,card,0,,0.9524121839894817,0.7884098591816742,0.966664390669555,0.9943809634035549,0.9305278282676801,0.9340721935230833,0.9687136912159907,0.9723253576761351
test/88,subtotal,0,,0.6353879120692748,0.6477456094503018,0.7686698021554288,0.9342471632569773,0.6593304064674405,0.9272729317139217,0.7856523981518935,0.7468524138664059
test/88,tax,0,,0.91815551819656,0.9834442838474658,0.9829344479296808,0.9807012652679598,0.9870083525916952,0.9812038563135119,0.9855188795959037,0.9846690027733432
test/88,service,0,,0.942407173648234,0.9765589064819898,0.9853423142154607,0.9946149411684454,0.9964442933777102,0.9762472901999892,0.9859922147094533,0.9879696310971643
test/88,discount,0,,0.9235625131308043,0.9619547351830248,0.9781378440186105,0.991904525340003,0.9953093981186449,0.9860548099229209,0.9827432058839787,0.9753635355723417
test/88,total,0,,0.9336638623976049,0.9577508151084457,0.9744734658675072,0.9674660822312869,0.9779855334921155,0.8894714073396522,0.9734115025985223,0.968977103244194
test/88,cash,0,,0.9432999467583982,0.9929343160878678,0.9779921108162495,0.9895129961241046,0.9833582017733241,0.9757477224051181,0.980649742602947,0.9821668807198024
test/88,change,0,,0.982270219622937,0.9986729263015554,0.9939112733658556,0.992383011178706,0.996040827034635,0.96683098325178,0.9912426602289756,0.9920940988685938
test/88,card,0,,0.9524121839894817,0.7884099003303782,0.9438533384354523,0.9729918239770848,0.9372733313117051,0.9033990593988944,0.9475529657815104,0.9432550062461926
test/89,subtotal,0,,0.6353879120692748,0.6409813436227596,0.24747296257228316,0.6305205332289723,0.6593304064674405,0.6182219193969856,0.23553616382329778,0.30030164497521383
test/89,tax,0,,0.91815551819656,0.9829587105351307,0.9644083737015614,0.9868745335668772,0.9957861221102816,0.9625404115812641,0.9613960409980674,0.9760871327900037
test/89,service,0,,0.942407173648234,0.8788517485143534,0.9097711671958238,0.9410105858479444,0.9513490905738167,0.8631261188988822,0.9041946089781293,0.936446999963585
test/89,discount,0,,0.9235625131308043,0.9608596596807671,0.9309573571995295,0.9909422595049656,0.9954847425417761,0.9587997280184531,0.9220906588096303,0.9425238865362164
test/89,total,0,,0.9336638623976049,0.956540063392873,0.8597515059640781,0.6563470271369312,0.975503715967103,0.5885622708183261,0.8470135165728168,0.9213414599458611
test/89,cash,0,,0.9432999467583982,0.9327477293138849,0.9775557179287443,0.9964198238959093,0.9497440798853126,0.9417721473362691,0.97730869499538,0.9804509911338624
test/89,change,0,,0.982270219622937,0.9867166778882969,0.9966763203699206,0.999110524183059,0.9949518960377062,0.9289534051215913,0.9965544922073519,0.9970192220951273
test/89,card,0,,0.9524121839894817,0.9726655878517028,0.9703232503319773,0.988449467632773,0.9954603592298387,0.9744189604899324,0.9730299381150427,0.9757904447459314
test/90,subtotal,0,,0.6353879120692748,0.6341606614655942,0.8652986808912122,0.9972222581444053,0.5990806073655832,0.9581820761274923,0.8587572852435287,0.8311428704131358
test/90,tax,0,,0.91815551819656,0.8228009258631481,0.7077639724088588,0.7364192263080813,0.813465466866225,0.6012684960533087,0.6950775536142297,0.6424234505974508
test/90,service,0,,0.942407173648234,0.9751556410498246,0.9647498812013955,0.977216803938413,0.9880153018803346,0.957371212642154,0.954217633296249,0.9720736280331835
test/90,discount,0,,0.9235625131308043,0.9597315532531416,0.9267128789882376,0.9893780357414889,0.9927589120526128,0.9563661205759074,0.915932386056779,0.9383089891096765
test/90,total,0,,0.9336638623976049,0.9552962973960919,0.9830993428515096,0.9930784698771227,0.9716706662216564,0.9174734197420027,0.9816349467682098,0.9799544680556711
test/90,cash,0,,0.9432999467583982,0.9308821855564202,0.9769680592825999,0.9943359935376379,0.9635540443665929,0.9403186028267432,0.978514667107664,0.977755175677792
test/90,change,0,,0.982270219622937,0.998592331344126,0.9975837344757071,0.9931241636002758,0.9850456061149161,0.9742946986319433,0.997893058957388,0.9983293916066448
test/90,card,0,,0.9524121839894817,0.9718700250480695,0.9753706190066804,0.9919973293689631,0.990257461930244,0.9785642467199859,0.9771225387899128,0.9753907393052818
test/91,subtotal,1,binding_absent,0.6353879120692748,0.6544390041381772,0.4361585715744571,0.2281408827127371,0.5077792390224559,0.7608206571629242,0.4603443483069441,0.5683125501948161
test/91,tax,1,absent_halluc,0.91815551819656,0.004132040655026487,0.0013597625665383655,0.016161389523002962,0.028856946599081317,0.001771458136940055,0.0022007785407075443,0.0006950240532274228
test/91,service,0,,0.942407173648234,0.9468349544858065,0.9429425509689155,0.944149540179396,0.9543626342837287,0.9273522065793067,0.9322245686112494,0.95430605320948
test/91,discount,1,binding_absent,0.9235625131308043,0.2907705704225015,0.3381150686832657,0.3212178083071209,0.2575900590512186,0.22112773563463842,0.2846955700984486,0.3282254403462094
test/91,total,1,transcription,0.9336638623976049,0.034123218548047715,0.016577799240129604,0.030883583360713226,0.056388517498515825,0.013382816968594191,0.026769255579169697,0.01218199225380481
test/91,cash,1,binding,0.9432999467583982,0.9353235161501131,0.757661329766095,0.20270556707344062,0.7978471914131918,0.5983428641849534,0.7777446092306745,0.8855597028855963
test/91,change,1,transcription,0.982270219622937,0.1415819376268389,0.02717091825114072,0.03881921538867165,0.07047191925266477,0.007077159852491986,0.04634653173517267,0.020570003796741995
test/91,card,0,,0.9524121839894817,0.9739833631624768,0.9827380883276534,0.8394394163778452,0.6859592466325511,0.9893452317613735,0.9851780951050707,0.976150598251751
test/92,subtotal,1,binding_absent,0.6353879120692748,0.6919652661503908,0.1613449216070303,0.07546913546097717,0.3723964212127067,0.5914874525811676,0.14651915503418078,0.07518182918144468
test/92,tax,0,,0.91815551819656,0.9834454761769424,0.9916234006418679,0.9987333041897941,0.9911015841848544,0.9903277124568419,0.9923228561726116,0.9847399403952557
test/92,service,0,,0.942407173648234,0.9765588915134786,0.9925836088176188,0.9993572151532805,0.9964442933777102,0.988713472332776,0.9926206190076085,0.9879713786844891
test/92,discount,0,,0.9235625131308043,0.9619543044267678,0.9856996040545852,0.99920024334133,0.9951427561081537,0.9892621681140156,0.9877003766614776,0.9756426796912697
test/92,total,0,,0.9336638623976049,0.9714683235909057,0.8767045046964372,0.8381130733054121,0.9756111064952405,0.6682367088432702,0.8576655797443077,0.8743092489142863
test/92,cash,0,,0.9432999467583982,0.9554746157420285,0.992161428349421,0.9965561251127886,0.9737619058602328,0.9751355948002822,0.9923370691666861,0.9885114395612183
test/92,change,0,,0.982270219622937,0.9894475420214759,0.9657688403700031,0.9921128308553262,0.9927530196404254,0.5975978331601142,0.9607648368889723,0.9797637136658723
test/92,card,0,,0.9524121839894817,0.9734397898094493,0.971092690596556,0.9823190712062942,0.9893592047626112,0.9758527385401048,0.973979217541416,0.976183054903836
test/93,subtotal,0,,0.6353879120692748,0.6319398773481121,0.8125600419957411,0.9946301603587502,0.6877332987917484,0.938436068087478,0.8047415984259527,0.8090231874798534
test/93,tax,0,,0.91815551819656,0.8228751717482162,0.9617534927628417,0.9745197035697776,0.94642934620625,0.896115056165816,0.9660264925784464,0.9787221138604396
test/93,service,0,,0.942407173648234,0.9746175334946542,0.9589710450183634,0.9646737845641753,0.9795386364412226,0.9542769062086879,0.9438018017669939,0.9640270176158444
test/93,discount,0,,0.9235625131308043,0.9597264231212087,0.970215359570528,0.9828303151359244,0.9853333472730706,0.9751371692979836,0.9750838406495337,0.9748068612057132
test/93,total,0,,0.9336638623976049,0.9552962973960919,0.9856325388348761,0.9955212176030229,0.9716706662216564,0.9285280763965571,0.9843428570243,0.9819413411572815
test/93,cash,0,,0.9432999467583982,0.9925078465769134,0.980138148482168,0.9893292743642428,0.9889557503748734,0.9773629975089392,0.9821144829252486,0.9815621683036587
test/93,change,0,,0.982270219622937,0.9985923341016016,0.9980690780634294,0.9972628669064709,0.9959069436113002,0.9797309352552904,0.9982917186923076,0.9983295791279725
test/93,card,0,,0.9524121839894817,0.9718699892952866,0.9673153898582451,0.9898521136915632,0.9900263465579373,0.9767604760442522,0.9662209448172434,0.9723488484730248
test/94,subtotal,0,,0.6353879120692748,0.7231481175265595,0.903800733394724,0.9946896384771678,0.8682815367921553,0.969897443313433,0.9046140705247296,0.8842714416626287
test/94,tax,1,binding,0.91815551819656,0.8510151521710427,0.8698313614122901,0.8188460984960378,0.9236793208658561,0.7753831653614672,0.8739931466504519,0.8999506710398407
test/94,service,1,binding,0.942407173648234,0.8307659471643578,0.01874496667329564,0.07824291572640493,0.617324938382496,0.01598575380511957,0.1753055979382191,0.017719932666678467
test/94,discount,0,,0.9235625131308043,0.9665649601636691,0.9754693553167941,0.9531082816259205,0.9549901407001654,0.9816653092301649,0.9801346153876952,0.9773576329136759
test/94,total,0,,0.9336638623976049,0.969880250893871,0.9899533566962735,0.9935564772728883,0.9876509216027898,0.9502123045845374,0.9896806790621064,0.9849816771920177
test/94,cash,0,,0.9432999467583982,0.9938978882995578,0.9840483471370827,0.9766621536342943,0.987665503639017,0.9858656013906009,0.986655813947096,0.9835270674628498
test/94,change,0,,0.982270219622937,0.9988548155929801,0.998386936254521,0.9976141453651637,0.9914016833179093,0.9847489881247887,0.9986196906282897,0.998518641645607
test/94,card,0,,0.9524121839894817,0.8410894013256353,0.9798231551804623,0.9936320399227812,0.9833441101871063,0.9613756901705991,0.9814341394395224,0.9731247022050542
test/95,subtotal,0,,0.6353879120692748,0.6669022359256742,0.6635246991774127,0.933309138473842,0.6829761852803058,0.8923049233828197,0.650018217017951,0.6893834794527602
test/95,tax,0,,0.91815551819656,0.8433734331551971,0.9566107157930016,0.9927524577928726,0.899114075110709,0.9039496957055536,0.9578011997346317,0.9649152527791324
test/95,service,0,,0.942407173648234,0.9785002454417738,0.9909439516868669,0.9923929999630619,0.9920308966480254,0.9895064198991557,0.9918851054799073,0.9883628987053242
test/95,discount,0,,0.9235625131308043,0.9650662782747387,0.9776236067061931,0.994535849502326,0.9953385619830205,0.9829637268614929,0.981547990580608,0.9768383809503423
test/95,total,0,,0.9336638623976049,0.9611019836278408,0.801091391171054,0.956761396726391,0.9631796670892159,0.5358729794929932,0.7321887920698948,0.8940927946063021
test/95,change,1,binding_absent,0.982270219622937,0.9823490343111252,0.9931362701273575,0.9965151322626966,0.9822947254690906,0.9062303131027939,0.9927279244452656,0.9917002605957108
test/95,card,0,,0.9524121839894817,0.9756359393078695,0.9737350911715965,0.9841491134081783,0.9955634496847443,0.9792673660405308,0.976721589088247,0.9773474539469772
test/96,subtotal,0,,0.6353879120692748,0.6108362369664838,0.580176991934699,0.37061433217710077,0.6693745633522812,0.8333035136513901,0.5795887755733883,0.5928303650229441
test/96,tax,0,,0.91815551819656,0.9829587105351307,0.9556709068623201,0.9833721232353255,0.9957861221102816,0.9591585563816953,0.9473830165752051,0.9649295075713796
test/96,service,0,,0.942407173648234,0.9726784427259422,0.9685821467941957,0.9452833203304085,0.9638772112959695,0.957885670018084,0.9624878457399674,0.9778686987865426
test/96,discount,0,,0.9235625131308043,0.9340706070207025,0.8873794315280933,0.9220559410815241,0.9443903179218167,0.9334144271622979,0.8713182677065117,0.8969663677822735
test/96,total,0,,0.9336638623976049,0.9565400839012272,0.969807299609024,0.9708053219130149,0.975503715967103,0.8646300263108548,0.9671943945076695,0.9722948537078443
test/96,cash,0,,0.9432999467583982,0.9327573526364258,0.9763395663418428,0.9983770700537743,0.9684496401318052,0.9414183815911156,0.9755103500215703,0.9762795984016592
test/96,change,0,,0.982270219622937,0.9837691631365143,0.9968683476307785,0.9988317277617391,0.9961180508447085,0.9388576363935021,0.9967834260181264,0.9968784232893572
test/96,card,0,,0.9524121839894817,0.97266576170121,0.9723853370461525,0.9903193229139692,0.9954603592298387,0.9779929443179688,0.9753429389438996,0.9757320145132423
test/97,subtotal,1,binding_absent,0.6353879120692748,0.6676779553704378,0.5150392690864012,0.11861049081565694,0.7271880732679679,0.8251076601137266,0.5349045621144901,0.5624674586609127
test/97,tax,0,,0.91815551819656,0.9847304137321952,0.9885774911831592,0.9937834442648107,0.9315255519824214,0.9868617374986662,0.9898948155874377,0.9854203828082043
test/97,service,0,,0.942407173648234,0.9785027626431927,0.9909338532780679,0.9993411287396029,0.9964551507604343,0.9864266981394632,0.9912418916665208,0.988568939329097
test/97,discount,0,,0.9235625131308043,0.9650662341853682,0.9787278458355857,0.9969144429349902,0.9953385619830205,0.9838968008723338,0.9824111770908696,0.9768384286475118
test/97,total,0,,0.9336638623976049,0.9611924040713615,0.9839353626921318,0.9806688653094537,0.9807278920428145,0.927979611540616,0.9838101762100376,0.9789626775960952
test/97,cash,0,,0.9432999467583982,0.9397954096061749,0.9683694995508788,0.9812435457140215,0.9795786478592462,0.9321232244976766,0.9715836759809018,0.96192006772823
test/97,change,0,,0.982270219622937,0.9987852440585506,0.9979911060639031,0.9966300242016434,0.9873576796773792,0.981882427903548,0.9983299375680528,0.9984622554329778
test/97,card,0,,0.9524121839894817,0.9756359237646938,0.984403338886285,0.9989223411871414,0.9955634496847443,0.9878971466576099,0.9855909001380135,0.9773715096245387
test/98,subtotal,0,,0.6353879120692748,0.7171920928164217,0.7903376213133256,0.984039044088682,0.8151919349438114,0.9310289190067181,0.7858465980802739,0.8073526927311657
test/98,tax,0,,0.91815551819656,0.8717434781748977,0.9761570884552813,0.9972077464870867,0.9785495848853384,0.9376684023475894,0.9763774147467033,0.9804379291909351
test/98,service,1,transcription,0.942407173648234,0.007272348696956298,0.036285501655720205,0.007954491661953706,0.08886093831625408,0.019527409873772127,0.06776461521790973,0.04785054863686526
test/98,discount,0,,0.9235625131308043,0.965833597917274,0.9822167128617745,0.9964055953468877,0.963146606278469,0.9869794421537408,0.9852458570636111,0.9771058648684917
test/98,total,0,,0.9336638623976049,0.9690056930084089,0.9926149506719311,0.9937099982383457,0.9848869283878823,0.9577559587778481,0.9925391553032158,0.9916981740840869
test/98,cash,0,,0.9432999467583982,0.9937162871314966,0.9864716191580382,0.9990025039107975,0.9951084233785717,0.9862722200820802,0.9880051883346375,0.9833388957537875
test/98,change,0,,0.982270219622937,0.9988205486251632,0.9985897077502249,0.9994080397509245,0.9973590586455879,0.9866673288897028,0.9987764907619839,0.9984930089700699
test/98,card,0,,0.9524121839894817,0.976327771337915,0.9587442269036675,0.9826897666515166,0.994626334388589,0.971350566750029,0.9558928034062049,0.9698109826134738
test/99,subtotal,0,,0.6353879120692748,0.6605519879835842,0.8087471878984788,0.9928339170619547,0.6832931148803655,0.9415406987249845,0.8033317759362927,0.8058020267194094
test/99,service,0,,0.942407173648234,0.9748524420544697,0.9737556714020742,0.9450641901271346,0.9617006290431178,0.9656529953644837,0.9673730059492893,0.9779311320166525
test/99,discount,0,,0.9235625131308043,0.9704771075070594,0.9443274561977337,0.9883674771903178,0.9953385619830205,0.9667983748515973,0.934785389806811,0.948871571802841
test/99,total,0,,0.9336638623976049,0.960076196440422,0.9815283098227597,0.9977010321752495,0.9799353413395925,0.9169624129913049,0.9781556962435026,0.9792786812723433
test/99,cash,0,,0.9432999467583982,0.9945563537392709,0.9626960802792598,0.9801687079644097,0.9910544268866981,0.9679497524948749,0.9548284840041094,0.9677734410317168
test/99,change,0,,0.982270219622937,0.9989789235300286,0.9957233683932778,0.9938529539678514,0.9873576796773792,0.9673788844876743,0.9947949622956662,0.9967931330777948
test/99,card,0,,0.9524121839894817,0.7953433287235442,0.06305031149468768,0.17499984697990342,0.38796076614571867,0.07870884874889408,0.11526677957134043,0.07451201809378308
