doc,field,error,auto_type,field-only,fusion,fusion+binding,same-info-HGB,fusion-HGB,no-field,no-key-competition,no-value-rival
test/0,subtotal,0,,0.6061941615970455,0.6730641896347922,0.5010955073140559,0.8765826092844726,0.9547423994198522,0.7398841545187,0.5864840772655409,0.545855741507951
test/0,tax,0,,0.6776317967806952,0.7896292637645721,0.9866850077031452,0.9976492809036279,0.9042736017816805,0.9733670795342901,0.9473691664019185,0.9772122249832635
test/0,service,0,,0.694650749748824,0.7230784181262534,0.8751448650728225,0.952961389224313,0.9231887490392247,0.8807827933375904,0.8859366677430265,0.8997964052326884
test/0,discount,1,miss,0.9120951732650179,0.9765747205725652,0.9922853962981937,0.9927878055594438,0.9745919437048725,0.9850259265031627,0.9924809673311966,0.990250863042033
test/0,total,0,,0.8885819542547237,0.9370260408415046,0.8944581400640252,0.9637690628121076,0.9689810625341104,0.682967814878155,0.9144843178469088,0.912849427788673
test/0,cash,0,,0.7657667485090668,0.8340152645113985,0.8880157862714552,0.9129267577382614,0.7988489907385964,0.8836045383071092,0.9125164391979562,0.8959927744701234
test/0,change,0,,0.849786481961088,0.9812484928864471,0.969702800107491,0.9889318187513948,0.9839618973674978,0.9794573970305103,0.9862106508000695,0.9740692547176911
test/0,card,1,miss,0.8924657167388287,0.922335808525281,0.9505205244375582,0.9461747533074312,0.9162876496939236,0.9605279514275664,0.9605968714080657,0.957094041714675
test/1,subtotal,1,binding_absent,0.6061941615970455,0.3458289849153507,0.31916311506436534,0.16068361117739863,0.15978499530621054,0.566147982248834,0.5436538407926311,0.24423391973626277
test/1,tax,0,,0.6776317967806952,0.815443162730505,0.9042899129537957,0.9032830105780455,0.8872914894312725,0.8883395031771814,0.89238557630366,0.880919048417972
test/1,service,0,,0.694650749748824,0.9557077414199547,0.9708978996830012,0.9919768571499834,0.9902164238974742,0.9730617441294116,0.973689703872261,0.9799919731713469
test/1,discount,0,,0.9120951732650179,0.9805916753799435,0.9776737440582892,0.9896461776505561,0.9818124951495627,0.9569337086051583,0.961654804894641,0.9818953827747314
test/1,total,0,,0.8885819542547237,0.9448990908427064,0.9707285832962887,0.974160315882123,0.967822434404277,0.8629925501554877,0.9856718818935689,0.9456555386674224
test/1,cash,0,,0.7657667485090668,0.7982150742387056,0.8439356988582242,0.9275305850425484,0.8304764803966914,0.7899177677813244,0.9351790121343604,0.7627444300453855
test/1,change,0,,0.849786481961088,0.9817327602981123,0.9630526070006099,0.9879642536925254,0.9847553096867846,0.972389228970729,0.9741744902921617,0.9633626738260935
test/1,card,0,,0.8924657167388287,0.9599786908311969,0.9374616393215718,0.9687743137805982,0.9739790700861918,0.9453508497832338,0.9068706056667645,0.945232359306027
test/2,subtotal,0,,0.6061941615970455,0.735396111845407,0.9043698795766358,0.9951198320452982,0.9742127492423044,0.956418755706008,0.8312199136667969,0.8728647896573345
test/2,tax,0,,0.6776317967806952,0.7261259193241686,0.7902231506885361,0.7624045863296588,0.7648148864944816,0.759829317109743,0.7714604183624407,0.781489924338074
test/2,service,0,,0.694650749748824,0.9132683466356482,0.947435477777072,0.9533410239401973,0.9617937972142685,0.9522946152382872,0.9534311751200847,0.960397659661215
test/2,discount,0,,0.9120951732650179,0.9822414845835273,0.9960968496433483,0.997114241396542,0.9888656480974318,0.9919499654110953,0.9962511575083642,0.9920546651323182
test/2,total,0,,0.8885819542547237,0.9444047926986671,0.9751899285296077,0.9784165250020135,0.9776605528090966,0.9006699578572136,0.949511756300571,0.9780930560003813
test/2,cash,0,,0.7657667485090668,0.7805078409001471,0.9351337379299556,0.9706825308806573,0.7262585133161049,0.9143071267819258,0.8584267967953468,0.9356488939756039
test/2,change,0,,0.849786481961088,0.6350569057069471,0.9430593567191043,0.9906283014678009,0.8787308870011847,0.936893293408525,0.8841302491689462,0.9083697518823752
test/2,card,0,,0.8924657167388287,0.9179205822191415,0.928595917249161,0.9136462318940467,0.907207830813492,0.9202708972749258,0.9175717926971183,0.9258799486929343
test/3,subtotal,0,,0.6061941615970455,0.715566977857765,0.40291600801664956,0.5080990971966046,0.6201542594352074,0.6816313962333711,0.6184660871780147,0.44821315334380163
test/3,tax,0,,0.6776317967806952,0.8102176574362209,0.9158322919970725,0.9288134934861296,0.8951626091122684,0.8955615333731013,0.9048579635428308,0.8952981413725702
test/3,service,0,,0.694650749748824,0.9506533912190132,0.9830569587011135,0.9921237901325182,0.9889636993634723,0.9825141026766071,0.984423254038236,0.9829969005248487
test/3,discount,0,,0.9120951732650179,0.9814337078662219,0.990014763695386,0.9934740447202909,0.9858453959047084,0.9814320075464132,0.9888383434207595,0.9921499005618158
test/3,total,0,,0.8885819542547237,0.9439087710845713,0.9275596025361358,0.8201175524964811,0.8377953672906633,0.7505105463616689,0.9557096332432516,0.924321918025901
test/3,cash,0,,0.7657667485090668,0.7688566733528719,0.6744238688643587,0.7318675712766448,0.7143979041942975,0.635550037893406,0.8184719134958066,0.6732270707520847
test/3,change,0,,0.849786481961088,0.9754615048652429,0.9711746809756168,0.9806918643790943,0.9507264960398706,0.9792072287627834,0.9849432670852455,0.9722767458279968
test/3,card,0,,0.8924657167388287,0.9468305270914846,0.9659141120811239,0.9590619656479219,0.9551422600402106,0.9712174715257468,0.9546443812109143,0.9641557145660328
test/4,subtotal,0,,0.6061941615970455,0.7959422899461929,0.9338598116108787,0.9909134264555773,0.9770329958799382,0.9731454894552484,0.8299405713572015,0.9276999204673155
test/4,tax,1,binding_absent,0.6776317967806952,0.3268075028283218,0.007014852444507694,0.007476846452928784,0.1657424898988005,0.008129555091831922,0.10092862012157905,0.003257894063519281
test/4,service,1,binding_absent,0.694650749748824,0.18081517187947652,0.014125298475477263,0.007013551980530194,0.17189680906526814,0.019450615942509755,0.08769822741721013,0.007846768412705823
test/4,discount,1,miss,0.9120951732650179,0.895088002555239,0.9056712708885855,0.9211146863114944,0.9319690249739738,0.8363130042189726,0.8782305961054402,0.9164390051855354
test/4,total,0,,0.8885819542547237,0.9338554011756053,0.9894698235730073,0.9617839998058905,0.8999929982998691,0.9425902436429573,0.9557053553932978,0.9924674395696235
test/4,cash,0,,0.7657667485090668,0.8279617138502063,0.9695608594341982,0.9943684351709419,0.823598042717176,0.9538368934799761,0.9461755677518104,0.9527860131866571
test/4,change,0,,0.849786481961088,0.7504424166393241,0.9648202326555352,0.9874740792963411,0.8717314176218951,0.9609240347027298,0.9225752721978835,0.9448744078432156
test/4,card,0,,0.8924657167388287,0.9198171742306026,0.9080251167992109,0.8994963293733906,0.9077415465050508,0.9297250059553432,0.9009316168321917,0.912375189000295
test/5,subtotal,0,,0.6061941615970455,0.47471408143275123,0.22028216796597838,0.15963557317230403,0.24643144596006106,0.43542582315316297,0.32392725285936563,0.3788563316518548
test/5,tax,0,,0.6776317967806952,0.7642570014301688,0.35341754648692325,0.366301606233039,0.4827297184123784,0.28490173717610934,0.34576120325602494,0.4236596979272162
test/5,service,0,,0.694650749748824,0.674891570088796,0.6999813330902662,0.8331958158163526,0.9431798150342441,0.6755142139821683,0.6020158792949115,0.7381878186932871
test/5,discount,0,,0.9120951732650179,0.9823098803364093,0.9893011573358292,0.9918681055380396,0.9902270178933487,0.9806152060072468,0.9849572919226252,0.9892919626390636
test/5,total,0,,0.8885819542547237,0.9223774007991035,0.9731012022678349,0.9685670918619442,0.9245368638137819,0.8497205659030238,0.9753056958418981,0.9587374218980828
test/5,cash,0,,0.7657667485090668,0.8783178273888244,0.9346697905263576,0.9845896746335046,0.9683345482364015,0.907737813596276,0.9537257476668721,0.9081940477933497
test/5,change,0,,0.849786481961088,0.9795065040394454,0.9621429940213846,0.979840361692886,0.9680482536086633,0.973448792895803,0.9736660023295474,0.9600663989292115
test/5,card,0,,0.8924657167388287,0.9621537089522679,0.9584556398195732,0.9814301763473626,0.9759893963637705,0.9642328071110456,0.9484347606090954,0.9604331274006258
test/6,subtotal,1,binding_absent,0.6061941615970455,0.2768200908587457,0.39529872936837523,0.14091076561692242,0.19764495534444923,0.6523800571895483,0.42728207489759873,0.3346339915165844
test/6,tax,0,,0.6776317967806952,0.4901348863369925,0.6683166225199924,0.9085688214367059,0.887104692971112,0.6476169696616304,0.6520238895569628,0.624083387510507
test/6,service,0,,0.694650749748824,0.9248432651182117,0.9442544050386115,0.9571818743056576,0.9617937972142685,0.9520100658118621,0.9543969640349635,0.9613962956843973
test/6,discount,0,,0.9120951732650179,0.9798237507918827,0.9901134379442721,0.9810934064673595,0.9755776871262358,0.9828963478107042,0.9907312180224431,0.9889930137156133
test/6,total,0,,0.8885819542547237,0.9363608741211331,0.983728920599997,0.994117996513498,0.9437909693344195,0.9194947677871823,0.9822311528415589,0.9712594875826153
test/6,cash,1,binding,0.7657667485090668,0.5940389947999204,0.038069463931327076,0.02131098643266758,0.37692582248982054,0.04155912118549883,0.20421809441213998,0.05257979517592705
test/6,change,1,transcription,0.849786481961088,0.010589285341636502,1.6732965641243714e-24,0.005311293332676792,0.03035618299043784,1.1246563495565696e-22,5.313239000882549e-06,1.358270538632137e-26
test/6,card,0,,0.8924657167388287,0.8858412273257045,0.8880104334131792,0.8979452472767009,0.8952457417503681,0.9126820762097029,0.8668872237866276,0.8896784930105618
test/7,subtotal,0,,0.6061941615970455,0.7397331596107525,0.9458484148986696,0.9878663651200829,0.9511278080646381,0.973974539466343,0.8094896281912265,0.9366230621382408
test/7,tax,1,binding,0.6776317967806952,0.11982582040208899,0.09756299567217075,0.2551872119057709,0.18886922152336783,0.08861500321363347,0.12670781303335985,0.21232956012846035
test/7,service,1,absent_halluc,0.694650749748824,0.005592629980726444,3.0046664595391834e-24,0.004513073221685083,0.02370293384626057,1.3638185093596711e-22,4.9649374806079106e-06,1.596356640425374e-26
test/7,discount,1,binding_absent,0.9120951732650179,0.41688244749109526,0.6999322928806606,0.6799810624854671,0.17985679694732404,0.5252125269321508,0.2642169875498704,0.7655248642713713
test/7,total,0,,0.8885819542547237,0.951591160602828,0.9807164526029457,0.9837860000289923,0.9712080401745448,0.9083434198967736,0.9795031526944892,0.9738912253785187
test/7,cash,0,,0.7657667485090668,0.8727994200084948,0.8865900350574548,0.8575163950817519,0.9461704086119486,0.8618714845046275,0.9129086805757004,0.8831166617977761
test/7,change,0,,0.849786481961088,0.9638460591319684,0.9267993656232467,0.7200998286631956,0.5468617247166307,0.9506445357262516,0.954678784503695,0.9207763610897184
test/7,card,0,,0.8924657167388287,0.9536960964110383,0.9675829916189197,0.9759189085728621,0.9642717364198359,0.9749725362049805,0.9684974593918906,0.9616989157612955
test/8,subtotal,0,,0.6061941615970455,0.7408697855590853,0.9340065521749035,0.995935113787692,0.9742127492423044,0.9702836399771001,0.8219042330058244,0.9152277390226022
test/8,tax,1,miss,0.6776317967806952,0.9036076296954262,0.8152761591472444,0.5945806922514953,0.9062672329719891,0.7681793506966073,0.7686345323695091,0.8336484766639566
test/8,service,0,,0.694650749748824,0.9558315404602651,0.9470691334637223,0.9787951522129853,0.9881516115806166,0.9462942586940154,0.9232544718124668,0.9528823101095889
test/8,discount,0,,0.9120951732650179,0.9804034236738207,0.9886786830456581,0.9842659032353623,0.9788707461367224,0.9800745213427725,0.9844704445692621,0.988112432370062
test/8,total,0,,0.8885819542547237,0.9450550584312701,0.9807267851224727,0.9931986338410607,0.9758013242956323,0.9099612344296444,0.9778813767639378,0.9717386923197712
test/8,cash,1,binding_absent,0.7657667485090668,0.5883156794496508,0.7373082066773474,0.5449555529057835,0.49157085363111347,0.6880709871197945,0.7533121142689132,0.7027605334192993
test/8,change,0,,0.849786481961088,0.9802290055270356,0.9538727802623403,0.9760852919884951,0.967932008519352,0.9682051852383019,0.9675453022761403,0.9546943179273124
test/8,card,0,,0.8924657167388287,0.4985303638975613,0.749045978355178,0.7109980988114094,0.7224015755796238,0.7508064125480707,0.7340201793341538,0.707659352353103
test/9,subtotal,0,,0.6061941615970455,0.7434611902082925,0.7800003212508134,0.979538542437501,0.9877961957127773,0.9009720986717962,0.8314923448766365,0.7220049860171532
test/9,tax,0,,0.6776317967806952,0.9680329679649508,0.9674032764164374,0.9520370764775156,0.9664818553682937,0.9609869704376245,0.9663015905028816,0.9655772270114525
test/9,service,0,,0.694650749748824,0.9589687098313999,0.9813487457144378,0.9925713299132857,0.9938549819282455,0.981393069076832,0.9772665787710506,0.9770398944129606
test/9,discount,0,,0.9120951732650179,0.9806836390809879,0.9831530766399381,0.9888818620703269,0.9825243263519263,0.9687626669506415,0.9726815580952537,0.9839717967016709
test/9,total,1,binding_absent,0.8885819542547237,0.8847514028796084,0.9503027430889804,0.866235983754792,0.8427113987054257,0.8009999234022961,0.9501436685605732,0.9318854194220908
test/9,cash,0,,0.7657667485090668,0.8477449530375197,0.9759566001835485,0.9971816521089925,0.9843425653132908,0.961162467020235,0.9504275983610321,0.9610386852446866
test/9,change,0,,0.849786481961088,0.7350938298296776,0.9654886206060688,0.9927953609582004,0.9295043911446038,0.9617780740588997,0.8986726385915457,0.950746051796383
test/9,card,0,,0.8924657167388287,0.8792196918074674,0.8105415155950114,0.7024546793891788,0.871856581090856,0.8309730050087172,0.7526932667975655,0.8377766081589855
test/10,subtotal,0,,0.6061941615970455,0.7514060254013567,0.791331780241872,0.9785764290893864,0.9651400223806397,0.9110271169831127,0.7764824979284055,0.7732247314012133
test/10,tax,0,,0.6776317967806952,0.9432030674875346,0.9730980970073008,0.957470395538462,0.936098314271422,0.9670689322723549,0.9809787203914587,0.9679152925219852
test/10,service,0,,0.694650749748824,0.9528015274638895,0.97752971208837,0.991150434569122,0.9902164238974742,0.9785131186449377,0.9805220341869376,0.9811910639685087
test/10,discount,0,,0.9120951732650179,0.9818876984571407,0.9946515984422563,0.9967549474670115,0.9898256890580313,0.989363650424724,0.994479379580193,0.9924016358557423
test/10,total,0,,0.8885819542547237,0.9432369522551881,0.9756877185254554,0.9573445255803021,0.970447265458805,0.894906134115461,0.9655146505312456,0.971063590422245
test/10,cash,0,,0.7657667485090668,0.8491694629561012,0.9710261894979902,0.9969886002793685,0.9746881952356627,0.9541967742932088,0.9457679157385237,0.9554953264296613
test/10,change,0,,0.849786481961088,0.7898567178371771,0.9768056282843074,0.9976728145136282,0.9324639413992422,0.9713758735480922,0.9341710681861157,0.9614160825306076
test/10,card,0,,0.8924657167388287,0.9345786316253127,0.9176658036832915,0.873464900194641,0.9220133661670606,0.914596431099449,0.8903063242183519,0.9253983059408463
test/11,subtotal,1,binding_absent,0.6061941615970455,0.7622085043079906,0.7641395545796434,0.553573303570992,0.5104409360780496,0.892840884894531,0.8558730351765232,0.7004971891299404
test/11,tax,0,,0.6776317967806952,0.9177540844177231,0.9089428710373564,0.9386491445620272,0.9343493218352866,0.8872341124038874,0.8814932120485017,0.9090931969112904
test/11,service,0,,0.694650749748824,0.9545321405668491,0.9598762037291828,0.9887969841010876,0.9902164238974742,0.9563870321229094,0.9430269273919317,0.9657641229709247
test/11,discount,0,,0.9120951732650179,0.98209269637511,0.9845956798771746,0.991801973946677,0.9878364023398067,0.9702674065110531,0.9744766618561862,0.9867999103714021
test/11,total,0,,0.8885819542547237,0.9556307232370137,0.981894248125281,0.964200856080761,0.9079232949679132,0.9107394634826647,0.9864712355532637,0.969916947254149
test/11,cash,0,,0.7657667485090668,0.29747347598093427,0.32222116057234723,0.46046559001930254,0.3559861453750706,0.29311590108338365,0.45176559531858734,0.35823837146403525
test/11,change,0,,0.849786481961088,0.980255699584555,0.8272175475878398,0.9072864723089255,0.9729310893704852,0.8430479656382225,0.7918567706565116,0.8616185899359026
test/11,card,0,,0.8924657167388287,0.8640729456544972,0.8762050845283798,0.9526108921294656,0.933808435892421,0.8915908851215112,0.8266917498393926,0.8656408520623622
test/12,subtotal,1,binding_absent,0.6061941615970455,0.7436722872606396,0.5939457892531509,0.2910661196050316,0.8302242286754865,0.8193031928246676,0.7609609872098727,0.6295269132508081
test/12,tax,0,,0.6776317967806952,0.9266841876287296,0.8402158112436361,0.5617475214379885,0.902180061761574,0.8023864454144173,0.8351986158543756,0.8525640825696769
test/12,service,0,,0.694650749748824,0.9579918450894431,0.9463049840195603,0.9760969653757339,0.9881516115806166,0.9455937215662463,0.9427897023315147,0.954244004616235
test/12,discount,0,,0.9120951732650179,0.9825257634952858,0.980630841374126,0.9884971187303917,0.9867085100180608,0.965820668675576,0.9767357258936833,0.9830156409712879
test/12,total,0,,0.8885819542547237,0.9583359378467707,0.974778772110032,0.9559517554827299,0.9510715119352973,0.8921164584599568,0.9831868642861986,0.9648028119802358
test/12,cash,0,,0.7657667485090668,0.9539061956099025,0.9019597453951447,0.814070914409439,0.9077415465050508,0.8967486147030906,0.898399043665506,0.9045325204956021
test/12,change,0,,0.849786481961088,0.982680445653922,0.8493391991153005,0.973622932415912,0.985674586639296,0.8736948565053472,0.8765573612713623,0.8721390646668499
test/12,card,0,,0.8924657167388287,0.2738804935937641,0.49850729125569815,0.712758857622014,0.43027031954541245,0.5188150734427687,0.5976161992432697,0.4381131796134891
test/13,tax,1,binding,0.6776317967806952,0.7485550706328972,0.24972780181329043,0.13314871372192807,0.46905507323317275,0.24454110739268328,0.5225370696812083,0.2382849400220836
test/13,service,1,binding_absent,0.694650749748824,0.5630767465247238,0.7007571531866856,0.9054618566520494,0.29696344056480956,0.697593889861369,0.2383909172354901,0.5818798830697325
test/13,discount,0,,0.9120951732650179,0.9341007216194676,0.9827378372585032,0.9830482598257225,0.9531365433828035,0.9646309275360571,0.9862287702819981,0.9662970764064601
test/13,total,0,,0.8885819542547237,0.9447507360765027,0.9725468505238394,0.9824419055960164,0.9820514303267395,0.9012085910795199,0.8585900011060997,0.9625700391036368
test/13,cash,0,,0.7657667485090668,0.8394767418288228,0.8994829421345515,0.9604580220691099,0.9176494220293033,0.8867893384217085,0.5826669892735956,0.8551468452612969
test/13,change,0,,0.849786481961088,0.6410969062059668,0.8492189427018821,0.9226760560860505,0.886094911581344,0.8580763388375097,0.8010014058243342,0.8157288995216663
test/13,card,0,,0.8924657167388287,0.937752688452709,0.9519514994598556,0.9092633388234664,0.8821748203968357,0.9651098056664017,0.9659201332618981,0.9539111500160068
test/14,subtotal,0,,0.6061941615970455,0.7771469899966976,0.9093787978739098,0.991677521267265,0.9749457458391058,0.961843845401532,0.8134045080753955,0.926045929629098
test/14,tax,1,binding,0.6776317967806952,0.39483971022900805,0.08639419627085092,0.11758645141524113,0.2681142012855129,0.09616665475112847,0.20584580553588416,0.08507827249910102
test/14,service,0,,0.694650749748824,0.6754604284683589,0.9646374518885111,0.972790946101291,0.3465833987528634,0.9521862596131818,0.8980149125135085,0.9598659142192918
test/14,discount,1,binding_absent,0.9120951732650179,0.4053582639787026,0.8142022700222236,0.8657765278373771,0.27959444884980816,0.7021164344471996,0.4524823995564839,0.8577947347958149
test/14,total,0,,0.8885819542547237,0.9572417616620551,0.9884949933942943,0.992026327602619,0.9723755939814948,0.9461389475249312,0.9823813488038564,0.9843515335365801
test/14,cash,0,,0.7657667485090668,0.8424728632004745,0.9584249728938051,0.9856004117648519,0.7000507260151219,0.9394956469918481,0.945557252715869,0.9402973278896386
test/14,change,0,,0.849786481961088,0.48777495181205277,0.8980486345772621,0.9517662372554291,0.7785419511634346,0.8981821934494695,0.7987590283835199,0.8525716834434047
test/14,card,0,,0.8924657167388287,0.9191327536547416,0.8458637075199336,0.8946798839052599,0.8799668779214368,0.8794382507213794,0.8601295075210896,0.8606544106756545
test/15,subtotal,1,binding_absent,0.6061941615970455,0.32654514725184813,0.4358523902677425,0.15507653032567836,0.1627965044215535,0.6663834144581224,0.46723841905883057,0.3812498622397335
test/15,tax,0,,0.6776317967806952,0.8225226440702467,0.8955775062275743,0.8709666654148585,0.8578103300580305,0.8831093353426115,0.9234195447012775,0.8975344355740366
test/15,service,0,,0.694650749748824,0.9356113175850972,0.9764714523444115,0.9720240224229127,0.9763639501779832,0.977157995545312,0.9813590965156223,0.9750429120998086
test/15,discount,0,,0.9120951732650179,0.9816836390270507,0.9976854685063361,0.992487851515948,0.9792283327724234,0.9946409624403418,0.9977958577490633,0.9922451871301745
test/15,total,0,,0.8885819542547237,0.9440259739501468,0.9802335475755,0.9945840503000887,0.981143449528468,0.9075110031766142,0.978204641809872,0.97052073110283
test/15,cash,0,,0.7657667485090668,0.8454520977542156,0.9772767556296167,0.9906264293054848,0.9805219323332227,0.9654243313216485,0.9240333934895631,0.9726604126957971
test/15,change,0,,0.849786481961088,0.2888266764162101,0.5441781997316572,0.656439241969612,0.5799607695582616,0.572622454088229,0.46022307589129524,0.6356265628092134
test/15,card,0,,0.8924657167388287,0.9437254368670004,0.9137037135610726,0.8528405716727274,0.9153909762255104,0.9227941894770096,0.8854488599804943,0.9221487043899973
test/16,subtotal,0,,0.6061941615970455,0.753338546689108,0.9223774398542021,0.9894550042227857,0.9881766218926953,0.9692164928057745,0.7699197468728088,0.9182365818567028
test/16,tax,1,transcription,0.6776317967806952,0.004484943719676146,1.7501384454803395e-24,0.007871987526094738,0.02862416330461327,8.560777961491756e-23,3.374112697280893e-06,6.3236524534094786e-27
test/16,service,0,,0.694650749748824,0.8099077620135573,0.8741819641210554,0.9512372030352441,0.9377555100253595,0.8801809007705023,0.8808009827025358,0.8807780441660964
test/16,discount,0,,0.9120951732650179,0.9831022855989211,0.9804128218519302,0.989777413944518,0.9891249673926107,0.9696091190636505,0.9844747949951344,0.9879063258097668
test/16,total,0,,0.8885819542547237,0.9471327458922235,0.9946327557481125,0.9902109127345331,0.9789914369781951,0.9724723957356265,0.9760145961342095,0.992738556830945
test/16,cash,0,,0.7657667485090668,0.8855131870275446,0.954506607721166,0.9904327264115157,0.9640015356179524,0.9405658438124145,0.9319965103056222,0.9498963006080645
test/16,change,0,,0.849786481961088,0.822531938854054,0.9828226584575611,0.9959060111076177,0.9515527716917279,0.980145984925999,0.9556611992656476,0.9696671167195713
test/16,card,0,,0.8924657167388287,0.8414767142074461,0.8045807608026856,0.8959478579604531,0.8860427295857997,0.8354915215860892,0.8253587548169952,0.8165146807675125
test/17,subtotal,0,,0.6061941615970455,0.7544800042720908,0.7256997655352581,0.9775298591209135,0.9852617023937881,0.8778483277684282,0.8335051184208311,0.6654087397428843
test/17,tax,0,,0.6776317967806952,0.9655858693426023,0.965474721082859,0.9276976227048658,0.9502430369401288,0.9596308979699183,0.9689158782227798,0.9638989671797946
test/17,service,0,,0.694650749748824,0.9617822365120238,0.976752390203004,0.9941247851015783,0.9937622896108581,0.9768695843766105,0.9764176060213364,0.9770886155501385
test/17,discount,0,,0.9120951732650179,0.9831119706415617,0.9797486670917797,0.9930424792744076,0.9900801470735848,0.9607586663213866,0.9713871569002437,0.9827571992840088
test/17,total,0,,0.8885819542547237,0.9450742126541647,0.9604174573250835,0.9755945208070141,0.9768043774588704,0.841027196814939,0.9721477783278873,0.9490686911636514
test/17,cash,1,binding_absent,0.7657667485090668,0.3304111530469666,0.3027090944263998,0.32149542482321697,0.38218905132070463,0.28904517823682097,0.448596415058526,0.30005078249464356
test/17,change,0,,0.849786481961088,0.9763769171100094,0.9536621256070787,0.9548730566254914,0.9311239984542692,0.9671680422661332,0.9694236571851409,0.947999405410058
test/17,card,1,miss,0.8924657167388287,0.9574416697809761,0.9546137700526981,0.9303391187138282,0.9279681861221318,0.9619958297308029,0.9481680464641443,0.9551866402534426
test/18,subtotal,1,binding_absent,0.6061941615970455,0.7624708999872721,0.6757793278866019,0.7874563316663591,0.8700523487069766,0.8457418875929057,0.8301242043951028,0.6266651560453473
test/18,tax,0,,0.6776317967806952,0.9704064783393277,0.9772479768251056,0.9631300602486919,0.964521005926514,0.9721208064461097,0.9744871580657752,0.9724803348096699
test/18,service,0,,0.694650749748824,0.9588558311263007,0.9791681730803772,0.993540175465318,0.9939349848798686,0.9786046872716275,0.9718264447415945,0.9769775406345533
test/18,discount,0,,0.9120951732650179,0.9831994100147892,0.9919573300024543,0.9851453719409531,0.9717706490146406,0.9849676164016177,0.987712615649189,0.9910704468958211
test/18,total,0,,0.8885819542547237,0.9524102734970433,0.9674300621440347,0.9460616902430926,0.9375207879711573,0.8589289748046111,0.9807924456124929,0.9537685688816445
test/18,cash,0,,0.7657667485090668,0.8206742607386343,0.8393215821955478,0.8424625277084117,0.8154699677809734,0.7943726632364569,0.920498084733576,0.7962505583866297
test/18,change,0,,0.849786481961088,0.9791874721928935,0.9558540817756447,0.9804212143848131,0.9729310893704852,0.9659914020144902,0.9665113337838023,0.9572279484674262
test/18,card,0,,0.8924657167388287,0.9426443630978918,0.9338408687365846,0.9521142182078348,0.9530967330157933,0.9430809747372262,0.901324485957174,0.9398897675850532
test/19,subtotal,0,,0.6061941615970455,0.45770781551091855,0.11658130976016219,0.12018441931396451,0.1812466728151714,0.3153294674790286,0.1331459323309659,0.21051142080576474
test/19,tax,0,,0.6776317967806952,0.772264028960367,0.9484490355059234,0.9345516666066565,0.44690168112233286,0.9190248840795048,0.8191797589439638,0.9743701341247677
test/19,service,1,binding_absent,0.694650749748824,0.06621004624518786,0.4005866545015812,0.22782817109818784,0.0963607656485429,0.3775817519139046,0.21257857622876028,0.4259892719210263
test/19,discount,0,,0.9120951732650179,0.9320304910173565,0.9462269958299323,0.9529759548636987,0.9531365433828035,0.9102208121857908,0.9466274778219977,0.9573223953405835
test/19,total,0,,0.8885819542547237,0.9548610650240302,0.9899512410905884,0.9951979498683441,0.9547893934374093,0.9456377654215844,0.9889018579561829,0.9814993361114993
test/19,cash,0,,0.7657667485090668,0.9703679301633662,0.914187400768163,0.861578249030427,0.9032802322394372,0.9064849511841377,0.8958879816112371,0.9217446073070809
test/19,change,0,,0.849786481961088,0.9772450277633439,0.9545202461902503,0.9837858903691931,0.9824388297680574,0.9705390369890624,0.9690644308330739,0.9488639114190037
test/19,card,0,,0.8924657167388287,0.9361802896553221,0.9045472443916319,0.9057127586561492,0.8821748203968357,0.9243948751029509,0.8746823652794451,0.9100494010889943
test/20,subtotal,0,,0.6061941615970455,0.7892310639122772,0.9383041964285656,0.9907139673021408,0.978814090575344,0.9737202080701006,0.8453220460636043,0.9326236772940485
test/20,tax,1,binding,0.6776317967806952,0.6122677524322018,0.03141417335038211,0.015921821119765117,0.3956734067770491,0.031171423394962545,0.25598710134903113,0.04067439850614646
test/20,service,1,binding,0.694650749748824,0.6039051976300039,0.0023867806118596387,0.008611635484475516,0.23273943176810327,0.0031048228148688713,0.14401610772656756,0.003063221183357163
test/20,discount,0,,0.9120951732650179,0.9614541551249044,0.9810536642962365,0.945461722675473,0.9346713965482661,0.9673637520124562,0.9850115164916827,0.9759448407794876
test/20,total,0,,0.8885819542547237,0.9563889025323813,0.9900323741707528,0.9955387998210252,0.9595574128228107,0.9475363572155444,0.9894246925616166,0.9817736303011961
test/20,cash,0,,0.7657667485090668,0.970314182904677,0.9416768793135215,0.9152591571063414,0.9032802322394372,0.9439880962225988,0.9435731299845368,0.9343878463128829
test/20,change,0,,0.849786481961088,0.9784417916911441,0.964195480366571,0.9870870897103965,0.9839606312902092,0.9780338912605948,0.985264989143568,0.9556497572239063
test/20,card,0,,0.8924657167388287,0.9530314633520882,0.9616343841814228,0.9325614872401878,0.9509621861744111,0.9735685778879793,0.9632964373042431,0.9529986233160305
test/21,subtotal,1,binding_absent,0.6061941615970455,0.6851016026636153,0.19742270793322803,0.5828530530562213,0.9120140155791049,0.4514252946504629,0.26353504027929875,0.25896750593182183
test/21,tax,1,binding_absent,0.6776317967806952,0.13459572487942253,0.012653828182375551,0.07593338909721799,0.20708730786950413,0.010206743659386152,0.009721276751839496,0.0035772486814496206
test/21,service,1,binding_absent,0.694650749748824,0.47313755896701354,0.41012328036659806,0.30667946159751697,0.1759705517241801,0.3856236665833962,0.09194535891084853,0.21844496340626396
test/21,discount,0,,0.9120951732650179,0.8415873993737478,0.9840376384226827,0.8904639713590181,0.8846733199179955,0.963491978434182,0.9835363462096173,0.9509451092187162
test/21,total,0,,0.8885819542547237,0.9439623616549214,0.9769997307760627,0.9822008471088561,0.9820514303267395,0.901304230143167,0.9642177118979266,0.9736181393204693
test/21,cash,0,,0.7657667485090668,0.6976340647861664,0.9111921310338655,0.9179278652366538,0.4742520433048791,0.8895193881144751,0.71992550986225,0.9200346171289896
test/21,change,0,,0.849786481961088,0.7761410222122823,0.9430133129379309,0.9713690696939861,0.9345089364049488,0.9456888327712922,0.8460299692165799,0.9419273777269513
test/21,card,0,,0.8924657167388287,0.8517610749133263,0.9080586962751576,0.9346578399885648,0.9286610661773491,0.9255462352717656,0.9271051866544654,0.9044611133485305
test/22,subtotal,1,binding_absent,0.6061941615970455,0.4803347915636198,0.5359984906700769,0.15154949547655774,0.26388426879436544,0.76385466084755,0.5998841345836371,0.47949481814738204
test/22,tax,0,,0.6776317967806952,0.8408058794975583,0.8883679154471061,0.9028066050022912,0.9001634784882592,0.8773763034952611,0.9112875646608124,0.904289402784316
test/22,service,0,,0.694650749748824,0.9565288760891484,0.9759986781821506,0.9895421632880789,0.9902164238974742,0.9779032977209996,0.978985627228751,0.9803109927647629
test/22,discount,0,,0.9120951732650179,0.981742328463934,0.9901917414860645,0.991906421594226,0.9883305153183615,0.9828434922102657,0.989253107806472,0.9904966974112278
test/22,total,0,,0.8885819542547237,0.847547173071905,0.9621440977150073,0.9636728117725805,0.8238470875088623,0.8286417860671084,0.9582088950652503,0.933852451865537
test/22,cash,1,binding,0.7657667485090668,0.7209793359866526,0.25563160300367455,0.31056196140212367,0.7653865161557654,0.2666098828046686,0.4462898082602818,0.327201394690343
test/22,change,1,miss,0.849786481961088,0.9156972952177493,0.6583211167231106,0.323128207468649,0.44817979191394236,0.6924726060032347,0.6438363943060003,0.6957979726999819
test/22,card,0,,0.8924657167388287,0.9411116513482749,0.9548474258415571,0.9414564169250755,0.9163452453898081,0.9647746847895041,0.9406031896476333,0.9502087586056177
test/23,subtotal,1,binding_absent,0.6061941615970455,0.1811403511957004,0.016741487251826743,0.11199202916620994,0.16657992017742718,0.06195124812480111,0.028616721205680252,0.032829490787568735
test/23,tax,1,binding_absent,0.6776317967806952,0.04784688166488126,0.028306695785566414,0.1307828354511328,0.15289959093741587,0.02499131905721736,0.009855238855488344,0.010170451203108813
test/23,service,0,,0.694650749748824,0.5073000484383582,0.790056584854376,0.9446489932464796,0.8456457473416147,0.8017431878529528,0.8091721046049382,0.7975426271387013
test/23,discount,0,,0.9120951732650179,0.9785876721754616,0.9940805357683132,0.9925669780353814,0.9755776871262358,0.9885531181946102,0.9944213085091296,0.9900061749784632
test/23,total,0,,0.8885819542547237,0.9455805818115655,0.9854619656772742,0.995566115105535,0.9758013242956323,0.9291743314940073,0.9802677787051903,0.9774642025955197
test/23,cash,1,binding,0.7657667485090668,0.5479021841283296,0.06866908489495936,0.020797373848502675,0.3675011713324275,0.059245283039300205,0.23806883471726414,0.06631221670274594
test/23,change,0,,0.849786481961088,0.24053935376002017,0.7897573599678851,0.9142192505396622,0.5799607695582616,0.7788339794016579,0.6145952831689069,0.7106121024023566
test/23,card,0,,0.8924657167388287,0.8540436737227564,0.8737061589998825,0.9290094984959887,0.9362784725446157,0.9030394308738561,0.8967218863489589,0.8900778374584597
test/24,subtotal,1,binding_absent,0.6061941615970455,0.5660762572460305,0.06839595479389445,0.08233780054957829,0.2000502938453015,0.20059793788714717,0.03753013960449447,0.0450044797203158
test/24,tax,0,,0.6776317967806952,0.6924067036060076,0.8368756109258672,0.8295756937132196,0.7775593148958878,0.812958969270075,0.8599942118160455,0.7952263818401994
test/24,service,0,,0.694650749748824,0.9550861245983234,0.97262828225351,0.9863326749680192,0.9881516115806166,0.9745480599505876,0.982367398960402,0.9786232191194804
test/24,discount,0,,0.9120951732650179,0.9816131154891937,0.9901311496727211,0.9944582042173207,0.9788707461367224,0.9822700816450045,0.9922889488492903,0.9903480541601436
test/24,total,0,,0.8885819542547237,0.9528810446047157,0.9463588360599884,0.9514921285236406,0.9579018824430603,0.8116845388967877,0.9659933210604801,0.9444015648595252
test/24,cash,1,binding_absent,0.7657667485090668,0.3771284335559901,0.324135182777341,0.2920784297836315,0.38218905132070463,0.3154794465224873,0.4884810208426493,0.3338387760637251
test/24,change,0,,0.849786481961088,0.9794162209687952,0.9515957571232742,0.9618553875563302,0.967932008519352,0.9684443832047024,0.9800153965071879,0.9612375612306504
test/24,card,1,miss,0.8924657167388287,0.8422184805623201,0.8168096727550159,0.7881258733035821,0.8353173295418646,0.8379590394981301,0.8109844905246918,0.8272779343928855
test/25,subtotal,1,binding_absent,0.6061941615970455,0.4661963752224393,0.5632941249040428,0.15244377542767867,0.24852252034348923,0.7829488161910669,0.6063859352313878,0.49857426577213826
test/25,tax,0,,0.6776317967806952,0.5414087245687894,0.679595730245635,0.8894283901898229,0.8588856430008602,0.6634499553189193,0.7142955063322024,0.6887140845581333
test/25,service,0,,0.694650749748824,0.9296320163015236,0.9641103430660647,0.9648116123609849,0.9645930342465711,0.9673683420238636,0.9713862579498612,0.9693795076753173
test/25,discount,0,,0.9120951732650179,0.9810599136012964,0.9921943652557523,0.9904234950657077,0.9788707461367224,0.9859976443911772,0.992384084794829,0.9901957843111031
test/25,total,0,,0.8885819542547237,0.85332728436114,0.9742298090392918,0.9848020607347588,0.8226342003851748,0.8725099719507987,0.9688918512631951,0.9482450639783393
test/25,cash,1,binding,0.7657667485090668,0.5470260379018131,0.0052834827221656736,0.015768297297633144,0.48744287585931606,0.00634130556825747,0.102603164740955,0.005131003685787158
test/25,change,1,miss,0.849786481961088,0.840310965568501,0.4478963907348328,0.19225404066541738,0.33771850357174793,0.48553744315411335,0.4298899395288813,0.4921859506555057
test/25,card,0,,0.8924657167388287,0.9045028955466738,0.8896473015016997,0.9061203995226372,0.8952457417503681,0.9088873321087767,0.8681224448433413,0.8990115221708961
test/26,subtotal,0,,0.6061941615970455,0.6823136906834373,0.6635146632983309,0.14826698722904377,0.4000275983818807,0.8506884340023182,0.7239513000326979,0.6477044668448712
test/26,tax,0,,0.6776317967806952,0.9595145019571111,0.9530551049744962,0.9086687173106105,0.9353988793408441,0.944297954099327,0.9516375811884676,0.9526437526594215
test/26,service,0,,0.694650749748824,0.9252324821624025,0.9544235863222281,0.9644098201047006,0.9645930342465711,0.9551481673361811,0.9457756747818571,0.9560691941136741
test/26,discount,0,,0.9120951732650179,0.9833614749339827,0.9902753510808492,0.9942482945034714,0.9900801470735848,0.9828072337963636,0.9906162789750852,0.99137323963955
test/26,total,0,,0.8885819542547237,0.9571656740234404,0.9776571622662524,0.9690486495991162,0.9551781828073997,0.9026249192287477,0.9778012771810053,0.972301518934495
test/26,cash,0,,0.7657667485090668,0.8243059989021054,0.7949999874682726,0.7107181886323298,0.8309114235774626,0.7701816041137057,0.8526499449106718,0.8058673047774947
test/26,change,0,,0.849786481961088,0.979676621441821,0.9195632621553005,0.9574024872971263,0.967932008519352,0.9353163294759874,0.9372503634823128,0.9273994711436387
test/26,card,0,,0.8924657167388287,0.9574634249384967,0.9723830230561273,0.9259818236184697,0.9279681861221318,0.9783025050685639,0.9684201426288167,0.9664970244486183
test/27,subtotal,0,,0.6061941615970455,0.750081841276141,0.882319114810853,0.9886043731452809,0.9881766218926953,0.9531374409958333,0.752541627406305,0.8859460922259212
test/27,tax,0,,0.6776317967806952,0.7865702113975435,0.9560093840967671,0.9912041378473649,0.8888821182882929,0.9263527945736129,0.9351897477145772,0.9339229553128724
test/27,service,1,binding_absent,0.694650749748824,0.04934190440607654,0.03564225024257779,0.023955271055604906,0.08464086868597002,0.04312621993740023,0.049160186785876706,0.09713395513236388
test/27,discount,0,,0.9120951732650179,0.9155649093935909,0.9711207726728548,0.9766680443662289,0.9478207976503898,0.9432207689548909,0.9764335052505577,0.9581815345593234
test/27,total,0,,0.8885819542547237,0.94246086180691,0.9842772347680478,0.9861997553072492,0.9800926294035496,0.9243350333805599,0.9759273873599091,0.9776312078494608
test/27,cash,1,miss,0.7657667485090668,0.9622535399087905,0.9313791745379556,0.8938815345150227,0.8916916812532222,0.9304017632664565,0.9293626304461556,0.930845889538189
test/27,change,0,,0.849786481961088,0.9775819715002463,0.9502833261337102,0.982855313332998,0.9824388297680574,0.9690433253010602,0.977554855094757,0.9579973884247698
test/27,card,0,,0.8924657167388287,0.9491842344291357,0.9409073685556343,0.9140839721585333,0.9466856015361749,0.9590760644343285,0.9511488707987024,0.9555283460358307
test/28,subtotal,0,,0.6061941615970455,0.7850818053596926,0.9163137006150289,0.9768534841067203,0.9363930643823599,0.966910307764022,0.781350739047569,0.9407618464478781
test/28,tax,0,,0.6776317967806952,0.5019739879002336,0.9476888126741081,0.9858518535254481,0.36915845510442497,0.910596162818576,0.8430625185914931,0.9192295124605857
test/28,service,0,,0.694650749748824,0.7155955660295539,0.950543086139782,0.9873219634926472,0.8446823957262273,0.9411798685884718,0.8062685480961342,0.9739186825389746
test/28,discount,0,,0.9120951732650179,0.9842579087620608,0.9654898601006452,0.9843603213590272,0.9868913325008941,0.9319568278536495,0.9511832380510126,0.9721910026163486
test/28,total,0,,0.8885819542547237,0.958515830264183,0.9930137258045995,0.9943431968004321,0.9724569291262115,0.9609675178461814,0.9923829612364585,0.9849671124781263
test/28,cash,0,,0.7657667485090668,0.9538854274599864,0.7992502068132852,0.6560888443041389,0.9003133668059828,0.7756739504582499,0.7718115535538916,0.8268022729176314
test/28,change,0,,0.849786481961088,0.9782024417090713,0.8885323698336721,0.9744825320495927,0.9839606312902092,0.9138281276887232,0.9249112089903895,0.8991479374728211
test/28,card,0,,0.8924657167388287,0.9526729766014426,0.9447983460510676,0.9242445827475666,0.9509621861744111,0.9615047952657758,0.9380579156445055,0.940935281833706
test/29,subtotal,0,,0.6061941615970455,0.7866564353036979,0.907231684904503,0.9896031146886286,0.978814090575344,0.9616250705512058,0.8327810241805963,0.8952394374289824
test/29,tax,0,,0.6776317967806952,0.7749767845400665,0.9770958366670849,0.9836587374047763,0.6641698514952844,0.9598939364556924,0.9338630512796933,0.9663870424781267
test/29,service,0,,0.694650749748824,0.9325009996488776,0.9222956909643788,0.9539474903322084,0.9645930342465711,0.927390009587564,0.9096049747420991,0.9331048646103012
test/29,discount,0,,0.9120951732650179,0.9794803999500618,0.9815680222032657,0.9753793169954273,0.9755776871262358,0.9696804525476754,0.9761031327768608,0.9816008071123444
test/29,total,0,,0.8885819542547237,0.9584010734834169,0.9904435801416945,0.9845920836622951,0.965026234426796,0.9542403287319882,0.9803982352280246,0.9891018860418486
test/29,cash,0,,0.7657667485090668,0.9590442302115672,0.9367914460247655,0.8900302356558042,0.916155946999424,0.9392309365096462,0.9313052627807266,0.9251029149955451
test/29,change,0,,0.849786481961088,0.982060180269679,0.9329430694663934,0.9799559978904977,0.9839294647820188,0.9552805692709353,0.9563877349155862,0.9386837437067403
test/29,card,1,miss,0.8924657167388287,0.9542363835750048,0.9593477229064288,0.9162219954643768,0.9468690282436265,0.9710272661471371,0.950910495085744,0.944453849409502
test/30,subtotal,0,,0.6061941615970455,0.7377756981366637,0.825767823137387,0.9921848296128732,0.9766239760050778,0.924786061062556,0.803776981327193,0.7933869055408542
test/30,tax,1,binding,0.6776317967806952,0.6517944495594183,0.24897544115129291,0.14296936253053522,0.5329536177405153,0.23869289975452995,0.4764265763708674,0.3263266891569504
test/30,service,1,binding_absent,0.694650749748824,0.5814726117924026,0.19848948495075605,0.05697573454573876,0.4391475642332011,0.2436121422875575,0.4101570107612999,0.37331425164553755
test/30,discount,1,binding_absent,0.9120951732650179,0.08067797001252892,0.05025770383362825,0.15499047968090804,0.11913738637558811,0.03547716817756767,0.06421167727867899,0.07040293973448408
test/30,total,0,,0.8885819542547237,0.9288428579979465,0.983576889674045,0.9672858895939146,0.9331550085527076,0.932265064420204,0.9251102073865821,0.9863369758092468
test/30,cash,0,,0.7657667485090668,0.8399915201378111,0.9469794049270132,0.9808426485678702,0.9681892195806439,0.924830247435939,0.9163510482160998,0.9351415881613914
test/30,change,0,,0.849786481961088,0.7501895873457902,0.9682586006656548,0.9939333410511912,0.9146968574576896,0.9649279670408797,0.9150300830105921,0.9522021385876446
test/30,card,0,,0.8924657167388287,0.866139549179973,0.8297197431736714,0.8879100948989399,0.920791069955109,0.8516194728999618,0.8217890769985363,0.8436047972223991
test/31,subtotal,0,,0.6061941615970455,0.7302038332921836,0.6304446253313573,0.8208736384730763,0.8100933744962023,0.8449921507825947,0.5908050372430587,0.8055992013557588
test/31,tax,1,miss,0.6776317967806952,0.7177205899702997,0.7160354067091292,0.6251809012293991,0.748367348759271,0.6879799880175985,0.6823699749756327,0.7131537354059166
test/31,service,1,miss,0.694650749748824,0.6638710321969646,0.5771459805000273,0.558845750177134,0.896342899289821,0.5397114921424834,0.4558143809216871,0.6255760194532064
test/31,discount,0,,0.9120951732650179,0.9573239943081676,0.9681894168147346,0.9348838852226097,0.9341675365269149,0.9454109885491692,0.956980276465067,0.9707488209944992
test/31,total,0,,0.8885819542547237,0.9470779305270344,0.9786007560210523,0.9786622162202753,0.9437909693344195,0.9041459000911685,0.9784279114228035,0.9703870680324552
test/31,cash,0,,0.7657667485090668,0.9190007923182787,0.8585027100213837,0.9343021247603532,0.9362784725446157,0.8495788865903756,0.8650120808364411,0.8663523687195189
test/31,change,0,,0.849786481961088,0.9767834747327415,0.9276175126078504,0.9581604958288159,0.9620636323757477,0.9504354314066915,0.9459139424225498,0.9228615434902102
test/31,card,0,,0.8924657167388287,0.9494158774275702,0.9643084257514144,0.9424114606052977,0.9466856015361749,0.9734271636161653,0.963584669940877,0.9574477598319802
test/32,subtotal,0,,0.6061941615970455,0.7275910724898347,0.6947091006834815,0.9775347826423787,0.9702055220286891,0.8592180322081016,0.7593766829701809,0.6705843814038945
test/32,tax,0,,0.6776317967806952,0.9439484637805865,0.9681018860864086,0.9501439797295997,0.936098314271422,0.9605341795404073,0.9692352600876477,0.9607584779751845
test/32,service,0,,0.694650749748824,0.954580058728364,0.9811886395442534,0.9918912807865815,0.9902164238974742,0.9814076704730389,0.9844023020921377,0.9828429680118046
test/32,discount,0,,0.9120951732650179,0.9825681357153603,0.9942973100181576,0.9972777055475103,0.990936429688569,0.9886367482654087,0.9943653961247281,0.9927843811403526
test/32,total,0,,0.8885819542547237,0.9370702016260495,0.9360723945879645,0.9526844752409711,0.9427165486557598,0.7802567999856175,0.9435852813890392,0.9376399627288157
test/32,cash,0,,0.7657667485090668,0.8429447576960173,0.9622668562341131,0.9888250238958493,0.9790242523246534,0.9471794549834176,0.8905075785164611,0.9597028485938095
test/32,change,0,,0.849786481961088,0.8009722731854008,0.9291222677182971,0.9799360669390305,0.9319879682120881,0.9354639437458168,0.8210746117348656,0.9366066844150485
test/32,card,0,,0.8924657167388287,0.9363450101289558,0.9493007868384415,0.9459935393295866,0.9304777984688208,0.9526558152620198,0.9562879341786262,0.9613226511196035
test/33,subtotal,0,,0.6061941615970455,0.6894222258924837,0.8621656540833873,0.9232414956619311,0.5158226256989188,0.9381193191714207,0.6620169596633169,0.9072757741675447
test/33,tax,1,miss,0.6776317967806952,0.8318157662181779,0.8797195153434649,0.8406626121581315,0.8336543081566444,0.8682235692956976,0.8880809819538946,0.8474140800487104
test/33,service,0,,0.694650749748824,0.3017256995099611,0.9035812559447555,0.9489468739887892,0.1888675941091387,0.8713110182884201,0.7077817506552286,0.8962638919547934
test/33,discount,0,,0.9120951732650179,0.9493361756411762,0.9627498281798474,0.937409698185312,0.9292657109906018,0.9407454671209305,0.9677474921755305,0.9727185848025395
test/33,total,0,,0.8885819542547237,0.957281147520886,0.9812547104580766,0.987269322714747,0.9583565513764936,0.9155665758874587,0.9816310630271805,0.9747514952689907
test/33,cash,0,,0.7657667485090668,0.9202666200961879,0.8577003684508098,0.9261298603656815,0.9362784725446157,0.8460147184727345,0.8811216431936931,0.8627966514599257
test/33,change,0,,0.849786481961088,0.975445203324223,0.937925432188481,0.9146441977357982,0.937955283423908,0.9567437140200789,0.96693880785045,0.9372681532967883
test/33,card,0,,0.8924657167388287,0.9501827719356827,0.9586977807817634,0.9318426253601152,0.9466856015361749,0.9694845626008763,0.961802654645322,0.9530217744357136
test/34,subtotal,0,,0.6061941615970455,0.7451702698685277,0.8830391637946035,0.9763573809987496,0.9510959460608194,0.9566508167201577,0.6638131703095982,0.8989560324287247
test/34,tax,0,,0.6776317967806952,0.6626564920157023,0.8846823513844023,0.7332090352186619,0.3673449039180634,0.8113543420584723,0.876329633942723,0.8468314774673485
test/34,service,1,binding_absent,0.694650749748824,0.11704983677182657,0.3127377147912548,0.15621222596998682,0.10967720048726341,0.3056803949866475,0.27684021231053674,0.3367828826011089
test/34,discount,0,,0.9120951732650179,0.8647517790177089,0.9314386788448241,0.9143768634378959,0.8978098823472838,0.8888805579505562,0.9396251948421266,0.9404873257717075
test/34,total,0,,0.8885819542547237,0.9466374249319602,0.9841857073020468,0.9845348706588009,0.9844307376530848,0.9324116998249735,0.9584765351803528,0.9837563785016371
test/34,cash,1,miss,0.7657667485090668,0.8088777874025777,0.8901587014195858,0.8820002048389725,0.7891718002101705,0.8901142196220384,0.9257949043179464,0.8596750433115401
test/34,change,1,miss,0.849786481961088,0.9761681281344927,0.9879026443383029,0.986587320937755,0.9311239984542692,0.990384682001491,0.9957459484517901,0.9678443746019657
test/34,card,0,,0.8924657167388287,0.9077748295370319,0.9738168138912012,0.9603010978613546,0.9010804219452011,0.9782063357357997,0.982210238921795,0.9478250714116997
test/35,subtotal,1,binding_absent,0.6061941615970455,0.4160670722021306,0.3029303946776177,0.1441993887851498,0.19464641333871624,0.583394504479636,0.4594324135879973,0.3275769347171147
test/35,tax,1,binding_absent,0.6776317967806952,0.19303314666895308,0.04865140381979508,0.08034838472345411,0.1293358665572391,0.04931417041087944,0.08687979203925976,0.026537207661627246
test/35,service,1,binding_absent,0.694650749748824,0.3514735577229644,0.0023891251092067784,0.006150043903911439,0.14890969349013397,0.003614969562293361,0.0979644445566654,0.0010327110696791066
test/35,discount,0,,0.9120951732650179,0.7298262533267371,0.9109309559411874,0.9437161768433463,0.8619247726648493,0.8541109940606905,0.906215848510055,0.8865826188862249
test/35,total,1,binding,0.8885819542547237,0.8713370131548882,0.09448345641279113,0.0206787111927512,0.6188252987485983,0.029841167807992935,0.3897961737855509,0.1267722531519787
test/35,cash,1,binding,0.7657667485090668,0.6691525330716492,0.3579353177764377,0.17480611111692615,0.43233444463723514,0.3423163187446319,0.443045036310511,0.6263302626018383
test/35,change,1,binding,0.849786481961088,0.47446231445387804,0.0022293775579779024,0.007945068706734289,0.6410668523840253,0.004140521622403325,0.13889450687224203,0.003008997594954741
test/35,card,0,,0.8924657167388287,0.838039941533957,0.822708814993148,0.9143801145236672,0.8860427295857997,0.8590925544048791,0.806670766499019,0.8155780809774097
test/36,subtotal,0,,0.6061941615970455,0.6597816225748121,0.7029732525798236,0.19237803416096896,0.3974885640678428,0.857627131747658,0.7283206819217238,0.6663293765234137
test/36,tax,0,,0.6776317967806952,0.8248569933351689,0.8546828481854923,0.9017689031827841,0.8872914894312725,0.8299173821139108,0.8277719791171124,0.84287596553227
test/36,service,0,,0.694650749748824,0.9517322092092095,0.9722878088818728,0.987861219677848,0.9886711588331224,0.9730044726451972,0.9643667550980404,0.9705302564075743
test/36,discount,0,,0.9120951732650179,0.9803223193646994,0.9891768798358928,0.9863681766628917,0.9825243263519263,0.9805478821808753,0.9828215521774127,0.9869242892658306
test/36,total,1,binding,0.8885819542547237,0.6846709910557024,0.016043812079488354,0.015749701990262776,0.6339364044876272,0.005213816984490953,0.1772975346174916,0.019627141450268323
test/36,cash,0,,0.7657667485090668,0.5476394196325859,0.7859945627604087,0.9238121678065444,0.47673214972745254,0.7592453393611666,0.5009489805543662,0.8676071028513216
test/36,change,0,,0.849786481961088,0.272303112681316,0.71268659692272,0.9127092440663527,0.6400676666260974,0.7107999884680198,0.6286872528758961,0.6132520615150064
test/36,card,0,,0.8924657167388287,0.8792974643878417,0.906546471337863,0.917281719559208,0.871856581090856,0.9251496370867073,0.8831002157170181,0.8940329830645557
test/37,subtotal,1,binding_absent,0.6061941615970455,0.45347105183999725,0.6345789830123052,0.27599822264180257,0.13083981065077266,0.7593292684225985,0.5992798592134224,0.5786949370561518
test/37,tax,0,,0.6776317967806952,0.9368634512370131,0.9694266891933984,0.9493823882527315,0.9354328506391042,0.9631461210546204,0.9773819922417802,0.9629673234073479
test/37,service,0,,0.694650749748824,0.9530348742543008,0.975231132489766,0.991150434569122,0.9902164238974742,0.9766519640413108,0.977945801257506,0.9803244316177699
test/37,discount,0,,0.9120951732650179,0.9819934597450466,0.9942687633915607,0.9967549474670115,0.9898256890580313,0.9889081879871042,0.9938523951286101,0.9921267561919354
test/37,total,1,binding_absent,0.8885819542547237,0.9398592129943011,0.9843199132576553,0.9952834089733763,0.9746484698767797,0.9235061048822124,0.9752802071740839,0.9771627559008096
test/37,cash,0,,0.7657667485090668,0.7905058200391215,0.9300193410591824,0.9760152391729188,0.8215810184464034,0.908294824984561,0.8196812130486993,0.9495484220795885
test/37,change,0,,0.849786481961088,0.7331552766265425,0.7586797674839546,0.9335084160181123,0.9152394755881855,0.792309044766224,0.7262080848448706,0.8641198456455566
test/37,card,0,,0.8924657167388287,0.951227797532536,0.9482123039014025,0.9477721087142591,0.9226914230175313,0.9550131406144262,0.9286964020783687,0.9499813968051262
test/38,subtotal,0,,0.6061941615970455,0.5677907925093898,0.12375738583348142,0.11141744741539171,0.44223339667525347,0.3730810850617376,0.17910109344157937,0.1267569847715512
test/38,tax,1,binding,0.6776317967806952,0.7530295355787716,0.5333655398113395,0.17522987705942256,0.5188739197050104,0.5413760090764996,0.6765114369925984,0.6113428030773082
test/38,service,1,binding,0.694650749748824,0.39172099633938673,1.3079073457876293e-08,0.004288289422034735,0.18191486006236116,2.832535747843817e-08,0.0015443764730201663,3.3663198128062307e-09
test/38,discount,0,,0.9120951732650179,0.9368117110533241,0.980792711595394,0.9668386962177166,0.9437928897472506,0.963364477010998,0.9886969713111041,0.9569968710338965
test/38,total,0,,0.8885819542547237,0.9600547954582335,0.9721711734056244,0.9747617962651516,0.9599750980941121,0.892831866901123,0.9769089318596051,0.9683164501207949
test/38,cash,0,,0.7657667485090668,0.9705251973558672,0.9463313371396466,0.8880119877259744,0.8908043184417552,0.9481467562724926,0.9674340657515852,0.9414402145924349
test/38,change,0,,0.849786481961088,0.9786066800912424,0.9547361131002037,0.9844949608734407,0.978568886901855,0.9734483204075899,0.9862677101231954,0.9497598311525245
test/38,card,0,,0.8924657167388287,0.953179182745272,0.9577861928074572,0.9535940384167243,0.9466856015361749,0.9711778029161018,0.9785856439633094,0.9546724602362985
test/39,subtotal,1,binding_absent,0.6061941615970455,0.28888052762462113,0.3133083651514691,0.6772699389109826,0.22752471432826407,0.6388221321057824,0.1784477510944042,0.4748960140777959
test/39,tax,0,,0.6776317967806952,0.8065631716458921,0.7614144885020288,0.8403403364178997,0.7237274186020876,0.7761205832729908,0.885824358055553,0.8064881733721253
test/39,service,0,,0.694650749748824,0.9345412330018965,0.9341257751228714,0.9565258169073787,0.9551430368002614,0.9496540935123906,0.9666295370487101,0.947613373472844
test/39,discount,0,,0.9120951732650179,0.9142256829011786,0.8614583028329508,0.7693861357117738,0.8653425179740488,0.7889627549732571,0.8647956951156083,0.8809594358968262
test/39,total,1,binding_absent,0.8885819542547237,0.9293168148361948,7.386452205773361e-05,0.006512095307467596,0.8039209440969315,3.569726448742091e-05,0.13899376059515153,3.871254673462382e-05
test/39,cash,0,,0.7657667485090668,0.9267216214830601,0.774852531336912,0.6550568804298688,0.8144148392194895,0.7615834570077715,0.8289783426842918,0.7748901572878288
test/39,change,0,,0.849786481961088,0.9842029794639775,0.9564490124419186,0.9860249922296069,0.9817446975564532,0.9756015729150087,0.987749121361875,0.9538932803929949
test/39,card,1,miss,0.8924657167388287,0.9158166033922573,0.7445521716117178,0.5433493957801528,0.8170903206435463,0.7776789854338513,0.7833074755765933,0.7667707053532793
test/40,subtotal,1,binding_absent,0.6061941615970455,0.11844015383241538,0.002185101988703587,0.017390898562220602,0.09981410583896226,0.009277424497042577,0.01432982876450895,0.002988449924827507
test/40,tax,0,,0.6776317967806952,0.44362268297829927,0.5954475438746373,0.8942673194994079,0.887104692971112,0.5676461335470021,0.5740493586310523,0.5670257892706242
test/40,service,0,,0.694650749748824,0.8460589453488339,0.8995084871021928,0.9484820418623497,0.9508394636045925,0.9124620806517766,0.9135087465900148,0.9271623457418543
test/40,discount,0,,0.9120951732650179,0.9801640698302846,0.9888486550342033,0.9789651639272443,0.9788707461367224,0.9812125050199269,0.9894251828362086,0.9888483346334259
test/40,total,0,,0.8885819542547237,0.6605508015429017,0.9129308737373588,0.8758073681226163,0.5291900158888645,0.6448413102863156,0.8776673589700804,0.8719883047825517
test/40,cash,0,,0.7657667485090668,0.8089434926233828,0.9552852026921255,0.9847307010575063,0.7611534809618674,0.9251488001625559,0.9198205893781554,0.9417127657502257
test/40,change,0,,0.849786481961088,0.798812409129559,0.9705843058899669,0.9962384299942919,0.9390198177869804,0.9666401431761942,0.946284380572051,0.9496145468938464
test/40,card,0,,0.8924657167388287,0.9418316419755879,0.9384882926993768,0.9009705975531982,0.916863737720045,0.9430120145750703,0.9345730264780345,0.9403090707680917
test/41,subtotal,0,,0.6061941615970455,0.8587567913500426,0.9386574721773213,0.9899048854997604,0.9811019712708381,0.9735712090437575,0.8627003559664574,0.9565673738568025
test/41,tax,1,binding_absent,0.6776317967806952,0.7305850249067705,0.7965944440542841,0.39858686313707553,0.4950236361276327,0.7467494549691995,0.8530163289060493,0.8528105069363237
test/41,service,0,,0.694650749748824,0.15636798115592832,0.6403753864173329,0.354747352574979,0.17795337110152618,0.5822363273589913,0.613461646137668,0.6344296248883401
test/41,discount,0,,0.9120951732650179,0.9510880848478712,0.9711455772420217,0.9489979081934302,0.9390586299352333,0.9496739537052304,0.9775662402554369,0.9710242125000125
test/41,total,0,,0.8885819542547237,0.9798506184076796,0.9927053728264226,0.9863912484341271,0.9789968886807164,0.9625482278891637,0.9951467295690425,0.9878212649029894
test/41,cash,0,,0.7657667485090668,0.9749778175793054,0.9188675303221042,0.9512704599969604,0.9597546530745313,0.9139586103467601,0.9148123821270616,0.9258946854516934
test/41,change,0,,0.849786481961088,0.9784343745571757,0.9345897514681623,0.9843071182787776,0.9839717524107252,0.956877981275637,0.9594892486897646,0.9337887927926098
test/41,card,0,,0.8924657167388287,0.9564580041319184,0.946553640016194,0.9835725888093736,0.9853244746481078,0.9611639782174831,0.941927903366209,0.9441571584910433
test/42,subtotal,0,,0.6061941615970455,0.752020831281827,0.3966276255898508,0.982775480576873,0.9881766218926953,0.6803398449684439,0.13349456128977144,0.2770240210764138
test/42,tax,0,,0.6776317967806952,0.7061888658318235,0.8432606186242181,0.9299787321656802,0.6261554403359166,0.810364937635699,0.6470343321172695,0.8803132303809085
test/42,service,1,binding_absent,0.694650749748824,0.6094617456438689,0.6124221115506291,0.15944902272501868,0.30959923515460247,0.6104117236387878,0.5102854533461615,0.5601806558469057
test/42,discount,0,,0.9120951732650179,0.6656859573250609,0.8741726054457551,0.9429875987251862,0.8255031361247784,0.7937325328474312,0.8696429014638164,0.877876439711123
test/42,total,0,,0.8885819542547237,0.9337106150572947,0.5533425326883206,0.6802643582922209,0.9437909693344195,0.27064730076046056,0.6763478649824628,0.5966765025968473
test/42,cash,0,,0.7657667485090668,0.7674193041914819,0.788539487380535,0.9513939117347288,0.7879866073296208,0.7750015339245131,0.5519285286450559,0.9031786738651483
test/42,change,0,,0.849786481961088,0.5169158044890001,0.4194710839916002,0.435563836333917,0.6502941188264727,0.4877137261835092,0.6140093399636644,0.4339745126979
test/42,card,0,,0.8924657167388287,0.8534003197518478,0.874496239284197,0.9415989134958888,0.9362784725446157,0.895876772687149,0.8704413962655778,0.8711008212494769
test/43,subtotal,1,transcription,0.6061941615970455,0.018863751459617717,3.529844214184293e-24,0.009946813054455965,0.06765654476485367,4.684083490359389e-22,6.3988708197017075e-06,1.5207455116450916e-26
test/43,tax,1,transcription,0.6776317967806952,0.00507839447933571,3.0095928610235486e-24,0.005492712990142579,0.02030111102631521,1.1917986887953406e-22,4.444212540890533e-06,8.680104101843494e-27
test/43,service,0,,0.694650749748824,0.9294462643698153,0.9729092161452801,0.9793067964934145,0.9706414091098153,0.9734509036015117,0.9777585714697372,0.9738392023057203
test/43,discount,0,,0.9120951732650179,0.9828069986255191,0.9976776058483888,0.9898515046158456,0.9912943303634477,0.9946257840397594,0.997720731401213,0.9929550975124871
test/43,total,1,transcription,0.8885819542547237,0.04103252669625918,2.7137543670219544e-23,0.005628301339873449,0.03191818480938323,1.9526640765146641e-22,3.408752529885346e-05,8.087612648012757e-26
test/43,cash,0,,0.7657667485090668,0.8453676033574317,0.9400942978839447,0.9860927194727671,0.9104595764412526,0.9278729019002788,0.789530579431226,0.9540916641327915
test/43,change,0,,0.849786481961088,0.8349407100502382,0.9682293749354899,0.9846219209056649,0.9556670640133001,0.9670665187778547,0.9035979442728251,0.9644837631905209
test/43,card,0,,0.8924657167388287,0.9333095314753327,0.9773976795957907,0.9749343197886278,0.9367876180223326,0.9722647255836815,0.9832764084710698,0.9675765330543541
test/44,subtotal,1,binding_absent,0.6061941615970455,0.6556169787399125,0.6787696773548048,0.16195926639423103,0.21243660345351245,0.8504251614015244,0.7465184085867039,0.62579691209085
test/44,tax,0,,0.6776317967806952,0.8304492620194872,0.9106541797820649,0.9032830105780455,0.8872914894312725,0.895822945166204,0.9009541802696769,0.8906693201153154
test/44,service,0,,0.694650749748824,0.9011289360067969,0.9624687336778112,0.9707971914608738,0.9649233880243868,0.9636278975553718,0.9641305728921966,0.9625436682473738
test/44,discount,0,,0.9120951732650179,0.9801139980238709,0.9948048756033148,0.9953118578268575,0.9818124951495627,0.9895481335684888,0.9945184793782446,0.9917699045027374
test/44,total,0,,0.8885819542547237,0.9339584598250943,0.9831916096938206,0.9902576945817267,0.9372725463234917,0.9134377963619452,0.9828703327846986,0.9687031133437468
test/44,cash,0,,0.7657667485090668,0.4353786061527653,0.5433477802884454,0.6985119585659785,0.4327882253793329,0.5240978823193204,0.32583910972266794,0.7070838633012383
test/44,change,0,,0.849786481961088,0.7868745773644453,0.8824213287779017,0.9544878516253427,0.9319879682120881,0.8911720914955927,0.860133358299654,0.8873701276123876
test/44,card,0,,0.8924657167388287,0.9166150383267249,0.9407328276949993,0.9410282675274856,0.9162876496939236,0.9512264628834376,0.9173927256075489,0.9293299040232849
test/45,subtotal,1,binding_absent,0.6061941615970455,0.332187531307308,0.18736552769405462,0.10828995633399291,0.1627965044215535,0.45654317825258317,0.23106173955065903,0.23445014988310037
test/45,tax,0,,0.6776317967806952,0.7980875943378317,0.8513805108601699,0.855784340032953,0.8578103300580305,0.8264842029609188,0.8469086459172114,0.8433119971343518
test/45,service,0,,0.694650749748824,0.9500687211245311,0.9695028576370609,0.9843448247556906,0.9862847372306229,0.9697130799529582,0.9660784757849957,0.9709208828049127
test/45,discount,0,,0.9120951732650179,0.9813555333762328,0.9848397633284713,0.9881149151074765,0.9788707461367224,0.9736527508196822,0.9857747469345176,0.9900109771719128
test/45,total,0,,0.8885819542547237,0.9453819408422871,0.9687106865215013,0.9687729032299166,0.9545664714284736,0.8748268284233128,0.96067434185195,0.9661352272149405
test/45,cash,0,,0.7657667485090668,0.8026707063337765,0.6911294174911383,0.6532580420558901,0.8324134544980168,0.6794489329680272,0.755231350493387,0.7364623539835484
test/45,change,0,,0.849786481961088,0.9688077030870604,0.923901852282445,0.9000494897513085,0.7713266935645445,0.943991117691687,0.943280898566842,0.9249124093478203
test/45,card,0,,0.8924657167388287,0.9088258284130954,0.9436348437477601,0.9061203995226372,0.8952457417503681,0.9546867661750696,0.93868915834384,0.9363493492402698
test/46,subtotal,1,binding_absent,0.6061941615970455,0.6383685772416683,0.5394976355919989,0.1634614932293616,0.5129987260013226,0.7709345111631722,0.7182888092213228,0.489857924332738
test/46,tax,0,,0.6776317967806952,0.7578140417931901,0.8347213216462531,0.9017689031827841,0.8830602908480542,0.8036211373630661,0.8042471379692363,0.8006710561299445
test/46,service,0,,0.694650749748824,0.9520026246325541,0.9672279455494217,0.9892259278652359,0.9886711588331224,0.9675099870276727,0.9595588319341646,0.9699426784494857
test/46,discount,0,,0.9120951732650179,0.9809078434686763,0.9890668350645009,0.9888818620703269,0.9825243263519263,0.9802659790874352,0.9845772213196406,0.9888092073647308
test/46,total,0,,0.8885819542547237,0.945239181843104,0.9714054259908685,0.9620228450092545,0.9590913801544488,0.8704078539120048,0.98192166751329,0.953367432291518
test/46,cash,0,,0.7657667485090668,0.8305855892836514,0.8988503232471671,0.9428559481581884,0.9279137046129461,0.8575111201851899,0.9478637922383347,0.8385857083964487
test/46,change,0,,0.849786481961088,0.9825256661807001,0.8476809817312605,0.9820180409955722,0.9857035484980818,0.8652850692530152,0.8367200179582637,0.8759573880854388
test/46,card,0,,0.8924657167388287,0.8343977980611799,0.7469929565778463,0.7220052760250043,0.9041764281758486,0.7670886824751828,0.6811997110198967,0.781761847063601
test/47,subtotal,1,binding_absent,0.6061941615970455,0.4232489592104795,0.008335582308621721,0.01766605184054802,0.312369311322186,0.03172779246477285,0.037316221484683956,0.00745323918802307
test/47,tax,0,,0.6776317967806952,0.9509342303964761,0.9683928253003807,0.9072391768664526,0.9271801757259189,0.9630390172585166,0.9715710505935933,0.964570063184992
test/47,service,0,,0.694650749748824,0.9799362604101914,0.9881848074581635,0.9897999414595143,0.989279559266223,0.9885863808687959,0.9878428298272992,0.9881868969165087
test/47,discount,0,,0.9120951732650179,0.9907632339540529,0.9864306082179295,0.9744891365658909,0.9751370032961462,0.9719175869032575,0.980619234224076,0.9890840639075168
test/47,total,0,,0.8885819542547237,0.9724392952692752,0.9854667125968187,0.980962718255762,0.9792616888300673,0.9326015508633787,0.9900429068150378,0.9797714157068909
test/47,cash,0,,0.7657667485090668,0.8453919913898162,0.836000421956023,0.6906891126002571,0.8301909017883746,0.815688449009624,0.8002698476221337,0.8294125452301803
test/47,change,0,,0.849786481961088,0.9886202030805458,0.9618372972357285,0.9346018967714171,0.9385426562534727,0.9706003486554721,0.9746623098676638,0.9658644534464266
test/47,card,0,,0.8924657167388287,0.8100553853746497,0.8978069217909986,0.9283223516028293,0.9519014164337671,0.896795131939818,0.9346232251472204,0.8778760494601782
test/48,subtotal,1,transcription,0.6061941615970455,0.007579510186849325,1.3021233950725329e-24,0.008721498257857643,0.030467434134957647,1.4505327178744826e-22,2.6327685475309e-06,6.822976025470468e-27
test/48,tax,1,miss,0.6776317967806952,0.4677616638812124,0.4324644554076898,0.5651838335543938,0.8957471833697791,0.3717378782224792,0.3332513157927409,0.40375385794825963
test/48,service,0,,0.694650749748824,0.8202222362443325,0.780404289026501,0.7490949446138552,0.9377555100253595,0.7711071160815449,0.6924229748796163,0.8163181511358283
test/48,discount,0,,0.9120951732650179,0.9732986378065407,0.9799286152166313,0.9523418685733142,0.9602365619652992,0.9654352912206074,0.9696001942577128,0.9793989276921286
test/48,total,0,,0.8885819542547237,0.9293502093416685,0.9819242283241041,0.9782085669134563,0.891353723447372,0.9093810507902338,0.9735015389387957,0.9729694584271614
test/48,cash,0,,0.7657667485090668,0.8611758719337519,0.9603576237169207,0.98973472500396,0.9359541355861459,0.9431704767088639,0.9226993739625557,0.9546785221121005
test/48,change,0,,0.849786481961088,0.7961871563027533,0.9767409961376184,0.9965790030637832,0.9390198177869804,0.9730810863631628,0.942171656369328,0.9611996140218694
test/48,card,0,,0.8924657167388287,0.8535310657228671,0.8179482849931088,0.9415989134958888,0.9362784725446157,0.8432554823691933,0.7961456876876624,0.8331230352169438
test/49,subtotal,0,,0.6061941615970455,0.7427148694860837,0.8657728571380251,0.988500381019892,0.975495136840654,0.9428462892114907,0.8147287395759423,0.8350768013478129
test/49,tax,0,,0.6776317967806952,0.9141717622541424,0.9413629760424224,0.8950656137388994,0.9062672329719891,0.9356817264838116,0.9581910863336928,0.9400688951801944
test/49,service,0,,0.694650749748824,0.9546458170249704,0.9793257487898428,0.984974424419966,0.9881516115806166,0.9807409369168629,0.9839651913974786,0.979561663979074
test/49,discount,0,,0.9120951732650179,0.9823945067562501,0.9949217897865119,0.9967701462129095,0.9888656480974318,0.9901205805715626,0.9953336355867013,0.9915977922608866
test/49,total,0,,0.8885819542547237,0.8061179882591679,0.8322392049768922,0.6775074712229083,0.6004505735596181,0.4636041460392919,0.7865145707996949,0.9184584239953265
test/49,cash,0,,0.7657667485090668,0.8348656125846944,0.9827051902625057,0.9964340706320749,0.9176494220293033,0.9716608024660439,0.9456964726132703,0.9722388383763735
test/49,change,0,,0.849786481961088,0.7903528832289526,0.9479500732522531,0.9936792925930392,0.9397615574432566,0.9442527239029158,0.9346520226120313,0.9187128725767827
test/49,card,0,,0.8924657167388287,0.8687621359980623,0.8684715670919658,0.9214950200271231,0.920791069955109,0.8915378126936583,0.8498690875950529,0.8627638295437784
test/50,subtotal,0,,0.6061941615970455,0.6769250359521031,0.8040434545384925,0.8908040963304149,0.5098765630328148,0.909045311357751,0.6545459249663841,0.8128019951485991
test/50,tax,1,binding,0.6776317967806952,0.06243578881645387,0.02379538036605445,0.10945931721936122,0.09547305526754181,0.023269258587738016,0.048784926902364995,0.014922911297586794
test/50,service,1,binding_absent,0.694650749748824,0.70137387782812,0.06426533436679784,0.008123765362871396,0.7214083865940627,0.07823334425263564,0.39177210617957625,0.04371466289103479
test/50,discount,1,binding_absent,0.9120951732650179,0.6112636942646617,0.17471049243276185,0.021653439260963487,0.39261552077189593,0.11887258985845853,0.3495441197285169,0.12711780476750947
test/50,total,1,binding,0.8885819542547237,0.8854725089617071,0.49924208435159095,0.080279664738404,0.8701815533888251,0.18851964885850364,0.7033652955447729,0.389713930874916
test/50,cash,0,,0.7657667485090668,0.6829638998353806,0.8220582682464086,0.6780033198587835,0.43233444463723514,0.7562827514209697,0.7728307702525532,0.8222787349209286
test/50,change,1,transcription,0.849786481961088,0.008887626402593152,2.0311814918193394e-24,0.00456331801309239,0.026758380011530945,1.5719482264292125e-22,4.626266427712605e-06,6.562184258004515e-27
test/50,card,0,,0.8924657167388287,0.8776596255948824,0.916495748311083,0.8771609827448614,0.8486305845043588,0.9344578803646596,0.9077830966669584,0.9053805365570453
test/51,subtotal,1,binding,0.6061941615970455,0.6062703607365231,0.21867731921945685,0.08181634774396518,0.27355197131656733,0.5204197210904522,0.48966348438012425,0.2680682305802653
test/51,tax,1,binding,0.6776317967806952,0.47889392933717984,0.16042758244330052,0.12528563973708326,0.2581266903769769,0.13883901346835592,0.20818005055437697,0.11752123872913985
test/51,service,1,binding_absent,0.694650749748824,0.3539119130667257,0.06153622062615219,0.024624335182530776,0.18091975526087795,0.06154867347626426,0.14166774294493484,0.033124849479333744
test/51,discount,0,,0.9120951732650179,0.7908900211168242,0.9243491930075797,0.875615991245226,0.8288971398603389,0.8791152148453002,0.9386888517421866,0.8978340215923789
test/51,total,0,,0.8885819542547237,0.9587996689441021,0.972150875594657,0.9765913281640715,0.9685099832930529,0.884708125346644,0.9842514749398861,0.9606054209127391
test/51,cash,1,binding_absent,0.7657667485090668,0.6997431978385008,0.45980565505193516,0.2549421558856028,0.5586666052807248,0.473962150202734,0.7264031954846634,0.4884050153523433
test/51,change,0,,0.849786481961088,0.9821299870301448,0.9384833698668769,0.9758391353424327,0.9701486223443871,0.965136754465187,0.9766960128261253,0.9522178491084459
test/51,card,1,miss,0.8924657167388287,0.8126352187315028,0.8065775430272079,0.8488008812244785,0.8443861804810195,0.8427036093165717,0.8293387404142581,0.8029569588459596
test/52,subtotal,0,,0.6061941615970455,0.58299048997227,0.8868855250894306,0.9859506519823937,0.8996511610029648,0.928648595841292,0.8228953785800505,0.8114272608192589
test/52,tax,0,,0.6776317967806952,0.899088669076483,0.940630288207029,0.9423271303997176,0.9265616201309702,0.9316422517526542,0.9571885500424473,0.9414838623406164
test/52,service,0,,0.694650749748824,0.9533465010274789,0.9861902542733736,0.99530112926726,0.9902164238974742,0.9858790180145115,0.9888669348522154,0.9824409605475549
test/52,discount,0,,0.9120951732650179,0.9817380521392658,0.9973758206276685,0.9927944070584992,0.9883305153183615,0.9940562677917645,0.9973899391744246,0.9925095843473807
test/52,total,0,,0.8885819542547237,0.9227686991702572,0.979451973838781,0.9581053658043021,0.9416096291349915,0.9076653130574961,0.9572319301223189,0.9748151795538469
test/52,cash,0,,0.7657667485090668,0.8266561894307437,0.9586506353029285,0.9864665680895816,0.8435868820286828,0.9428861870707861,0.8883496548978992,0.9559012444885477
test/52,change,0,,0.849786481961088,0.7414098779500248,0.9000240771467528,0.9745014967228289,0.9296868559101265,0.9076935132012531,0.8150960987955339,0.9000250545650882
test/52,card,0,,0.8924657167388287,0.924085406486601,0.9510549396794705,0.9424222851564231,0.9220133661670606,0.9518714731996903,0.9411192976638525,0.9386015073133445
test/53,subtotal,0,,0.6061941615970455,0.7624140271802009,0.9274090729676713,0.9900465788346152,0.970567923393178,0.9690000513880604,0.7987685249747214,0.923087585056326
test/53,tax,1,binding,0.6776317967806952,0.5743437727698019,0.29291265917581183,0.17115369350948575,0.4667050111974457,0.30706878155993234,0.40477562756924,0.3689768656991013
test/53,service,0,,0.694650749748824,0.31756325869755647,0.925812220091249,0.9836576143576837,0.2119823598334176,0.8663108256852827,0.8347767306545856,0.8748576096768202
test/53,discount,0,,0.9120951732650179,0.8120776867097076,0.9588418695690079,0.9529289110616316,0.8517390726618955,0.9240330540128219,0.9664045958793838,0.9215590481308853
test/53,total,0,,0.8885819542547237,0.9452695853692397,0.974785847942363,0.979644567523301,0.9330342387910097,0.8826004990068868,0.976565903049034,0.9669253068006003
test/53,cash,0,,0.7657667485090668,0.8675609086324567,0.8300985579825854,0.8100150989383088,0.7767834823796229,0.8227563596311304,0.8515843715712467,0.821014365350406
test/53,change,0,,0.849786481961088,0.9740585334226042,0.9498286885836682,0.903719896034711,0.8604601770473108,0.9686048537366517,0.974698088636545,0.9438029156700102
test/53,card,0,,0.8924657167388287,0.9459685030902506,0.9578798634068594,0.8870125784211488,0.908916764905462,0.9699811797743844,0.9639330604066344,0.9507001210118886
test/54,subtotal,0,,0.6061941615970455,0.7237504540155482,0.3845723611357191,0.44033949798867594,0.6104155875705446,0.6603294591069703,0.6976328096520673,0.3903243904618932
test/54,tax,1,binding_absent,0.6776317967806952,0.43200034732808107,0.13745255137367765,0.04359370314097076,0.1568037856367724,0.12704376336392517,0.4484322820054268,0.16724060556692408
test/54,service,1,binding_absent,0.694650749748824,0.6918954518366723,0.40254201244358856,0.048216291941199675,0.6384208375174577,0.41210101792430154,0.7446860203056332,0.4865674250485535
test/54,discount,1,binding_absent,0.9120951732650179,0.653513379883011,0.192526383907695,0.030988501816113526,0.32013133529514337,0.12812103574260034,0.5490061126098177,0.1680017137666736
test/54,total,0,,0.8885819542547237,0.9314735247806313,0.8828041973533457,0.8645603003384983,0.8879838578994425,0.6402866594905978,0.9530805737569491,0.87013638326148
test/54,cash,0,,0.7657667485090668,0.8441032693863229,0.6730079152048036,0.8689124502904048,0.9516874747656591,0.6338554662325115,0.8827241295843476,0.6631214797480652
test/54,change,0,,0.849786481961088,0.9277880932435657,0.8788042893513831,0.8363784935318597,0.6666870046371859,0.8999187780470819,0.9067506043045682,0.8828762996251148
test/54,card,0,,0.8924657167388287,0.9475952603605686,0.9541358210974753,0.9517077967811675,0.9431152327145733,0.9604890099409169,0.932697185625293,0.955655845998003
test/55,subtotal,1,binding_absent,0.6061941615970455,0.4270973735164396,0.27034935069118504,0.157615190003777,0.19896263263276787,0.525315700630128,0.56127690981245,0.22535074131234334
test/55,tax,0,,0.6776317967806952,0.7516187286110892,0.8611013714883173,0.9017689031827841,0.8830602908480542,0.8409484723931101,0.8448464332582423,0.831048264779624
test/55,service,0,,0.694650749748824,0.9588088719814546,0.9733979968257657,0.9941367384189667,0.9938549819282455,0.9755638706041361,0.9771794653358233,0.98078967545171
test/55,discount,0,,0.9120951732650179,0.9821592451259268,0.9905011982501908,0.9965119854288427,0.9902270178933487,0.9828585537563764,0.9907208251457488,0.9916536113569656
test/55,total,0,,0.8885819542547237,0.9451287470923776,0.9652111458306221,0.9717845397431669,0.9590913801544488,0.8423738216390213,0.9865942586695579,0.9337789530020015
test/55,cash,0,,0.7657667485090668,0.9180102931665879,0.851352157791024,0.827043219020379,0.8830530182259351,0.82599723650593,0.8060232356624104,0.8573527505825698
test/55,change,0,,0.849786481961088,0.979420429411999,0.9538255860791282,0.9805773540932937,0.9698554116951882,0.9664461462908175,0.9676380567703757,0.9556683889524147
test/55,card,1,miss,0.8924657167388287,0.8411148406286849,0.7726602688061319,0.6172690504685107,0.8880940896341225,0.7880788257231083,0.668699846640065,0.7928864095609499
test/56,subtotal,0,,0.6061941615970455,0.23859582318481767,0.6854416746600018,0.953395524693128,0.7283986807051896,0.7144377601608526,0.33106478236290543,0.7043895713623594
test/56,tax,0,,0.6776317967806952,0.7299845616788413,0.9782653145437105,0.9834553015668933,0.8813039607493574,0.9560659025899071,0.9016609266532583,0.9722625114220332
test/56,service,0,,0.694650749748824,0.8385455394785998,0.8508588000562783,0.9742449561821832,0.9762361462022688,0.833740412285584,0.8276340069899235,0.8728435788475521
test/56,discount,0,,0.9120951732650179,0.975895273758687,0.9913778057231609,0.9905887883791361,0.9713806041837071,0.9836745579107107,0.9912461282918499,0.98856837323958
test/56,total,0,,0.8885819542547237,0.926509187163438,0.9848385958682325,0.9940166976609737,0.9833335492041851,0.9248168452170505,0.9682445906104582,0.97779436711918
test/56,cash,0,,0.7657667485090668,0.8519816587245176,0.9497943321539185,0.9881205503024003,0.9843425653132908,0.9317035792322931,0.9023002979178845,0.9449479129516376
test/56,change,1,miss,0.849786481961088,0.9561573712206488,0.8929129577739163,0.8304524905854231,0.5505881318575467,0.9188837960469379,0.9240497177431257,0.9006880844460174
test/56,card,0,,0.8924657167388287,0.9526776092519866,0.9464301653496427,0.9815354376370413,0.9703733110382909,0.9571892685487082,0.9308724071691552,0.9497424294558615
test/57,subtotal,1,binding_absent,0.6061941615970455,0.4752260475593345,0.23171190665290142,0.16571840904115134,0.18763527302236682,0.5047012658390228,0.40253869798719805,0.30220279406093703
test/57,tax,0,,0.6776317967806952,0.8560185751894956,0.934260192561674,0.9171570756399781,0.9001634784882592,0.9196429654761885,0.9226655751700612,0.9063131339660664
test/57,service,0,,0.694650749748824,0.9548980920078263,0.9816666345139375,0.9897582345869749,0.9902164238974742,0.9814857690491186,0.9764149708072666,0.9786607511950861
test/57,discount,0,,0.9120951732650179,0.9811821900358031,0.9908298671497398,0.9931418704271158,0.9821212056187852,0.9831538958054701,0.9898398315981409,0.9917064848296461
test/57,total,1,binding_absent,0.8885819542547237,0.9438014784367175,0.95149682277322,0.8007000827118841,0.8708885052672187,0.8127129477328494,0.9669923640164515,0.9412965317781956
test/57,cash,0,,0.7657667485090668,0.6928347418628849,0.8004414596783511,0.7411126246801844,0.642961787889552,0.7412691858688757,0.8734836913733359,0.7297638226567361
test/57,change,0,,0.849786481961088,0.9653788030544685,0.9385489508575497,0.8898052826776307,0.7452832969810679,0.9552769889596286,0.9503293275519158,0.9388164015688062
test/57,card,0,,0.8924657167388287,0.9536585744562545,0.9571031165032011,0.9626553152765764,0.9562573628419504,0.9658137585242274,0.9358810800937628,0.9572925589486935
test/58,subtotal,0,,0.6061941615970455,0.7494523257277308,0.8045759265361457,0.9889537309961419,0.9869411114494885,0.9163446461274012,0.806062815567435,0.7709229169210882
test/58,tax,0,,0.6776317967806952,0.2556509542530825,0.2414737083886157,0.145391347297103,0.2966935636087028,0.21811313586888448,0.1543041900022717,0.2525137076842979
test/58,service,1,binding_absent,0.694650749748824,0.498430205539468,0.5816879443649303,0.31672536008530855,0.18542048659456095,0.5844265235963804,0.37593777321616856,0.6640217410502651
test/58,discount,0,,0.9120951732650179,0.9243380256708826,0.9403087875284165,0.9550733288743168,0.9637397407633284,0.8975070313652005,0.9393026596722005,0.9539275110565135
test/58,total,0,,0.8885819542547237,0.9342637422766228,0.9518035248854448,0.9679576354194882,0.9437909693344195,0.8348916365597775,0.836138400549522,0.9755155208296894
test/58,change,0,,0.849786481961088,0.8152517577683394,0.9771885303241828,0.9972034078014307,0.9359592680666129,0.9733002921791664,0.9479779271235831,0.9617638742044778
test/58,card,0,,0.8924657167388287,0.9473702289601976,0.9420244197175165,0.9183925365267878,0.9414247961059933,0.9527420479748493,0.9314834332201295,0.9443789862955229
test/59,subtotal,0,,0.6061941615970455,0.7908976721090553,0.6236046766597754,0.9560651433495988,0.9921391416912249,0.8415015343744976,0.82275886257683,0.6117175435835286
test/59,tax,0,,0.6776317967806952,0.5669625415884331,0.7193801331794486,0.5153189326470237,0.6744149870687457,0.5338890790248512,0.8484095386107413,0.6722737366689726
test/59,service,0,,0.694650749748824,0.8494196670904706,0.8881876742280324,0.9466764476731818,0.9139209058911334,0.9067646760525659,0.9321409831849083,0.8786292433173899
test/59,discount,0,,0.9120951732650179,0.9843330349818175,0.980228581283284,0.9849416976942658,0.9871568578357518,0.9711949127372203,0.9905213489407934,0.9842950084303974
test/59,total,0,,0.8885819542547237,0.9516751887334616,0.9711111326746915,0.9561133028393155,0.9815022668463054,0.9025001326008677,0.8859111972720368,0.9788110477897284
test/59,cash,0,,0.7657667485090668,0.972344459754173,0.9160277211165467,0.9032943777344101,0.9581145126085528,0.9208854937358167,0.9505513662725443,0.9132846765273557
test/59,change,0,,0.849786481961088,0.9841613015992753,0.9471181903528846,0.9837575599192427,0.9858327260118618,0.9690070398753502,0.9823265327798599,0.9400817281346586
test/59,card,0,,0.8924657167388287,0.947746161767135,0.9434461802246746,0.9154441311479177,0.9215113908670512,0.9489864131013036,0.9685890918010456,0.9265873460834299
test/60,subtotal,0,,0.6061941615970455,0.49799280634550636,0.5506125850007936,0.8375966486368555,0.8887978983617781,0.6802638749206962,0.724906415720359,0.4411887577637906
test/60,tax,0,,0.6776317967806952,0.9608555737432769,0.9620512607648672,0.9086687173106105,0.9353988793408441,0.9555522826492191,0.9633898628794475,0.9564156090423733
test/60,service,0,,0.694650749748824,0.9571499851889311,0.9782220273839569,0.987949711777303,0.9881516115806166,0.9799479256596028,0.9833163875443619,0.980403237540504
test/60,discount,0,,0.9120951732650179,0.9833044078372573,0.9948674814090251,0.9972904625242643,0.9900801470735848,0.9900591623729504,0.9953443153860778,0.9919648558521069
test/60,total,0,,0.8885819542547237,0.9462685962975071,0.9713026303218081,0.9665320047523517,0.9547799403047861,0.8722239366071101,0.9819056430448441,0.9539952724336339
test/60,cash,0,,0.7657667485090668,0.9728534075024687,0.9493693271053958,0.9151215180661884,0.9468690282436265,0.9435109192910593,0.9460854787352155,0.950398829672663
test/60,change,0,,0.849786481961088,0.9825498594734275,0.9592424343975013,0.9833628038581171,0.985674586639296,0.9740190723993526,0.980789553030383,0.9678443089494886
test/60,card,0,,0.8924657167388287,0.957318174113933,0.9645443005467864,0.9510434237494179,0.9441493592649259,0.9694750296428739,0.9627109505598854,0.9630871008764255
test/61,subtotal,0,,0.6061941615970455,0.7649756903863036,0.6481116294577575,0.9751078155447628,0.9881766218926953,0.8469983595617296,0.8325350661693067,0.5940727391776559
test/61,tax,0,,0.6776317967806952,0.9625071430495863,0.9679038948504814,0.8932978704312693,0.9165617485259387,0.9657021331353249,0.9800770882718138,0.9583200992230894
test/61,service,0,,0.694650749748824,0.9638096051605333,0.9631509653260831,0.9909504153020994,0.9937622896108581,0.969295249483827,0.9787112161487068,0.9736694240180024
test/61,discount,0,,0.9120951732650179,0.9805367691851969,0.9847742843310359,0.9709479414152671,0.9755776871262358,0.9763162763794723,0.9889381565055723,0.9854594816053885
test/61,total,0,,0.8885819542547237,0.949072581726479,0.9606503325140465,0.9727244534256605,0.9794485191654678,0.8464180317800357,0.9795691741366177,0.9439867263688815
test/61,cash,0,,0.7657667485090668,0.9547065351589189,0.9029340245286219,0.8804857926355095,0.899855270757993,0.9007906064162564,0.9216885011889286,0.9036583752546422
test/61,change,0,,0.849786481961088,0.9820054094152099,0.9410739650660775,0.9758391353424327,0.9701486223443871,0.9655769701241869,0.9781695310300601,0.9522162233462073
test/61,card,1,miss,0.8924657167388287,0.7703157012897935,0.6799188806985844,0.416138033311295,0.6497791336638181,0.7189507957970267,0.6882064334129411,0.6920424531901214
test/62,subtotal,1,binding_absent,0.6061941615970455,0.1231761365321647,0.27121790295954934,0.15217886000214573,0.16384353536453844,0.5076496597910185,0.2692963036594925,0.20525868794367969
test/62,tax,0,,0.6776317967806952,0.8579797670717269,0.9179359263005051,0.855548105554603,0.8735694901085631,0.9091861376106587,0.9165174800974422,0.892360233026896
test/62,service,0,,0.694650749748824,0.9393599094974093,0.9631916433459589,0.9705842921849948,0.9747321297499585,0.9672184703120078,0.9685642676579747,0.9696478443829256
test/62,discount,0,,0.9120951732650179,0.9817742008197046,0.9944171920058298,0.9958026569598755,0.9792283327724234,0.9893551184131473,0.9947225797047546,0.9910784428602005
test/62,total,0,,0.8885819542547237,0.9427375209176704,0.9807312473142066,0.9955091601194028,0.9820514303267395,0.9098117852354856,0.9786219873299646,0.9707245280745213
test/62,cash,0,,0.7657667485090668,0.8149334676365455,0.9427499686785038,0.9897359609465248,0.9025775219897395,0.9165836711370867,0.9343690415492254,0.9134442549010806
test/62,change,0,,0.849786481961088,0.7724587880061967,0.8439381923388877,0.9662300494178175,0.9399329514053133,0.875418855935486,0.5030299507280065,0.8759056894113011
test/62,card,0,,0.8924657167388287,0.9444809541577258,0.9207252809991882,0.9055597692844287,0.9153909762255104,0.9305106369240949,0.9052235739677799,0.930091215580625
test/63,subtotal,0,,0.6061941615970455,0.4655526780868681,0.7178692882973827,0.9672276641738458,0.8041978745209445,0.7823016649581185,0.7057808420404111,0.6353570090266454
test/63,tax,0,,0.6776317967806952,0.9455850381516172,0.9717468969986793,0.8791856153038075,0.8769051984969565,0.9665820460663415,0.9748111642846384,0.964237089015476
test/63,service,0,,0.694650749748824,0.9624424584075821,0.9822662091736362,0.9732214931830182,0.9647031037278492,0.9829100963878162,0.9806689106475662,0.9822044169685311
test/63,discount,0,,0.9120951732650179,0.9925687074946925,0.9947533093857536,0.9843524417816047,0.9385557017882235,0.9908648171914164,0.9954641039884552,0.9962719841455592
test/63,total,0,,0.8885819542547237,0.9579321490382445,0.9899044629176788,0.9918458521255831,0.9724569291262115,0.949247213406599,0.9855601894571558,0.9844832589033145
test/63,cash,0,,0.7657667485090668,0.8482242738169206,0.9501255079095834,0.9773360812515126,0.8979832571317099,0.9331990252996393,0.9090293858000561,0.9452835561873008
test/63,change,0,,0.849786481961088,0.8324816352905454,0.9750067848118616,0.9845414850215922,0.9491379398882501,0.9726270268409902,0.9329002406125151,0.9664154174206362
test/63,card,0,,0.8924657167388287,0.8546194355641425,0.8419701649166835,0.9375133112884374,0.9362784725446157,0.8681767704324331,0.8387918289953866,0.8516242984031949
test/64,subtotal,1,binding_absent,0.6061941615970455,0.5279524151067853,0.5536017203460675,0.872335552618446,0.8168337985782591,0.6795526333365525,0.6285990326342681,0.527758774581026
test/64,tax,0,,0.6776317967806952,0.8706767432442708,0.953470969532284,0.9195692629340206,0.8073538621219597,0.941858803005592,0.9391821034330012,0.9352513364995465
test/64,service,0,,0.694650749748824,0.9638153582778415,0.9873227179548185,0.9865820342587637,0.9692987705970226,0.9867364314437329,0.982805730415999,0.9861704807758827
test/64,discount,0,,0.9120951732650179,0.9928291324803178,0.996932451770635,0.9890691972184557,0.9442716173727984,0.9940045019569447,0.9953825290324635,0.9966629362575837
test/64,total,0,,0.8885819542547237,0.9554893717361708,0.9812095183089402,0.9415685196870079,0.9079232949679132,0.9121402666321866,0.9803335551041849,0.9744282928678462
test/64,cash,0,,0.7657667485090668,0.1916890891700148,0.029559679857685865,0.06074712479321508,0.2683200106010154,0.02951153422252295,0.06145649487936605,0.038126318807596205
test/64,change,0,,0.849786481961088,0.8612174409912908,0.9487741417408094,0.9800456249339807,0.9459017964937421,0.9420022845374942,0.9705824984897876,0.905259018061646
test/64,card,0,,0.8924657167388287,0.9699644533544146,0.9736363967091288,0.9565448687634817,0.9119275589600989,0.9775662913584127,0.9593306408006245,0.9755648807761813
test/65,subtotal,0,,0.6061941615970455,0.5088064626055978,0.4217714111021658,0.8616431473432242,0.7240313586422564,0.5408469221536643,0.7284352103983034,0.3302791550364078
test/65,tax,0,,0.6776317967806952,0.880984832435114,0.9326212950983501,0.9104640702702849,0.8196729565817847,0.9111784662663701,0.9114882529290877,0.9303720131083651
test/65,service,0,,0.694650749748824,0.9766132583633628,0.9877659118719542,0.9889427780688067,0.9657840783200158,0.9861749256599511,0.9835320720438888,0.9890568036609964
test/65,discount,0,,0.9120951732650179,0.9934427837435825,0.9968488390302487,0.9944593053950697,0.9612857330980719,0.9937629052077855,0.9967379455022709,0.9976198124942242
test/65,total,0,,0.8885819542547237,0.9558954179501906,0.9586436821395171,0.9378642173724402,0.9055956817870258,0.825123238649067,0.9843070385728675,0.9371200054397605
test/65,cash,0,,0.7657667485090668,0.9356881089988648,0.9323650310227597,0.8839946535072499,0.9145577201268297,0.9162324204337283,0.8948280754591237,0.9328217062099058
test/65,change,0,,0.849786481961088,0.9923855911141096,0.9890255048135812,0.9824434448679972,0.9400489699754795,0.991425991885608,0.9921999240837053,0.98895586769718
test/65,card,0,,0.8924657167388287,0.9793967032049544,0.9832428877929514,0.9781615373672373,0.9252059930574547,0.9847200605626872,0.9762039160535697,0.98443090123007
test/66,subtotal,0,,0.6061941615970455,0.726485965103781,0.9461096604649315,0.9867210006538611,0.9383556254257636,0.9747111001521713,0.8567207867227621,0.9190675519868795
test/66,tax,1,miss,0.6776317967806952,0.8585359795111651,0.7852633360659167,0.6952628307710877,0.8633689179876798,0.7577670605989331,0.7472619711148558,0.776904242292071
test/66,service,0,,0.694650749748824,0.8607752844388628,0.8441424440941893,0.8946253251010253,0.9516649107997239,0.8501895629779922,0.7846519162318878,0.8532723621644465
test/66,discount,0,,0.9120951732650179,0.9807539668835763,0.9769646012895663,0.977458970838675,0.9775915669328307,0.9608386711164343,0.9687616602577015,0.9808541052272538
test/66,total,0,,0.8885819542547237,0.9443950805864864,0.9934288596483875,0.9908447035070503,0.9820514303267395,0.9662586315412681,0.977132927739276,0.9908508379401503
test/66,cash,0,,0.7657667485090668,0.7494637782873743,0.9037409333070456,0.9424668629413572,0.7654165578274118,0.8832800178491119,0.79129201429323,0.9159826762175426
test/66,change,0,,0.849786481961088,0.8431897741501024,0.28227645988792777,0.5063857458020308,0.953431077843984,0.3945544397074876,0.5193261667580982,0.20684545247932057
test/66,card,0,,0.8924657167388287,0.856142154312855,0.8833111444753787,0.9247644702384563,0.9362784725446157,0.9097295922371296,0.8742117612290351,0.8546225523292104
test/67,subtotal,1,binding_absent,0.6061941615970455,0.4592652991363834,0.10744805759312474,0.18958464674889686,0.41419632317370453,0.1994070314910703,0.23789411720386575,0.08487456984025836
test/67,tax,0,,0.6776317967806952,0.7911005040386471,0.948071012416382,0.9170810297597959,0.8829259419012588,0.934705750353738,0.9543348099232026,0.92862586141996
test/67,service,0,,0.694650749748824,0.976152332148148,0.993885902439307,0.9954755196362138,0.987255632201077,0.9932731672888393,0.9950687962268745,0.993051561135764
test/67,discount,0,,0.9120951732650179,0.9912760002625273,0.9988018921354761,0.9936375031203387,0.9808428912740095,0.9971406648274241,0.9987856226551148,0.9970938372669914
test/67,total,0,,0.8885819542547237,0.9654196540193613,0.8980239298919411,0.6682352374085502,0.8903333564493713,0.7085924189010511,0.9250722462845253,0.8721595074108319
test/67,cash,0,,0.7657667485090668,0.8962793780871042,0.9152831205841463,0.9582564558216944,0.925446566594706,0.8963810840236238,0.9044497518272301,0.9249452943638727
test/67,change,0,,0.849786481961088,0.9880737427049202,0.9863004992407646,0.9849331304034638,0.9478765289901366,0.9898631433397185,0.9936614596971433,0.9877617978765415
test/67,card,0,,0.8924657167388287,0.9717687606742952,0.9886799619965765,0.981314420096173,0.9462881291227161,0.9903425005938955,0.9904736732202193,0.9881759073594453
test/68,subtotal,1,binding_absent,0.6061941615970455,0.27727354892323913,0.06119488744758372,0.1516469237320905,0.13269952798463938,0.20289975011792877,0.12734040136909783,0.14277577982608317
test/68,tax,1,binding_absent,0.6776317967806952,0.054312688513491754,0.06519346603255625,0.22579114753485385,0.1103291808031283,0.05788106489973856,0.05001745559996378,0.04027858431836625
test/68,service,1,binding_absent,0.694650749748824,0.5384588109731002,0.03170553185531872,0.013060555557562505,0.13094678201718138,0.03879181545137777,0.27304135681560565,0.017918891734763142
test/68,discount,0,,0.9120951732650179,0.9301289275930591,0.973748446087893,0.9789548305373054,0.9610629680375383,0.9472248355161201,0.9738805417098619,0.9715026459791242
test/68,total,0,,0.8885819542547237,0.6152871262225128,0.8491868933460166,0.9310585073906555,0.5812697249764783,0.538965548775348,0.8361216173732923,0.7856405784924015
test/68,cash,0,,0.7657667485090668,0.4184021512128001,0.22932155041413152,0.36692452082994903,0.33609815165151585,0.2185562856561459,0.20301092056855183,0.36929663751264086
test/68,change,1,binding,0.849786481961088,0.08292595105082141,5.249738543463772e-07,0.005246503944849517,0.46464310728396074,1.288549805317923e-06,0.002754043782973262,3.8205974997286415e-07
test/68,card,0,,0.8924657167388287,0.9409950819555724,0.9656488533748272,0.9482527903098642,0.8822045477206721,0.972961217947246,0.9538833098961808,0.9572771104114964
test/69,subtotal,1,binding_absent,0.6061941615970455,0.4712835492941918,0.4397358694525336,0.11475583600728893,0.16301494551906906,0.6702487300553885,0.6261214976448758,0.3789030920816759
test/69,tax,0,,0.6776317967806952,0.32254907173947406,0.5139108127397326,0.8522001867989121,0.8738145724268296,0.4883364960033074,0.47779603321309183,0.4367186523777908
test/69,service,0,,0.694650749748824,0.930157177990129,0.9578124290889848,0.9584813928971705,0.9645930342465711,0.9619662442969905,0.9542509506223112,0.955486362391957
test/69,discount,0,,0.9120951732650179,0.9816214620230566,0.9860945209092795,0.9814036082623768,0.9788707461367224,0.976365656821346,0.9832522656002418,0.9864450566340233
test/69,total,0,,0.8885819542547237,0.9187145369778741,0.9431042269759071,0.8843297830371324,0.868263964536628,0.7878522160270718,0.9643778127032032,0.9228200731042334
test/69,cash,1,binding,0.7657667485090668,0.13888475519835136,0.02905863442495491,0.071762293706515,0.13739034607043185,0.034080632393539485,0.10716986878478713,0.05753549221339878
test/69,change,0,,0.849786481961088,0.5684071061467565,0.793678659748184,0.9331995392041142,0.8159409250352853,0.7976187057189514,0.8517638492213722,0.7026677507608863
test/69,card,0,,0.8924657167388287,0.9541094684688549,0.9599095787437518,0.913585743917589,0.9085006934159728,0.9697253725293042,0.9560736832311917,0.9512032980251438
test/70,subtotal,0,,0.6061941615970455,0.6925511806492285,0.8721119679820192,0.9772701888979953,0.9295552271267176,0.9336527284186678,0.807557373113483,0.8543865591034303
test/70,tax,1,binding,0.6776317967806952,0.5279324196752481,0.2620532362142441,0.20644239487521848,0.4175045788374206,0.2656789494590174,0.4724504054673973,0.5230602810571463
test/70,service,0,,0.694650749748824,0.21926959379063193,0.8401260063799441,0.9439481718021581,0.1835471507333079,0.7922422827939218,0.8074096476910051,0.7302931219420365
test/70,discount,0,,0.9120951732650179,0.9330830072019136,0.9401810839269891,0.9435561772699831,0.9464787039567165,0.9116028873020189,0.9731623476196297,0.9328392631692916
test/70,total,0,,0.8885819542547237,0.9660517766590053,0.9631713816998972,0.9757491135224324,0.9640146538393243,0.8710200976711633,0.9766547381855278,0.9632403415436315
test/70,cash,0,,0.7657667485090668,0.9721226856415888,0.9089438313115815,0.879708663905722,0.8775238557671181,0.9138596618638266,0.9560284777737619,0.9061144310561409
test/70,change,0,,0.849786481961088,0.9796700025463312,0.904289209826979,0.9721257352568375,0.9646804690821918,0.9492078267749527,0.9780232548374472,0.9282293550834183
test/70,card,0,,0.8924657167388287,0.9573901473423848,0.9232986119094453,0.9255894592251719,0.9482802279064837,0.9530563806365526,0.9709342675389705,0.9395386635928354
test/71,subtotal,1,binding_absent,0.6061941615970455,0.7888313766305158,0.7906740424889177,0.9800764245088073,0.9694066051539205,0.9071254468044977,0.8675390291305259,0.7366083690855664
test/71,tax,0,,0.6776317967806952,0.9101568024237697,0.87297157672052,0.7838899353058346,0.9265616201309702,0.8333373429940276,0.8423958208148412,0.8802145682473315
test/71,service,0,,0.694650749748824,0.9397330430836005,0.9380071870447589,0.9617656209220826,0.9792806802835299,0.9311814657249676,0.911434127565585,0.9475659007542622
test/71,discount,0,,0.9120951732650179,0.979789963413495,0.9874821949200812,0.9904392532240345,0.9818124951495627,0.978012923447655,0.9856710387873222,0.9896013418118659
test/71,total,1,binding,0.8885819542547237,0.8461367799441988,0.5991377212295139,0.6449271992446615,0.7386679951784083,0.3066465554833432,0.6419884472672094,0.7284042987927639
test/71,cash,0,,0.7657667485090668,0.8454844017993152,0.96020352662028,0.981689537455666,0.8967101034091821,0.9403434878273972,0.933395451569411,0.9558528765214589
test/71,change,0,,0.849786481961088,0.47919945952766385,0.8441270548992675,0.7601011816750312,0.7208228643175529,0.7864771379789546,0.7836662338573319,0.8000514284183255
test/71,card,0,,0.8924657167388287,0.9457715537248276,0.892961423198127,0.7480073575509245,0.9393894638542318,0.900173017136741,0.8315300343518404,0.9090944243277346
test/72,subtotal,0,,0.6061941615970455,0.740928720127405,0.9175546937989599,0.9922525176725753,0.9742127492423044,0.9641797354241689,0.7914056870429195,0.9041320196401538
test/72,tax,1,miss,0.6776317967806952,0.6896036298686727,0.8459646148544753,0.9022975609367055,0.7926274992528285,0.8276809871065541,0.8722136215116578,0.8187425138787794
test/72,service,0,,0.694650749748824,0.7860696757079971,0.9248639002278314,0.956080885878452,0.9377555100253595,0.9283246620419806,0.930149092177243,0.9178820649305016
test/72,discount,0,,0.9120951732650179,0.9817185761738461,0.994253357972012,0.9958026569598755,0.9792283327724234,0.988943369829237,0.9944768708771946,0.9915850142799386
test/72,total,0,,0.8885819542547237,0.9454561777260949,0.994168633172088,0.9932298119120315,0.9805597867006496,0.9689526711667162,0.9754452292927732,0.9919434093582618
test/72,cash,0,,0.7657667485090668,0.651127860402413,0.9051315599410541,0.8807560780619987,0.5336461151410673,0.8673428581943715,0.8478239525185418,0.869734592597176
test/72,change,0,,0.849786481961088,0.75576137036198,0.8810568864050221,0.9673116169558169,0.9324531721094877,0.894688992699161,0.7335135288770714,0.942756453162532
test/72,card,0,,0.8924657167388287,0.8368008568907239,0.8076640523469262,0.9165394040499292,0.8923002590040437,0.8346991220857937,0.7795992847392088,0.8281961932285494
test/73,subtotal,1,binding_absent,0.6061941615970455,0.47437359319942973,0.6277904357007711,0.2978507320676497,0.21127986610510904,0.7569395378416113,0.6176272287864365,0.5756437688914405
test/73,tax,0,,0.6776317967806952,0.8536918881712571,0.8773318923840493,0.8365669014089995,0.8633689179876798,0.8629203131529245,0.8757699877195969,0.8636001007407345
test/73,service,0,,0.694650749748824,0.9497831059393412,0.9672879726800598,0.9732264352760436,0.9848689282525037,0.9695296071738505,0.9641613891249746,0.9669403593911476
test/73,discount,0,,0.9120951732650179,0.980282254461221,0.9868619197215805,0.9835538363053788,0.9788707461367224,0.9779158768572723,0.9880509767895799,0.9889092317209371
test/73,total,0,,0.8885819542547237,0.9426347830495749,0.9836270151253099,0.9820262644540925,0.9704051967946891,0.9214142556209787,0.9768798657496677,0.9762248042075571
test/73,cash,0,,0.7657667485090668,0.8374278010196462,0.9627655644801452,0.991912995336255,0.9176494220293033,0.945481149777931,0.9309115887352601,0.9487341489973116
test/73,change,0,,0.849786481961088,0.7942256759120141,0.9784717435221398,0.9962386191502783,0.9516923411583134,0.9751152125693631,0.93864148596793,0.963526850350534
test/73,card,0,,0.8924657167388287,0.854380839004237,0.816741113531469,0.9375133112884374,0.9362784725446157,0.8453352165266479,0.8048942117369062,0.8339344461608187
test/74,subtotal,1,binding,0.6061941615970455,0.5794502882244335,0.20477992405824783,0.3417924836846838,0.3620613502346569,0.4820008094956138,0.13057726725160382,0.3624424365625107
test/74,tax,1,binding,0.6776317967806952,0.4501651259998903,6.657116786302522e-06,0.004607524148664668,0.2681142012855129,8.326162464393187e-06,0.0059072857044228985,2.8474112159794e-06
test/74,service,0,,0.694650749748824,0.6787795507154821,0.9851785195503832,0.996110487487186,0.6081501373003686,0.9745465143049841,0.9408626426480735,0.977101492590152
test/74,discount,0,,0.9120951732650179,0.9262787941038709,0.9574945031341543,0.9670784393636659,0.9637397407633284,0.926604630708659,0.9682062711941536,0.955052996433393
test/74,total,0,,0.8885819542547237,0.9534721897401852,0.9739214539222976,0.9776060357815785,0.9489663029171064,0.883546000239074,0.9874257310459192,0.955439318796348
test/74,cash,0,,0.7657667485090668,0.9720508255478408,0.9192476938079526,0.8822731044875853,0.9199628929880209,0.9128096481203025,0.924897925983547,0.9236901911295974
test/74,change,0,,0.849786481961088,0.9782464542585007,0.9470802988355717,0.9813252087262743,0.9839606312902092,0.9666472618464126,0.9707300658298189,0.9425226891005938
test/74,card,0,,0.8924657167388287,0.9467766810956849,0.933983179012932,0.9115545732340165,0.9032802322394372,0.9524075573487081,0.9355239546371305,0.9355495174577937
test/75,subtotal,0,,0.6061941615970455,0.7969452181836805,0.8274366317448683,0.9890989654569172,0.9785749312123626,0.9291426675456091,0.8440684684315506,0.8050386038843841
test/75,tax,1,binding,0.6776317967806952,0.7277444525461344,0.007629709209245918,0.008823877924435218,0.33918379094238754,0.00575575018388632,0.3336791649952383,0.008333566703487772
test/75,service,1,binding_absent,0.694650749748824,0.17472347975285665,0.010116872337197927,0.007753046027025061,0.17189680906526814,0.014319978589220617,0.10606067435319275,0.006370046425260511
test/75,discount,1,binding_absent,0.9120951732650179,0.3281878744424786,0.022960581779904593,0.013106663102404782,0.24237826036981022,0.016295071335647306,0.16460643498865585,0.01427473487641074
test/75,total,0,,0.8885819542547237,0.9433018723642072,0.9824659547565527,0.9820341769594536,0.9403763852803969,0.9121954294989152,0.9760243713990784,0.9792157496774234
test/75,cash,0,,0.7657667485090668,0.9085071239773999,0.8233693032908029,0.9014614622389745,0.898408363006732,0.8135058304155638,0.8293525387625824,0.8153030678936993
test/75,change,0,,0.849786481961088,0.9779441903194165,0.9388352406704219,0.9814890540473474,0.9824388297680574,0.9624606662457869,0.975647041746631,0.9550857521176778
test/75,card,0,,0.8924657167388287,0.951740114921896,0.9562086694082571,0.9318426253601152,0.9466856015361749,0.9684820301603501,0.9567184725355147,0.9506347692135948
test/76,subtotal,1,binding_absent,0.6061941615970455,0.40766319447681126,0.21508527737909763,0.10798785075770928,0.20934545648842104,0.4906613010964483,0.3634899212540706,0.24120740126773105
test/76,tax,0,,0.6776317967806952,0.6052757587975351,0.7153835057930594,0.8421087243211817,0.8200276318483387,0.6959840511603786,0.7314602834968165,0.7219462257035576
test/76,service,0,,0.694650749748824,0.921023014005796,0.9519973740483273,0.9672433667327387,0.9617937972142685,0.9566466777951403,0.9588045219148357,0.9649894672262277
test/76,discount,0,,0.9120951732650179,0.9803512325219286,0.9901360799468751,0.9899019686162193,0.9788707461367224,0.9825421041442584,0.9903534423674557,0.9903921209380124
test/76,total,1,binding_absent,0.8885819542547237,0.9567059965017178,0.9627675247398964,0.9667948119686349,0.9640413299744947,0.8543597312343114,0.9735030572054872,0.9576481602273181
test/76,cash,0,,0.7657667485090668,0.5312911825050001,0.6836795514024943,0.484455241097057,0.3569816956814999,0.624006692017143,0.7705348248007186,0.6195399440618878
test/76,change,0,,0.849786481961088,0.9662889215829263,0.9575826512135239,0.832502414638989,0.7023134627719896,0.9700914673660154,0.9710904654507967,0.9431980985064765
test/76,card,0,,0.8924657167388287,0.9538266405926775,0.9642568819936931,0.9177968626188432,0.9077038528456118,0.9701841255538196,0.9609197928775687,0.9624875695443601
test/77,subtotal,0,,0.6061941615970455,0.7458575822370064,0.7989084050735384,0.9869153355692722,0.9848811209825363,0.9147344694712788,0.7541093484097531,0.7901986463851718
test/77,tax,0,,0.6776317967806952,0.8486669992649852,0.9232704902953481,0.9032830105780455,0.9001634784882592,0.9094915943647949,0.916446955565308,0.9035997818108009
test/77,service,0,,0.694650749748824,0.9554018371000003,0.9751740969386332,0.9919768571499834,0.9902164238974742,0.9763689550257241,0.9774479428909766,0.9801280451486521
test/77,discount,0,,0.9120951732650179,0.9819213062164843,0.9910562558860994,0.9941783285773547,0.9898256890580313,0.9836890005687501,0.9905321377535711,0.9916557957931382
test/77,total,0,,0.8885819542547237,0.9176326211003155,0.7270766315114033,0.8437831951736502,0.8770877541653872,0.4476649063918404,0.7931885307736478,0.846472223213732
test/77,cash,0,,0.7657667485090668,0.8461715038293802,0.9546710695120617,0.9902500085631841,0.9817103656366428,0.933836852065264,0.928106719531371,0.939988037499656
test/77,change,0,,0.849786481961088,0.8062390735016054,0.9651554016058853,0.9978621902263297,0.9496665660068611,0.9606353840507408,0.9352519850015735,0.9442575433069613
test/77,card,0,,0.8924657167388287,0.9567041939037956,0.9589303809324221,0.9495755780235953,0.9398830571535582,0.9656562294684585,0.9479741091879943,0.9606661625713132
test/78,subtotal,1,binding_absent,0.6061941615970455,0.2473238796972762,0.19893044385719563,0.13097409506523056,0.16066339779856648,0.42575893011700994,0.3805944670170857,0.1633644811302504
test/78,tax,0,,0.6776317967806952,0.8307651093580508,0.883173517679333,0.9044173142341454,0.8872914894312725,0.8668293580365586,0.8587722361887371,0.8572233108716557
test/78,service,0,,0.694650749748824,0.7606019220058795,0.8846278591950811,0.9524309586349082,0.9231887490392247,0.8876991701161991,0.8498418900216627,0.8840424575577418
test/78,discount,0,,0.9120951732650179,0.9808909318655948,0.9862680017200754,0.9908672597492958,0.9825243263519263,0.9764515985233693,0.9857392921683938,0.9900910109787984
test/78,total,0,,0.8885819542547237,0.9450746521924647,0.9561227674305873,0.971251179768847,0.9806220755195464,0.8204253075090993,0.9784788352218686,0.9350676092102339
test/78,cash,0,,0.7657667485090668,0.6890650279531574,0.6271480245443891,0.6012077980052818,0.6648886679344271,0.581633929651643,0.8218019819323853,0.5806654710888245
test/78,change,0,,0.849786481961088,0.9793540580271751,0.9104949819688472,0.9609916256479989,0.9698554116951882,0.9293226384698025,0.9145941797409326,0.9135970721115427
test/78,card,0,,0.8924657167388287,0.8345296174049788,0.8196120148261169,0.940033040975538,0.9041764281758486,0.8425667161206085,0.7856596962334608,0.8336099587144505
test/79,subtotal,1,binding_absent,0.6061941615970455,0.37183159963108975,0.390337144608054,0.14215716775961065,0.2221975931973027,0.5018371845664616,0.6290521572961882,0.291784991408651
test/79,tax,0,,0.6776317967806952,0.9088610248209255,0.9200120615600859,0.9009346847478232,0.9062672329719891,0.9052622552438329,0.9157337731547309,0.9126851896261671
test/79,service,0,,0.694650749748824,0.9569116246283901,0.9740091722502515,0.9886144739561422,0.9881516115806166,0.9746681182639223,0.9701829370976117,0.9739458123432405
test/79,discount,0,,0.9120951732650179,0.9817001610218901,0.9864763253765039,0.9905149359507041,0.9792283327724234,0.9767450958451043,0.9865860378084677,0.9899043922671711
test/79,total,0,,0.8885819542547237,0.9457228461949295,0.9662423013897753,0.9621162934904095,0.9594630205011001,0.8522762416542929,0.982597515349971,0.9444078679822858
test/79,cash,0,,0.7657667485090668,0.691753965930486,0.7581486261853344,0.834925099208532,0.6320245371044535,0.6981338264367046,0.8837282065068265,0.6687705594091283
test/79,change,0,,0.849786481961088,0.9765491597103615,0.922590628451405,0.8727711444566871,0.9087635910010746,0.9410772762858425,0.9412066434731777,0.9298813490879508
test/79,card,0,,0.8924657167388287,0.9400629240704079,0.9194784030706218,0.8139873138745904,0.916863737720045,0.9189351019244971,0.9014534685970186,0.9265468859646471
test/80,subtotal,0,,0.6061941615970455,0.7185358337479248,0.7010511009011234,0.9803816080151588,0.9630426972112256,0.8651521888241177,0.6798616273276337,0.7157056716124162
test/80,tax,0,,0.6776317967806952,0.9497739501681746,0.9658484872364052,0.9453457726927029,0.9405569345942772,0.9577444725928986,0.9642823541045998,0.9618273185942336
test/80,service,0,,0.694650749748824,0.9549154578741906,0.981211144525807,0.9916020721854452,0.9902164238974742,0.9805244995959987,0.9776574031326275,0.9799253677976597
test/80,discount,0,,0.9120951732650179,0.981772687455132,0.9876323306740646,0.9932694680125269,0.9889984457480898,0.9775371492414596,0.9867954689328369,0.9915314358902949
test/80,total,0,,0.8885819542547237,0.9443128136480774,0.9672494604038815,0.9394886792206139,0.9531577146177903,0.869245456316089,0.9529251913216606,0.9670246432502643
test/80,cash,0,,0.7657667485090668,0.5999128331213122,0.2573014162874657,0.33339751146596686,0.5554629263304723,0.26878563037112424,0.41258993214643014,0.3554124760754993
test/80,change,0,,0.849786481961088,0.9807854014220974,0.9085071950377259,0.9723149202216254,0.9817727508903518,0.9223658138015239,0.9102322669798812,0.9214835829439524
test/80,card,0,,0.8924657167388287,0.9543488125246483,0.9635308835164195,0.9505775066612017,0.923369791940832,0.9680084011782066,0.9531762582189132,0.963771556344518
test/81,subtotal,1,binding_absent,0.6061941615970455,0.4666495430753488,0.203040867993348,0.10618355384019217,0.34632578224757926,0.494091928368507,0.32238913037038175,0.25749615558963396
test/81,tax,0,,0.6776317967806952,0.7515846646376758,0.7855749468414202,0.841069338840929,0.7379008184044192,0.7763695101229658,0.859672489720507,0.8159048744284294
test/81,service,0,,0.694650749748824,0.9549749269255788,0.9749762334918907,0.981650033664225,0.9862847372306229,0.9769617445614116,0.977818669174468,0.9707283113921186
test/81,discount,0,,0.9120951732650179,0.982297634599093,0.9901362141537177,0.9944582042173207,0.9788707461367224,0.9829440466941086,0.9926518512681018,0.9895687087867469
test/81,total,0,,0.8885819542547237,0.9469349714276908,0.9038526711203994,0.9459618303004886,0.9758013242956323,0.7245942867987984,0.9328378552045613,0.9187085248354382
test/81,cash,0,,0.7657667485090668,0.8919870587579206,0.887252503688601,0.8922971753185138,0.8571240279973763,0.8915683526527817,0.9323263043940578,0.9049080119546188
test/81,change,0,,0.849786481961088,0.9803856366933413,0.9528467938190289,0.9743949849813479,0.967932008519352,0.9701770405977601,0.9831414305270464,0.9630326899923344
test/81,card,0,,0.8924657167388287,0.9192263559750196,0.9367861220769834,0.9080002009149531,0.907207830813492,0.9264452393796025,0.9638838945807305,0.9448535692464016
test/82,subtotal,0,,0.6061941615970455,0.7949364029745034,0.8143712706780498,0.9763976706231923,0.975992906571799,0.9191751061807587,0.8859051338501417,0.7547891081416208
test/82,tax,0,,0.6776317967806952,0.9609770617222763,0.9514793175364562,0.8907024666366341,0.9297858255421139,0.9438562398135605,0.9582838223416822,0.9513639611249145
test/82,service,0,,0.694650749748824,0.9606715330773423,0.9613427354776181,0.9924721287879599,0.9922522403612994,0.9629113955844789,0.9588170387334353,0.9661046778247409
test/82,discount,0,,0.9120951732650179,0.9832359754209237,0.9871434000463432,0.990748153901019,0.9900801470735848,0.9777663995639359,0.9848969608580919,0.9875313572668304
test/82,total,0,,0.8885819542547237,0.9582183827900784,0.9841317232059719,0.9804287718687184,0.9772260448537963,0.9238028857102133,0.9876827632833605,0.9736484780609663
test/82,cash,0,,0.7657667485090668,0.9773136259869214,0.9433211962918754,0.9535397472435597,0.9651542140591307,0.9393908171651605,0.9311210969288658,0.9357801920842518
test/82,change,0,,0.849786481961088,0.9777181658217254,0.7840017146763687,0.9729086849586229,0.9824388297680574,0.8145104010221254,0.8013815339218286,0.8183724826775984
test/82,card,0,,0.8924657167388287,0.33517824768040266,0.03431006143534537,0.04808307776179934,0.5201894082693996,0.05447532709174943,0.19795603776732335,0.054618511211682604
test/83,subtotal,0,,0.6061941615970455,0.6594857737570963,0.8481898396719365,0.989628153507146,0.9492679947773847,0.9248554627112396,0.7183992485210648,0.8317909416448573
test/83,tax,1,binding,0.6776317967806952,0.7668672026769269,0.5417672702134402,0.18537865053983152,0.5337260484684361,0.49062511089505234,0.6423304451804436,0.4632309907182828
test/83,service,1,binding_absent,0.694650749748824,0.5848248841758832,0.04439020467404017,0.00919558388072225,0.26552617658789845,0.05502115448639366,0.2761393627147683,0.03821666082393349
test/83,discount,1,binding_absent,0.9120951732650179,0.44817506571539345,0.016491697403522125,0.011251356131172953,0.23891092069066605,0.011621007352410838,0.13477847042694432,0.00922265329472124
test/83,total,0,,0.8885819542547237,0.9191819072234606,0.991379250664643,0.9829472738302869,0.9252326108096289,0.9519997038367185,0.9473121465469562,0.9905186107677768
test/83,cash,0,,0.7657667485090668,0.7962415287595991,0.906379316606358,0.9427045059213416,0.5365982991384038,0.8808138032530113,0.6517299646475665,0.9457924137286458
test/83,change,0,,0.849786481961088,0.38294120113566193,0.2943196087148841,0.4784259851377618,0.4630862187201101,0.36632538006488297,0.38703524613360996,0.3384451266624355
test/83,card,1,binding_absent,0.8924657167388287,0.41626768558641547,0.1688312309868597,0.47042295403664214,0.35926090286339596,0.19792343533484621,0.27603919794471626,0.22940212519881106
test/84,subtotal,0,,0.6061941615970455,0.7408717870691559,0.9060604648870023,0.9891126365880482,0.979707893727391,0.9612982139555823,0.7312728448652073,0.907408213833117
test/84,tax,0,,0.6776317967806952,0.8065732051880316,0.960939597047805,0.9841222686098562,0.947558220271002,0.9357228990142866,0.9293516307467163,0.9495772035290473
test/84,service,0,,0.694650749748824,0.915666673747933,0.9334419835316545,0.9570393511496313,0.9617937972142685,0.9345357090818557,0.9249852136138719,0.9400781254161054
test/84,discount,0,,0.9120951732650179,0.9830726575954766,0.9961218431307243,0.9973323147920305,0.9900801470735848,0.9919589671325746,0.9967696940682972,0.9920301437445522
test/84,total,0,,0.8885819542547237,0.9400482944176453,0.9830654025615058,0.9891285038381485,0.9567844141983591,0.917610933998426,0.974210828362216,0.976410423150902
test/84,cash,0,,0.7657667485090668,0.922819674048609,0.933398883095109,0.8966324162586234,0.8850798678442457,0.9312234118421815,0.93769258873586,0.9222137245775618
test/84,change,0,,0.849786481961088,0.9815749686238318,0.9671094941759703,0.9834748849122111,0.9803814524201803,0.9782135828930597,0.9872378179650533,0.9717312832976598
test/84,card,0,,0.8924657167388287,0.9633531263742539,0.970912859999111,0.979066276376658,0.9679994263383566,0.9781914198674194,0.9796589741896444,0.9749700044602466
test/85,subtotal,0,,0.6061941615970455,0.7828580144177582,0.8652537472605,0.9857737249680241,0.9650046363172589,0.9504803019864324,0.7209589106196446,0.8936894435057057
test/85,tax,0,,0.6776317967806952,0.8188957434927777,0.9444577769409095,0.9232364463976598,0.5715776909237591,0.9229966992563752,0.9167840087920038,0.938702177774665
test/85,service,0,,0.694650749748824,0.7339481186638267,0.8177721461987958,0.9205347158747478,0.8188404053774728,0.8424549429126091,0.8707980046072245,0.7921350777934729
test/85,discount,0,,0.9120951732650179,0.9832109558142885,0.9881477169942304,0.9812980923369629,0.9731252508954084,0.9814136515847721,0.994094974235731,0.9856607575939705
test/85,total,0,,0.8885819542547237,0.9608830260357993,0.9556844196694424,0.9591998386506232,0.9567746509638323,0.8449897512132131,0.9785470686255071,0.9488450599406955
test/85,cash,0,,0.7657667485090668,0.8818334390103434,0.864598290786346,0.8853169649981814,0.9439797007728083,0.8462111725914335,0.9446376537692638,0.8388186077317852
test/85,change,0,,0.849786481961088,0.9219930075174796,0.7867377143523208,0.7296210200134465,0.5509076750031093,0.8519648415280707,0.9276136821644719,0.7795565001776292
test/85,card,0,,0.8924657167388287,0.9565555665809445,0.9564819683180611,0.9329556602354883,0.9381075935431953,0.9694782070328909,0.9767799714225139,0.9444166320169152
test/86,subtotal,0,,0.6061941615970455,0.7469484187216948,0.8584354260524785,0.995708632067429,0.9881766218926953,0.9391189054481767,0.8216831297067546,0.8244183838660265
test/86,tax,0,,0.6776317967806952,0.9426075514168082,0.960927628993696,0.9153073496542831,0.9234943853397329,0.9562844730156098,0.9744362343446256,0.9602407560618893
test/86,service,0,,0.694650749748824,0.957055194347169,0.9827379425952085,0.9907562234382985,0.9881516115806166,0.9834809080755822,0.9871063213943974,0.9814889452108484
test/86,discount,0,,0.9120951732650179,0.9822391875198245,0.989673596024138,0.9931895696882287,0.9863923620874588,0.9821352025835061,0.9903347987402291,0.990563036802231
test/86,total,0,,0.8885819542547237,0.9169035460903396,0.9839910375358911,0.9781931367882655,0.8891205027827307,0.9218547440962407,0.9707611274975411,0.9751643921025525
test/86,cash,0,,0.7657667485090668,0.8298581463679525,0.9855898350322021,0.9916307254612178,0.9176494220293033,0.9765713034911185,0.9334399559336928,0.9790060745154862
test/86,change,0,,0.849786481961088,0.778163693876257,0.9619966288001426,0.992038301881825,0.9293073519377809,0.9556559237265951,0.9543719904683756,0.9249258059998929
test/86,card,0,,0.8924657167388287,0.8368946335433283,0.8043683106056511,0.9165394040499292,0.8860427295857997,0.8321081087824945,0.7857175026854103,0.8232181429597513
test/87,subtotal,0,,0.6061941615970455,0.7505131660884315,0.8101211500192095,0.9955018397165325,0.9869411114494885,0.9175689552969926,0.8174447146968855,0.7711079405756195
test/87,tax,0,,0.6776317967806952,0.5896036119105607,0.6064278124308576,0.5795379625710777,0.469620832751019,0.5549953438335086,0.5433792241127452,0.7814380318763912
test/87,service,1,binding_absent,0.694650749748824,0.301329025384765,0.37498070731412975,0.15382310890436982,0.15784674723183928,0.38239145771297545,0.3090223257264804,0.5921857992751748
test/87,discount,0,,0.9120951732650179,0.9137040646737359,0.9477568072931182,0.953714767581272,0.944622341217739,0.9069113094341864,0.9503588157198227,0.9540061555678676
test/87,total,0,,0.8885819542547237,0.94363432249866,0.9161636331271502,0.9723181297919093,0.9820514303267395,0.7378543329875025,0.9144471021326075,0.9687342954106386
test/87,cash,0,,0.7657667485090668,0.9616724636460516,0.9458465897373536,0.9083255526030314,0.8916916812532222,0.9433703739441291,0.9371741646886392,0.9356948237656894
test/87,change,0,,0.849786481961088,0.9758854902140782,0.9474339109819434,0.9654844286313404,0.9572797489885906,0.9663982871406459,0.9719188833755243,0.9535264023170501
test/87,card,0,,0.8924657167388287,0.7351834734561634,0.9460231501180454,0.9968144980556136,0.9739201501518483,0.9355499956992224,0.9277721033196974,0.9147275195552074
test/88,subtotal,0,,0.6061941615970455,0.7475050940932,0.8163965803835982,0.9850654732932407,0.9869411114494885,0.9155737749664536,0.8756576924150901,0.7311140026016132
test/88,tax,0,,0.6776317967806952,0.9592955223571109,0.958175039038563,0.9086687173106105,0.9353988793408441,0.9497178462435201,0.9597092263844785,0.957318414299068
test/88,service,0,,0.694650749748824,0.9596064077567628,0.9679664539533473,0.9930008257047634,0.9922522403612994,0.9677110278821245,0.9626572560131499,0.971406039416755
test/88,discount,0,,0.9120951732650179,0.9831134590406541,0.9884896444826564,0.9925269843139007,0.9900801470735848,0.9786506575486098,0.9848844901704096,0.988843605433254
test/88,total,0,,0.8885819542547237,0.9456342656801324,0.9772486689349393,0.982870065333275,0.9557307406081864,0.8936979719345327,0.9810975526429437,0.9684048866972912
test/88,cash,0,,0.7657667485090668,0.9092523474466543,0.8187996695019419,0.6985598830520137,0.8571240279973763,0.7994369663276317,0.7507383798449666,0.8216328651786134
test/88,change,0,,0.849786481961088,0.9762668245439413,0.770905332890293,0.8831144774307016,0.9620636323757477,0.7966635546238425,0.7552628263343805,0.8119172034020818
test/88,card,0,,0.8924657167388287,0.6721660065718321,0.7714094494916086,0.9215099210817103,0.8845710836450813,0.7796242688961804,0.8276735687875072,0.7804435807314691
test/89,subtotal,0,,0.6061941615970455,0.7231963487338542,0.7944608551446205,0.8373198072352475,0.7788719849296615,0.9149938282281125,0.7247701639586643,0.7968981441645123
test/89,tax,0,,0.6776317967806952,0.9095752940539358,0.9219614939447058,0.9336389952089915,0.9265616201309702,0.9080153004589234,0.9107753852135004,0.9136162101667382
test/89,service,0,,0.694650749748824,0.9543346497747257,0.9686260882067009,0.9896234380549768,0.9902164238974742,0.9687241356619103,0.9617028904402851,0.971328494159161
test/89,discount,0,,0.9120951732650179,0.9809578000223549,0.99006597030323,0.98852247383114,0.9825243263519263,0.9821411887832301,0.9856538513888468,0.9888983842420388
test/89,total,0,,0.8885819542547237,0.4638429836740223,0.39418768567156354,0.6423257508924336,0.502685560016865,0.1603790300265625,0.34593856959360403,0.6423161084850035
test/89,cash,0,,0.7657667485090668,0.8206375311701657,0.9478866612282979,0.9804132091200777,0.9279137046129461,0.9280421661390774,0.8927360853152023,0.9398679785183788
test/89,change,0,,0.849786481961088,0.7776205123525384,0.9675353342519921,0.9874711996531481,0.9428028072863393,0.9647825909474517,0.9059443336389101,0.9564643377388131
test/89,card,0,,0.8924657167388287,0.9066459259666124,0.9019391054702057,0.94237605010157,0.9188360292587157,0.9262447968303651,0.9114452840723324,0.929872251643394
test/90,subtotal,0,,0.6061941615970455,0.749726919782892,0.9172592808905589,0.9934986947368144,0.9868903248904582,0.9642867426515933,0.7954436322723683,0.9036847444831636
test/90,tax,1,binding,0.6776317967806952,0.21304547112168104,0.023708079602255662,0.02164063454637136,0.2017135215481399,0.023523035891160768,0.09244784104676025,0.0179289716901535
test/90,service,1,binding_absent,0.694650749748824,0.4969800712450886,0.2139804247065121,0.10587087860360575,0.13094678201718138,0.23507215233875067,0.3398775475362826,0.21550669690947225
test/90,discount,0,,0.9120951732650179,0.9125350520618318,0.9369938051967548,0.9603894100998253,0.9539192242293918,0.8890681369434472,0.9360343867903876,0.956169564178421
test/90,total,0,,0.8885819542547237,0.9446308813834712,0.9837836372561869,0.9946620877898481,0.9161842198045759,0.9210817469335352,0.9773909198895303,0.9762245855203587
test/90,cash,0,,0.7657667485090668,0.852486939668366,0.9229945357340877,0.9535435797239399,0.9517858376302436,0.8956431212432815,0.9203789432716842,0.9061310104574959
test/90,change,0,,0.849786481961088,0.975831498965787,0.9612644177646807,0.9766937130675569,0.951094665331273,0.972951740000257,0.9708080873342132,0.9531986384669578
test/90,card,0,,0.8924657167388287,0.9498023010336109,0.9670232986844526,0.9602773796586722,0.9463344671132756,0.9741570139574173,0.9596806092463758,0.9629533994090551
test/91,subtotal,1,binding_absent,0.6061941615970455,0.036393625164461096,0.00022941978203145966,0.004698154706938203,0.0821400091679928,0.0009112696689279517,0.0011600047808224781,5.372681863790992e-05
test/91,tax,1,absent_halluc,0.6776317967806952,0.00014409647867496606,1.89189682185495e-25,0.00632697200125677,0.030067734753878018,8.49218798093522e-24,2.2606992781954923e-07,3.088274297130169e-28
test/91,service,1,binding_absent,0.694650749748824,0.05973320567646171,0.016573256914255156,0.06141090044827859,0.08464086868597002,0.012669205658209452,0.0011859720916974291,0.002186816412150119
test/91,discount,0,,0.9120951732650179,0.8819185773233594,0.9906916586751937,0.9146270995695484,0.8978098823472838,0.9773825757137069,0.9909585034633462,0.9616374823549684
test/91,total,0,,0.8885819542547237,0.6753985930090692,0.10463163376750496,0.21267372137200644,0.42943306486414945,0.029060466301407704,0.11986149497260645,0.03127370688636401
test/91,cash,1,binding,0.7657667485090668,0.5236050321326559,0.37999643806122846,0.44977498281444755,0.4117845072027456,0.33433125933492897,0.13548031969547025,0.18975175235432204
test/91,change,1,miss,0.849786481961088,0.9797339986859569,0.9949050905541129,0.9802535720081973,0.967932008519352,0.995225673264378,0.9979695711947612,0.9760479652259466
test/91,card,0,,0.8924657167388287,0.837364930530607,0.9651443770742353,0.8462543654198961,0.8860427295857997,0.9648225216035365,0.9764472177534627,0.9093843522965382
test/92,subtotal,1,binding_absent,0.6061941615970455,0.6853610434363744,0.7525131517069907,0.4415247544112637,0.3447439834508467,0.8916050852454999,0.7596272020178431,0.7221077559025136
test/92,tax,0,,0.6776317967806952,0.9074126286276091,0.972389837793609,0.9518503632893679,0.9062672329719891,0.9642756245719973,0.9816880684042848,0.9496519799601071
test/92,service,0,,0.694650749748824,0.9484778561678113,0.9793397629583446,0.9814319795630682,0.9847082110943999,0.9802252332072425,0.9832242212925871,0.9783978682850055
test/92,discount,0,,0.9120951732650179,0.9822944624628611,0.9964724994455547,0.997114241396542,0.9888656480974318,0.9925302003025736,0.9966674944891728,0.9922407304134157
test/92,total,0,,0.8885819542547237,0.8209557857455405,0.9615898798868028,0.96030163828183,0.8010251142236599,0.7351572380998959,0.9497202345270133,0.9402993269977389
test/92,cash,0,,0.7657667485090668,0.7832301505602182,0.9443969699712902,0.9740305728864825,0.7262585133161049,0.9316313449926088,0.7583846306231627,0.9547631623164244
test/92,change,0,,0.849786481961088,0.8264377314945686,0.9604302407883066,0.9781127980358807,0.9491379398882501,0.9604869227490743,0.8969647405991966,0.9562676463797237
test/92,card,0,,0.8924657167388287,0.9379418208347379,0.95952171486527,0.913121634143731,0.916863737720045,0.9610943898389301,0.9568801624506258,0.9549596812606694
test/93,subtotal,0,,0.6061941615970455,0.7349953802118385,0.81635416069027,0.9840564382427159,0.9702055220286891,0.9200352960703475,0.7703643656509083,0.7966466384853519
test/93,tax,1,binding,0.6776317967806952,0.31209085136755266,0.1291071567117585,0.186282665684183,0.24847359676270883,0.12266928601695612,0.2303798409054408,0.15957877863750952
test/93,service,1,binding_absent,0.694650749748824,0.6215626683553084,0.27672664695446714,0.014788202533732676,0.4196034648703793,0.30605200010233385,0.5221131684303487,0.2464106598751288
test/93,discount,0,,0.9120951732650179,0.9378580048443491,0.9794789830576095,0.9799430645603907,0.9472865317715361,0.9587455609128179,0.9794715748639641,0.9730375894725163
test/93,total,0,,0.8885819542547237,0.9410955265928549,0.9799084606018429,0.9784585142635358,0.9604385067568059,0.9085710956454324,0.9588517723472028,0.9825402546535944
test/93,cash,0,,0.7657667485090668,0.968670061664033,0.9557225867510064,0.9465007932399998,0.8812958313642304,0.9538348729041433,0.9457200601311133,0.9533534871321688
test/93,change,0,,0.849786481961088,0.9768056615463129,0.9501169628744638,0.9827552340618207,0.9758050671299043,0.96733064114575,0.9711777336767142,0.9583730679917439
test/93,card,0,,0.8924657167388287,0.9418427643070738,0.9625162596020862,0.9448478631562938,0.8822045477206721,0.9708241902646694,0.951620854476739,0.9549068659582104
test/94,subtotal,0,,0.6061941615970455,0.7783106280721562,0.7786646789647966,0.7817437733759759,0.877342491932737,0.9134746637848723,0.7873547217607164,0.7773647276329508
test/94,tax,1,binding,0.6776317967806952,0.6486732007371586,0.31981052518861436,0.108811189131222,0.5386930589032097,0.32653646877161835,0.46201312607343215,0.3547379778449167
test/94,service,1,binding,0.694650749748824,0.18514201600531546,0.016214131826743892,0.016114243736686237,0.11210242436411173,0.01892189215609912,0.02906169473959346,0.014471331351389746
test/94,discount,1,binding_absent,0.9120951732650179,0.34442673407336877,0.014628599532099804,0.008502457971891328,0.156577380127708,0.01144625098727259,0.1354793431543957,0.009205740644242419
test/94,total,0,,0.8885819542547237,0.9278733025040083,0.7739694622176958,0.4921624607185482,0.8050570452460049,0.4941964249219123,0.8435269864387852,0.8700043433849823
test/94,cash,1,binding_absent,0.7657667485090668,0.4237461977071232,0.0641061826271438,0.016403067135594033,0.283487961801847,0.06267245999705555,0.26701992419392295,0.04735813438184957
test/94,change,0,,0.849786481961088,0.9244568798741346,0.8405132310297354,0.8049627296317164,0.6991673933875765,0.8885651040485627,0.9065304556142288,0.8160064073342077
test/94,card,1,miss,0.8924657167388287,0.9409382148341344,0.8858094310347423,0.7915802227842146,0.9030534814225607,0.9047327256536816,0.8810310254530955,0.8963700958189788
test/95,subtotal,1,binding,0.6061941615970455,0.2129690428943156,0.11439962638331105,0.22265740556461588,0.17808959614714923,0.33327489632549073,0.04636876731908731,0.1566492417958272
test/95,tax,1,binding,0.6776317967806952,0.5080780152810586,0.0008083074068587838,0.007852992532320729,0.36915845510442497,0.0009532352594472566,0.07762136522059997,0.0008274329982653704
test/95,service,1,binding_absent,0.694650749748824,0.652015857065002,0.23212794851351082,0.09212907881612485,0.3995130889339549,0.26348183187314034,0.32553239754911906,0.19401442354136497
test/95,discount,0,,0.9120951732650179,0.9514824797712614,0.9814561441870169,0.974517996668504,0.9390586299352333,0.9652774111065262,0.9849992320858485,0.9742204537913128
test/95,total,1,binding,0.8885819542547237,0.7769044957482435,0.6126535485300142,0.45362024007264085,0.5880297373672697,0.22117019695078965,0.6116360308580467,0.8423474131869128
test/95,change,0,,0.849786481961088,0.976750155536546,0.9543071437528252,0.9562784443078861,0.9620636323757477,0.9706051287965457,0.9702261403961613,0.9406637808096682
test/95,card,0,,0.8924657167388287,0.9344454941592577,0.9419435436192454,0.8733674741254864,0.8997435015767419,0.9582654759503368,0.9345972750200231,0.9302666182750107
test/96,subtotal,0,,0.6061941615970455,0.7411710470236563,0.8280061016872332,0.9703815886129795,0.9704753782512762,0.9278747798046576,0.7701959130163855,0.8119850330511496
test/96,tax,0,,0.6776317967806952,0.8216355952640471,0.854583540008243,0.9017689031827841,0.8872914894312725,0.8278338440884846,0.8366959440107938,0.849898579050153
test/96,service,0,,0.694650749748824,0.9506796996029182,0.9626484094159184,0.9892259278652359,0.9886711588331224,0.9611908098919943,0.9541862682946264,0.9666582437473948
test/96,discount,0,,0.9120951732650179,0.9807949162985206,0.9891870481174079,0.98852247383114,0.9825243263519263,0.9806229684155237,0.9838894269954854,0.9881204913268091
test/96,total,0,,0.8885819542547237,0.9428351884146274,0.987849990863433,0.9909146727192931,0.9834485743901956,0.939579845362678,0.9759745580285282,0.9825141073408618
test/96,cash,0,,0.7657667485090668,0.7836639056248644,0.9379555696446621,0.9794721720197105,0.8435868820286828,0.9178933640978639,0.8481607163850775,0.9336275794646197
test/96,change,0,,0.849786481961088,0.7907351558694032,0.975683063745556,0.9975782596583727,0.9522708271975958,0.9708365506953651,0.9450997616751258,0.9553135392662462
test/96,card,0,,0.8924657167388287,0.91351773555747,0.9209447799684362,0.943393284009331,0.9227652117161405,0.937720286197242,0.902962796402653,0.9225462823105467
test/97,subtotal,1,binding_absent,0.6061941615970455,0.5828094493136787,0.4043901132361196,0.10834120773069503,0.24897945376501945,0.6588912864766919,0.6418180230085793,0.38126722367877625
test/97,tax,0,,0.6776317967806952,0.8209485300924202,0.916241792898495,0.8657831785976527,0.8465616166680852,0.9047241950282585,0.9447199449049583,0.887311300567717
test/97,service,0,,0.694650749748824,0.9521136673420039,0.9871917917855719,0.9934983761417543,0.9862847372306229,0.986972239687867,0.9914258796197117,0.9795493328848207
test/97,discount,0,,0.9120951732650179,0.9823429751699241,0.9975905970163632,0.9867942245576147,0.9867085100180608,0.9945186458187245,0.9980402067969121,0.9916094620789995
test/97,total,0,,0.8885819542547237,0.9469850595668176,0.9570241741113786,0.9522122707943478,0.9794485191654678,0.8300063045921305,0.9773221242370678,0.9399645317054117
test/97,cash,0,,0.7657667485090668,0.8122493015946767,0.8417942477289208,0.9405783146764416,0.9025775219897395,0.7992302737181248,0.9283660032149691,0.7810759516108795
test/97,change,0,,0.849786481961088,0.9805014993675505,0.9625005763532563,0.969328673653876,0.967932008519352,0.9734687654824353,0.9803998062659292,0.959361736893112
test/97,card,0,,0.8924657167388287,0.9381031765892124,0.9458767387854654,0.8768969859384577,0.916155946999424,0.9565098340460167,0.947874547695585,0.9434639831161084
test/98,subtotal,1,binding,0.6061941615970455,0.3068490613590407,0.03539448745975388,0.07686499696010468,0.25582903990152805,0.12347431758212181,0.15105454676394686,0.08953555963033015
test/98,tax,0,,0.6776317967806952,0.6749185540829277,0.8895351466296335,0.8015989301021772,0.3675064540699847,0.8443997959717119,0.8216772492398606,0.910462946552583
test/98,service,1,binding,0.694650749748824,0.07143778642445321,0.011532853131387721,0.0069093107807158645,0.12264222941183942,0.014631276604981163,0.04524527995126528,0.015543531433346648
test/98,discount,0,,0.9120951732650179,0.9159196735057845,0.9524136196474711,0.9431609219742824,0.9247783429235714,0.9247401261620086,0.955349780039411,0.95718985660822
test/98,total,0,,0.8885819542547237,0.9303105508635338,0.9464953014776866,0.8689192192572698,0.8916716966340982,0.7613741491786514,0.9733523229491406,0.9270758218710715
test/98,cash,0,,0.7657667485090668,0.9408442202227659,0.9050362948540672,0.8932148766842186,0.8961721915748437,0.8984928132880501,0.9106527901421912,0.9038867013918794
test/98,change,0,,0.849786481961088,0.9765129216498591,0.9508778270795794,0.9394004136990612,0.9311239984542692,0.9674553479209559,0.9707306075364699,0.9425554769865421
test/98,card,0,,0.8924657167388287,0.9034612393716516,0.9369080221988101,0.910222900850442,0.8952457417503681,0.9510245234326418,0.9426461240109507,0.926936896392145
test/99,subtotal,0,,0.6061941615970455,0.737125116711077,0.8990162900944316,0.9724771204439107,0.9303794615584354,0.9585476021589735,0.7750538260065736,0.8875571815228551
test/99,service,0,,0.694650749748824,0.9625941138593808,0.9598310543859022,0.9931839784439759,0.9904752541169295,0.9581802697542438,0.9556708974276867,0.9651053188215483
test/99,discount,0,,0.9120951732650179,0.9830305499460068,0.9811021399305023,0.990748153901019,0.989836281315945,0.9656951617250938,0.9722876982493209,0.9819044111991695
test/99,total,0,,0.8885819542547237,0.9459047339834631,0.9898968610327412,0.9892919189428211,0.9758013242956323,0.9499536211481128,0.9773066932720645,0.9855641154077575
test/99,cash,0,,0.7657667485090668,0.9810824871248975,0.9615744912449525,0.9832590921168989,0.9865735165541574,0.9591756635725558,0.9580357196515048,0.959198311997853
test/99,change,0,,0.849786481961088,0.9831488353457194,0.9365533274946377,0.9779424832256423,0.9782190512491938,0.9541118317445378,0.9566201806077455,0.9434754817388301
test/99,card,1,miss,0.8924657167388287,0.9565050727181386,0.9415641806162385,0.9148585836729526,0.9236879688172098,0.9475894050445769,0.9340460926510258,0.9458058562755856
