partition,doc,field,correct,normalized_correct,generic,relation,HGB-fusion,HGB-evidence
train,"20170614_Greenfield Law, LLC_Amendment_Amendment.pdf",registration_num,0.0,0.0,0.09620336,0.06000511,0.04666244219447217,0.024315711778037576
train,"20170614_Greenfield Law, LLC_Amendment_Amendment.pdf",registrant_name,1.0,1.0,0.9167805,0.97145605,0.9850754973340822,0.9941864562148872
train,"20170614_Greenfield Law, LLC_Amendment_Amendment.pdf",foreign_principle_name,1.0,1.0,0.7554042,0.9045286,0.937609708967428,0.956993145615543
train,"20170614_Greenfield Law, LLC_Amendment_Amendment.pdf",file_date,1.0,1.0,0.8886219,0.94956094,0.8661710520492492,0.8626254959959854
train,"20170614_Greenfield Law, LLC_Amendment_Amendment.pdf",signer_name,0.0,0.0,0.58991235,0.5005988,0.03859380953584037,0.196385462883976
train,"20170614_Greenfield Law, LLC_Amendment_Amendment.pdf",signer_title,0.0,0.0,0.1964015,0.10370294,0.28655509370284965,0.1791545023898228
train,"20130730_Van Scoyoc Associates, Inc._Amendment_Amendment.pdf",registration_num,0.0,0.0,0.09143072,0.058263857,0.04410304284895627,0.024315711778037576
train,"20130730_Van Scoyoc Associates, Inc._Amendment_Amendment.pdf",registrant_name,1.0,1.0,0.9441835,0.9834423,0.975000830779588,0.9782523844951185
train,"20130730_Van Scoyoc Associates, Inc._Amendment_Amendment.pdf",foreign_principle_name,0.0,0.0,0.032283314,0.039634652,0.061416974279551347,0.015105606577632645
train,"20130730_Van Scoyoc Associates, Inc._Amendment_Amendment.pdf",file_date,1.0,1.0,0.85777843,0.9275438,0.8784436496816301,0.8398752921425745
train,"20130730_Van Scoyoc Associates, Inc._Amendment_Amendment.pdf",signer_name,0.0,0.0,0.7898871,0.7312764,0.5629725680611488,0.8056650343603552
train,"20130730_Van Scoyoc Associates, Inc._Amendment_Amendment.pdf",signer_title,1.0,1.0,0.9243029,0.978691,0.9395769489336601,0.9544111070857118
train,"20010820_Arnold _ Porter Kaye Scholer, LLP_Amendment_Amendment.pdf",registration_num,0.0,0.0,0.1247743,0.07681936,0.06095329722297454,0.038151069309209897
train,"20010820_Arnold _ Porter Kaye Scholer, LLP_Amendment_Amendment.pdf",registrant_name,1.0,1.0,0.93829983,0.9829912,0.9210097105620164,0.9383623750012607
train,"20010820_Arnold _ Porter Kaye Scholer, LLP_Amendment_Amendment.pdf",foreign_principle_name,0.0,0.0,0.111473635,0.12744038,0.034901518237394076,0.075861481393285
train,"20010820_Arnold _ Porter Kaye Scholer, LLP_Amendment_Amendment.pdf",file_date,1.0,1.0,0.65646255,0.62503904,0.718740086360798,0.524432375451515
train,"20010820_Arnold _ Porter Kaye Scholer, LLP_Amendment_Amendment.pdf",signer_name,0.0,0.0,0.7341336,0.7034246,0.3515311055741097,0.5487850516678998
train,"20010820_Arnold _ Porter Kaye Scholer, LLP_Amendment_Amendment.pdf",signer_title,1.0,1.0,0.9049187,0.9465992,0.9394639729690932,0.9527047293341672
train,"19930601_JETRO, Atlanta_Dissemination Report_Dissemination Report.pdf",registration_num,1.0,1.0,0.75691307,0.5753449,0.7312552125354728,0.7506544103402751
train,"19930601_JETRO, Atlanta_Dissemination Report_Dissemination Report.pdf",registrant_name,0.0,0.0,0.21175215,0.14177692,0.5232759716388012,0.16244070969861998
train,"19930601_JETRO, Atlanta_Dissemination Report_Dissemination Report.pdf",foreign_principle_name,1.0,1.0,0.90487623,0.981465,0.9478378585021843,0.9800895691396921
train,"19930601_JETRO, Atlanta_Dissemination Report_Dissemination Report.pdf",file_date,1.0,1.0,0.95509034,0.9926046,0.9290740886792396,0.9724593067353604
train,"19930601_JETRO, Atlanta_Dissemination Report_Dissemination Report.pdf",signer_name,1.0,1.0,0.7508873,0.8251746,0.8827834258763284,0.9341269512268496
train,"19930601_JETRO, Atlanta_Dissemination Report_Dissemination Report.pdf",signer_title,1.0,1.0,0.94063294,0.9909952,0.9665423481509432,0.9923805083387991
train,19930901_Scottish Enterprise_Dissemination Report_Dissemination Report.pdf,registration_num,1.0,1.0,0.91400385,0.9766493,0.9774741057012776,0.9935403237395217
train,19930901_Scottish Enterprise_Dissemination Report_Dissemination Report.pdf,registrant_name,1.0,1.0,0.6947968,0.7773866,0.7167135595063124,0.8285661384327798
train,19930901_Scottish Enterprise_Dissemination Report_Dissemination Report.pdf,foreign_principle_name,0.0,0.0,0.5788047,0.45376128,0.5726052158257456,0.6636680720047833
train,19930901_Scottish Enterprise_Dissemination Report_Dissemination Report.pdf,file_date,1.0,1.0,0.9530533,0.98785686,0.9430039245006887,0.9805882575076381
train,19930901_Scottish Enterprise_Dissemination Report_Dissemination Report.pdf,signer_name,1.0,1.0,0.9163291,0.95777386,0.9608575329158844,0.9430646753216748
train,19930901_Scottish Enterprise_Dissemination Report_Dissemination Report.pdf,signer_title,0.0,0.0,0.5466181,0.41822967,0.02979983453667454,0.3891086971808952
train,"19930301_JETRO, New York_Dissemination Report_Dissemination Report.pdf",registration_num,1.0,1.0,0.9279016,0.9755269,0.9652308509585118,0.9938479020678326
train,"19930301_JETRO, New York_Dissemination Report_Dissemination Report.pdf",registrant_name,1.0,1.0,0.930019,0.9637966,0.9427835257737883,0.9875132871823787
train,"19930301_JETRO, New York_Dissemination Report_Dissemination Report.pdf",foreign_principle_name,1.0,1.0,0.49242288,0.4555625,0.938287957147835,0.8710738048910602
train,"19930301_JETRO, New York_Dissemination Report_Dissemination Report.pdf",file_date,1.0,1.0,0.93560886,0.9827347,0.6326574222421715,0.9643202648023597
train,"19930301_JETRO, New York_Dissemination Report_Dissemination Report.pdf",signer_name,1.0,1.0,0.89956,0.89976615,0.9472550045650825,0.9811846986806606
train,"19930301_JETRO, New York_Dissemination Report_Dissemination Report.pdf",signer_title,1.0,1.0,0.93861854,0.97912425,0.9894360892980039,0.9932582217230721
train,"19961119_Sidley Austin, LLP_Amendment_Amendment.pdf",registration_num,0.0,0.0,0.12719817,0.06819556,0.04552781073397896,0.029302340763485712
train,"19961119_Sidley Austin, LLP_Amendment_Amendment.pdf",registrant_name,1.0,1.0,0.89445245,0.951141,0.9671431941867287,0.9864097927888856
train,"19961119_Sidley Austin, LLP_Amendment_Amendment.pdf",foreign_principle_name,1.0,1.0,0.50090134,0.6144311,0.9139722033410494,0.8294501517316032
train,"19961119_Sidley Austin, LLP_Amendment_Amendment.pdf",file_date,0.0,0.0,0.10004618,0.05896034,0.4712964969788616,0.13550620625631682
train,"19961119_Sidley Austin, LLP_Amendment_Amendment.pdf",signer_name,1.0,1.0,0.73404795,0.7349092,0.7370322593854343,0.8792192052760046
train,"19961119_Sidley Austin, LLP_Amendment_Amendment.pdf",signer_title,1.0,1.0,0.9236819,0.9796888,0.9414392557189675,0.9544547728311977
train,"19930801_JETRO, Los Angeles_Dissemination Report_Dissemination Report.pdf",registration_num,1.0,1.0,0.89530516,0.950542,0.875882601212008,0.9531669369778101
train,"19930801_JETRO, Los Angeles_Dissemination Report_Dissemination Report.pdf",registrant_name,1.0,1.0,0.9284235,0.9614461,0.8873438364066325,0.9726588900051034
train,"19930801_JETRO, Los Angeles_Dissemination Report_Dissemination Report.pdf",foreign_principle_name,0.0,0.0,0.12918101,0.11522176,0.2560531696547047,0.06405097856303772
train,"19930801_JETRO, Los Angeles_Dissemination Report_Dissemination Report.pdf",file_date,1.0,1.0,0.94155294,0.98847276,0.8626247894575142,0.9855169379109349
train,"19930801_JETRO, Los Angeles_Dissemination Report_Dissemination Report.pdf",signer_name,1.0,1.0,0.92661226,0.959943,0.9451562454733714,0.9660778958282117
train,"19930801_JETRO, Los Angeles_Dissemination Report_Dissemination Report.pdf",signer_title,1.0,1.0,0.9518072,0.9886734,0.9592827611261225,0.9669072586075594
train,"19921001_International Registries, Inc._Dissemination Report_Dissemination Report.pdf",registration_num,1.0,1.0,0.9320671,0.97438765,0.9722622273127538,0.99457250959842
train,"19921001_International Registries, Inc._Dissemination Report_Dissemination Report.pdf",registrant_name,1.0,1.0,0.94905376,0.98703444,0.9642213719708657,0.976928943298248
train,"19921001_International Registries, Inc._Dissemination Report_Dissemination Report.pdf",foreign_principle_name,0.0,0.0,0.36673754,0.24438283,0.21514493398521903,0.0288899143189316
train,"19921001_International Registries, Inc._Dissemination Report_Dissemination Report.pdf",file_date,1.0,1.0,0.21421173,0.21796608,0.8465469002276339,0.578727984812048
train,"19921001_International Registries, Inc._Dissemination Report_Dissemination Report.pdf",signer_name,0.0,0.0,0.8407928,0.8816182,0.3263940109840902,0.19565152596254223
train,"19921001_International Registries, Inc._Dissemination Report_Dissemination Report.pdf",signer_title,0.0,0.0,0.8624865,0.7448095,0.22875109902498192,0.6789914969281969
train,"20171011_MSLGROUP Americas, Inc._Amendment_Amendment.pdf",registration_num,0.0,0.0,0.43872422,0.23342073,0.8570535477947281,0.32403314495530894
train,"20171011_MSLGROUP Americas, Inc._Amendment_Amendment.pdf",registrant_name,0.0,0.0,0.9103182,0.9404292,0.7837556813847443,0.8462815848747387
train,"20171011_MSLGROUP Americas, Inc._Amendment_Amendment.pdf",foreign_principle_name,1.0,1.0,0.8620653,0.95382184,0.9203232874977497,0.9684202132405968
train,"20171011_MSLGROUP Americas, Inc._Amendment_Amendment.pdf",file_date,0.0,0.0,0.48794204,0.43730626,0.8956290751272943,0.4286010689794627
train,"20171011_MSLGROUP Americas, Inc._Amendment_Amendment.pdf",signer_name,1.0,1.0,0.92104375,0.93119574,0.9250184912476856,0.9448025917929311
train,"20171011_MSLGROUP Americas, Inc._Amendment_Amendment.pdf",signer_title,1.0,1.0,0.93068886,0.98714685,0.9763969779254079,0.9807440257436595
train,"19920601_Daniel J. Edelman, Inc._Dissemination Report_Dissemination Report.pdf",registration_num,1.0,1.0,0.9425684,0.98926127,0.9820603397313336,0.9940585872982597
train,"19920601_Daniel J. Edelman, Inc._Dissemination Report_Dissemination Report.pdf",registrant_name,1.0,1.0,0.9290725,0.9775953,0.9910401170115986,0.9881699464703023
train,"19920601_Daniel J. Edelman, Inc._Dissemination Report_Dissemination Report.pdf",foreign_principle_name,1.0,1.0,0.549905,0.4860552,0.8278707198010001,0.8851432108357988
train,"19920601_Daniel J. Edelman, Inc._Dissemination Report_Dissemination Report.pdf",file_date,0.0,0.0,0.19170663,0.14531343,0.6083090051462484,0.06637287981351188
train,"19920601_Daniel J. Edelman, Inc._Dissemination Report_Dissemination Report.pdf",signer_name,1.0,1.0,0.88482296,0.9051445,0.7633428469933518,0.7978003072088119
train,"19920601_Daniel J. Edelman, Inc._Dissemination Report_Dissemination Report.pdf",signer_title,1.0,1.0,0.94303,0.9774124,0.9223353101025598,0.9506900054850203
train,"19810701_Jamaica Tourist Board, Florida_Amendment_Amendment.pdf",registration_num,1.0,1.0,0.92424214,0.98436195,0.9722185078267149,0.984936624769992
train,"19810701_Jamaica Tourist Board, Florida_Amendment_Amendment.pdf",registrant_name,1.0,1.0,0.85367715,0.84916747,0.8725742654566507,0.8776165464544031
train,"19810701_Jamaica Tourist Board, Florida_Amendment_Amendment.pdf",foreign_principle_name,1.0,1.0,0.8914772,0.97184914,0.9092828571324413,0.9630518976272675
train,"19810701_Jamaica Tourist Board, Florida_Amendment_Amendment.pdf",file_date,0.0,0.0,0.1374348,0.088141315,0.02319151868628889,0.05691318619000796
train,"19810701_Jamaica Tourist Board, Florida_Amendment_Amendment.pdf",signer_name,0.0,0.0,0.052634068,0.04910624,0.03945314616688111,0.03531968295417515
train,"19810701_Jamaica Tourist Board, Florida_Amendment_Amendment.pdf",signer_title,0.0,0.0,0.062099624,0.05812601,0.14071417638072403,0.0410749987151902
train,"20130213_Podesta Group, Inc._Amendment_Amendment.pdf",registration_num,1.0,1.0,0.91861933,0.9831713,0.9540568204697439,0.9850981544939823
train,"20130213_Podesta Group, Inc._Amendment_Amendment.pdf",registrant_name,1.0,1.0,0.9508811,0.98566926,0.9256168210006334,0.9548450255813011
train,"20130213_Podesta Group, Inc._Amendment_Amendment.pdf",foreign_principle_name,0.0,0.0,0.048295297,0.044704467,0.10166229893789008,0.014798772954849186
train,"20130213_Podesta Group, Inc._Amendment_Amendment.pdf",file_date,1.0,1.0,0.9030887,0.96168786,0.9156585115634397,0.8821976815461058
train,"20130213_Podesta Group, Inc._Amendment_Amendment.pdf",signer_name,0.0,1.0,0.60114604,0.47374162,0.3148837417799899,0.359972794809444
train,"20130213_Podesta Group, Inc._Amendment_Amendment.pdf",signer_title,1.0,1.0,0.5771842,0.6113306,0.9210182088261019,0.906876574722467
train,"20170126_Arnold _ Porter Kaye Scholer, LLP_Amendment_Amendment.pdf",registration_num,0.0,0.0,0.08745597,0.05510599,0.04410304284895627,0.024315711778037576
train,"20170126_Arnold _ Porter Kaye Scholer, LLP_Amendment_Amendment.pdf",registrant_name,1.0,1.0,0.94088185,0.97500753,0.9649826724056579,0.9840877370290195
train,"20170126_Arnold _ Porter Kaye Scholer, LLP_Amendment_Amendment.pdf",foreign_principle_name,0.0,0.0,0.17582336,0.15130678,0.1431061806143243,0.05353115937037391
train,"20170126_Arnold _ Porter Kaye Scholer, LLP_Amendment_Amendment.pdf",file_date,1.0,1.0,0.9201506,0.9669202,0.8620166967139368,0.9749881992205053
train,"20170126_Arnold _ Porter Kaye Scholer, LLP_Amendment_Amendment.pdf",signer_name,1.0,1.0,0.77615863,0.75037444,0.7645803613246261,0.9147807902692627
train,"20170126_Arnold _ Porter Kaye Scholer, LLP_Amendment_Amendment.pdf",signer_title,0.0,0.0,0.066754535,0.047491707,0.05500339266043694,0.032142841152898595
train,"20150916_McGuireWoods Consulting, LLC_Amendment_Amendment.pdf",registration_num,0.0,0.0,0.09641227,0.06287432,0.05232277438500678,0.024315711778037576
train,"20150916_McGuireWoods Consulting, LLC_Amendment_Amendment.pdf",registrant_name,1.0,1.0,0.9440298,0.9877504,0.9873820094345319,0.9934003414909925
train,"20150916_McGuireWoods Consulting, LLC_Amendment_Amendment.pdf",foreign_principle_name,1.0,1.0,0.9027201,0.97889864,0.9178081325803167,0.966802828747304
train,"20150916_McGuireWoods Consulting, LLC_Amendment_Amendment.pdf",file_date,1.0,1.0,0.88035095,0.9429101,0.9257632966139491,0.9026386579168464
train,"20150916_McGuireWoods Consulting, LLC_Amendment_Amendment.pdf",signer_name,1.0,1.0,0.92569077,0.92200434,0.9518187190961626,0.9804732404280189
train,"20150916_McGuireWoods Consulting, LLC_Amendment_Amendment.pdf",signer_title,1.0,1.0,0.93103826,0.98791826,0.9800008496406205,0.9829908037302268
train,"19910801_JETRO, Houston_Dissemination Report_Dissemination Report.pdf",registration_num,1.0,1.0,0.9431882,0.99438554,0.9800782428663574,0.9949010368251101
train,"19910801_JETRO, Houston_Dissemination Report_Dissemination Report.pdf",registrant_name,0.0,0.0,0.9057356,0.9455182,0.4834577538158781,0.7285253685116286
train,"19910801_JETRO, Houston_Dissemination Report_Dissemination Report.pdf",foreign_principle_name,0.0,0.0,0.30204284,0.22745617,0.11016091132523072,0.44856187220389954
train,"19910801_JETRO, Houston_Dissemination Report_Dissemination Report.pdf",file_date,1.0,1.0,0.9556406,0.98983276,0.9183252586991155,0.9682928518452922
train,"19910801_JETRO, Houston_Dissemination Report_Dissemination Report.pdf",signer_name,1.0,1.0,0.8129737,0.8877926,0.9454297677895568,0.933065200790643
train,"19910801_JETRO, Houston_Dissemination Report_Dissemination Report.pdf",signer_title,1.0,1.0,0.94491756,0.99159014,0.9744982651199775,0.9875032468044751
train,"19911201_World Zionist Organization - American Section, Inc._Dissemination Report_Dissemination Report.pdf",registration_num,1.0,1.0,0.92765635,0.97914344,0.9774729874831862,0.9905083051054923
train,"19911201_World Zionist Organization - American Section, Inc._Dissemination Report_Dissemination Report.pdf",registrant_name,1.0,1.0,0.92114323,0.9709576,0.9019964784462983,0.9416915390935742
train,"19911201_World Zionist Organization - American Section, Inc._Dissemination Report_Dissemination Report.pdf",foreign_principle_name,1.0,1.0,0.49702436,0.50968474,0.18718332793945672,0.60101843917887
train,"19911201_World Zionist Organization - American Section, Inc._Dissemination Report_Dissemination Report.pdf",file_date,1.0,1.0,0.9510026,0.9925405,0.9032778524328967,0.9653083429841016
train,"19911201_World Zionist Organization - American Section, Inc._Dissemination Report_Dissemination Report.pdf",signer_name,1.0,1.0,0.91769344,0.9545027,0.9463167238694759,0.9646221525657993
train,"19911201_World Zionist Organization - American Section, Inc._Dissemination Report_Dissemination Report.pdf",signer_title,1.0,1.0,0.9510485,0.9879259,0.9894611814700248,0.992538301898701
train,"20120412_Squire Patton Boggs, LLP_Amendment_Amendment.pdf",registration_num,0.0,0.0,0.060543884,0.038902577,0.02711200400481159,0.012199546008923843
train,"20120412_Squire Patton Boggs, LLP_Amendment_Amendment.pdf",registrant_name,0.0,0.0,0.93283594,0.95692265,0.8319388313026437,0.830110902690018
train,"20120412_Squire Patton Boggs, LLP_Amendment_Amendment.pdf",foreign_principle_name,0.0,0.0,0.025468156,0.047883585,0.022721990198746864,0.03866995467436784
train,"20120412_Squire Patton Boggs, LLP_Amendment_Amendment.pdf",file_date,1.0,1.0,0.89411724,0.9554313,0.7670036092451286,0.9660183810629498
train,"20120412_Squire Patton Boggs, LLP_Amendment_Amendment.pdf",signer_name,1.0,1.0,0.9110052,0.90945876,0.9734224263360292,0.9916093182922695
train,"20120412_Squire Patton Boggs, LLP_Amendment_Amendment.pdf",signer_title,1.0,1.0,0.9233886,0.97748536,0.9469820374222626,0.9586935754484006
train,"19920901_Hill and Knowlton Strategies, LLC_Dissemination Report_Dissemination Report.pdf",registration_num,0.0,0.0,0.41861486,0.23818731,0.19649023829727785,0.053590194407427114
train,"19920901_Hill and Knowlton Strategies, LLC_Dissemination Report_Dissemination Report.pdf",registrant_name,1.0,1.0,0.9501629,0.9845433,0.9854970210440596,0.9697344314597184
train,"19920901_Hill and Knowlton Strategies, LLC_Dissemination Report_Dissemination Report.pdf",foreign_principle_name,1.0,1.0,0.42680365,0.2773723,0.28893950651918676,0.4200833446373042
train,"19920901_Hill and Knowlton Strategies, LLC_Dissemination Report_Dissemination Report.pdf",file_date,1.0,1.0,0.109303735,0.10069309,0.8219697311093846,0.25454073781539865
train,"19920901_Hill and Knowlton Strategies, LLC_Dissemination Report_Dissemination Report.pdf",signer_name,1.0,1.0,0.9026631,0.9099536,0.7889232357543002,0.967905267319735
train,"19920901_Hill and Knowlton Strategies, LLC_Dissemination Report_Dissemination Report.pdf",signer_title,1.0,1.0,0.92604524,0.95083493,0.5920534018972786,0.852289358772689
train,"19920801_Arnold _ Porter Kaye Scholer, LLP_Dissemination Report_Dissemination Report.pdf",registration_num,1.0,1.0,0.93969375,0.99243414,0.9813135759129605,0.9955018917733546
train,"19920801_Arnold _ Porter Kaye Scholer, LLP_Dissemination Report_Dissemination Report.pdf",registrant_name,1.0,1.0,0.94502765,0.9871653,0.9127951387951926,0.9708189894315328
train,"19920801_Arnold _ Porter Kaye Scholer, LLP_Dissemination Report_Dissemination Report.pdf",foreign_principle_name,1.0,1.0,0.64864457,0.47066188,0.8864357260643437,0.9116121765833132
train,"19920801_Arnold _ Porter Kaye Scholer, LLP_Dissemination Report_Dissemination Report.pdf",file_date,1.0,1.0,0.94599354,0.98684454,0.9303203393500821,0.9652539512062686
train,"19920801_Arnold _ Porter Kaye Scholer, LLP_Dissemination Report_Dissemination Report.pdf",signer_name,1.0,1.0,0.7436952,0.6164618,0.725255786377573,0.8170801281652473
train,"19920801_Arnold _ Porter Kaye Scholer, LLP_Dissemination Report_Dissemination Report.pdf",signer_title,1.0,1.0,0.9262694,0.9560051,0.90031614073447,0.9693357247009389
train,"19910501_World Zionist Organization - American Section, Inc._Dissemination Report_Dissemination Report.pdf",registration_num,0.0,0.0,0.05027569,0.04245872,0.055839858126852576,0.013884670676919411
train,"19910501_World Zionist Organization - American Section, Inc._Dissemination Report_Dissemination Report.pdf",registrant_name,1.0,1.0,0.92938155,0.97252387,0.9655628479008042,0.9087047871769834
train,"19910501_World Zionist Organization - American Section, Inc._Dissemination Report_Dissemination Report.pdf",foreign_principle_name,0.0,0.0,0.19768113,0.16035636,0.20184422771722255,0.03918007909303593
train,"19910501_World Zionist Organization - American Section, Inc._Dissemination Report_Dissemination Report.pdf",file_date,0.0,0.0,0.18217099,0.14453432,0.340608542540241,0.08737496242338372
train,"19910501_World Zionist Organization - American Section, Inc._Dissemination Report_Dissemination Report.pdf",signer_name,1.0,1.0,0.94182557,0.9739369,0.90364641941248,0.9114198404131421
train,"19910501_World Zionist Organization - American Section, Inc._Dissemination Report_Dissemination Report.pdf",signer_title,1.0,1.0,0.9498207,0.97949755,0.9790649143664676,0.9841915721365628
train,19950605_Malaysian Industrial Development Authority_Dissemination Report_Dissemination Report.pdf,registration_num,1.0,1.0,0.9321413,0.99258727,0.9812000689982674,0.9933318452164166
train,19950605_Malaysian Industrial Development Authority_Dissemination Report_Dissemination Report.pdf,registrant_name,1.0,1.0,0.93482447,0.98422146,0.9907817022458426,0.9762173812876211
train,19950605_Malaysian Industrial Development Authority_Dissemination Report_Dissemination Report.pdf,foreign_principle_name,0.0,0.0,0.14243996,0.17287157,0.1149491232907787,0.0317411058400424
train,19950605_Malaysian Industrial Development Authority_Dissemination Report_Dissemination Report.pdf,file_date,1.0,1.0,0.9343413,0.9843704,0.8630878143381409,0.981034620217941
train,19950605_Malaysian Industrial Development Authority_Dissemination Report_Dissemination Report.pdf,signer_name,1.0,1.0,0.91691417,0.9591411,0.9535711387231512,0.9509576946081498
train,19950605_Malaysian Industrial Development Authority_Dissemination Report_Dissemination Report.pdf,signer_title,1.0,1.0,0.948557,0.98962724,0.9463078548000091,0.9655654554449655
train,"20090325_Ryberg and Smith, LLC_Amendment_Amendment.pdf",registration_num,0.0,0.0,0.08876443,0.05679531,0.04410304284895627,0.024315711778037576
train,"20090325_Ryberg and Smith, LLC_Amendment_Amendment.pdf",registrant_name,1.0,1.0,0.9408308,0.9823648,0.9316404714115615,0.9461079785718232
train,"20090325_Ryberg and Smith, LLC_Amendment_Amendment.pdf",foreign_principle_name,0.0,0.0,0.08335922,0.07353966,0.47180763835479994,0.17718662952383926
train,"20090325_Ryberg and Smith, LLC_Amendment_Amendment.pdf",file_date,0.0,0.0,0.20293216,0.10916694,0.3336264201714116,0.026767355718654514
train,"20090325_Ryberg and Smith, LLC_Amendment_Amendment.pdf",signer_name,1.0,1.0,0.8474096,0.79683095,0.8640328353825141,0.9368970117380802
train,"20090325_Ryberg and Smith, LLC_Amendment_Amendment.pdf",signer_title,1.0,1.0,0.9038555,0.9440905,0.884525635686042,0.9219075966893331
train,19900901_British Virgin Islands Tourist Board_Amendment_Amendment.pdf,registration_num,0.0,0.0,0.06888884,0.040823974,0.06968736903340926,0.01551472786335088
train,19900901_British Virgin Islands Tourist Board_Amendment_Amendment.pdf,registrant_name,0.0,1.0,0.809041,0.80626094,0.7912278329093754,0.5584499140072018
train,19900901_British Virgin Islands Tourist Board_Amendment_Amendment.pdf,foreign_principle_name,1.0,1.0,0.9174574,0.98766965,0.9095144989141062,0.9783557934889087
train,19900901_British Virgin Islands Tourist Board_Amendment_Amendment.pdf,file_date,0.0,0.0,0.07068356,0.055983294,0.2037241223139258,0.10389433579981086
train,19900901_British Virgin Islands Tourist Board_Amendment_Amendment.pdf,signer_name,0.0,0.0,0.08875494,0.07322387,0.2636880394825639,0.05934023228871506
train,19900901_British Virgin Islands Tourist Board_Amendment_Amendment.pdf,signer_title,0.0,0.0,0.08468143,0.06459647,0.2949022049208224,0.03662457882478513
train,"20080228_KRL International, LLC_Amendment_Amendment.pdf",registration_num,1.0,1.0,0.92988646,0.98691714,0.9754643458778898,0.9936790686362743
train,"20080228_KRL International, LLC_Amendment_Amendment.pdf",registrant_name,1.0,1.0,0.9446163,0.9853943,0.9880561168444142,0.9925136790068123
train,"20080228_KRL International, LLC_Amendment_Amendment.pdf",foreign_principle_name,0.0,0.0,0.10599069,0.11822826,0.03003099057442159,0.1505496889718952
train,"20080228_KRL International, LLC_Amendment_Amendment.pdf",file_date,1.0,1.0,0.93150216,0.9747335,0.7958956960194821,0.9385664781660567
train,"20080228_KRL International, LLC_Amendment_Amendment.pdf",signer_name,0.0,0.0,0.49814138,0.34814972,0.1229308675343049,0.08302226723391058
train,"20080228_KRL International, LLC_Amendment_Amendment.pdf",signer_title,0.0,0.0,0.41127914,0.3842904,0.33358578054841453,0.23078031222066187
train,"19960122_Arnold _ Porter Kaye Scholer, LLP_Amendment_Amendment.pdf",registration_num,1.0,1.0,0.94340384,0.9901004,0.9691471821228196,0.9189831207566215
train,"19960122_Arnold _ Porter Kaye Scholer, LLP_Amendment_Amendment.pdf",registrant_name,1.0,1.0,0.90626556,0.9661949,0.751708995176536,0.9083270690658624
train,"19960122_Arnold _ Porter Kaye Scholer, LLP_Amendment_Amendment.pdf",foreign_principle_name,0.0,0.0,0.25559202,0.2360369,0.10668294462321941,0.33238372865105753
train,"19960122_Arnold _ Porter Kaye Scholer, LLP_Amendment_Amendment.pdf",file_date,0.0,0.0,0.018727038,0.023099398,0.19010130209367662,0.06821895557292974
train,"19960122_Arnold _ Porter Kaye Scholer, LLP_Amendment_Amendment.pdf",signer_name,0.0,0.0,0.31706437,0.17272401,0.5829461768817455,0.1606239575001792
train,"19960122_Arnold _ Porter Kaye Scholer, LLP_Amendment_Amendment.pdf",signer_title,0.0,0.0,0.03819611,0.02825966,0.07056689735794724,0.007761839255310506
train,"19980602_Colombian Coffee Federation, Inc._Amendment_Amendment.pdf",registration_num,0.0,0.0,0.0852028,0.050366096,0.03461559748496199,0.02340645177343388
train,"19980602_Colombian Coffee Federation, Inc._Amendment_Amendment.pdf",registrant_name,1.0,1.0,0.93989944,0.9874735,0.9485392043184583,0.9672256640755261
train,"19980602_Colombian Coffee Federation, Inc._Amendment_Amendment.pdf",foreign_principle_name,1.0,1.0,0.9166523,0.987644,0.9352202332784819,0.9808837019156377
train,"19980602_Colombian Coffee Federation, Inc._Amendment_Amendment.pdf",file_date,1.0,1.0,0.6899937,0.6840054,0.4092171565976196,0.9468200084808607
train,"19980602_Colombian Coffee Federation, Inc._Amendment_Amendment.pdf",signer_name,1.0,1.0,0.93029374,0.94294184,0.9736875939084656,0.9144370609360343
train,"19980602_Colombian Coffee Federation, Inc._Amendment_Amendment.pdf",signer_title,1.0,1.0,0.9316869,0.9884497,0.975839853695745,0.9829908037302268
train,"20170315_Podesta Group, Inc._Amendment_Amendment.pdf",registration_num,1.0,1.0,0.8929497,0.9610915,0.871826121187088,0.9352215488219155
train,"20170315_Podesta Group, Inc._Amendment_Amendment.pdf",registrant_name,1.0,1.0,0.95013905,0.98631746,0.9731491453523826,0.9917715737436767
train,"20170315_Podesta Group, Inc._Amendment_Amendment.pdf",foreign_principle_name,0.0,0.0,0.026244339,0.035188463,0.047142292915405504,0.015835369963624304
train,"20170315_Podesta Group, Inc._Amendment_Amendment.pdf",file_date,1.0,1.0,0.9050001,0.9590746,0.8514440677159383,0.5878866408989581
train,"20170315_Podesta Group, Inc._Amendment_Amendment.pdf",signer_name,1.0,1.0,0.42053342,0.36190024,0.9673953685945723,0.9245626646016549
train,"20170315_Podesta Group, Inc._Amendment_Amendment.pdf",signer_title,1.0,1.0,0.9215604,0.97380656,0.9235761474909654,0.9586935754484006
train,"20180402_Hagir Elawad _ Associates, LLC_Amendment_Amendment.pdf",registration_num,0.0,0.0,0.02576803,0.031008411,0.004165868944064243,0.017378963696000883
train,"20180402_Hagir Elawad _ Associates, LLC_Amendment_Amendment.pdf",registrant_name,1.0,1.0,0.9534098,0.9867172,0.9880483927243152,0.9890537834848806
train,"20180402_Hagir Elawad _ Associates, LLC_Amendment_Amendment.pdf",foreign_principle_name,0.0,0.0,0.023461524,0.02900984,0.043329418333647965,0.0061580255920383655
train,"20180402_Hagir Elawad _ Associates, LLC_Amendment_Amendment.pdf",file_date,0.0,0.0,0.26339993,0.18517399,0.41804224081546215,0.03927169821940386
train,"20180402_Hagir Elawad _ Associates, LLC_Amendment_Amendment.pdf",signer_name,1.0,1.0,0.8472684,0.85430086,0.4086695918781127,0.8806002129518514
train,"20180402_Hagir Elawad _ Associates, LLC_Amendment_Amendment.pdf",signer_title,0.0,0.0,0.59213793,0.7313874,0.11096129578757588,0.14929735301926844
train,"19850601_Arnold _ Porter Kaye Scholer, LLP_Amendment_Amendment.pdf",registration_num,1.0,1.0,0.93946886,0.99228257,0.9812000689982674,0.9835108643386683
train,"19850601_Arnold _ Porter Kaye Scholer, LLP_Amendment_Amendment.pdf",registrant_name,1.0,1.0,0.93663156,0.9846026,0.9781107000478839,0.9854386061022941
train,"19850601_Arnold _ Porter Kaye Scholer, LLP_Amendment_Amendment.pdf",foreign_principle_name,0.0,0.0,0.010225737,0.010996877,0.10339042994102988,0.008122923048337146
train,"19850601_Arnold _ Porter Kaye Scholer, LLP_Amendment_Amendment.pdf",file_date,0.0,0.0,0.32216883,0.22113928,0.5370319236446036,0.12438751492534986
train,"19850601_Arnold _ Porter Kaye Scholer, LLP_Amendment_Amendment.pdf",signer_name,0.0,0.0,0.11207291,0.07298959,0.07557070680892555,0.0373593931590459
train,"19850601_Arnold _ Porter Kaye Scholer, LLP_Amendment_Amendment.pdf",signer_title,0.0,0.0,0.10249527,0.052055914,0.2881164124433695,0.025716265371138535
train,"19960118_JETRO, Los Angeles_Dissemination Report_Dissemination Report.pdf",registration_num,1.0,1.0,0.9395404,0.98303145,0.9836996869580715,0.9936028984514961
train,"19960118_JETRO, Los Angeles_Dissemination Report_Dissemination Report.pdf",registrant_name,1.0,1.0,0.9451438,0.9831998,0.9470425822896505,0.9690045570110472
train,"19960118_JETRO, Los Angeles_Dissemination Report_Dissemination Report.pdf",foreign_principle_name,0.0,0.0,0.11204445,0.13087317,0.21527597141446309,0.03768947276009439
train,"19960118_JETRO, Los Angeles_Dissemination Report_Dissemination Report.pdf",file_date,1.0,1.0,0.9227374,0.9529093,0.9164515852933035,0.9787287255946472
train,"19960118_JETRO, Los Angeles_Dissemination Report_Dissemination Report.pdf",signer_name,1.0,1.0,0.9287445,0.9596651,0.9828583676543301,0.9918211459535655
train,"19960118_JETRO, Los Angeles_Dissemination Report_Dissemination Report.pdf",signer_title,1.0,1.0,0.92931205,0.9823462,0.9834384667179745,0.9782097097009621
train,"19930601_Far East Trade Services, Inc._Dissemination Report_Dissemination Report.pdf",registration_num,1.0,1.0,0.92864335,0.98259705,0.9011429644772501,0.9644732798110849
train,"19930601_Far East Trade Services, Inc._Dissemination Report_Dissemination Report.pdf",registrant_name,1.0,1.0,0.9363273,0.9777075,0.9947220786712699,0.9695604529677094
train,"19930601_Far East Trade Services, Inc._Dissemination Report_Dissemination Report.pdf",foreign_principle_name,0.0,0.0,0.21179862,0.19865617,0.25326560751900173,0.29454231499280686
train,"19930601_Far East Trade Services, Inc._Dissemination Report_Dissemination Report.pdf",file_date,1.0,1.0,0.9203714,0.97620976,0.9085359622721967,0.9687631545192052
train,"19930601_Far East Trade Services, Inc._Dissemination Report_Dissemination Report.pdf",signer_name,1.0,1.0,0.9375518,0.9846118,0.9839513571551223,0.9875110702821743
train,"19930601_Far East Trade Services, Inc._Dissemination Report_Dissemination Report.pdf",signer_title,1.0,1.0,0.9409188,0.9868884,0.9716990225962249,0.9658157181301038
train,"19940201_JETRO, Los Angeles_Dissemination Report_Dissemination Report.pdf",registration_num,1.0,1.0,0.92260295,0.97407305,0.9756561321303371,0.9917851108956169
train,"19940201_JETRO, Los Angeles_Dissemination Report_Dissemination Report.pdf",registrant_name,1.0,1.0,0.92555684,0.95630914,0.8695618829308875,0.9723198513490912
train,"19940201_JETRO, Los Angeles_Dissemination Report_Dissemination Report.pdf",foreign_principle_name,0.0,0.0,0.26662466,0.2388905,0.09428794498612235,0.20904159613584689
train,"19940201_JETRO, Los Angeles_Dissemination Report_Dissemination Report.pdf",file_date,0.0,0.0,0.2576732,0.20157316,0.6599844182849987,0.22732177757558508
train,"19940201_JETRO, Los Angeles_Dissemination Report_Dissemination Report.pdf",signer_name,1.0,1.0,0.9218443,0.95371884,0.8340688520139174,0.9358516546852199
train,"19940201_JETRO, Los Angeles_Dissemination Report_Dissemination Report.pdf",signer_title,1.0,1.0,0.95367897,0.98936766,0.9898422008960581,0.9896642208578956
train,19920701_Representative of the Turkish Republic of Northern Cyprus_Dissemination Report_Dissemination Report.pdf,registration_num,1.0,1.0,0.931341,0.9892335,0.9880048614983571,0.9958501957353764
train,19920701_Representative of the Turkish Republic of Northern Cyprus_Dissemination Report_Dissemination Report.pdf,registrant_name,1.0,1.0,0.8191883,0.7990953,0.8797696584854378,0.8341210167637061
train,19920701_Representative of the Turkish Republic of Northern Cyprus_Dissemination Report_Dissemination Report.pdf,foreign_principle_name,1.0,1.0,0.599623,0.7186566,0.9399946575239241,0.8350083420632102
train,19920701_Representative of the Turkish Republic of Northern Cyprus_Dissemination Report_Dissemination Report.pdf,file_date,1.0,1.0,0.9226074,0.97753525,0.7954290652080382,0.9829937045518423
train,19920701_Representative of the Turkish Republic of Northern Cyprus_Dissemination Report_Dissemination Report.pdf,signer_name,1.0,1.0,0.9241412,0.9693158,0.890392607391803,0.8891633688942472
train,19920701_Representative of the Turkish Republic of Northern Cyprus_Dissemination Report_Dissemination Report.pdf,signer_title,1.0,1.0,0.9505928,0.9910265,0.9575489680718783,0.9456016269090343
train,19910901_Quebec Government Office_Dissemination Report_Dissemination Report.pdf,registration_num,1.0,1.0,0.9283945,0.9880738,0.9880048614983571,0.9940001440457318
train,19910901_Quebec Government Office_Dissemination Report_Dissemination Report.pdf,registrant_name,1.0,1.0,0.93781424,0.9827777,0.9757615170268921,0.9659345409264756
train,19910901_Quebec Government Office_Dissemination Report_Dissemination Report.pdf,foreign_principle_name,1.0,1.0,0.5582494,0.55115515,0.5314612766401028,0.7016179984201443
train,19910901_Quebec Government Office_Dissemination Report_Dissemination Report.pdf,file_date,1.0,1.0,0.8688122,0.90026903,0.824888282596214,0.9613554566098929
train,19910901_Quebec Government Office_Dissemination Report_Dissemination Report.pdf,signer_name,1.0,1.0,0.9465564,0.9654492,0.972437612031254,0.9507306330141672
train,19910901_Quebec Government Office_Dissemination Report_Dissemination Report.pdf,signer_title,1.0,1.0,0.9544055,0.9833828,0.9394181960158675,0.9781268165092316
train,19950530_Malaysian Industrial Development Authority_Dissemination Report_Dissemination Report.pdf,registration_num,1.0,1.0,0.93226516,0.9926119,0.9812000689982674,0.9948293330174149
train,19950530_Malaysian Industrial Development Authority_Dissemination Report_Dissemination Report.pdf,registrant_name,1.0,1.0,0.93601406,0.9846095,0.9907817022458426,0.9913963359840943
train,19950530_Malaysian Industrial Development Authority_Dissemination Report_Dissemination Report.pdf,foreign_principle_name,0.0,0.0,0.10204916,0.083747424,0.21512297927988544,0.02150838454155555
train,19950530_Malaysian Industrial Development Authority_Dissemination Report_Dissemination Report.pdf,file_date,1.0,1.0,0.9344963,0.98308486,0.9035490040716563,0.9730076092071084
train,19950530_Malaysian Industrial Development Authority_Dissemination Report_Dissemination Report.pdf,signer_name,1.0,1.0,0.923715,0.9577626,0.8609266713778655,0.9001534619947571
train,19950530_Malaysian Industrial Development Authority_Dissemination Report_Dissemination Report.pdf,signer_title,1.0,1.0,0.95584697,0.99049985,0.8986524072565949,0.9671418492441936
train,"19970729_JWI, LLC_Amendment_Amendment.pdf",registration_num,0.0,0.0,0.07578679,0.047140606,0.05345533173673289,0.029500386118283515
train,"19970729_JWI, LLC_Amendment_Amendment.pdf",registrant_name,1.0,1.0,0.9299591,0.9724218,0.9544810725519447,0.9744731077573235
train,"19970729_JWI, LLC_Amendment_Amendment.pdf",foreign_principle_name,1.0,1.0,0.91483974,0.9870987,0.9327950600670233,0.9753778221231173
train,"19970729_JWI, LLC_Amendment_Amendment.pdf",file_date,1.0,1.0,0.71230316,0.76449144,0.3988777852197152,0.9663676370062944
train,"19970729_JWI, LLC_Amendment_Amendment.pdf",signer_name,0.0,0.0,0.590905,0.4640463,0.2348560951444278,0.2968978148663782
train,"19970729_JWI, LLC_Amendment_Amendment.pdf",signer_title,1.0,1.0,0.11149589,0.1058002,0.37253335224008743,0.4062652787332397
train,20171208_Nineveh Plain Defense Fund_Amendment_Amendment.pdf,registration_num,1.0,1.0,0.47724018,0.45274955,0.6870452877907514,0.8989373509625299
train,20171208_Nineveh Plain Defense Fund_Amendment_Amendment.pdf,registrant_name,1.0,1.0,0.92530346,0.9706575,0.9932299441693241,0.9920865008178363
train,20171208_Nineveh Plain Defense Fund_Amendment_Amendment.pdf,foreign_principle_name,0.0,0.0,0.13922937,0.11200595,0.05562082157968959,0.22965745566263795
train,20171208_Nineveh Plain Defense Fund_Amendment_Amendment.pdf,file_date,1.0,1.0,0.8964462,0.93481815,0.919504375121594,0.9634647917786127
train,20171208_Nineveh Plain Defense Fund_Amendment_Amendment.pdf,signer_name,1.0,1.0,0.80942124,0.8287202,0.5950846005528571,0.8051775433898821
train,20171208_Nineveh Plain Defense Fund_Amendment_Amendment.pdf,signer_title,0.0,0.0,0.09033032,0.058735628,0.2929522100741061,0.09040551318429943
train,20040930_Hogan Lovells US LLP_Amendment_Amendment.pdf,registration_num,0.0,0.0,0.08619308,0.051669348,0.03461559748496199,0.02340645177343388
train,20040930_Hogan Lovells US LLP_Amendment_Amendment.pdf,registrant_name,1.0,1.0,0.93804103,0.97816706,0.8445642031250347,0.9094063226699841
train,20040930_Hogan Lovells US LLP_Amendment_Amendment.pdf,foreign_principle_name,0.0,0.0,0.011353327,0.017262066,0.02798023611542234,0.0020876639613421396
train,20040930_Hogan Lovells US LLP_Amendment_Amendment.pdf,file_date,0.0,0.0,0.103232466,0.06453153,0.166814820660675,0.013828188171389515
train,20040930_Hogan Lovells US LLP_Amendment_Amendment.pdf,signer_name,1.0,1.0,0.90988,0.90913916,0.9116948027603556,0.8642979190497163
train,20040930_Hogan Lovells US LLP_Amendment_Amendment.pdf,signer_title,0.0,0.0,0.005541888,0.0097542005,0.026623604603397893,0.015690584705023
train,"19910501_JETRO, Atlanta_Dissemination Report_Dissemination Report.pdf",registration_num,1.0,1.0,0.9464695,0.99469054,0.9873415701337229,0.9930714586305521
train,"19910501_JETRO, Atlanta_Dissemination Report_Dissemination Report.pdf",registrant_name,1.0,1.0,0.9418969,0.9840399,0.9284907318796334,0.9744703366938098
train,"19910501_JETRO, Atlanta_Dissemination Report_Dissemination Report.pdf",foreign_principle_name,0.0,0.0,0.07084953,0.093244895,0.08940198112846075,0.08606261985850201
train,"19910501_JETRO, Atlanta_Dissemination Report_Dissemination Report.pdf",file_date,1.0,1.0,0.9413887,0.9829788,0.9534832139213472,0.9792495846932951
train,"19910501_JETRO, Atlanta_Dissemination Report_Dissemination Report.pdf",signer_name,1.0,1.0,0.7280637,0.7993442,0.7344134097760814,0.8886572552090073
train,"19910501_JETRO, Atlanta_Dissemination Report_Dissemination Report.pdf",signer_title,1.0,1.0,0.9545725,0.9916954,0.9463505884986695,0.9696722505966097
train,"20090731_Hill and Knowlton Strategies, LLC_Amendment_Amendment.pdf",registration_num,1.0,1.0,0.920715,0.9887042,0.9820603397313336,0.9942024594493077
train,"20090731_Hill and Knowlton Strategies, LLC_Amendment_Amendment.pdf",registrant_name,1.0,1.0,0.9490303,0.9885208,0.9784742408660496,0.9941165786103302
train,"20090731_Hill and Knowlton Strategies, LLC_Amendment_Amendment.pdf",foreign_principle_name,0.0,0.0,0.20265587,0.19080181,0.0940178820030168,0.1803273687141364
train,"20090731_Hill and Knowlton Strategies, LLC_Amendment_Amendment.pdf",file_date,1.0,1.0,0.83199537,0.90324986,0.8466103500438145,0.9614102582940286
train,"20090731_Hill and Knowlton Strategies, LLC_Amendment_Amendment.pdf",signer_name,1.0,1.0,0.41772738,0.33464846,0.6908219942943299,0.5809660834508553
train,"20090731_Hill and Knowlton Strategies, LLC_Amendment_Amendment.pdf",signer_title,0.0,0.0,0.0993392,0.085757695,0.27831478149648003,0.028305413442748215
train,"20130131_Sidley Austin, LLP_Amendment_Amendment.pdf",registration_num,0.0,0.0,0.07330044,0.046976116,0.03461559748496199,0.02340645177343388
train,"20130131_Sidley Austin, LLP_Amendment_Amendment.pdf",registrant_name,1.0,1.0,0.9482271,0.9787297,0.9736932087571826,0.9883673573874776
train,"20130131_Sidley Austin, LLP_Amendment_Amendment.pdf",foreign_principle_name,0.0,0.0,0.1993207,0.1675477,0.05104409257278056,0.03227550067827923
train,"20130131_Sidley Austin, LLP_Amendment_Amendment.pdf",file_date,1.0,1.0,0.79034984,0.8668755,0.9170416883047855,0.8534598527321527
train,"20130131_Sidley Austin, LLP_Amendment_Amendment.pdf",signer_name,1.0,1.0,0.91926223,0.8915471,0.9728257490480969,0.9920292723241679
train,"20130131_Sidley Austin, LLP_Amendment_Amendment.pdf",signer_title,1.0,1.0,0.9221591,0.9747942,0.9469820374222626,0.9586935754484006
train,19680301_KOTRA_Amendment_Amendment.pdf,registration_num,1.0,1.0,0.9394924,0.98822534,0.9769011093893837,0.98228329941531
train,19680301_KOTRA_Amendment_Amendment.pdf,registrant_name,1.0,1.0,0.900727,0.9609642,0.9704255828711291,0.9798623816606439
train,19680301_KOTRA_Amendment_Amendment.pdf,foreign_principle_name,1.0,1.0,0.8709196,0.9575461,0.9190152459345813,0.9675138463172213
train,19680301_KOTRA_Amendment_Amendment.pdf,file_date,0.0,0.0,0.059929263,0.045691613,0.2188418484285238,0.2604126171700738
train,19680301_KOTRA_Amendment_Amendment.pdf,signer_name,0.0,0.0,0.34389788,0.20223513,0.7781222769193076,0.102238024608425
train,19680301_KOTRA_Amendment_Amendment.pdf,signer_title,0.0,0.0,0.071689196,0.05897516,0.15634864913604357,0.050809539778079275
train,"19941221_JETRO, Los Angeles_Dissemination Report_Dissemination Report.pdf",registration_num,1.0,1.0,0.94204444,0.9888007,0.965226048990588,0.9894484015352158
train,"19941221_JETRO, Los Angeles_Dissemination Report_Dissemination Report.pdf",registrant_name,1.0,1.0,0.92780334,0.9656745,0.8995158696792274,0.97675639088736
train,"19941221_JETRO, Los Angeles_Dissemination Report_Dissemination Report.pdf",foreign_principle_name,0.0,0.0,0.25140652,0.21413854,0.06934650482901612,0.11496689333514035
train,"19941221_JETRO, Los Angeles_Dissemination Report_Dissemination Report.pdf",file_date,0.0,0.0,0.28245318,0.22072776,0.5360954436860466,0.30761541496378864
train,"19941221_JETRO, Los Angeles_Dissemination Report_Dissemination Report.pdf",signer_name,1.0,1.0,0.9035779,0.90926236,0.9091096422534596,0.913757909112033
train,"19941221_JETRO, Los Angeles_Dissemination Report_Dissemination Report.pdf",signer_title,1.0,1.0,0.9510646,0.98716754,0.983663109271358,0.9944478228942809
train,"19920701_Akin, Gump, Strauss, Hauer _ Feld, LLP_Amendment_Amendment.pdf",registration_num,0.0,0.0,0.2221088,0.11937904,0.1812343316097903,0.04059590279332345
train,"19920701_Akin, Gump, Strauss, Hauer _ Feld, LLP_Amendment_Amendment.pdf",registrant_name,1.0,1.0,0.8883172,0.91321766,0.9327442113723441,0.9713425954069825
train,"19920701_Akin, Gump, Strauss, Hauer _ Feld, LLP_Amendment_Amendment.pdf",foreign_principle_name,0.0,0.0,0.10682176,0.089914985,0.08386111964514156,0.06255123108450146
train,"19920701_Akin, Gump, Strauss, Hauer _ Feld, LLP_Amendment_Amendment.pdf",file_date,0.0,0.0,0.06683858,0.07349823,0.6651741589676324,0.0850464472474265
train,"19920701_Akin, Gump, Strauss, Hauer _ Feld, LLP_Amendment_Amendment.pdf",signer_name,1.0,1.0,0.6546801,0.6406043,0.7284551323365944,0.7729735561778902
train,"19920701_Akin, Gump, Strauss, Hauer _ Feld, LLP_Amendment_Amendment.pdf",signer_title,0.0,0.0,0.36659533,0.4184765,0.3326039684535742,0.17728019018090369
train,"19920601_International Registries, Inc._Dissemination Report_Dissemination Report.pdf",registration_num,0.0,0.0,0.05197283,0.036411908,0.05775417641495585,0.013884670676919411
train,"19920601_International Registries, Inc._Dissemination Report_Dissemination Report.pdf",registrant_name,1.0,1.0,0.95126694,0.9851945,0.9676565679866108,0.9743650291124014
train,"19920601_International Registries, Inc._Dissemination Report_Dissemination Report.pdf",foreign_principle_name,0.0,0.0,0.34390298,0.22662196,0.2249337737283918,0.03007731712981993
train,"19920601_International Registries, Inc._Dissemination Report_Dissemination Report.pdf",file_date,1.0,1.0,0.8902916,0.9445902,0.6519749835942481,0.9690680118200456
train,"19920601_International Registries, Inc._Dissemination Report_Dissemination Report.pdf",signer_name,1.0,1.0,0.9027785,0.863427,0.9645084838089256,0.9396862919269378
train,"19920601_International Registries, Inc._Dissemination Report_Dissemination Report.pdf",signer_title,1.0,1.0,0.92596304,0.9159263,0.9297023718347408,0.8624891048105608
train,"20180108_West Wing Writers, LLC_Amendment_Amendment.pdf",registration_num,0.0,0.0,0.07558684,0.0461767,0.05179593928221616,0.02706497080964618
train,"20180108_West Wing Writers, LLC_Amendment_Amendment.pdf",registrant_name,1.0,1.0,0.9468869,0.97230417,0.9317090381606193,0.9235958944399855
train,"20180108_West Wing Writers, LLC_Amendment_Amendment.pdf",foreign_principle_name,0.0,0.0,0.14479552,0.22205539,0.033140776002041766,0.21093056643595146
train,"20180108_West Wing Writers, LLC_Amendment_Amendment.pdf",file_date,0.0,0.0,0.73860776,0.8327696,0.7806650888803321,0.7541924583363909
train,"20180108_West Wing Writers, LLC_Amendment_Amendment.pdf",signer_name,0.0,0.0,0.26920956,0.19494176,0.5084795952998581,0.1433936420598403
train,"20180108_West Wing Writers, LLC_Amendment_Amendment.pdf",signer_title,0.0,0.0,0.053676613,0.03464891,0.08971440088484761,0.02878971865147268
train,19840301_Representative of the Turkish Republic of Northern Cyprus_Amendment_Amendment.pdf,registration_num,1.0,1.0,0.9191705,0.98581237,0.9765702142703503,0.9772972300594354
train,19840301_Representative of the Turkish Republic of Northern Cyprus_Amendment_Amendment.pdf,registrant_name,1.0,1.0,0.67845285,0.6239071,0.5741858951521746,0.4130472175610967
train,19840301_Representative of the Turkish Republic of Northern Cyprus_Amendment_Amendment.pdf,foreign_principle_name,0.0,0.0,0.17250836,0.23292045,0.014971060410828792,0.04369921816134889
train,19840301_Representative of the Turkish Republic of Northern Cyprus_Amendment_Amendment.pdf,file_date,0.0,0.0,0.07519214,0.05456428,0.4305578309237874,0.03661343887002063
train,19840301_Representative of the Turkish Republic of Northern Cyprus_Amendment_Amendment.pdf,signer_name,1.0,1.0,0.54300815,0.5940455,0.7628261710070854,0.6860491667448103
train,19840301_Representative of the Turkish Republic of Northern Cyprus_Amendment_Amendment.pdf,signer_title,0.0,0.0,0.43660235,0.44600224,0.16794950471678408,0.2142485845997521
train,"19950110_JETRO, New York_Dissemination Report_Dissemination Report.pdf",registration_num,1.0,1.0,0.1506164,0.10388464,0.14203437415183534,0.1259569461619433
train,"19950110_JETRO, New York_Dissemination Report_Dissemination Report.pdf",registrant_name,1.0,1.0,0.3339463,0.22820807,0.3789778961940044,0.7208098168366035
train,"19950110_JETRO, New York_Dissemination Report_Dissemination Report.pdf",foreign_principle_name,1.0,1.0,0.10754868,0.097356334,0.13372429572813932,0.5474407892597936
train,"19950110_JETRO, New York_Dissemination Report_Dissemination Report.pdf",file_date,1.0,1.0,0.8945214,0.90608007,0.9460373520081942,0.9703289620707665
train,"19950110_JETRO, New York_Dissemination Report_Dissemination Report.pdf",signer_name,1.0,1.0,0.85557526,0.85165405,0.6739685234731779,0.8933602635269207
train,"19950110_JETRO, New York_Dissemination Report_Dissemination Report.pdf",signer_title,1.0,1.0,0.9081171,0.96321857,0.9149433172190292,0.9551618439162516
train,"19930301_Public Strategies Washington, Inc._Dissemination Report_Dissemination Report.pdf",registration_num,0.0,0.0,0.057129823,0.044583954,0.6811270837155141,0.08857975424850013
train,"19930301_Public Strategies Washington, Inc._Dissemination Report_Dissemination Report.pdf",registrant_name,0.0,0.0,0.752191,0.68509185,0.8902812934915747,0.7214789519071307
train,"19930301_Public Strategies Washington, Inc._Dissemination Report_Dissemination Report.pdf",foreign_principle_name,1.0,1.0,0.56773376,0.51014096,0.49956234899719376,0.5559066227219194
train,"19930301_Public Strategies Washington, Inc._Dissemination Report_Dissemination Report.pdf",file_date,1.0,1.0,0.8772198,0.9274476,0.7773355692473743,0.9325683919603681
train,"19930301_Public Strategies Washington, Inc._Dissemination Report_Dissemination Report.pdf",signer_name,1.0,1.0,0.72778445,0.7344262,0.9768242341669815,0.9878128981108603
train,"19930301_Public Strategies Washington, Inc._Dissemination Report_Dissemination Report.pdf",signer_title,1.0,1.0,0.9380703,0.9730272,0.9149080569199775,0.9661013095467554
train,20180712_Representative of the Turkish Republic of Northern Cyprus_Amendment_Amendment.pdf,registration_num,0.0,0.0,0.07890849,0.04374118,0.06840770892874944,0.023862598558784785
train,20180712_Representative of the Turkish Republic of Northern Cyprus_Amendment_Amendment.pdf,registrant_name,0.0,0.0,0.18434691,0.113441154,0.6623521403349342,0.16675920598713256
train,20180712_Representative of the Turkish Republic of Northern Cyprus_Amendment_Amendment.pdf,foreign_principle_name,0.0,0.0,0.022229068,0.02547515,0.06169581029865158,0.02515739737711818
train,20180712_Representative of the Turkish Republic of Northern Cyprus_Amendment_Amendment.pdf,file_date,1.0,1.0,0.8167548,0.8694789,0.821490314517997,0.9146277737182302
train,20180712_Representative of the Turkish Republic of Northern Cyprus_Amendment_Amendment.pdf,signer_name,1.0,1.0,0.7592255,0.63357526,0.6720341434452383,0.8981064508834782
train,20180712_Representative of the Turkish Republic of Northern Cyprus_Amendment_Amendment.pdf,signer_title,0.0,0.0,0.08955692,0.06067642,0.20040135010968016,0.09621095481256357
train,"19911001_Akin, Gump, Strauss, Hauer _ Feld, LLP_Dissemination Report_Dissemination Report.pdf",registration_num,0.0,0.0,0.0929211,0.054874994,0.09409559398179773,0.027763999234028964
train,"19911001_Akin, Gump, Strauss, Hauer _ Feld, LLP_Dissemination Report_Dissemination Report.pdf",registrant_name,1.0,1.0,0.92810374,0.9632431,0.9855301963782733,0.9838195201967986
train,"19911001_Akin, Gump, Strauss, Hauer _ Feld, LLP_Dissemination Report_Dissemination Report.pdf",foreign_principle_name,1.0,1.0,0.23502679,0.29886177,0.2667122224795577,0.45232131155325744
train,"19911001_Akin, Gump, Strauss, Hauer _ Feld, LLP_Dissemination Report_Dissemination Report.pdf",file_date,1.0,1.0,0.88510925,0.8808214,0.8865588211794238,0.9632392739358944
train,"19911001_Akin, Gump, Strauss, Hauer _ Feld, LLP_Dissemination Report_Dissemination Report.pdf",signer_name,1.0,1.0,0.93958634,0.95551664,0.9861343460224082,0.9700690667225386
train,"19911001_Akin, Gump, Strauss, Hauer _ Feld, LLP_Dissemination Report_Dissemination Report.pdf",signer_title,1.0,1.0,0.93121445,0.97687465,0.9800940050181011,0.9884222290714677
train,"20171006_Brownstein Hyatt Farber Schreck, LLP_Amendment_Amendment.pdf",registration_num,0.0,0.0,0.098069094,0.060193636,0.04410304284895627,0.024315711778037576
train,"20171006_Brownstein Hyatt Farber Schreck, LLP_Amendment_Amendment.pdf",registrant_name,1.0,1.0,0.941558,0.9399665,0.9883042300507464,0.9859715210841835
train,"20171006_Brownstein Hyatt Farber Schreck, LLP_Amendment_Amendment.pdf",foreign_principle_name,0.0,0.0,0.25565013,0.38142398,0.1736372200098077,0.17301036940917983
train,"20171006_Brownstein Hyatt Farber Schreck, LLP_Amendment_Amendment.pdf",file_date,1.0,1.0,0.9363178,0.9825058,0.4634116830008704,0.8575083182350941
train,"20171006_Brownstein Hyatt Farber Schreck, LLP_Amendment_Amendment.pdf",signer_name,1.0,1.0,0.92022943,0.91513747,0.9630084776538764,0.9816252092690618
train,"20171006_Brownstein Hyatt Farber Schreck, LLP_Amendment_Amendment.pdf",signer_title,1.0,1.0,0.9229137,0.9769138,0.9469820374222626,0.9586935754484006
train,19910501_Quebec Government Office_Dissemination Report_Dissemination Report.pdf,registration_num,1.0,1.0,0.928672,0.98831,0.9861561417853858,0.9940001440457318
train,19910501_Quebec Government Office_Dissemination Report_Dissemination Report.pdf,registrant_name,1.0,1.0,0.9329182,0.97966975,0.9617327283048694,0.955216090704913
train,19910501_Quebec Government Office_Dissemination Report_Dissemination Report.pdf,foreign_principle_name,1.0,1.0,0.6337471,0.6348211,0.9293394604703585,0.809488611604593
train,19910501_Quebec Government Office_Dissemination Report_Dissemination Report.pdf,file_date,0.0,0.0,0.11006961,0.073941454,0.051766192677551254,0.022677128602635155
train,19910501_Quebec Government Office_Dissemination Report_Dissemination Report.pdf,signer_name,1.0,1.0,0.90556467,0.915239,0.889031792464309,0.8400299037318794
train,19910501_Quebec Government Office_Dissemination Report_Dissemination Report.pdf,signer_title,1.0,1.0,0.9521624,0.9800361,0.9767617703562501,0.9834359637704636
train,"19830501_Hong Kong Trade Development Council, Inc._Amendment_Amendment.pdf",registration_num,1.0,1.0,0.9296153,0.98802245,0.9722185078267149,0.9858857637435265
train,"19830501_Hong Kong Trade Development Council, Inc._Amendment_Amendment.pdf",registrant_name,1.0,1.0,0.9254117,0.9392525,0.9638465099254246,0.9879534119185687
train,"19830501_Hong Kong Trade Development Council, Inc._Amendment_Amendment.pdf",foreign_principle_name,1.0,1.0,0.91406965,0.9859864,0.9458320920128139,0.9752673580758735
train,"19830501_Hong Kong Trade Development Council, Inc._Amendment_Amendment.pdf",file_date,0.0,0.0,0.22891466,0.16945033,0.04255729452385006,0.11309066574049648
train,"19830501_Hong Kong Trade Development Council, Inc._Amendment_Amendment.pdf",signer_name,1.0,1.0,0.19145213,0.20220622,0.5962897885201994,0.4316862715190079
train,"19830501_Hong Kong Trade Development Council, Inc._Amendment_Amendment.pdf",signer_title,1.0,1.0,0.9226769,0.97591096,0.9469820374222626,0.9586935754484006
train,19830601_Hong Kong Tourism Board_Amendment_Amendment.pdf,registration_num,1.0,1.0,0.93540466,0.9840541,0.9755658173575968,0.9880022181857467
train,19830601_Hong Kong Tourism Board_Amendment_Amendment.pdf,registrant_name,1.0,1.0,0.89521515,0.94926465,0.9859210188901817,0.9908509086106346
train,19830601_Hong Kong Tourism Board_Amendment_Amendment.pdf,foreign_principle_name,1.0,1.0,0.9130707,0.98530656,0.9426188818959027,0.9752673580758735
train,19830601_Hong Kong Tourism Board_Amendment_Amendment.pdf,file_date,0.0,0.0,0.10476841,0.0695202,0.25047190613652376,0.01629215583100234
train,19830601_Hong Kong Tourism Board_Amendment_Amendment.pdf,signer_name,0.0,0.0,0.09287007,0.059365235,0.0409712152449546,0.013395358215877057
train,19830601_Hong Kong Tourism Board_Amendment_Amendment.pdf,signer_title,0.0,0.0,0.46379703,0.34037834,0.8932266013785927,0.6617085774070997
train,"20140725_Burson-Marsteller, LLC (Washington, DC)_Amendment_Amendment.pdf",registration_num,0.0,0.0,0.07909794,0.05159505,0.04410304284895627,0.02340645177343388
train,"20140725_Burson-Marsteller, LLC (Washington, DC)_Amendment_Amendment.pdf",registrant_name,1.0,1.0,0.9317061,0.9779376,0.9514966520809734,0.9609606496277875
train,"20140725_Burson-Marsteller, LLC (Washington, DC)_Amendment_Amendment.pdf",foreign_principle_name,0.0,0.0,0.21820137,0.19548725,0.07996228067707042,0.03130144434134648
train,"20140725_Burson-Marsteller, LLC (Washington, DC)_Amendment_Amendment.pdf",file_date,1.0,1.0,0.92695343,0.97146225,0.7726601186837169,0.9608058001158483
train,"20140725_Burson-Marsteller, LLC (Washington, DC)_Amendment_Amendment.pdf",signer_name,1.0,1.0,0.9170963,0.90339595,0.9529445838770793,0.9892169022109547
train,"20140725_Burson-Marsteller, LLC (Washington, DC)_Amendment_Amendment.pdf",signer_title,1.0,1.0,0.9259265,0.9821038,0.9395769489336601,0.9578878656195084
train,"19921001_Far East Trade Services, Inc._Dissemination Report_Dissemination Report.pdf",registration_num,1.0,1.0,0.9174224,0.967991,0.9720953032380287,0.9922066030490003
train,"19921001_Far East Trade Services, Inc._Dissemination Report_Dissemination Report.pdf",registrant_name,1.0,1.0,0.9464205,0.98410356,0.9893652475800409,0.9875151150311402
train,"19921001_Far East Trade Services, Inc._Dissemination Report_Dissemination Report.pdf",foreign_principle_name,0.0,0.0,0.19106677,0.17362575,0.24078577812630958,0.2780913628542209
train,"19921001_Far East Trade Services, Inc._Dissemination Report_Dissemination Report.pdf",file_date,1.0,1.0,0.9318925,0.9769535,0.9371492538415527,0.9580896213161669
train,"19921001_Far East Trade Services, Inc._Dissemination Report_Dissemination Report.pdf",signer_name,1.0,1.0,0.8088438,0.87856865,0.6413534484278055,0.8359770321825146
train,"19921001_Far East Trade Services, Inc._Dissemination Report_Dissemination Report.pdf",signer_title,1.0,1.0,0.9353547,0.98044837,0.8768919605048258,0.9475758853712845
train,"19930301_Far East Trade Services, Inc._Dissemination Report_Dissemination Report.pdf",registration_num,1.0,1.0,0.9458728,0.99359846,0.9828024775035689,0.9909203990662317
train,"19930301_Far East Trade Services, Inc._Dissemination Report_Dissemination Report.pdf",registrant_name,1.0,1.0,0.9446173,0.9852351,0.9917849330993396,0.9907148450561478
train,"19930301_Far East Trade Services, Inc._Dissemination Report_Dissemination Report.pdf",foreign_principle_name,0.0,0.0,0.16776118,0.15074421,0.2231353218269926,0.27630669930418195
train,"19930301_Far East Trade Services, Inc._Dissemination Report_Dissemination Report.pdf",file_date,1.0,1.0,0.92938167,0.97079074,0.961732917934808,0.9855760590173845
train,"19930301_Far East Trade Services, Inc._Dissemination Report_Dissemination Report.pdf",signer_name,1.0,1.0,0.9184538,0.96233547,0.9739966055686174,0.9735128576381527
train,"19930301_Far East Trade Services, Inc._Dissemination Report_Dissemination Report.pdf",signer_title,1.0,1.0,0.94623756,0.98901653,0.9090508997671056,0.9714560847570763
train,"20180323_Nelson Mullins Riley _ Scarborough, LLP_Amendment_Amendment.pdf",registration_num,0.0,0.0,0.09314597,0.055716753,0.05032914908967195,0.02340645177343388
train,"20180323_Nelson Mullins Riley _ Scarborough, LLP_Amendment_Amendment.pdf",registrant_name,1.0,1.0,0.93211156,0.95098716,0.9485392043184583,0.9828380601330999
train,"20180323_Nelson Mullins Riley _ Scarborough, LLP_Amendment_Amendment.pdf",foreign_principle_name,1.0,1.0,0.915943,0.98728293,0.945991152997538,0.9751936581891024
train,"20180323_Nelson Mullins Riley _ Scarborough, LLP_Amendment_Amendment.pdf",file_date,1.0,1.0,0.90433455,0.95862836,0.8092253473262624,0.9761852378188156
train,"20180323_Nelson Mullins Riley _ Scarborough, LLP_Amendment_Amendment.pdf",signer_name,1.0,1.0,0.5907438,0.6802284,0.9055843786267304,0.6681446309987153
train,"20180323_Nelson Mullins Riley _ Scarborough, LLP_Amendment_Amendment.pdf",signer_title,1.0,1.0,0.9340311,0.9904472,0.9741870747411485,0.980400587481072
train,"20170306_Squire Patton Boggs, LLP_Amendment_Amendment.pdf",registration_num,0.0,0.0,0.07721175,0.04842174,0.03461559748496199,0.02340645177343388
train,"20170306_Squire Patton Boggs, LLP_Amendment_Amendment.pdf",registrant_name,1.0,1.0,0.9275858,0.949914,0.9759574026938297,0.9767510825323414
train,"20170306_Squire Patton Boggs, LLP_Amendment_Amendment.pdf",foreign_principle_name,1.0,1.0,0.9109987,0.9838826,0.9633015257010314,0.9752673580758735
train,"20170306_Squire Patton Boggs, LLP_Amendment_Amendment.pdf",file_date,1.0,1.0,0.85592616,0.9388831,0.7989881321111514,0.5122465145438413
train,"20170306_Squire Patton Boggs, LLP_Amendment_Amendment.pdf",signer_name,1.0,1.0,0.90889966,0.9047062,0.9790869208750794,0.9922013157225077
train,"20170306_Squire Patton Boggs, LLP_Amendment_Amendment.pdf",signer_title,1.0,1.0,0.93163455,0.9883522,0.9782575760626122,0.9829908037302268
train,19851101_Scottish Enterprise_Amendment_Amendment.pdf,registration_num,0.0,0.0,0.08633354,0.047767594,0.05051275470233724,0.025562542023300862
train,19851101_Scottish Enterprise_Amendment_Amendment.pdf,registrant_name,1.0,1.0,0.8387963,0.8575695,0.7056913811790839,0.7668372353680573
train,19851101_Scottish Enterprise_Amendment_Amendment.pdf,foreign_principle_name,1.0,1.0,0.9151921,0.9871343,0.9345157463154963,0.9679529325232948
train,19851101_Scottish Enterprise_Amendment_Amendment.pdf,file_date,0.0,0.0,0.043498516,0.03265804,0.27446588673212463,0.09569557122833398
train,19851101_Scottish Enterprise_Amendment_Amendment.pdf,signer_name,0.0,0.0,0.07638461,0.06402267,0.18196903129121847,0.1158486116128394
train,19851101_Scottish Enterprise_Amendment_Amendment.pdf,signer_title,0.0,0.0,0.2976138,0.29691416,0.07287131590293862,0.13647336566893786
train,19920101_Scottish Enterprise_Dissemination Report_Dissemination Report.pdf,registration_num,0.0,0.0,0.048239022,0.04149781,0.02062168269655641,0.009423978070446419
train,19920101_Scottish Enterprise_Dissemination Report_Dissemination Report.pdf,registrant_name,0.0,0.0,0.09649929,0.068937294,0.2041651204477644,0.10746072473438346
train,19920101_Scottish Enterprise_Dissemination Report_Dissemination Report.pdf,foreign_principle_name,0.0,0.0,0.021392846,0.027904082,0.009828028858025376,0.023050938114648256
train,19920101_Scottish Enterprise_Dissemination Report_Dissemination Report.pdf,file_date,1.0,1.0,0.9355261,0.98360527,0.8248811806422179,0.9816383130558259
train,19920101_Scottish Enterprise_Dissemination Report_Dissemination Report.pdf,signer_name,1.0,1.0,0.122692764,0.15121955,0.7848977022961212,0.452140652603846
train,19920101_Scottish Enterprise_Dissemination Report_Dissemination Report.pdf,signer_title,1.0,1.0,0.6041565,0.6660552,0.35680714221131243,0.8848582921942972
train,"19911101_International Registries, Inc._Dissemination Report_Dissemination Report.pdf",registration_num,1.0,1.0,0.9375521,0.98070127,0.9743805731733597,0.9938940235529073
train,"19911101_International Registries, Inc._Dissemination Report_Dissemination Report.pdf",registrant_name,1.0,1.0,0.94918907,0.98704207,0.960579275195544,0.9744743570943794
train,"19911101_International Registries, Inc._Dissemination Report_Dissemination Report.pdf",foreign_principle_name,0.0,0.0,0.2981055,0.18815634,0.15079817937563875,0.01708751020414686
train,"19911101_International Registries, Inc._Dissemination Report_Dissemination Report.pdf",file_date,1.0,1.0,0.8548069,0.9274519,0.7256983510719708,0.84740455923547
train,"19911101_International Registries, Inc._Dissemination Report_Dissemination Report.pdf",signer_name,1.0,1.0,0.9071762,0.87511396,0.8392477400394269,0.8254771255892352
train,"19911101_International Registries, Inc._Dissemination Report_Dissemination Report.pdf",signer_title,1.0,1.0,0.9328952,0.9470722,0.93874582941875,0.9788219673852079
train,"19950110_Far East Trade Services, Inc._Dissemination Report_Dissemination Report.pdf",registration_num,1.0,1.0,0.94503486,0.99342,0.9828024775035689,0.9901793569348041
train,"19950110_Far East Trade Services, Inc._Dissemination Report_Dissemination Report.pdf",registrant_name,1.0,1.0,0.94519997,0.9862741,0.9889138003897223,0.9871653355663312
train,"19950110_Far East Trade Services, Inc._Dissemination Report_Dissemination Report.pdf",foreign_principle_name,0.0,0.0,0.26447952,0.21689565,0.25022857390552894,0.18291987532192902
train,"19950110_Far East Trade Services, Inc._Dissemination Report_Dissemination Report.pdf",file_date,0.0,0.0,0.18389264,0.090854354,0.05687232412409684,0.011668900823328523
train,"19950110_Far East Trade Services, Inc._Dissemination Report_Dissemination Report.pdf",signer_name,0.0,0.0,0.45150584,0.37965927,0.23181138828981915,0.07647645750916439
train,"19950110_Far East Trade Services, Inc._Dissemination Report_Dissemination Report.pdf",signer_title,1.0,1.0,0.7847767,0.81311285,0.5763266861392801,0.6909848518104909
train,"20050210_Alston _ Bird, LLP_Amendment_Amendment.pdf",registration_num,0.0,0.0,0.076905526,0.04956188,0.049057854811771995,0.023160094807348063
train,"20050210_Alston _ Bird, LLP_Amendment_Amendment.pdf",registrant_name,1.0,1.0,0.8588511,0.9454583,0.9582394059136757,0.9773981057101763
train,"20050210_Alston _ Bird, LLP_Amendment_Amendment.pdf",foreign_principle_name,0.0,0.0,0.01628506,0.027770609,0.1069769618447308,0.02530520287865436
train,"20050210_Alston _ Bird, LLP_Amendment_Amendment.pdf",file_date,0.0,0.0,0.097542,0.061163396,0.11779851261812253,0.01772734394389754
train,"20050210_Alston _ Bird, LLP_Amendment_Amendment.pdf",signer_name,1.0,1.0,0.83133376,0.79853004,0.3591530450406855,0.7260485002269461
train,"20050210_Alston _ Bird, LLP_Amendment_Amendment.pdf",signer_title,0.0,0.0,0.09237046,0.05117613,0.12291138328119523,0.03816243250899465
train,"19921201_Beef + Lamb New Zealand, Ltd._Amendment_Amendment.pdf",registration_num,0.0,0.0,0.15890154,0.09530717,0.06683729104151856,0.04494341244605368
train,"19921201_Beef + Lamb New Zealand, Ltd._Amendment_Amendment.pdf",registrant_name,0.0,0.0,0.9372401,0.9497709,0.8460783889580165,0.8146514018877655
train,"19921201_Beef + Lamb New Zealand, Ltd._Amendment_Amendment.pdf",foreign_principle_name,1.0,1.0,0.901453,0.9780234,0.9178081325803167,0.966802828747304
train,"19921201_Beef + Lamb New Zealand, Ltd._Amendment_Amendment.pdf",file_date,0.0,0.0,0.044349305,0.03946487,0.018463699037634566,0.012924505485481626
train,"19921201_Beef + Lamb New Zealand, Ltd._Amendment_Amendment.pdf",signer_name,0.0,0.0,0.28635585,0.15621996,0.45075240759118657,0.13013982120163356
train,"19921201_Beef + Lamb New Zealand, Ltd._Amendment_Amendment.pdf",signer_title,0.0,0.0,0.051032193,0.051290672,0.04146082395477182,0.007261354792498971
train,"20180604_Sonoran Policy Group, LLC_Amendment_Amendment.pdf",registration_num,0.0,0.0,0.09138885,0.057287615,0.04410304284895627,0.024315711778037576
train,"20180604_Sonoran Policy Group, LLC_Amendment_Amendment.pdf",registrant_name,1.0,1.0,0.95008945,0.99063987,0.9734745799559716,0.9776577315618433
train,"20180604_Sonoran Policy Group, LLC_Amendment_Amendment.pdf",foreign_principle_name,1.0,1.0,0.83347046,0.9354822,0.8986636958140034,0.9695437384260615
train,"20180604_Sonoran Policy Group, LLC_Amendment_Amendment.pdf",file_date,1.0,1.0,0.71148854,0.7938328,0.9170416883047855,0.8924535510553793
train,"20180604_Sonoran Policy Group, LLC_Amendment_Amendment.pdf",signer_name,1.0,1.0,0.91216743,0.8960825,0.9623825428004638,0.9872333843404795
train,"20180604_Sonoran Policy Group, LLC_Amendment_Amendment.pdf",signer_title,1.0,1.0,0.9317166,0.9886252,0.975839853695745,0.9829908037302268
train,19860901_Singapore Economic Development Board_Dissemination Report_Dissemination Report.pdf,registration_num,1.0,1.0,0.9121367,0.9830065,0.9768761088192238,0.9904275014089223
train,19860901_Singapore Economic Development Board_Dissemination Report_Dissemination Report.pdf,registrant_name,1.0,1.0,0.8769407,0.9321782,0.993287255943402,0.9919406730156759
train,19860901_Singapore Economic Development Board_Dissemination Report_Dissemination Report.pdf,foreign_principle_name,1.0,1.0,0.43260226,0.3130169,0.9160145818744865,0.9156905764471048
train,19860901_Singapore Economic Development Board_Dissemination Report_Dissemination Report.pdf,file_date,1.0,1.0,0.9439249,0.9875773,0.9078261686169964,0.9843881507332958
train,19860901_Singapore Economic Development Board_Dissemination Report_Dissemination Report.pdf,signer_name,1.0,1.0,0.9267343,0.9634045,0.9269019552971913,0.9416641672234534
train,19860901_Singapore Economic Development Board_Dissemination Report_Dissemination Report.pdf,signer_title,1.0,1.0,0.9556901,0.9893258,0.8934108045287931,0.970145622125046
train,"20160720_Glover Park Group, LLC_Amendment_Amendment.pdf",registration_num,0.0,0.0,0.09042917,0.061038107,0.04410304284895627,0.024315711778037576
train,"20160720_Glover Park Group, LLC_Amendment_Amendment.pdf",registrant_name,1.0,1.0,0.89390105,0.93211824,0.8483543070504055,0.8937523720390756
train,"20160720_Glover Park Group, LLC_Amendment_Amendment.pdf",foreign_principle_name,0.0,0.0,0.2042335,0.15349424,0.17590414670754706,0.04851874665277159
train,"20160720_Glover Park Group, LLC_Amendment_Amendment.pdf",file_date,1.0,1.0,0.80322134,0.8628022,0.8826694565297521,0.8694567689549052
train,"20160720_Glover Park Group, LLC_Amendment_Amendment.pdf",signer_name,1.0,1.0,0.9373064,0.93717515,0.9023009532943789,0.9337945105476481
train,"20160720_Glover Park Group, LLC_Amendment_Amendment.pdf",signer_title,1.0,1.0,0.9249724,0.9804665,0.9395769489336601,0.9544111070857118
train,19800101_St. Lucia Tourist Board_Amendment_Amendment.pdf,registration_num,1.0,1.0,0.9219433,0.9754219,0.9797071762866567,0.9924883605417074
train,19800101_St. Lucia Tourist Board_Amendment_Amendment.pdf,registrant_name,1.0,1.0,0.9139406,0.9351214,0.961671095081534,0.8363122298269773
train,19800101_St. Lucia Tourist Board_Amendment_Amendment.pdf,foreign_principle_name,0.0,0.0,0.15053055,0.14622016,0.03138113028122193,0.06098597416435256
train,19800101_St. Lucia Tourist Board_Amendment_Amendment.pdf,file_date,0.0,0.0,0.15521136,0.11064662,0.047709804706924944,0.09430583059062644
train,19800101_St. Lucia Tourist Board_Amendment_Amendment.pdf,signer_name,0.0,0.0,0.05565288,0.047928803,0.06426419802420287,0.01714833546895283
train,19800101_St. Lucia Tourist Board_Amendment_Amendment.pdf,signer_title,0.0,0.0,0.045031317,0.04840142,0.18104473879728128,0.036433519173995184
train,20180430_Isdory Phocus Lyamuya_Amendment_Amendment.pdf,registration_num,0.0,0.0,0.109860145,0.06532286,0.04888802993788297,0.024315711778037576
train,20180430_Isdory Phocus Lyamuya_Amendment_Amendment.pdf,registrant_name,1.0,1.0,0.90361136,0.8941002,0.9174344915781139,0.9223080223096507
train,20180430_Isdory Phocus Lyamuya_Amendment_Amendment.pdf,foreign_principle_name,1.0,1.0,0.91636723,0.9876499,0.9352202332784819,0.9808837019156377
train,20180430_Isdory Phocus Lyamuya_Amendment_Amendment.pdf,file_date,0.0,0.0,0.4923533,0.34606552,0.7310835486538126,0.43087597954463175
train,20180430_Isdory Phocus Lyamuya_Amendment_Amendment.pdf,signer_name,1.0,1.0,0.9148033,0.89014065,0.8716031300889533,0.9705149645515948
train,20180430_Isdory Phocus Lyamuya_Amendment_Amendment.pdf,signer_title,1.0,1.0,0.9245493,0.97962636,0.9395769489336601,0.9544111070857118
train,19911101_Scottish Enterprise_Dissemination Report_Dissemination Report.pdf,registration_num,0.0,0.0,0.12083112,0.06873828,0.05032914908967195,0.021333734675427582
train,19911101_Scottish Enterprise_Dissemination Report_Dissemination Report.pdf,registrant_name,0.0,0.0,0.6751089,0.82703257,0.9177688086820187,0.6036338926881379
train,19911101_Scottish Enterprise_Dissemination Report_Dissemination Report.pdf,foreign_principle_name,0.0,0.0,0.7004423,0.85989845,0.9426188818959027,0.8886497186876385
train,19911101_Scottish Enterprise_Dissemination Report_Dissemination Report.pdf,file_date,1.0,1.0,0.9374496,0.97785056,0.8496409384686817,0.9737696539535224
train,19911101_Scottish Enterprise_Dissemination Report_Dissemination Report.pdf,signer_name,1.0,1.0,0.90024805,0.9461504,0.9671070919465334,0.9897416430552559
train,19911101_Scottish Enterprise_Dissemination Report_Dissemination Report.pdf,signer_title,1.0,1.0,0.93801564,0.9567658,0.5706968588771556,0.9700612200127074
train,"20151028_Podesta Group, Inc._Amendment_Amendment.pdf",registration_num,1.0,1.0,0.915549,0.9819659,0.9540568204697439,0.9850981544939823
train,"20151028_Podesta Group, Inc._Amendment_Amendment.pdf",registrant_name,1.0,1.0,0.95100945,0.9859231,0.9547328204521016,0.9909851956466265
train,"20151028_Podesta Group, Inc._Amendment_Amendment.pdf",foreign_principle_name,0.0,0.0,0.03378437,0.037572842,0.11077087568299807,0.02366518568923592
train,"20151028_Podesta Group, Inc._Amendment_Amendment.pdf",file_date,1.0,1.0,0.9299859,0.96743137,0.8028832033937346,0.9700845189506029
train,"20151028_Podesta Group, Inc._Amendment_Amendment.pdf",signer_name,0.0,0.0,0.8083806,0.7175795,0.9622433123032442,0.8763031170419295
train,"20151028_Podesta Group, Inc._Amendment_Amendment.pdf",signer_title,0.0,0.0,0.8935585,0.9289118,0.6963259957740846,0.7107115504467639
train,"20030714_Arnold _ Porter Kaye Scholer, LLP_Amendment_Amendment.pdf",registration_num,0.0,0.0,0.07646924,0.04708103,0.03461559748496199,0.02340645177343388
train,"20030714_Arnold _ Porter Kaye Scholer, LLP_Amendment_Amendment.pdf",registrant_name,1.0,1.0,0.9341968,0.97652674,0.751708995176536,0.8944341477792204
train,"20030714_Arnold _ Porter Kaye Scholer, LLP_Amendment_Amendment.pdf",foreign_principle_name,0.0,0.0,0.30594844,0.25883263,0.1878445348118825,0.06375629438074827
train,"20030714_Arnold _ Porter Kaye Scholer, LLP_Amendment_Amendment.pdf",file_date,0.0,0.0,0.066419035,0.057206206,0.3501875825101936,0.029330606525503806
train,"20030714_Arnold _ Porter Kaye Scholer, LLP_Amendment_Amendment.pdf",signer_name,1.0,1.0,0.77172697,0.65862334,0.47300693495338597,0.5886775342194305
train,"20030714_Arnold _ Porter Kaye Scholer, LLP_Amendment_Amendment.pdf",signer_title,1.0,1.0,0.9244622,0.97922385,0.9395769489336601,0.9544111070857118
train,"19920801_JETRO, Los Angeles_Dissemination Report_Dissemination Report.pdf",registration_num,1.0,1.0,0.93195736,0.98192436,0.9839323690120948,0.9908262988851544
train,"19920801_JETRO, Los Angeles_Dissemination Report_Dissemination Report.pdf",registrant_name,1.0,1.0,0.91999006,0.947615,0.9511544940852675,0.9823934439822845
train,"19920801_JETRO, Los Angeles_Dissemination Report_Dissemination Report.pdf",foreign_principle_name,0.0,0.0,0.3116748,0.2920956,0.16730103506598729,0.1989058285334242
train,"19920801_JETRO, Los Angeles_Dissemination Report_Dissemination Report.pdf",file_date,1.0,1.0,0.94054854,0.9884308,0.9457971426583917,0.9758915883724717
train,"19920801_JETRO, Los Angeles_Dissemination Report_Dissemination Report.pdf",signer_name,1.0,1.0,0.92957467,0.9768611,0.8899491612436039,0.8941020739806766
train,"19920801_JETRO, Los Angeles_Dissemination Report_Dissemination Report.pdf",signer_title,1.0,1.0,0.9546976,0.99274236,0.9714853622113825,0.9886157159588468
train,"19910901_JETRO, Atlanta_Dissemination Report_Dissemination Report.pdf",registration_num,1.0,1.0,0.75196564,0.5645499,0.7450809428956795,0.7506544103402751
train,"19910901_JETRO, Atlanta_Dissemination Report_Dissemination Report.pdf",registrant_name,0.0,0.0,0.3040608,0.17702703,0.6944840882712512,0.3395039229983057
train,"19910901_JETRO, Atlanta_Dissemination Report_Dissemination Report.pdf",foreign_principle_name,1.0,1.0,0.9124266,0.9864931,0.9387581484291249,0.9749336588091939
train,"19910901_JETRO, Atlanta_Dissemination Report_Dissemination Report.pdf",file_date,1.0,1.0,0.9475406,0.9881474,0.7630383729802528,0.9799921106112239
train,"19910901_JETRO, Atlanta_Dissemination Report_Dissemination Report.pdf",signer_name,1.0,1.0,0.8586337,0.91208553,0.9362385643560602,0.9617479641634593
train,"19910901_JETRO, Atlanta_Dissemination Report_Dissemination Report.pdf",signer_title,1.0,1.0,0.9387514,0.9884259,0.975528251947706,0.995013730118627
train,20100113_FCB New York_Amendment_Amendment.pdf,registration_num,1.0,1.0,0.9359186,0.98764575,0.9687929449075326,0.9919557688241597
train,20100113_FCB New York_Amendment_Amendment.pdf,registrant_name,1.0,1.0,0.79100424,0.85522205,0.38290827740551353,0.5856242665689868
train,20100113_FCB New York_Amendment_Amendment.pdf,foreign_principle_name,0.0,0.0,0.061762787,0.056082804,0.05387745039574058,0.014688921407565777
train,20100113_FCB New York_Amendment_Amendment.pdf,file_date,0.0,0.0,0.09011686,0.054894734,0.15024965106381474,0.018425140940646862
train,20100113_FCB New York_Amendment_Amendment.pdf,signer_name,1.0,1.0,0.8615924,0.8252104,0.9546469343895088,0.9698659515308513
train,20100113_FCB New York_Amendment_Amendment.pdf,signer_title,0.0,0.0,0.051480144,0.06899983,0.12804861002218262,0.02358042752867641
train,19810201_Tourism Australia_Amendment_Amendment.pdf,registration_num,1.0,1.0,0.91944057,0.97226334,0.9755658173575968,0.9882855257282029
train,19810201_Tourism Australia_Amendment_Amendment.pdf,registrant_name,0.0,0.0,0.2616771,0.14692211,0.5203525803882866,0.05033729514386389
train,19810201_Tourism Australia_Amendment_Amendment.pdf,foreign_principle_name,1.0,1.0,0.912047,0.9846641,0.9612637297486489,0.9752673580758735
train,19810201_Tourism Australia_Amendment_Amendment.pdf,file_date,0.0,0.0,0.048217084,0.042338345,0.028600015096852054,0.019147270681451924
train,19810201_Tourism Australia_Amendment_Amendment.pdf,signer_name,0.0,0.0,0.24627328,0.13370135,0.3060487792397353,0.07364183344851445
train,19810201_Tourism Australia_Amendment_Amendment.pdf,signer_title,0.0,0.0,0.14725888,0.08506316,0.23793800365798468,0.04820391164858996
train,"19920401_JETRO, Los Angeles_Dissemination Report_Dissemination Report.pdf",registration_num,1.0,1.0,0.92531824,0.9700678,0.9800951068845964,0.994996482554392
train,"19920401_JETRO, Los Angeles_Dissemination Report_Dissemination Report.pdf",registrant_name,1.0,1.0,0.94296837,0.9809682,0.9683240436489988,0.984202028471032
train,"19920401_JETRO, Los Angeles_Dissemination Report_Dissemination Report.pdf",foreign_principle_name,0.0,0.0,0.38121405,0.41404685,0.5487336038881777,0.4192396004547547
train,"19920401_JETRO, Los Angeles_Dissemination Report_Dissemination Report.pdf",file_date,1.0,1.0,0.2911734,0.40445623,0.7486638559902092,0.3923507714456291
train,"19920401_JETRO, Los Angeles_Dissemination Report_Dissemination Report.pdf",signer_name,1.0,1.0,0.9399473,0.9809884,0.9256563520903259,0.9445521336902715
train,"19920401_JETRO, Los Angeles_Dissemination Report_Dissemination Report.pdf",signer_title,1.0,1.0,0.9564913,0.9929031,0.9847623146647011,0.9957529981084264
train,19950724_Representative of the Turkish Republic of Northern Cyprus_Dissemination Report_Dissemination Report.pdf,registration_num,1.0,1.0,0.9358823,0.9897957,0.9596229535334637,0.9924154028177368
train,19950724_Representative of the Turkish Republic of Northern Cyprus_Dissemination Report_Dissemination Report.pdf,registrant_name,1.0,1.0,0.4537228,0.2927229,0.7297761814259089,0.47218682461924893
train,19950724_Representative of the Turkish Republic of Northern Cyprus_Dissemination Report_Dissemination Report.pdf,foreign_principle_name,1.0,1.0,0.12339415,0.10562076,0.356884229607056,0.629384155711487
train,19950724_Representative of the Turkish Republic of Northern Cyprus_Dissemination Report_Dissemination Report.pdf,file_date,1.0,1.0,0.9358376,0.98551404,0.7781763022806677,0.9709113360566013
train,19950724_Representative of the Turkish Republic of Northern Cyprus_Dissemination Report_Dissemination Report.pdf,signer_name,1.0,1.0,0.93406427,0.9751991,0.749267779048699,0.9181176608954142
train,19950724_Representative of the Turkish Republic of Northern Cyprus_Dissemination Report_Dissemination Report.pdf,signer_title,1.0,1.0,0.9397497,0.98196566,0.9752730995459431,0.9836275497222541
train,19931117_KOTRA_Dissemination Report_Dissemination Report.pdf,registration_num,0.0,0.0,0.0281429,0.026772773,0.02469961249618438,0.009382040489307858
train,19931117_KOTRA_Dissemination Report_Dissemination Report.pdf,registrant_name,1.0,1.0,0.90662956,0.96811974,0.9409128365460524,0.873346989756043
train,19931117_KOTRA_Dissemination Report_Dissemination Report.pdf,foreign_principle_name,0.0,0.0,0.39661378,0.3331785,0.2971412171879168,0.27851516457488207
train,19931117_KOTRA_Dissemination Report_Dissemination Report.pdf,file_date,0.0,0.0,0.8657834,0.85410386,0.3080780225901747,0.8594754889099598
train,19931117_KOTRA_Dissemination Report_Dissemination Report.pdf,signer_name,1.0,1.0,0.93920994,0.9654826,0.935389255258575,0.958705666418537
train,19931117_KOTRA_Dissemination Report_Dissemination Report.pdf,signer_title,1.0,1.0,0.9440716,0.9889139,0.9598693433827984,0.9839184752780685
train,"19921001_JETRO, New York_Dissemination Report_Dissemination Report.pdf",registration_num,1.0,1.0,0.9421172,0.993985,0.9828024775035689,0.992755398509657
train,"19921001_JETRO, New York_Dissemination Report_Dissemination Report.pdf",registrant_name,1.0,1.0,0.9374078,0.97605646,0.9623035826793757,0.9906332575939482
train,"19921001_JETRO, New York_Dissemination Report_Dissemination Report.pdf",foreign_principle_name,1.0,1.0,0.49045625,0.46761543,0.9309892436841457,0.9327319697109682
train,"19921001_JETRO, New York_Dissemination Report_Dissemination Report.pdf",file_date,1.0,1.0,0.94625634,0.98676413,0.8566044399880834,0.9612482669557671
train,"19921001_JETRO, New York_Dissemination Report_Dissemination Report.pdf",signer_name,1.0,1.0,0.8660919,0.86911523,0.9593924181945916,0.9829897705683328
train,"19921001_JETRO, New York_Dissemination Report_Dissemination Report.pdf",signer_title,1.0,1.0,0.9370364,0.98138636,0.9894728857718006,0.9938483909637607
train,19920701_Office of Tibet_Dissemination Report_Dissemination Report.pdf,registration_num,1.0,1.0,0.93541193,0.9917267,0.9811523452560912,0.9924612383341711
train,19920701_Office of Tibet_Dissemination Report_Dissemination Report.pdf,registrant_name,1.0,1.0,0.92916775,0.97056544,0.9779341438285358,0.9880983552586471
train,19920701_Office of Tibet_Dissemination Report_Dissemination Report.pdf,foreign_principle_name,1.0,1.0,0.63261676,0.740966,0.19083643463733188,0.5602769053181414
train,19920701_Office of Tibet_Dissemination Report_Dissemination Report.pdf,file_date,0.0,0.0,0.11131307,0.062616,0.08611236473342228,0.010193001250660545
train,19920701_Office of Tibet_Dissemination Report_Dissemination Report.pdf,signer_name,1.0,1.0,0.90270793,0.94715726,0.9097354549875776,0.9321180379396234
train,19920701_Office of Tibet_Dissemination Report_Dissemination Report.pdf,signer_title,1.0,1.0,0.91910017,0.9688721,0.7787301626354382,0.9567302265258709
train,20020403_Representative of the Turkish Republic of Northern Cyprus_Amendment_Amendment.pdf,registration_num,1.0,1.0,0.922701,0.9886845,0.9639150330903292,0.9935573921501861
train,20020403_Representative of the Turkish Republic of Northern Cyprus_Amendment_Amendment.pdf,registrant_name,1.0,1.0,0.7755126,0.83230335,0.9083250071406342,0.7686928923179631
train,20020403_Representative of the Turkish Republic of Northern Cyprus_Amendment_Amendment.pdf,foreign_principle_name,1.0,1.0,0.8542719,0.95048904,0.9246352334502269,0.9649512197745372
train,20020403_Representative of the Turkish Republic of Northern Cyprus_Amendment_Amendment.pdf,file_date,1.0,1.0,0.8744356,0.93616027,0.7501507293307221,0.9754757992225556
train,20020403_Representative of the Turkish Republic of Northern Cyprus_Amendment_Amendment.pdf,signer_name,1.0,1.0,0.93877745,0.9743965,0.9199578891811964,0.939461986699138
train,20020403_Representative of the Turkish Republic of Northern Cyprus_Amendment_Amendment.pdf,signer_title,1.0,1.0,0.7189759,0.8324639,0.9414392557189675,0.6528728138166325
train,"20071030_Sidley Austin, LLP_Amendment_Amendment.pdf",registration_num,0.0,0.0,0.09767576,0.06072995,0.05171009136735395,0.024315711778037576
train,"20071030_Sidley Austin, LLP_Amendment_Amendment.pdf",registrant_name,1.0,1.0,0.9347231,0.9676278,0.8137426162427805,0.9660632719077767
train,"20071030_Sidley Austin, LLP_Amendment_Amendment.pdf",foreign_principle_name,1.0,1.0,0.8748123,0.96282053,0.8920545354462807,0.9652345635635929
train,"20071030_Sidley Austin, LLP_Amendment_Amendment.pdf",file_date,1.0,1.0,0.88394177,0.88658845,0.7372377968275831,0.9189098103707585
train,"20071030_Sidley Austin, LLP_Amendment_Amendment.pdf",signer_name,0.0,0.0,0.2277092,0.15712503,0.26271149083056766,0.24076724029006602
train,"20071030_Sidley Austin, LLP_Amendment_Amendment.pdf",signer_title,1.0,1.0,0.92712754,0.984079,0.9483960063420023,0.9550603341733799
train,"20140414_Greenberg Traurig, LLP_Amendment_Amendment.pdf",registration_num,0.0,0.0,0.064313315,0.041383203,0.045038484824639485,0.02355129720100462
train,"20140414_Greenberg Traurig, LLP_Amendment_Amendment.pdf",registrant_name,1.0,1.0,0.9512383,0.97810745,0.9164898008528028,0.9312761380546387
train,"20140414_Greenberg Traurig, LLP_Amendment_Amendment.pdf",foreign_principle_name,0.0,0.0,0.043876193,0.04467795,0.05274423349311138,0.010107303759780722
train,"20140414_Greenberg Traurig, LLP_Amendment_Amendment.pdf",file_date,1.0,1.0,0.907282,0.9630248,0.8815262364312083,0.9132793637849692
train,"20140414_Greenberg Traurig, LLP_Amendment_Amendment.pdf",signer_name,1.0,1.0,0.8742863,0.83931243,0.9194925260339585,0.9748073825789543
train,"20140414_Greenberg Traurig, LLP_Amendment_Amendment.pdf",signer_title,1.0,1.0,0.929873,0.98657465,0.9638609704585768,0.9744626583283266
train,19930501_Office of Tibet_Dissemination Report_Dissemination Report.pdf,registration_num,1.0,1.0,0.7746477,0.8312135,0.8418005693636257,0.9488043480600762
train,19930501_Office of Tibet_Dissemination Report_Dissemination Report.pdf,registrant_name,1.0,1.0,0.9475629,0.9839052,0.973043109471599,0.9781335563886986
train,19930501_Office of Tibet_Dissemination Report_Dissemination Report.pdf,foreign_principle_name,1.0,1.0,0.70301956,0.8002117,0.6828968944029572,0.7868640294319198
train,19930501_Office of Tibet_Dissemination Report_Dissemination Report.pdf,file_date,1.0,1.0,0.9223455,0.9499903,0.7291966036824123,0.972027557421807
train,19930501_Office of Tibet_Dissemination Report_Dissemination Report.pdf,signer_name,1.0,1.0,0.9426715,0.96190435,0.9631763684736043,0.952398128440437
train,19930501_Office of Tibet_Dissemination Report_Dissemination Report.pdf,signer_title,1.0,1.0,0.94699925,0.98223364,0.7869656391624091,0.9560402801337011
train,20180330_Hogan Lovells US LLP_Amendment_Amendment.pdf,registration_num,1.0,1.0,0.8710389,0.946442,0.9347469688094853,0.9855655700460519
train,20180330_Hogan Lovells US LLP_Amendment_Amendment.pdf,registrant_name,1.0,1.0,0.9409674,0.9770452,0.9743707888430628,0.9786928858016889
train,20180330_Hogan Lovells US LLP_Amendment_Amendment.pdf,foreign_principle_name,0.0,0.0,0.1915064,0.26853076,0.02943754987427679,0.11671435426367803
train,20180330_Hogan Lovells US LLP_Amendment_Amendment.pdf,file_date,1.0,1.0,0.8854553,0.9405018,0.7362593229886752,0.9660183810629498
train,20180330_Hogan Lovells US LLP_Amendment_Amendment.pdf,signer_name,1.0,1.0,0.9351819,0.9467044,0.9698854814373913,0.9893644639928892
train,20180330_Hogan Lovells US LLP_Amendment_Amendment.pdf,signer_title,0.0,0.0,0.028519023,0.04103417,0.013997957909086605,0.09016825726310694
train,"20150529_Squire Patton Boggs, LLP_Amendment_Amendment.pdf",registration_num,0.0,0.0,0.07722356,0.049587455,0.03461559748496199,0.02588011418187814
train,"20150529_Squire Patton Boggs, LLP_Amendment_Amendment.pdf",registrant_name,1.0,1.0,0.92707264,0.954212,0.9816032994092574,0.9835623318223705
train,"20150529_Squire Patton Boggs, LLP_Amendment_Amendment.pdf",foreign_principle_name,0.0,0.0,0.13356775,0.1186205,0.0416504061493789,0.030164749873159827
train,"20150529_Squire Patton Boggs, LLP_Amendment_Amendment.pdf",file_date,1.0,1.0,0.9063675,0.96882784,0.8873826062464728,0.9311909461307698
train,"20150529_Squire Patton Boggs, LLP_Amendment_Amendment.pdf",signer_name,1.0,1.0,0.9102974,0.9120226,0.9517634729621192,0.990672559369404
train,"20150529_Squire Patton Boggs, LLP_Amendment_Amendment.pdf",signer_title,1.0,1.0,0.9150413,0.960264,0.9498975808011421,0.9595976792464471
train,19910801_Representative of the Turkish Republic of Northern Cyprus_Dissemination Report_Dissemination Report.pdf,registration_num,1.0,1.0,0.93421584,0.99093515,0.9873415701337229,0.9958501957353764
train,19910801_Representative of the Turkish Republic of Northern Cyprus_Dissemination Report_Dissemination Report.pdf,registrant_name,1.0,1.0,0.8004135,0.7731682,0.8797696584854378,0.8207412584939415
train,19910801_Representative of the Turkish Republic of Northern Cyprus_Dissemination Report_Dissemination Report.pdf,foreign_principle_name,0.0,0.0,0.029847857,0.03784967,0.03249087104794324,0.03623852290322421
train,19910801_Representative of the Turkish Republic of Northern Cyprus_Dissemination Report_Dissemination Report.pdf,file_date,1.0,1.0,0.9287583,0.97663844,0.8040890833508645,0.9826193477849313
train,19910801_Representative of the Turkish Republic of Northern Cyprus_Dissemination Report_Dissemination Report.pdf,signer_name,1.0,1.0,0.84150565,0.8995242,0.653842084753518,0.8917121779726492
train,19910801_Representative of the Turkish Republic of Northern Cyprus_Dissemination Report_Dissemination Report.pdf,signer_title,1.0,1.0,0.9488475,0.9898704,0.9205021935666099,0.9064944655045841
train,"20121108_Sorini, Samet _ Associates, LLC_Amendment_Amendment.pdf",registration_num,0.0,0.0,0.08764905,0.05481568,0.04410304284895627,0.024315711778037576
train,"20121108_Sorini, Samet _ Associates, LLC_Amendment_Amendment.pdf",registrant_name,1.0,1.0,0.9395956,0.97529095,0.936045823625699,0.9425175324255094
train,"20121108_Sorini, Samet _ Associates, LLC_Amendment_Amendment.pdf",foreign_principle_name,1.0,1.0,0.91670763,0.98786336,0.9460017395608291,0.9798984935202713
train,"20121108_Sorini, Samet _ Associates, LLC_Amendment_Amendment.pdf",file_date,1.0,1.0,0.89474726,0.9360161,0.8028086227033158,0.9795832878836862
train,"20121108_Sorini, Samet _ Associates, LLC_Amendment_Amendment.pdf",signer_name,1.0,1.0,0.9115532,0.8945097,0.9434066638030101,0.9592922276105651
train,"20121108_Sorini, Samet _ Associates, LLC_Amendment_Amendment.pdf",signer_title,1.0,1.0,0.92821324,0.985198,0.9595309510960933,0.9702918345872602
train,"19871001_Akin, Gump, Strauss, Hauer _ Feld, LLP_Amendment_Amendment.pdf",registration_num,0.0,0.0,0.13281164,0.12224203,0.1909394300182756,0.04839182452198261
train,"19871001_Akin, Gump, Strauss, Hauer _ Feld, LLP_Amendment_Amendment.pdf",registrant_name,1.0,1.0,0.9095954,0.93594503,0.9418601257403554,0.9486502725744362
train,"19871001_Akin, Gump, Strauss, Hauer _ Feld, LLP_Amendment_Amendment.pdf",foreign_principle_name,0.0,0.0,0.058791827,0.06458507,0.10644291482947667,0.010666394232134623
train,"19871001_Akin, Gump, Strauss, Hauer _ Feld, LLP_Amendment_Amendment.pdf",file_date,0.0,0.0,0.05785222,0.04439498,0.34491927380159587,0.026507063899986087
train,"19871001_Akin, Gump, Strauss, Hauer _ Feld, LLP_Amendment_Amendment.pdf",signer_name,1.0,1.0,0.73321056,0.7370339,0.7511682915875694,0.7945311360594951
train,"19871001_Akin, Gump, Strauss, Hauer _ Feld, LLP_Amendment_Amendment.pdf",signer_title,0.0,0.0,0.042860243,0.04770749,0.1972525051829642,0.10359642442683117
train,"20160819_Mercury Public Affairs, LLC_Amendment_Amendment.pdf",registration_num,1.0,1.0,0.90953714,0.97226506,0.9621398565334649,0.9878787699340063
train,"20160819_Mercury Public Affairs, LLC_Amendment_Amendment.pdf",registrant_name,1.0,1.0,0.9400895,0.9800892,0.862688406497138,0.9760406265326077
train,"20160819_Mercury Public Affairs, LLC_Amendment_Amendment.pdf",foreign_principle_name,1.0,1.0,0.8234272,0.9286455,0.8315781969164694,0.93396030516602
train,"20160819_Mercury Public Affairs, LLC_Amendment_Amendment.pdf",file_date,1.0,1.0,0.9049848,0.9639696,0.8961584124381451,0.9017556403509364
train,"20160819_Mercury Public Affairs, LLC_Amendment_Amendment.pdf",signer_name,1.0,1.0,0.9357851,0.94091094,0.9592822994262368,0.987562735998688
train,"20160819_Mercury Public Affairs, LLC_Amendment_Amendment.pdf",signer_title,1.0,1.0,0.92966765,0.98700154,0.9725204820687323,0.9749307461472132
train,19951229_Malaysian Industrial Development Authority_Dissemination Report_Dissemination Report.pdf,registration_num,1.0,1.0,0.91249454,0.9747448,0.9774741057012776,0.9913052267800612
train,19951229_Malaysian Industrial Development Authority_Dissemination Report_Dissemination Report.pdf,registrant_name,1.0,1.0,0.92975485,0.9791152,0.9907817022458426,0.974422497705562
train,19951229_Malaysian Industrial Development Authority_Dissemination Report_Dissemination Report.pdf,foreign_principle_name,0.0,0.0,0.1990004,0.17288034,0.2747611613376332,0.05902123166991258
train,19951229_Malaysian Industrial Development Authority_Dissemination Report_Dissemination Report.pdf,file_date,1.0,1.0,0.85696584,0.8692781,0.5261677177932741,0.9706715707488034
train,19951229_Malaysian Industrial Development Authority_Dissemination Report_Dissemination Report.pdf,signer_name,0.0,0.0,0.7743027,0.63214785,0.8541608524833025,0.7621903825263938
train,19951229_Malaysian Industrial Development Authority_Dissemination Report_Dissemination Report.pdf,signer_title,0.0,0.0,0.9409791,0.9725873,0.9198897655482331,0.8057219888276331
train,20180302_Fratelli Group_Amendment_Amendment.pdf,registration_num,0.0,0.0,0.088325836,0.057005633,0.04410304284895627,0.024315711778037576
train,20180302_Fratelli Group_Amendment_Amendment.pdf,registrant_name,1.0,1.0,0.9394215,0.9634169,0.9693654109999735,0.980701503663596
train,20180302_Fratelli Group_Amendment_Amendment.pdf,foreign_principle_name,0.0,0.0,0.01729421,0.020847801,0.056317922058921305,0.005652744651597577
train,20180302_Fratelli Group_Amendment_Amendment.pdf,file_date,1.0,1.0,0.7746786,0.8807148,0.8162528020591402,0.7634025238921534
train,20180302_Fratelli Group_Amendment_Amendment.pdf,signer_name,0.0,0.0,0.60349774,0.44057068,0.4785394139153552,0.4733956737063984
train,20180302_Fratelli Group_Amendment_Amendment.pdf,signer_title,1.0,1.0,0.9172144,0.9655697,0.9484815534064281,0.9604765707957225
train,"20150623_Daniel J. Edelman, Inc._Amendment_Amendment.pdf",registration_num,0.0,0.0,0.10562599,0.06237427,0.047404766956646895,0.02206693394002922
train,"20150623_Daniel J. Edelman, Inc._Amendment_Amendment.pdf",registrant_name,1.0,1.0,0.95415944,0.98722553,0.9649534028523946,0.9686718976989904
train,"20150623_Daniel J. Edelman, Inc._Amendment_Amendment.pdf",foreign_principle_name,1.0,1.0,0.89581364,0.97222483,0.8627212927687975,0.958146541227299
train,"20150623_Daniel J. Edelman, Inc._Amendment_Amendment.pdf",file_date,1.0,1.0,0.85331964,0.9175604,0.750977388402538,0.8764569229506468
train,"20150623_Daniel J. Edelman, Inc._Amendment_Amendment.pdf",signer_name,1.0,1.0,0.9338211,0.9295599,0.8873410141303447,0.9708048316829534
train,"20150623_Daniel J. Edelman, Inc._Amendment_Amendment.pdf",signer_title,0.0,0.0,0.5641042,0.51079094,0.2219712685693144,0.07215686692057725
train,"19790801_Far East Trade Services, Inc._Amendment_Amendment.pdf",registration_num,1.0,1.0,0.94345015,0.99097806,0.9797071762866567,0.9942383054898467
train,"19790801_Far East Trade Services, Inc._Amendment_Amendment.pdf",registrant_name,1.0,1.0,0.9281565,0.9730277,0.9605885068621622,0.960862104630756
train,"19790801_Far East Trade Services, Inc._Amendment_Amendment.pdf",foreign_principle_name,1.0,1.0,0.89398575,0.97309697,0.9060271287029659,0.9635275285831962
train,"19790801_Far East Trade Services, Inc._Amendment_Amendment.pdf",file_date,0.0,0.0,0.07414459,0.053938914,0.472793904855093,0.04862877850167911
train,"19790801_Far East Trade Services, Inc._Amendment_Amendment.pdf",signer_name,1.0,1.0,0.56802845,0.59693563,0.8569228257977511,0.7540047865974451
train,"19790801_Far East Trade Services, Inc._Amendment_Amendment.pdf",signer_title,1.0,1.0,0.56221837,0.6465564,0.921075832443882,0.9191856670686623
train,"19930501_Far East Trade Services, Inc._Dissemination Report_Dissemination Report.pdf",registration_num,1.0,1.0,0.94282866,0.99309623,0.9866562369819308,0.9958501957353764
train,"19930501_Far East Trade Services, Inc._Dissemination Report_Dissemination Report.pdf",registrant_name,1.0,1.0,0.946233,0.98674107,0.9947220786712699,0.9932800967669403
train,"19930501_Far East Trade Services, Inc._Dissemination Report_Dissemination Report.pdf",foreign_principle_name,0.0,0.0,0.17932454,0.18335307,0.29173859112220907,0.3369712868269272
train,"19930501_Far East Trade Services, Inc._Dissemination Report_Dissemination Report.pdf",file_date,1.0,1.0,0.92492944,0.97358626,0.7711507808913957,0.9653763698717638
train,"19930501_Far East Trade Services, Inc._Dissemination Report_Dissemination Report.pdf",signer_name,1.0,1.0,0.90542126,0.9588615,0.962202494882274,0.9725325542779135
train,"19930501_Far East Trade Services, Inc._Dissemination Report_Dissemination Report.pdf",signer_title,1.0,1.0,0.94315207,0.9856747,0.9716990225962249,0.9658157181301038
train,"19730401_India Tourism, New York_Amendment_Amendment.pdf",registration_num,0.0,0.0,0.10844742,0.06284676,0.05032914908967195,0.02340645177343388
train,"19730401_India Tourism, New York_Amendment_Amendment.pdf",registrant_name,1.0,1.0,0.9320675,0.956773,0.8689826877343276,0.946532454697385
train,"19730401_India Tourism, New York_Amendment_Amendment.pdf",foreign_principle_name,1.0,1.0,0.91545284,0.98690856,0.9405141439812142,0.9757057557468691
train,"19730401_India Tourism, New York_Amendment_Amendment.pdf",file_date,0.0,0.0,0.15016711,0.12591471,0.13819265848256398,0.14683096244124907
train,"19730401_India Tourism, New York_Amendment_Amendment.pdf",signer_name,0.0,0.0,0.16088209,0.09187907,0.37959732937223406,0.16065837023404697
train,"19730401_India Tourism, New York_Amendment_Amendment.pdf",signer_title,0.0,0.0,0.22239208,0.18068612,0.2883526802025402,0.11388879858184668
train,"20041008_Foley Hoag, LLP_Amendment_Amendment.pdf",registration_num,0.0,0.0,0.119751476,0.073746204,0.3085407143966606,0.09568981372606963
train,"20041008_Foley Hoag, LLP_Amendment_Amendment.pdf",registrant_name,1.0,1.0,0.8984438,0.9246767,0.7186331483492954,0.9096377744050739
train,"20041008_Foley Hoag, LLP_Amendment_Amendment.pdf",foreign_principle_name,1.0,1.0,0.91376656,0.9856331,0.9426188818959027,0.974583589473704
train,"20041008_Foley Hoag, LLP_Amendment_Amendment.pdf",file_date,1.0,1.0,0.87061274,0.9206457,0.652748312227396,0.9637946646454315
train,"20041008_Foley Hoag, LLP_Amendment_Amendment.pdf",signer_name,1.0,1.0,0.91340494,0.8859981,0.9687176655999143,0.9506032383468855
train,"20041008_Foley Hoag, LLP_Amendment_Amendment.pdf",signer_title,1.0,1.0,0.51933396,0.5238485,0.8594654656105939,0.6237707700698009
train,"19930801_Akin, Gump, Strauss, Hauer _ Feld, LLP_Dissemination Report_Dissemination Report.pdf",registration_num,0.0,0.0,0.05117668,0.046389427,0.055839858126852576,0.013884670676919411
train,"19930801_Akin, Gump, Strauss, Hauer _ Feld, LLP_Dissemination Report_Dissemination Report.pdf",registrant_name,1.0,1.0,0.88236487,0.8994978,0.8426064421234872,0.8948121668362068
train,"19930801_Akin, Gump, Strauss, Hauer _ Feld, LLP_Dissemination Report_Dissemination Report.pdf",foreign_principle_name,1.0,1.0,0.43821868,0.377414,0.44600849422588396,0.4974394576486434
train,"19930801_Akin, Gump, Strauss, Hauer _ Feld, LLP_Dissemination Report_Dissemination Report.pdf",file_date,0.0,0.0,0.62105507,0.5239806,0.5535641779119205,0.6430835515293837
train,"19930801_Akin, Gump, Strauss, Hauer _ Feld, LLP_Dissemination Report_Dissemination Report.pdf",signer_name,0.0,0.0,0.8636513,0.77701694,0.9602305870664183,0.9309488182482079
train,"19930801_Akin, Gump, Strauss, Hauer _ Feld, LLP_Dissemination Report_Dissemination Report.pdf",signer_title,1.0,1.0,0.92715865,0.95917404,0.6253707667511695,0.9467216079899743
train,"20081021_JETRO, San Francisco_Amendment_Amendment.pdf",registration_num,1.0,1.0,0.59276116,0.8309449,0.689051983123862,0.9196054561021522
train,"20081021_JETRO, San Francisco_Amendment_Amendment.pdf",registrant_name,1.0,1.0,0.9122063,0.9543381,0.8673306941126191,0.9144178450599809
train,"20081021_JETRO, San Francisco_Amendment_Amendment.pdf",foreign_principle_name,1.0,1.0,0.8837024,0.9679362,0.920084830300803,0.9674437702620549
train,"20081021_JETRO, San Francisco_Amendment_Amendment.pdf",file_date,0.0,0.0,0.08307432,0.056971025,0.10673699981917581,0.03747154328704785
train,"20081021_JETRO, San Francisco_Amendment_Amendment.pdf",signer_name,0.0,0.0,0.19315651,0.18199494,0.051302178941875505,0.2521621340776281
train,"20081021_JETRO, San Francisco_Amendment_Amendment.pdf",signer_title,1.0,1.0,0.69101405,0.85806406,0.961553745061798,0.8439751172990876
train,20180129_Quinn _ Co. of NY LTD._Amendment_Amendment.pdf,registration_num,0.0,0.0,0.08442154,0.051440466,0.03461559748496199,0.02340645177343388
train,20180129_Quinn _ Co. of NY LTD._Amendment_Amendment.pdf,registrant_name,1.0,1.0,0.932327,0.97067106,0.9778980578238463,0.9845878813215613
train,20180129_Quinn _ Co. of NY LTD._Amendment_Amendment.pdf,foreign_principle_name,0.0,0.0,0.1248229,0.15955225,0.01473951542102257,0.046542916256528205
train,20180129_Quinn _ Co. of NY LTD._Amendment_Amendment.pdf,file_date,1.0,1.0,0.80055106,0.88597,0.9015624802870527,0.8910473259443384
train,20180129_Quinn _ Co. of NY LTD._Amendment_Amendment.pdf,signer_name,1.0,1.0,0.52194303,0.4844438,0.567762328998101,0.5003255247869621
train,20180129_Quinn _ Co. of NY LTD._Amendment_Amendment.pdf,signer_title,1.0,1.0,0.9315198,0.98849857,0.975839853695745,0.9829908037302268
train,"20161122_Pillsbury Winthrop Shaw Pittman, LLP_Amendment_Amendment.pdf",registration_num,0.0,0.0,0.107387826,0.06741775,0.07434231405835469,0.04085878095795557
train,"20161122_Pillsbury Winthrop Shaw Pittman, LLP_Amendment_Amendment.pdf",registrant_name,1.0,1.0,0.93712187,0.9695889,0.9488846163302922,0.9828508424788498
train,"20161122_Pillsbury Winthrop Shaw Pittman, LLP_Amendment_Amendment.pdf",foreign_principle_name,0.0,0.0,0.19890794,0.21670298,0.05491762421904918,0.048644160836808385
train,"20161122_Pillsbury Winthrop Shaw Pittman, LLP_Amendment_Amendment.pdf",file_date,1.0,1.0,0.85635823,0.9189235,0.7787962209714127,0.9649861257240339
train,"20161122_Pillsbury Winthrop Shaw Pittman, LLP_Amendment_Amendment.pdf",signer_name,1.0,1.0,0.9329828,0.93598807,0.9241913514938817,0.9349517331865858
train,"20161122_Pillsbury Winthrop Shaw Pittman, LLP_Amendment_Amendment.pdf",signer_title,1.0,1.0,0.9198618,0.9701189,0.9235761474909654,0.9586935754484006
train,"20161027_Arnold _ Porter Kaye Scholer, LLP_Amendment_Amendment.pdf",registration_num,0.0,0.0,0.10480163,0.06546247,0.06683729104151856,0.03855059417448952
train,"20161027_Arnold _ Porter Kaye Scholer, LLP_Amendment_Amendment.pdf",registrant_name,1.0,1.0,0.95118713,0.9871256,0.9148082298334186,0.9374359609926075
train,"20161027_Arnold _ Porter Kaye Scholer, LLP_Amendment_Amendment.pdf",foreign_principle_name,0.0,0.0,0.09899161,0.11723218,0.07387012364032206,0.0810768795647469
train,"20161027_Arnold _ Porter Kaye Scholer, LLP_Amendment_Amendment.pdf",file_date,1.0,1.0,0.8933428,0.96538115,0.9110700724176785,0.9161879045631771
train,"20161027_Arnold _ Porter Kaye Scholer, LLP_Amendment_Amendment.pdf",signer_name,0.0,1.0,0.83102095,0.6563765,0.8189694449427615,0.8556768091482133
train,"20161027_Arnold _ Porter Kaye Scholer, LLP_Amendment_Amendment.pdf",signer_title,0.0,0.0,0.07875117,0.051931404,0.06198288428918572,0.10330073601973173
train,"19770601_World Zionist Organization - American Section, Inc._Amendment_Amendment.pdf",registration_num,0.0,0.0,0.0791101,0.04455522,0.02711200400481159,0.011107948883001552
train,"19770601_World Zionist Organization - American Section, Inc._Amendment_Amendment.pdf",registrant_name,1.0,1.0,0.7453726,0.8007247,0.8060088928667712,0.3593719970357549
train,"19770601_World Zionist Organization - American Section, Inc._Amendment_Amendment.pdf",foreign_principle_name,1.0,1.0,0.9133283,0.9852931,0.9426188818959027,0.974583589473704
train,"19770601_World Zionist Organization - American Section, Inc._Amendment_Amendment.pdf",file_date,0.0,0.0,0.037042104,0.02862807,0.3093323105463194,0.018074455846566584
train,"19770601_World Zionist Organization - American Section, Inc._Amendment_Amendment.pdf",signer_name,1.0,1.0,0.5574825,0.56978285,0.8114536792781543,0.7811818054728425
train,"19770601_World Zionist Organization - American Section, Inc._Amendment_Amendment.pdf",signer_title,0.0,0.0,0.07985712,0.06022244,0.09145986732512766,0.02002115246646715
train,"19930401_JETRO, Los Angeles_Dissemination Report_Dissemination Report.pdf",registration_num,1.0,1.0,0.9207471,0.96884555,0.9434140560757194,0.9900532566121563
train,"19930401_JETRO, Los Angeles_Dissemination Report_Dissemination Report.pdf",registrant_name,1.0,1.0,0.9327427,0.9642332,0.8229501920846286,0.9705393444092384
train,"19930401_JETRO, Los Angeles_Dissemination Report_Dissemination Report.pdf",foreign_principle_name,0.0,0.0,0.14890014,0.13037346,0.1371109225588706,0.057402885281080535
train,"19930401_JETRO, Los Angeles_Dissemination Report_Dissemination Report.pdf",file_date,1.0,1.0,0.9380621,0.98450184,0.6891107748022934,0.9633893340385372
train,"19930401_JETRO, Los Angeles_Dissemination Report_Dissemination Report.pdf",signer_name,1.0,1.0,0.9366785,0.97230464,0.9399393288132076,0.9734111726088539
train,"19930401_JETRO, Los Angeles_Dissemination Report_Dissemination Report.pdf",signer_title,1.0,1.0,0.9559623,0.99295044,0.9640342869685794,0.9911287286521795
train,20140820_Malaysian Palm Oil Council (f-k-a American Palm Oil Council)_Amendment_Amendment.pdf,registration_num,1.0,1.0,0.9361909,0.9899998,0.9134324655009548,0.9922847300134717
train,20140820_Malaysian Palm Oil Council (f-k-a American Palm Oil Council)_Amendment_Amendment.pdf,registrant_name,1.0,1.0,0.9124327,0.96757376,0.9748523366348695,0.976932956662657
train,20140820_Malaysian Palm Oil Council (f-k-a American Palm Oil Council)_Amendment_Amendment.pdf,foreign_principle_name,1.0,1.0,0.8821576,0.96569645,0.9203096989567937,0.9669832557476692
train,20140820_Malaysian Palm Oil Council (f-k-a American Palm Oil Council)_Amendment_Amendment.pdf,file_date,1.0,1.0,0.90744007,0.9488659,0.819837658948855,0.9721886783077461
train,20140820_Malaysian Palm Oil Council (f-k-a American Palm Oil Council)_Amendment_Amendment.pdf,signer_name,1.0,1.0,0.9252571,0.9262346,0.9440033426254925,0.9747440151554253
train,20140820_Malaysian Palm Oil Council (f-k-a American Palm Oil Council)_Amendment_Amendment.pdf,signer_title,1.0,1.0,0.9217416,0.97100174,0.9427317832584916,0.9622934461149039
train,20131112_Fratelli Group_Amendment_Amendment.pdf,registration_num,0.0,0.0,0.069306575,0.044478163,0.05179593928221616,0.024480904055603513
train,20131112_Fratelli Group_Amendment_Amendment.pdf,registrant_name,1.0,1.0,0.9447082,0.97169554,0.9751897601506895,0.9749494667518666
train,20131112_Fratelli Group_Amendment_Amendment.pdf,foreign_principle_name,0.0,0.0,0.011520748,0.0155477915,0.033603400853196685,0.005563852186698475
train,20131112_Fratelli Group_Amendment_Amendment.pdf,file_date,1.0,1.0,0.8584553,0.9153633,0.8398365053941567,0.977658839538655
train,20131112_Fratelli Group_Amendment_Amendment.pdf,signer_name,1.0,1.0,0.9130066,0.9003447,0.9694733110382051,0.9929399673956625
train,20131112_Fratelli Group_Amendment_Amendment.pdf,signer_title,1.0,1.0,0.9262928,0.9822744,0.9395769489336601,0.9578878656195084
train,"19760401_Italian Government Travel Office, Chicago_Amendment_Amendment.pdf",registration_num,1.0,1.0,0.91460323,0.96369475,0.9829064782222011,0.9956995718632523
train,"19760401_Italian Government Travel Office, Chicago_Amendment_Amendment.pdf",registrant_name,1.0,1.0,0.9189533,0.95679295,0.9887833020748091,0.9937649841322364
train,"19760401_Italian Government Travel Office, Chicago_Amendment_Amendment.pdf",foreign_principle_name,1.0,1.0,0.9132339,0.98467714,0.9482056619355598,0.9795511737078613
train,"19760401_Italian Government Travel Office, Chicago_Amendment_Amendment.pdf",file_date,0.0,0.0,0.4668885,0.5054432,0.36022007485265406,0.2407661896277872
train,"19760401_Italian Government Travel Office, Chicago_Amendment_Amendment.pdf",signer_name,0.0,1.0,0.67349,0.67008364,0.9017040631806396,0.47761528327497543
train,"19760401_Italian Government Travel Office, Chicago_Amendment_Amendment.pdf",signer_title,1.0,1.0,0.92655027,0.9808453,0.9549177526559437,0.9615551383750861
train,20040126_Bermuda Tourism Authority_Amendment_Amendment.pdf,registration_num,0.0,0.0,0.06769259,0.04243488,0.054496556337373214,0.020287215864661645
train,20040126_Bermuda Tourism Authority_Amendment_Amendment.pdf,registrant_name,1.0,1.0,0.908998,0.9512021,0.9061553096247454,0.9723336527887576
train,20040126_Bermuda Tourism Authority_Amendment_Amendment.pdf,foreign_principle_name,1.0,1.0,0.91392595,0.9864337,0.9387581484291249,0.9749336588091939
train,20040126_Bermuda Tourism Authority_Amendment_Amendment.pdf,file_date,0.0,0.0,0.08203212,0.067166165,0.27611870416049183,0.04295187860491627
train,20040126_Bermuda Tourism Authority_Amendment_Amendment.pdf,signer_name,0.0,0.0,0.12608323,0.07013054,0.742586368274502,0.15495073127748124
train,20040126_Bermuda Tourism Authority_Amendment_Amendment.pdf,signer_title,1.0,1.0,0.93129015,0.98869115,0.9704880555217461,0.9827594690695585
train,"19931201_JETRO, Los Angeles_Dissemination Report_Dissemination Report.pdf",registration_num,1.0,1.0,0.9259693,0.9772506,0.9735965526364534,0.9932935079933048
train,"19931201_JETRO, Los Angeles_Dissemination Report_Dissemination Report.pdf",registrant_name,1.0,1.0,0.9275173,0.9597729,0.8873438364066325,0.9757404603235463
train,"19931201_JETRO, Los Angeles_Dissemination Report_Dissemination Report.pdf",foreign_principle_name,0.0,0.0,0.2931842,0.24336557,0.1233255775384081,0.20183644522881194
train,"19931201_JETRO, Los Angeles_Dissemination Report_Dissemination Report.pdf",file_date,1.0,1.0,0.94935864,0.9879443,0.9390774134766721,0.981684502017741
train,"19931201_JETRO, Los Angeles_Dissemination Report_Dissemination Report.pdf",signer_name,1.0,1.0,0.9230466,0.9675807,0.9546504644909001,0.9745639556812794
train,"19931201_JETRO, Los Angeles_Dissemination Report_Dissemination Report.pdf",signer_title,1.0,1.0,0.9419197,0.983967,0.9898422008960581,0.9881295896244697
train,"19821101_JETRO, Los Angeles_Amendment_Amendment.pdf",registration_num,0.0,0.0,0.070737936,0.049065206,0.05281748896756319,0.017823735615628916
train,"19821101_JETRO, Los Angeles_Amendment_Amendment.pdf",registrant_name,1.0,1.0,0.8411745,0.90940124,0.7051603867454999,0.9258326762376138
train,"19821101_JETRO, Los Angeles_Amendment_Amendment.pdf",foreign_principle_name,0.0,0.0,0.07439754,0.09824415,0.21607335888038157,0.04630940327566948
train,"19821101_JETRO, Los Angeles_Amendment_Amendment.pdf",file_date,0.0,0.0,0.16733019,0.09261181,0.07826054160585899,0.0549989952679307
train,"19821101_JETRO, Los Angeles_Amendment_Amendment.pdf",signer_name,0.0,0.0,0.19592148,0.17691262,0.34516377793649083,0.04325542206854697
train,"19821101_JETRO, Los Angeles_Amendment_Amendment.pdf",signer_title,1.0,1.0,0.56660366,0.7279445,0.8554747043529608,0.5176491722796029
train,"20120430_Chadwick, Kirsten A.-Fierce, Isakowitz, _ Blalock_Amendment_Amendment.pdf",registration_num,0.0,0.0,0.06577711,0.041978624,0.045038484824639485,0.02583377829705926
train,"20120430_Chadwick, Kirsten A.-Fierce, Isakowitz, _ Blalock_Amendment_Amendment.pdf",registrant_name,1.0,1.0,0.93828213,0.96923906,0.9514634680706565,0.9050439872084797
train,"20120430_Chadwick, Kirsten A.-Fierce, Isakowitz, _ Blalock_Amendment_Amendment.pdf",foreign_principle_name,1.0,1.0,0.91536844,0.9869502,0.9405141439812142,0.9757057557468691
train,"20120430_Chadwick, Kirsten A.-Fierce, Isakowitz, _ Blalock_Amendment_Amendment.pdf",file_date,0.0,0.0,0.8628217,0.9105975,0.8425795990747953,0.8339685011765117
train,"20120430_Chadwick, Kirsten A.-Fierce, Isakowitz, _ Blalock_Amendment_Amendment.pdf",signer_name,0.0,0.0,0.7930998,0.6558664,0.5345708739003606,0.43226568155474665
train,"20120430_Chadwick, Kirsten A.-Fierce, Isakowitz, _ Blalock_Amendment_Amendment.pdf",signer_title,1.0,1.0,0.9323944,0.98921144,0.9765059466131747,0.9833759467318212
train,20000331_Hogan Lovells US LLP_Amendment_Amendment.pdf,registration_num,0.0,0.0,0.08167506,0.049279876,0.05345533173673289,0.029500386118283515
train,20000331_Hogan Lovells US LLP_Amendment_Amendment.pdf,registrant_name,1.0,1.0,0.9344536,0.96933585,0.9294483295997296,0.9752923825834718
train,20000331_Hogan Lovells US LLP_Amendment_Amendment.pdf,foreign_principle_name,1.0,1.0,0.9143879,0.9866932,0.9330010011538917,0.9703899399184683
train,20000331_Hogan Lovells US LLP_Amendment_Amendment.pdf,file_date,0.0,0.0,0.1859822,0.107140325,0.17451206484482212,0.01675605318703721
train,20000331_Hogan Lovells US LLP_Amendment_Amendment.pdf,signer_name,0.0,0.0,0.68204683,0.55958337,0.1652782157919521,0.40186929556735074
train,20000331_Hogan Lovells US LLP_Amendment_Amendment.pdf,signer_title,1.0,1.0,0.921198,0.97471255,0.9486285896639082,0.9535678790805067
train,"20180529_Legislative Strategies, Inc._Amendment_Amendment.pdf",registration_num,0.0,0.0,0.072403654,0.04412212,0.05179593928221616,0.0223152148251984
train,"20180529_Legislative Strategies, Inc._Amendment_Amendment.pdf",registrant_name,1.0,1.0,0.9538652,0.9876467,0.9734745799559716,0.978974610783603
train,"20180529_Legislative Strategies, Inc._Amendment_Amendment.pdf",foreign_principle_name,1.0,1.0,0.9170963,0.98782384,0.9460017395608291,0.9793400468951766
train,"20180529_Legislative Strategies, Inc._Amendment_Amendment.pdf",file_date,1.0,1.0,0.7728365,0.8924103,0.7633618433010356,0.8503370345900882
train,"20180529_Legislative Strategies, Inc._Amendment_Amendment.pdf",signer_name,1.0,1.0,0.91679966,0.9279116,0.8620845068165932,0.9003688162908747
train,"20180529_Legislative Strategies, Inc._Amendment_Amendment.pdf",signer_title,1.0,1.0,0.9311501,0.98786163,0.9800008496406205,0.9848661137969319
train,"20130726_Squire Patton Boggs, LLP_Amendment_Amendment.pdf",registration_num,0.0,0.0,0.06147949,0.03950907,0.04590253145842081,0.0168082022508509
train,"20130726_Squire Patton Boggs, LLP_Amendment_Amendment.pdf",registrant_name,1.0,1.0,0.93342054,0.9575117,0.8319388313026437,0.8395270339409201
train,"20130726_Squire Patton Boggs, LLP_Amendment_Amendment.pdf",foreign_principle_name,1.0,1.0,0.87510186,0.9623871,0.8862311677000716,0.9674437702620549
train,"20130726_Squire Patton Boggs, LLP_Amendment_Amendment.pdf",file_date,1.0,1.0,0.8951367,0.94317055,0.730193618958291,0.9411391876759845
train,"20130726_Squire Patton Boggs, LLP_Amendment_Amendment.pdf",signer_name,1.0,1.0,0.88798064,0.9028183,0.9790869208750794,0.9826838042171324
train,"20130726_Squire Patton Boggs, LLP_Amendment_Amendment.pdf",signer_title,1.0,1.0,0.9213632,0.9730446,0.9235761474909654,0.9586935754484006
train,"19900401_Tourism Authority of Thailand, Los Angeles_Amendment_Amendment.pdf",registration_num,1.0,1.0,0.93198043,0.99047136,0.9754460238046316,0.9946571848669659
train,"19900401_Tourism Authority of Thailand, Los Angeles_Amendment_Amendment.pdf",registrant_name,1.0,1.0,0.92364615,0.9776413,0.9949838119037491,0.9944860672278513
train,"19900401_Tourism Authority of Thailand, Los Angeles_Amendment_Amendment.pdf",foreign_principle_name,1.0,1.0,0.9148406,0.9849165,0.911877181840391,0.9789573332044865
train,"19900401_Tourism Authority of Thailand, Los Angeles_Amendment_Amendment.pdf",file_date,0.0,0.0,0.081821546,0.05735556,0.649578806279901,0.08609771937571013
train,"19900401_Tourism Authority of Thailand, Los Angeles_Amendment_Amendment.pdf",signer_name,1.0,1.0,0.62969005,0.6776689,0.9683217044362258,0.8673767778516289
train,"19900401_Tourism Authority of Thailand, Los Angeles_Amendment_Amendment.pdf",signer_title,1.0,1.0,0.9358405,0.9904588,0.9671078147915488,0.9835009880584211
train,"20150203_Burson-Marsteller, LLC (Miami Office)_Amendment_Amendment.pdf",registration_num,1.0,1.0,0.8650094,0.9354197,0.9262635447278412,0.9476966610919046
train,"20150203_Burson-Marsteller, LLC (Miami Office)_Amendment_Amendment.pdf",registrant_name,1.0,1.0,0.93163157,0.9782858,0.9813843601336125,0.9916078997302941
train,"20150203_Burson-Marsteller, LLC (Miami Office)_Amendment_Amendment.pdf",foreign_principle_name,0.0,0.0,0.020400342,0.03190472,0.018386974034169952,0.0054817188509565015
train,"20150203_Burson-Marsteller, LLC (Miami Office)_Amendment_Amendment.pdf",file_date,1.0,1.0,0.92641175,0.9709937,0.6079545914466234,0.915793297627193
train,"20150203_Burson-Marsteller, LLC (Miami Office)_Amendment_Amendment.pdf",signer_name,1.0,1.0,0.8900927,0.9253057,0.9573023975480459,0.9291574238382386
train,"20150203_Burson-Marsteller, LLC (Miami Office)_Amendment_Amendment.pdf",signer_title,1.0,1.0,0.9115427,0.9556015,0.9322396891322026,0.9595976792464471
train,"19720801_Hong Kong Trade Development Council, Inc._Amendment_Amendment.pdf",registration_num,1.0,1.0,0.91789186,0.98044807,0.9602621980066656,0.980051570568916
train,"19720801_Hong Kong Trade Development Council, Inc._Amendment_Amendment.pdf",registrant_name,1.0,1.0,0.9277746,0.97247374,0.9588539685795305,0.975357507547738
train,"19720801_Hong Kong Trade Development Council, Inc._Amendment_Amendment.pdf",foreign_principle_name,1.0,1.0,0.91672724,0.9832045,0.8653355656323036,0.973469628753225
train,"19720801_Hong Kong Trade Development Council, Inc._Amendment_Amendment.pdf",file_date,0.0,0.0,0.39650497,0.33377033,0.15889828057775604,0.16394153772434747
train,"19720801_Hong Kong Trade Development Council, Inc._Amendment_Amendment.pdf",signer_name,0.0,0.0,0.12548198,0.07386232,0.22367661695268265,0.04339223017897803
train,"19720801_Hong Kong Trade Development Council, Inc._Amendment_Amendment.pdf",signer_title,0.0,0.0,0.092603005,0.06835656,0.10400727371285673,0.018857780964220718
train,19920601_Quebec Government Office_Dissemination Report_Dissemination Report.pdf,registration_num,1.0,1.0,0.92857534,0.9882059,0.9861561417853858,0.9940001440457318
train,19920601_Quebec Government Office_Dissemination Report_Dissemination Report.pdf,registrant_name,1.0,1.0,0.89180815,0.9518773,0.9208565323575717,0.9322821468711002
train,19920601_Quebec Government Office_Dissemination Report_Dissemination Report.pdf,foreign_principle_name,0.0,0.0,0.096505836,0.107637264,0.06961821735108045,0.050673294872924726
train,19920601_Quebec Government Office_Dissemination Report_Dissemination Report.pdf,file_date,1.0,1.0,0.06578821,0.047920007,0.428843854261553,0.5739975479735988
train,19920601_Quebec Government Office_Dissemination Report_Dissemination Report.pdf,signer_name,0.0,0.0,0.7442959,0.737234,0.35693953149629526,0.7880552810142648
train,19920601_Quebec Government Office_Dissemination Report_Dissemination Report.pdf,signer_title,0.0,0.0,0.03853233,0.033281118,0.27106957919208124,0.14585740920468018
train,19720401_Monaco Government Tourist Office_Amendment_Amendment.pdf,registration_num,1.0,1.0,0.927049,0.983044,0.954416644734549,0.9317971041198839
train,19720401_Monaco Government Tourist Office_Amendment_Amendment.pdf,registrant_name,1.0,1.0,0.92236567,0.94486344,0.9791589271489978,0.9938966542278299
train,19720401_Monaco Government Tourist Office_Amendment_Amendment.pdf,foreign_principle_name,1.0,1.0,0.863139,0.95583075,0.9264139121494572,0.9667450104387793
train,19720401_Monaco Government Tourist Office_Amendment_Amendment.pdf,file_date,0.0,0.0,0.039254036,0.032295194,0.10054028776746768,0.10148621625654072
train,19720401_Monaco Government Tourist Office_Amendment_Amendment.pdf,signer_name,0.0,0.0,0.2180849,0.11714251,0.39560524767091054,0.12581679385192235
train,19720401_Monaco Government Tourist Office_Amendment_Amendment.pdf,signer_title,0.0,0.0,0.1006511,0.06572622,0.15292367659893194,0.07343409148918072
train,"20140618_Hecht, Latham, Spencer _ Associates, Inc._Amendment_Amendment.pdf",registration_num,1.0,1.0,0.8929685,0.95571166,0.9180057438181859,0.9314573354719284
train,"20140618_Hecht, Latham, Spencer _ Associates, Inc._Amendment_Amendment.pdf",registrant_name,1.0,1.0,0.9409049,0.9836649,0.9811844384747931,0.9937162583580726
train,"20140618_Hecht, Latham, Spencer _ Associates, Inc._Amendment_Amendment.pdf",foreign_principle_name,1.0,1.0,0.646342,0.80192536,0.9316466948138883,0.8581831366621698
train,"20140618_Hecht, Latham, Spencer _ Associates, Inc._Amendment_Amendment.pdf",file_date,1.0,1.0,0.8974743,0.94367343,0.9156585115634397,0.8908596402771196
train,"20140618_Hecht, Latham, Spencer _ Associates, Inc._Amendment_Amendment.pdf",signer_name,1.0,1.0,0.9240081,0.882479,0.9030016715366183,0.9521501829556971
train,"20140618_Hecht, Latham, Spencer _ Associates, Inc._Amendment_Amendment.pdf",signer_title,1.0,1.0,0.93038,0.9874856,0.9792538167431201,0.981589382246757
train,"19911001_JETRO, Los Angeles_Dissemination Report_Dissemination Report.pdf",registration_num,1.0,1.0,0.9383237,0.98356324,0.9836996869580715,0.9955748952576212
train,"19911001_JETRO, Los Angeles_Dissemination Report_Dissemination Report.pdf",registrant_name,1.0,1.0,0.9453076,0.98330414,0.978190394420189,0.98353319802835
train,"19911001_JETRO, Los Angeles_Dissemination Report_Dissemination Report.pdf",foreign_principle_name,0.0,0.0,0.3066909,0.25244382,0.14919924443277197,0.2083090222717399
train,"19911001_JETRO, Los Angeles_Dissemination Report_Dissemination Report.pdf",file_date,1.0,1.0,0.92392683,0.9704069,0.9390774134766721,0.9667530355193416
train,"19911001_JETRO, Los Angeles_Dissemination Report_Dissemination Report.pdf",signer_name,1.0,1.0,0.93624437,0.9774661,0.8982756234007087,0.9350906737234796
train,"19911001_JETRO, Los Angeles_Dissemination Report_Dissemination Report.pdf",signer_title,1.0,1.0,0.95454705,0.9922805,0.9847623146647011,0.9951348410138243
train,"19650501_Italian Government Tourist Board, New York_Amendment_Amendment.pdf",registration_num,0.0,0.0,0.049191266,0.0639947,0.027338294868013372,0.009945799130786895
train,"19650501_Italian Government Tourist Board, New York_Amendment_Amendment.pdf",registrant_name,0.0,0.0,0.76144904,0.7450231,0.9003635710211807,0.7663949666587809
train,"19650501_Italian Government Tourist Board, New York_Amendment_Amendment.pdf",foreign_principle_name,0.0,0.0,0.02663358,0.04779398,0.03084386413356301,0.10962543729218427
train,"19650501_Italian Government Tourist Board, New York_Amendment_Amendment.pdf",file_date,0.0,0.0,0.062137198,0.048520204,0.40322876411845304,0.03234408210560808
train,"19650501_Italian Government Tourist Board, New York_Amendment_Amendment.pdf",signer_name,0.0,0.0,0.1563913,0.091085576,0.14626167922256833,0.11567085631639182
train,"19650501_Italian Government Tourist Board, New York_Amendment_Amendment.pdf",signer_title,0.0,0.0,0.16444002,0.10502849,0.23967362578535653,0.12880486374757513
train,"20170828_Karv Communications, Inc._Amendment_Amendment.pdf",registration_num,0.0,0.0,0.09344926,0.056276273,0.04410304284895627,0.024315711778037576
train,"20170828_Karv Communications, Inc._Amendment_Amendment.pdf",registrant_name,1.0,1.0,0.94509685,0.97237474,0.9760930973565392,0.9845844469965056
train,"20170828_Karv Communications, Inc._Amendment_Amendment.pdf",foreign_principle_name,1.0,1.0,0.9165579,0.9877695,0.9355971620587606,0.9738282489194697
train,"20170828_Karv Communications, Inc._Amendment_Amendment.pdf",file_date,1.0,1.0,0.94293165,0.98969877,0.9378969700867033,0.9869687685324172
train,"20170828_Karv Communications, Inc._Amendment_Amendment.pdf",signer_name,0.0,0.0,0.36884648,0.2157108,0.03372328540827709,0.029616109958423762
train,"20170828_Karv Communications, Inc._Amendment_Amendment.pdf",signer_title,1.0,1.0,0.93208915,0.989,0.9743321706667406,0.9833759467318212
train,"20100812_Hill and Knowlton Strategies, LLC_Amendment_Amendment.pdf",registration_num,0.0,0.0,0.07748605,0.04859101,0.04167223135895266,0.02161637315895596
train,"20100812_Hill and Knowlton Strategies, LLC_Amendment_Amendment.pdf",registrant_name,1.0,1.0,0.93773335,0.9801405,0.9545086010134127,0.9852945630717171
train,"20100812_Hill and Knowlton Strategies, LLC_Amendment_Amendment.pdf",foreign_principle_name,0.0,0.0,0.07182337,0.09195577,0.02295310472677306,0.1239641754109166
train,"20100812_Hill and Knowlton Strategies, LLC_Amendment_Amendment.pdf",file_date,0.0,0.0,0.08123268,0.06706037,0.1600383521297139,0.05380619658261517
train,"20100812_Hill and Knowlton Strategies, LLC_Amendment_Amendment.pdf",signer_name,1.0,1.0,0.69429153,0.63869625,0.8776599508236118,0.8496766001357455
train,"20100812_Hill and Knowlton Strategies, LLC_Amendment_Amendment.pdf",signer_title,1.0,1.0,0.93311423,0.9893942,0.9726783398806821,0.9881255221232239
train,19830801_British Virgin Islands Tourist Board_Amendment_Amendment.pdf,registration_num,1.0,1.0,0.9408537,0.9891055,0.9812000689982674,0.9773304942093707
train,19830801_British Virgin Islands Tourist Board_Amendment_Amendment.pdf,registrant_name,1.0,1.0,0.6681074,0.5761402,0.8213499428638499,0.8112300974208201
train,19830801_British Virgin Islands Tourist Board_Amendment_Amendment.pdf,foreign_principle_name,1.0,1.0,0.91130555,0.9833967,0.9506063348280075,0.9781005051024084
train,19830801_British Virgin Islands Tourist Board_Amendment_Amendment.pdf,file_date,0.0,0.0,0.21280155,0.17823756,0.8662440655475508,0.09112891575130083
train,19830801_British Virgin Islands Tourist Board_Amendment_Amendment.pdf,signer_name,0.0,0.0,0.20939203,0.119194075,0.6265685601861516,0.05215165377571851
train,19830801_British Virgin Islands Tourist Board_Amendment_Amendment.pdf,signer_title,0.0,0.0,0.08431909,0.0658699,0.29830888265524486,0.03001740330869558
train,20050725_Fukuoka Center for Overseas Commerce in America_Amendment_Amendment.pdf,registration_num,0.0,0.0,0.08126919,0.054800414,0.042981899577303126,0.023160094807348063
train,20050725_Fukuoka Center for Overseas Commerce in America_Amendment_Amendment.pdf,registrant_name,1.0,1.0,0.91055477,0.94241494,0.9122802308279483,0.9393722947879771
train,20050725_Fukuoka Center for Overseas Commerce in America_Amendment_Amendment.pdf,foreign_principle_name,1.0,1.0,0.9105077,0.9839964,0.9588929551339516,0.9705482354301195
train,20050725_Fukuoka Center for Overseas Commerce in America_Amendment_Amendment.pdf,file_date,0.0,0.0,0.09205719,0.13171355,0.21772894455762487,0.04107220632672183
train,20050725_Fukuoka Center for Overseas Commerce in America_Amendment_Amendment.pdf,signer_name,1.0,1.0,0.79411316,0.7981287,0.7459260283353928,0.8434548177984837
train,20050725_Fukuoka Center for Overseas Commerce in America_Amendment_Amendment.pdf,signer_title,1.0,1.0,0.92469424,0.98047864,0.9380303277234309,0.9466824531258899
train,20070928_Hogan Lovells US LLP_Amendment_Amendment.pdf,registration_num,1.0,1.0,0.92814577,0.9899821,0.9568758816204025,0.992892165803854
train,20070928_Hogan Lovells US LLP_Amendment_Amendment.pdf,registrant_name,1.0,1.0,0.9407574,0.98167896,0.9417510422579634,0.9786603838096637
train,20070928_Hogan Lovells US LLP_Amendment_Amendment.pdf,foreign_principle_name,0.0,0.0,0.14947714,0.14230429,0.07445257986282813,0.018773076377716368
train,20070928_Hogan Lovells US LLP_Amendment_Amendment.pdf,file_date,1.0,1.0,0.61726344,0.5613445,0.48486700232566055,0.8240058969183245
train,20070928_Hogan Lovells US LLP_Amendment_Amendment.pdf,signer_name,1.0,1.0,0.82851636,0.81485635,0.7721772703654409,0.8825474352223942
train,20070928_Hogan Lovells US LLP_Amendment_Amendment.pdf,signer_title,0.0,0.0,0.074236944,0.056697976,0.04455091745495343,0.05601941966169865
train,"20140530_Venable, LLP_Amendment_Amendment.pdf",registration_num,1.0,1.0,0.93922246,0.9766553,0.9699236070991573,0.9657160643968973
train,"20140530_Venable, LLP_Amendment_Amendment.pdf",registrant_name,1.0,1.0,0.8606455,0.86599857,0.7287705055943146,0.6449025591561601
train,"20140530_Venable, LLP_Amendment_Amendment.pdf",foreign_principle_name,0.0,0.0,0.18561563,0.17162798,0.12541682474170665,0.22188849936911234
train,"20140530_Venable, LLP_Amendment_Amendment.pdf",file_date,0.0,0.0,0.5590686,0.5604569,0.8272639422013147,0.5560840175928234
train,"20140530_Venable, LLP_Amendment_Amendment.pdf",signer_name,0.0,0.0,0.09223865,0.057781897,0.11221973201868202,0.07281205406996673
train,"20140530_Venable, LLP_Amendment_Amendment.pdf",signer_title,0.0,0.0,0.011626295,0.021818826,0.01827796577811457,0.08317425408363649
train,20141218_Fratelli Group_Amendment_Amendment.pdf,registration_num,0.0,0.0,0.06562208,0.042027913,0.045038484824639485,0.02583377829705926
train,20141218_Fratelli Group_Amendment_Amendment.pdf,registrant_name,1.0,1.0,0.9430872,0.9675148,0.9626476083216444,0.9752954729519958
train,20141218_Fratelli Group_Amendment_Amendment.pdf,foreign_principle_name,0.0,0.0,0.024854891,0.030372191,0.03874402287035718,0.005249000472800373
train,20141218_Fratelli Group_Amendment_Amendment.pdf,file_date,1.0,1.0,0.90991557,0.9571514,0.8038164742649796,0.9786610000482833
train,20141218_Fratelli Group_Amendment_Amendment.pdf,signer_name,1.0,1.0,0.91074145,0.89759177,0.9694733110382051,0.9898574393999797
train,20141218_Fratelli Group_Amendment_Amendment.pdf,signer_title,1.0,1.0,0.91362035,0.9582672,0.9322396891322026,0.9595976792464471
train,19930101_Kobe Trade Information Office_Dissemination Report_Dissemination Report.pdf,registration_num,1.0,1.0,0.94298106,0.9860774,0.9820603397313336,0.9779708651612334
train,19930101_Kobe Trade Information Office_Dissemination Report_Dissemination Report.pdf,registrant_name,1.0,1.0,0.93393743,0.9690129,0.9274297334018746,0.9413028738920801
train,19930101_Kobe Trade Information Office_Dissemination Report_Dissemination Report.pdf,foreign_principle_name,0.0,0.0,0.32248592,0.22902398,0.21415038825697194,0.33611574854436893
train,19930101_Kobe Trade Information Office_Dissemination Report_Dissemination Report.pdf,file_date,1.0,1.0,0.9353582,0.98324376,0.8467843995699872,0.9711153133852604
train,19930101_Kobe Trade Information Office_Dissemination Report_Dissemination Report.pdf,signer_name,1.0,1.0,0.92868835,0.9751495,0.9695441236381726,0.9573978774031867
train,19930101_Kobe Trade Information Office_Dissemination Report_Dissemination Report.pdf,signer_title,1.0,1.0,0.95187885,0.9874403,0.9198897655482331,0.9661013095467554
train,"20110317_Daniel J. Edelman, Inc._Amendment_Amendment.pdf",registration_num,0.0,0.0,0.07191916,0.04489841,0.05477619247746237,0.024480904055603513
train,"20110317_Daniel J. Edelman, Inc._Amendment_Amendment.pdf",registrant_name,1.0,1.0,0.9495314,0.9858893,0.9887073858826201,0.9933183435082045
train,"20110317_Daniel J. Edelman, Inc._Amendment_Amendment.pdf",foreign_principle_name,1.0,1.0,0.90655917,0.9814906,0.9490990790640436,0.9736518362951198
train,"20110317_Daniel J. Edelman, Inc._Amendment_Amendment.pdf",file_date,0.0,0.0,0.2690495,0.26787338,0.31314210654485464,0.029623080267579094
train,"20110317_Daniel J. Edelman, Inc._Amendment_Amendment.pdf",signer_name,1.0,1.0,0.9014982,0.8796903,0.9527514171321642,0.9709637268102077
train,"20110317_Daniel J. Edelman, Inc._Amendment_Amendment.pdf",signer_title,1.0,1.0,0.9323362,0.98938704,0.9706457529270366,0.9822280082424308
train,"19920901_JETRO, Houston_Dissemination Report_Dissemination Report.pdf",registration_num,1.0,1.0,0.9483346,0.9901761,0.9804056231426553,0.9879722826065284
train,"19920901_JETRO, Houston_Dissemination Report_Dissemination Report.pdf",registrant_name,1.0,1.0,0.91016567,0.92843664,0.9376109502765626,0.9330528547385488
train,"19920901_JETRO, Houston_Dissemination Report_Dissemination Report.pdf",foreign_principle_name,0.0,0.0,0.17834537,0.1589641,0.3796975129592433,0.08763325417649052
train,"19920901_JETRO, Houston_Dissemination Report_Dissemination Report.pdf",file_date,1.0,1.0,0.9435814,0.98527926,0.9034334182893414,0.9800376685465211
train,"19920901_JETRO, Houston_Dissemination Report_Dissemination Report.pdf",signer_name,1.0,1.0,0.9371813,0.9651114,0.9397527618076001,0.9580326873943361
train,"19920901_JETRO, Houston_Dissemination Report_Dissemination Report.pdf",signer_title,1.0,1.0,0.9555699,0.9916377,0.9769890335126767,0.9867363940525378
train,"20180124_Nickles Group, LLC_Amendment_Amendment.pdf",registration_num,0.0,0.0,0.07909175,0.051865585,0.05032914908967195,0.02340645177343388
train,"20180124_Nickles Group, LLC_Amendment_Amendment.pdf",registrant_name,1.0,1.0,0.93632317,0.97482604,0.9436667338986812,0.968973041107589
train,"20180124_Nickles Group, LLC_Amendment_Amendment.pdf",foreign_principle_name,0.0,0.0,0.2077122,0.22042021,0.3748656570198,0.14836824553638459
train,"20180124_Nickles Group, LLC_Amendment_Amendment.pdf",file_date,1.0,1.0,0.8799906,0.94163835,0.7862043115495666,0.9689534137026216
train,"20180124_Nickles Group, LLC_Amendment_Amendment.pdf",signer_name,1.0,1.0,0.9235176,0.9424117,0.957582758656042,0.988761671815938
train,"20180124_Nickles Group, LLC_Amendment_Amendment.pdf",signer_title,1.0,1.0,0.92899865,0.98625124,0.9645179035810325,0.9713357279156188
train,"19950405_JETRO, Los Angeles_Dissemination Report_Dissemination Report.pdf",registration_num,1.0,1.0,0.9190685,0.96469223,0.9094357629392352,0.9733569084107072
train,"19950405_JETRO, Los Angeles_Dissemination Report_Dissemination Report.pdf",registrant_name,1.0,1.0,0.9302985,0.9566655,0.7746372900215616,0.9646467121617637
train,"19950405_JETRO, Los Angeles_Dissemination Report_Dissemination Report.pdf",foreign_principle_name,0.0,0.0,0.12109096,0.11209881,0.10305299480699802,0.05849693053562752
train,"19950405_JETRO, Los Angeles_Dissemination Report_Dissemination Report.pdf",file_date,0.0,0.0,0.05159524,0.03515102,0.22903342678597996,0.09271804261229885
train,"19950405_JETRO, Los Angeles_Dissemination Report_Dissemination Report.pdf",signer_name,1.0,1.0,0.9399123,0.96197796,0.8906687522343718,0.8930150567195039
train,"19950405_JETRO, Los Angeles_Dissemination Report_Dissemination Report.pdf",signer_title,1.0,1.0,0.95103204,0.98665935,0.983663109271358,0.9944478228942809
train,"19930101_International Registries, Inc._Dissemination Report_Dissemination Report.pdf",registration_num,1.0,1.0,0.9383079,0.9813553,0.9743805731733597,0.9938940235529073
train,"19930101_International Registries, Inc._Dissemination Report_Dissemination Report.pdf",registrant_name,1.0,1.0,0.9499175,0.98739415,0.9826043095728408,0.9894813718056746
train,"19930101_International Registries, Inc._Dissemination Report_Dissemination Report.pdf",foreign_principle_name,0.0,0.0,0.35288596,0.23452608,0.21410464475406657,0.024993097779648893
train,"19930101_International Registries, Inc._Dissemination Report_Dissemination Report.pdf",file_date,1.0,1.0,0.2087864,0.20084205,0.5224771828156755,0.6117442052943607
train,"19930101_International Registries, Inc._Dissemination Report_Dissemination Report.pdf",signer_name,0.0,0.0,0.88299495,0.8231681,0.8338499734851418,0.8157590687399066
train,"19930101_International Registries, Inc._Dissemination Report_Dissemination Report.pdf",signer_title,0.0,0.0,0.9256567,0.9106108,0.9149080569199775,0.788836844155395
train,19650405_Switzerland Tourism_Amendment_Amendment.pdf,registration_num,0.0,0.0,0.04605348,0.062891565,0.027338294868013372,0.011084647381298036
train,19650405_Switzerland Tourism_Amendment_Amendment.pdf,registrant_name,1.0,1.0,0.71868414,0.75993216,0.7766102397674938,0.6286274702772817
train,19650405_Switzerland Tourism_Amendment_Amendment.pdf,foreign_principle_name,0.0,0.0,0.1938174,0.209358,0.048858396492251766,0.069710569276388
train,19650405_Switzerland Tourism_Amendment_Amendment.pdf,file_date,0.0,0.0,0.112373635,0.07195425,0.40322876411845304,0.03234408210560808
train,19650405_Switzerland Tourism_Amendment_Amendment.pdf,signer_name,1.0,1.0,0.6904551,0.89165133,0.45559091778592187,0.43314852999216724
train,19650405_Switzerland Tourism_Amendment_Amendment.pdf,signer_title,1.0,1.0,0.9217025,0.9590028,0.9143286400973806,0.9628250419163237
train,"19901201_JETRO, San Francisco_Dissemination Report_Dissemination Report.pdf",registration_num,0.0,0.0,0.24565902,0.3443495,0.0749377778313147,0.14196057739610657
train,"19901201_JETRO, San Francisco_Dissemination Report_Dissemination Report.pdf",registrant_name,1.0,1.0,0.6013684,0.59723634,0.7721034614879002,0.6006374610671903
train,"19901201_JETRO, San Francisco_Dissemination Report_Dissemination Report.pdf",foreign_principle_name,0.0,0.0,0.09430487,0.10074389,0.2517549067406776,0.04435986298671752
train,"19901201_JETRO, San Francisco_Dissemination Report_Dissemination Report.pdf",file_date,0.0,0.0,0.16397645,0.12067594,0.6036825358606098,0.12249027689051606
train,"19901201_JETRO, San Francisco_Dissemination Report_Dissemination Report.pdf",signer_name,1.0,1.0,0.93195325,0.96802986,0.962274575806251,0.9864338618126653
train,"19901201_JETRO, San Francisco_Dissemination Report_Dissemination Report.pdf",signer_title,1.0,1.0,0.95567274,0.9880104,0.992863069795189,0.968182995121659
train,"19950710_Far East Trade Services, Inc._Dissemination Report_Dissemination Report.pdf",registration_num,1.0,1.0,0.92556465,0.98728734,0.9812000689982674,0.9954609145362088
train,"19950710_Far East Trade Services, Inc._Dissemination Report_Dissemination Report.pdf",registrant_name,1.0,1.0,0.9495286,0.9885915,0.993262383215525,0.9943721309387923
train,"19950710_Far East Trade Services, Inc._Dissemination Report_Dissemination Report.pdf",foreign_principle_name,0.0,0.0,0.12187328,0.10770403,0.1648500728423316,0.20462660881700945
train,"19950710_Far East Trade Services, Inc._Dissemination Report_Dissemination Report.pdf",file_date,1.0,1.0,0.93437546,0.97171336,0.93677982702141,0.9817671129695822
train,"19950710_Far East Trade Services, Inc._Dissemination Report_Dissemination Report.pdf",signer_name,1.0,1.0,0.8756145,0.8884881,0.8722247792866661,0.9346862680055196
train,"19950710_Far East Trade Services, Inc._Dissemination Report_Dissemination Report.pdf",signer_title,1.0,1.0,0.9304904,0.97408545,0.9335308872780972,0.9586583463592452
train,"20140530_Picard Kentz _ Rowe, LLP_Amendment_Amendment.pdf",registration_num,0.0,0.0,0.097553365,0.060459804,0.04410304284895627,0.024315711778037576
train,"20140530_Picard Kentz _ Rowe, LLP_Amendment_Amendment.pdf",registrant_name,1.0,1.0,0.9277598,0.9661001,0.9101943797339933,0.9460689251239399
train,"20140530_Picard Kentz _ Rowe, LLP_Amendment_Amendment.pdf",foreign_principle_name,1.0,1.0,0.89012414,0.97151357,0.9092828571324413,0.9640344505267575
train,"20140530_Picard Kentz _ Rowe, LLP_Amendment_Amendment.pdf",file_date,1.0,1.0,0.828724,0.88857764,0.8946913442642588,0.8788959342131669
train,"20140530_Picard Kentz _ Rowe, LLP_Amendment_Amendment.pdf",signer_name,1.0,1.0,0.863665,0.8318707,0.7334575659629976,0.9661192462935058
train,"20140530_Picard Kentz _ Rowe, LLP_Amendment_Amendment.pdf",signer_title,1.0,1.0,0.93061274,0.9877976,0.9781805018358498,0.981589382246757
train,"20090803_Picard Kentz _ Rowe, LLP_Amendment_Amendment.pdf",registration_num,1.0,1.0,0.9313941,0.98883456,0.9717381385948649,0.9927986735673999
train,"20090803_Picard Kentz _ Rowe, LLP_Amendment_Amendment.pdf",registrant_name,1.0,1.0,0.93764955,0.97969407,0.9209501788631866,0.9373586474468582
train,"20090803_Picard Kentz _ Rowe, LLP_Amendment_Amendment.pdf",foreign_principle_name,1.0,1.0,0.50521404,0.5865819,0.9041169689214795,0.8437147021277607
train,"20090803_Picard Kentz _ Rowe, LLP_Amendment_Amendment.pdf",file_date,0.0,0.0,0.118943736,0.124298595,0.006328732061950591,0.0038310588062767706
train,"20090803_Picard Kentz _ Rowe, LLP_Amendment_Amendment.pdf",signer_name,1.0,1.0,0.79805744,0.7615119,0.6101496227613571,0.8381883584328705
train,"20090803_Picard Kentz _ Rowe, LLP_Amendment_Amendment.pdf",signer_title,1.0,1.0,0.91670525,0.9651818,0.9484815534064281,0.9604765707957225
train,19930701_Hogan Lovells US LLP_Dissemination Report_Dissemination Report.pdf,registration_num,0.0,0.0,0.048671465,0.04180383,0.046241685890555585,0.013884670676919411
train,19930701_Hogan Lovells US LLP_Dissemination Report_Dissemination Report.pdf,registrant_name,1.0,1.0,0.9039191,0.9586977,0.9385769655562511,0.9080905230238454
train,19930701_Hogan Lovells US LLP_Dissemination Report_Dissemination Report.pdf,foreign_principle_name,0.0,0.0,0.20138326,0.17847995,0.11850427607883507,0.15423231922213748
train,19930701_Hogan Lovells US LLP_Dissemination Report_Dissemination Report.pdf,file_date,1.0,1.0,0.92669564,0.9787882,0.6916815208931048,0.9818270510458681
train,19930701_Hogan Lovells US LLP_Dissemination Report_Dissemination Report.pdf,signer_name,1.0,1.0,0.91103905,0.88526714,0.9629875709209493,0.9685388068162257
train,19930701_Hogan Lovells US LLP_Dissemination Report_Dissemination Report.pdf,signer_title,1.0,1.0,0.8872355,0.8982376,0.5193902475901889,0.8262561920346524
train,"19990820_Foley Hoag, LLP_Amendment_Amendment.pdf",registration_num,0.0,0.0,0.084208414,0.049357012,0.033727124904553436,0.023160094807348063
train,"19990820_Foley Hoag, LLP_Amendment_Amendment.pdf",registrant_name,1.0,1.0,0.9157275,0.9552857,0.9293454552872714,0.9551679794521258
train,"19990820_Foley Hoag, LLP_Amendment_Amendment.pdf",foreign_principle_name,0.0,0.0,0.047858432,0.044157036,0.03902872441168528,0.008859670546806982
train,"19990820_Foley Hoag, LLP_Amendment_Amendment.pdf",file_date,0.0,0.0,0.06960153,0.046917494,0.04313874300538168,0.006104416435189332
train,"19990820_Foley Hoag, LLP_Amendment_Amendment.pdf",signer_name,1.0,1.0,0.9281759,0.91498595,0.9651165778734005,0.9524551557114607
train,"19990820_Foley Hoag, LLP_Amendment_Amendment.pdf",signer_title,1.0,1.0,0.92296153,0.9776885,0.9456139893659212,0.9516541495845154
train,"19940914_JETRO, Los Angeles_Dissemination Report_Dissemination Report.pdf",registration_num,1.0,1.0,0.9356365,0.9816741,0.965226048990588,0.9894484015352158
train,"19940914_JETRO, Los Angeles_Dissemination Report_Dissemination Report.pdf",registrant_name,1.0,1.0,0.93509865,0.9659343,0.8543153968934656,0.9732810381423548
train,"19940914_JETRO, Los Angeles_Dissemination Report_Dissemination Report.pdf",foreign_principle_name,0.0,0.0,0.12120745,0.111992255,0.1097627498784474,0.05849693053562752
train,"19940914_JETRO, Los Angeles_Dissemination Report_Dissemination Report.pdf",file_date,1.0,1.0,0.91829,0.92631847,0.4630121028338252,0.7838932684462319
train,"19940914_JETRO, Los Angeles_Dissemination Report_Dissemination Report.pdf",signer_name,1.0,1.0,0.9060364,0.91232026,0.9490114905979686,0.9770562451059446
train,"19940914_JETRO, Los Angeles_Dissemination Report_Dissemination Report.pdf",signer_title,1.0,1.0,0.95132077,0.9871265,0.983663109271358,0.9944478228942809
train,"19940101_Arnold _ Porter Kaye Scholer, LLP_Dissemination Report_Dissemination Report.pdf",registration_num,1.0,1.0,0.9336382,0.9816702,0.9745341850319398,0.9934865541063213
train,"19940101_Arnold _ Porter Kaye Scholer, LLP_Dissemination Report_Dissemination Report.pdf",registrant_name,1.0,1.0,0.93931735,0.9844349,0.9105013184316983,0.984254466771612
train,"19940101_Arnold _ Porter Kaye Scholer, LLP_Dissemination Report_Dissemination Report.pdf",foreign_principle_name,1.0,1.0,0.37623915,0.3368618,0.21552049885494176,0.5767270788325609
train,"19940101_Arnold _ Porter Kaye Scholer, LLP_Dissemination Report_Dissemination Report.pdf",file_date,1.0,1.0,0.8656357,0.86912745,0.6523576290380588,0.884308305101957
train,"19940101_Arnold _ Porter Kaye Scholer, LLP_Dissemination Report_Dissemination Report.pdf",signer_name,1.0,1.0,0.9190553,0.9717776,0.9800605671617265,0.9699717636088004
train,"19940101_Arnold _ Porter Kaye Scholer, LLP_Dissemination Report_Dissemination Report.pdf",signer_title,1.0,1.0,0.93569833,0.9745196,0.864170289133868,0.9408899367760457
train,"20180301_Mercury Public Affairs, LLC_Amendment_Amendment.pdf",registration_num,1.0,1.0,0.9062327,0.9716035,0.9691471821228196,0.9785601289785457
train,"20180301_Mercury Public Affairs, LLC_Amendment_Amendment.pdf",registrant_name,1.0,1.0,0.9047168,0.9620433,0.9893709459648478,0.9900357599994077
train,"20180301_Mercury Public Affairs, LLC_Amendment_Amendment.pdf",foreign_principle_name,0.0,0.0,0.1386827,0.16081241,0.11825574586610171,0.14654957192127724
train,"20180301_Mercury Public Affairs, LLC_Amendment_Amendment.pdf",file_date,1.0,1.0,0.89330405,0.94554424,0.81771889867054,0.9660183810629498
train,"20180301_Mercury Public Affairs, LLC_Amendment_Amendment.pdf",signer_name,1.0,1.0,0.9248525,0.92386496,0.9694733110382051,0.9929399673956625
train,"20180301_Mercury Public Affairs, LLC_Amendment_Amendment.pdf",signer_title,0.0,0.0,0.010328901,0.01409868,0.013997957909086605,0.012637232479073003
train,"19930901_JETRO, Chicago_Dissemination Report_Dissemination Report.pdf",registration_num,1.0,1.0,0.9316009,0.978444,0.9749459342491578,0.9950041350317491
train,"19930901_JETRO, Chicago_Dissemination Report_Dissemination Report.pdf",registrant_name,1.0,1.0,0.88195,0.92447853,0.7129622487618622,0.9256558822409611
train,"19930901_JETRO, Chicago_Dissemination Report_Dissemination Report.pdf",foreign_principle_name,0.0,0.0,0.08241995,0.09499856,0.020504881888995644,0.04405427508873972
train,"19930901_JETRO, Chicago_Dissemination Report_Dissemination Report.pdf",file_date,0.0,0.0,0.12360881,0.0695629,0.24022095157838377,0.3120301646292594
train,"19930901_JETRO, Chicago_Dissemination Report_Dissemination Report.pdf",signer_name,1.0,1.0,0.78904635,0.7523201,0.5245423589305402,0.6724988086059551
train,"19930901_JETRO, Chicago_Dissemination Report_Dissemination Report.pdf",signer_title,1.0,1.0,0.9427416,0.9790503,0.9800403340941319,0.9503057574814648
train,19910401_Quebec Government Office_Dissemination Report_Dissemination Report.pdf,registration_num,0.0,0.0,0.0913855,0.071243025,0.10149625734459643,0.026403314523472752
train,19910401_Quebec Government Office_Dissemination Report_Dissemination Report.pdf,registrant_name,1.0,1.0,0.9143254,0.95689183,0.8940362261343254,0.9238407635966346
train,19910401_Quebec Government Office_Dissemination Report_Dissemination Report.pdf,foreign_principle_name,0.0,0.0,0.09361161,0.10373695,0.06204813339841448,0.04057102182555207
train,19910401_Quebec Government Office_Dissemination Report_Dissemination Report.pdf,file_date,1.0,1.0,0.9472699,0.9898163,0.9521634226093215,0.965286544127698
train,19910401_Quebec Government Office_Dissemination Report_Dissemination Report.pdf,signer_name,1.0,1.0,0.9355013,0.9686615,0.8873377028038287,0.8841315594165947
train,19910401_Quebec Government Office_Dissemination Report_Dissemination Report.pdf,signer_title,1.0,1.0,0.92692614,0.9564371,0.9406913839980401,0.9463940373282809
train,"19760301_Italian Government Tourist Board, New York_Amendment_Amendment.pdf",registration_num,1.0,1.0,0.75964147,0.8331774,0.7543057338205169,0.891068177569853
train,"19760301_Italian Government Tourist Board, New York_Amendment_Amendment.pdf",registrant_name,0.0,0.0,0.6445375,0.63962257,0.8657487611841216,0.688692432942512
train,"19760301_Italian Government Tourist Board, New York_Amendment_Amendment.pdf",foreign_principle_name,1.0,1.0,0.8249136,0.92738104,0.817073024037997,0.9330589324731755
train,"19760301_Italian Government Tourist Board, New York_Amendment_Amendment.pdf",file_date,0.0,0.0,0.046882235,0.03634014,0.3158884455121681,0.1070529978542915
train,"19760301_Italian Government Tourist Board, New York_Amendment_Amendment.pdf",signer_name,0.0,0.0,0.42070827,0.3712265,0.7168266788539301,0.5462207014342706
train,"19760301_Italian Government Tourist Board, New York_Amendment_Amendment.pdf",signer_title,1.0,1.0,0.39533776,0.49603516,0.8981939553728613,0.6117506573228271
train,"20180514_theGroup DC, LLC_Amendment_Amendment.pdf",registration_num,0.0,0.0,0.080490515,0.04847001,0.05179593928221616,0.0223152148251984
train,"20180514_theGroup DC, LLC_Amendment_Amendment.pdf",registrant_name,0.0,1.0,0.9164971,0.9605095,0.6225372897756305,0.801909798600435
train,"20180514_theGroup DC, LLC_Amendment_Amendment.pdf",foreign_principle_name,0.0,0.0,0.19893637,0.15680407,0.11502435019644289,0.0673292521428647
train,"20180514_theGroup DC, LLC_Amendment_Amendment.pdf",file_date,1.0,1.0,0.5007477,0.5206467,0.7476959577403648,0.7651351195669157
train,"20180514_theGroup DC, LLC_Amendment_Amendment.pdf",signer_name,1.0,1.0,0.91181487,0.8877249,0.9717546080330374,0.9938416292943998
train,"20180514_theGroup DC, LLC_Amendment_Amendment.pdf",signer_title,1.0,1.0,0.92827445,0.98465693,0.9548434868786047,0.9719235180742478
train,19710401_Netherlands Board of Tourism and Conventions (NBTC)_Amendment_Amendment.pdf,registration_num,1.0,1.0,0.8206148,0.8928577,0.5915868486018953,0.7728694417835689
train,19710401_Netherlands Board of Tourism and Conventions (NBTC)_Amendment_Amendment.pdf,registrant_name,0.0,0.0,0.8123147,0.7929337,0.5472871765738249,0.8760479006807987
train,19710401_Netherlands Board of Tourism and Conventions (NBTC)_Amendment_Amendment.pdf,foreign_principle_name,0.0,0.0,0.026729912,0.036250085,0.016275964330571095,0.012344642851899693
train,19710401_Netherlands Board of Tourism and Conventions (NBTC)_Amendment_Amendment.pdf,file_date,0.0,0.0,0.14015573,0.09171319,0.3753460534279453,0.5399137892236942
train,19710401_Netherlands Board of Tourism and Conventions (NBTC)_Amendment_Amendment.pdf,signer_name,0.0,0.0,0.3434779,0.23821917,0.6184513989365676,0.13015280826345674
train,19710401_Netherlands Board of Tourism and Conventions (NBTC)_Amendment_Amendment.pdf,signer_title,0.0,0.0,0.028410356,0.032499727,0.0377142322042326,0.0071311388726433295
train,19920501_Representative of the Turkish Republic of Northern Cyprus_Dissemination Report_Dissemination Report.pdf,registration_num,1.0,1.0,0.9336482,0.99079037,0.9828024775035689,0.9950748374420133
train,19920501_Representative of the Turkish Republic of Northern Cyprus_Dissemination Report_Dissemination Report.pdf,registrant_name,1.0,1.0,0.7983073,0.7698835,0.853644388518843,0.8212830621810904
train,19920501_Representative of the Turkish Republic of Northern Cyprus_Dissemination Report_Dissemination Report.pdf,foreign_principle_name,0.0,0.0,0.111887395,0.13373944,0.09827301558140446,0.055325662960182785
train,19920501_Representative of the Turkish Republic of Northern Cyprus_Dissemination Report_Dissemination Report.pdf,file_date,1.0,1.0,0.46633095,0.45304242,0.7518282959369473,0.6992146885121373
train,19920501_Representative of the Turkish Republic of Northern Cyprus_Dissemination Report_Dissemination Report.pdf,signer_name,1.0,1.0,0.92598933,0.972751,0.8717160737870481,0.934033046279934
train,19920501_Representative of the Turkish Republic of Northern Cyprus_Dissemination Report_Dissemination Report.pdf,signer_title,1.0,1.0,0.9488468,0.99079114,0.9346824513155496,0.8866652405212115
train,"20170426_Barnes _ Thornburg, LLP_Amendment_Amendment.pdf",registration_num,0.0,0.0,0.098929495,0.062316466,0.05232277438500678,0.024315711778037576
train,"20170426_Barnes _ Thornburg, LLP_Amendment_Amendment.pdf",registrant_name,1.0,1.0,0.93306476,0.9726926,0.9653172771239211,0.9807360681925192
train,"20170426_Barnes _ Thornburg, LLP_Amendment_Amendment.pdf",foreign_principle_name,0.0,0.0,0.13123554,0.10348848,0.028404365660335152,0.023240292975126253
train,"20170426_Barnes _ Thornburg, LLP_Amendment_Amendment.pdf",file_date,1.0,1.0,0.91405904,0.96588767,0.8323255373900195,0.9608058001158483
train,"20170426_Barnes _ Thornburg, LLP_Amendment_Amendment.pdf",signer_name,1.0,1.0,0.9336541,0.94397134,0.9638968925622261,0.9925696433652743
train,"20170426_Barnes _ Thornburg, LLP_Amendment_Amendment.pdf",signer_title,0.0,0.0,0.0029844057,0.0055254935,0.013997957909086605,0.012637232479073003
train,"20161115_Akin, Gump, Strauss, Hauer _ Feld, LLP_Amendment_Amendment.pdf",registration_num,0.0,0.0,0.08873475,0.057732355,0.04410304284895627,0.024315711778037576
train,"20161115_Akin, Gump, Strauss, Hauer _ Feld, LLP_Amendment_Amendment.pdf",registrant_name,1.0,1.0,0.9391176,0.970713,0.9764613042761666,0.9828508424788498
train,"20161115_Akin, Gump, Strauss, Hauer _ Feld, LLP_Amendment_Amendment.pdf",foreign_principle_name,1.0,1.0,0.8992015,0.97687626,0.9092828571324413,0.966802828747304
train,"20161115_Akin, Gump, Strauss, Hauer _ Feld, LLP_Amendment_Amendment.pdf",file_date,1.0,1.0,0.9248103,0.97626626,0.8038164742649796,0.9786610000482833
train,"20161115_Akin, Gump, Strauss, Hauer _ Feld, LLP_Amendment_Amendment.pdf",signer_name,1.0,1.0,0.9272954,0.9251981,0.9692714784867819,0.9921505898659932
train,"20161115_Akin, Gump, Strauss, Hauer _ Feld, LLP_Amendment_Amendment.pdf",signer_title,1.0,1.0,0.9287861,0.98594654,0.9645179035810325,0.9713357279156188
train,20150513_Fratelli Group_Amendment_Amendment.pdf,registration_num,0.0,0.0,0.08801928,0.05436952,0.04410304284895627,0.024315711778037576
train,20150513_Fratelli Group_Amendment_Amendment.pdf,registrant_name,1.0,1.0,0.9388286,0.9635905,0.9626476083216444,0.9735953140073212
train,20150513_Fratelli Group_Amendment_Amendment.pdf,foreign_principle_name,0.0,0.0,0.030761078,0.036710702,0.02862090705845157,0.003597536430536858
train,20150513_Fratelli Group_Amendment_Amendment.pdf,file_date,1.0,1.0,0.88303673,0.9516853,0.9257632966139491,0.9026386579168464
train,20150513_Fratelli Group_Amendment_Amendment.pdf,signer_name,1.0,1.0,0.9118953,0.89826584,0.9694733110382051,0.9898574393999797
train,20150513_Fratelli Group_Amendment_Amendment.pdf,signer_title,1.0,1.0,0.9295863,0.9865489,0.9645179035810325,0.9713357279156188
train,"19921101_JETRO, Atlanta_Dissemination Report_Dissemination Report.pdf",registration_num,1.0,1.0,0.94379157,0.9944841,0.9873415701337229,0.9958501957353764
train,"19921101_JETRO, Atlanta_Dissemination Report_Dissemination Report.pdf",registrant_name,1.0,1.0,0.9464445,0.98674077,0.9546337508078881,0.9776434045662554
train,"19921101_JETRO, Atlanta_Dissemination Report_Dissemination Report.pdf",foreign_principle_name,0.0,0.0,0.19215162,0.1685514,0.30652009449547224,0.04203762179514931
train,"19921101_JETRO, Atlanta_Dissemination Report_Dissemination Report.pdf",file_date,1.0,1.0,0.9541443,0.9914509,0.8704688475814678,0.9678159922660033
train,"19921101_JETRO, Atlanta_Dissemination Report_Dissemination Report.pdf",signer_name,1.0,1.0,0.8925637,0.9491906,0.985161076776736,0.9873260243718669
train,"19921101_JETRO, Atlanta_Dissemination Report_Dissemination Report.pdf",signer_title,1.0,1.0,0.94485444,0.9908055,0.9896536429176381,0.9939500767768463
train,"19820501_Hong Kong Trade Development Council, Inc._Amendment_Amendment.pdf",registration_num,1.0,1.0,0.9171225,0.98218554,0.96335980538029,0.9898337247891925
train,"19820501_Hong Kong Trade Development Council, Inc._Amendment_Amendment.pdf",registrant_name,1.0,1.0,0.925217,0.95188886,0.7976472271494957,0.9285560066697776
train,"19820501_Hong Kong Trade Development Council, Inc._Amendment_Amendment.pdf",foreign_principle_name,1.0,1.0,0.9103834,0.98379356,0.9595301123046521,0.9752673580758735
train,"19820501_Hong Kong Trade Development Council, Inc._Amendment_Amendment.pdf",file_date,0.0,0.0,0.14384216,0.14920238,0.07165506271768551,0.12286994839001339
train,"19820501_Hong Kong Trade Development Council, Inc._Amendment_Amendment.pdf",signer_name,0.0,0.0,0.28540438,0.16194198,0.40335173979286315,0.20790905721599345
train,"19820501_Hong Kong Trade Development Council, Inc._Amendment_Amendment.pdf",signer_title,0.0,0.0,0.06582113,0.06482037,0.12764587886803833,0.02195404553419521
train,"19920101_Far East Trade Services, Inc._Dissemination Report_Dissemination Report.pdf",registration_num,1.0,1.0,0.93904674,0.9793068,0.9817977766808126,0.9855284809531988
train,"19920101_Far East Trade Services, Inc._Dissemination Report_Dissemination Report.pdf",registrant_name,1.0,1.0,0.9521066,0.989176,0.9924908920213041,0.9924330678063458
train,"19920101_Far East Trade Services, Inc._Dissemination Report_Dissemination Report.pdf",foreign_principle_name,0.0,0.0,0.2449421,0.19905758,0.06848156841986144,0.2784362020454344
train,"19920101_Far East Trade Services, Inc._Dissemination Report_Dissemination Report.pdf",file_date,1.0,1.0,0.8973411,0.94840384,0.845743461313942,0.9780156868109305
train,"19920101_Far East Trade Services, Inc._Dissemination Report_Dissemination Report.pdf",signer_name,1.0,1.0,0.9244237,0.9788524,0.9678008055721438,0.9582569292764108
train,"19920101_Far East Trade Services, Inc._Dissemination Report_Dissemination Report.pdf",signer_title,1.0,1.0,0.9483739,0.98962766,0.9198897655482331,0.9747316421850424
train,19920401_Quebec Government Office_Dissemination Report_Dissemination Report.pdf,registration_num,0.0,0.0,0.09766765,0.060876437,0.036490704719408205,0.119937698137335
train,19920401_Quebec Government Office_Dissemination Report_Dissemination Report.pdf,registrant_name,1.0,1.0,0.91459686,0.9576538,0.8628563939472474,0.9153612596094773
train,19920401_Quebec Government Office_Dissemination Report_Dissemination Report.pdf,foreign_principle_name,0.0,0.0,0.07328658,0.08064848,0.05931629824547498,0.04057102182555207
train,19920401_Quebec Government Office_Dissemination Report_Dissemination Report.pdf,file_date,0.0,0.0,0.27425608,0.13630566,0.26234409902256667,0.03072431213499477
train,19920401_Quebec Government Office_Dissemination Report_Dissemination Report.pdf,signer_name,1.0,1.0,0.79476446,0.77936345,0.5120905278647196,0.6598496667341773
train,19920401_Quebec Government Office_Dissemination Report_Dissemination Report.pdf,signer_title,1.0,1.0,0.9309659,0.9586673,0.8782552805389621,0.9481292399243547
train,"19931001_Squire Patton Boggs, LLP_Amendment_Amendment.pdf",registration_num,0.0,0.0,0.08526982,0.05429508,0.03230712918015852,0.014738945763296544
train,"19931001_Squire Patton Boggs, LLP_Amendment_Amendment.pdf",registrant_name,1.0,1.0,0.9004377,0.9546108,0.8145331712292748,0.9403987558714366
train,"19931001_Squire Patton Boggs, LLP_Amendment_Amendment.pdf",foreign_principle_name,0.0,0.0,0.05684776,0.06182302,0.07052304156277767,0.02043907265764145
train,"19931001_Squire Patton Boggs, LLP_Amendment_Amendment.pdf",file_date,0.0,0.0,0.10091393,0.071750455,0.14623226174182202,0.07826331182377
train,"19931001_Squire Patton Boggs, LLP_Amendment_Amendment.pdf",signer_name,0.0,0.0,0.09869546,0.07776228,0.04636075954607641,0.06722445441171175
train,"19931001_Squire Patton Boggs, LLP_Amendment_Amendment.pdf",signer_title,1.0,1.0,0.16461842,0.1757215,0.3742092327073102,0.2421230499100842
train,"20180326_Sorini, Samet _ Associates, LLC_Amendment_Amendment.pdf",registration_num,0.0,0.0,0.08146916,0.049501564,0.05032914908967195,0.02340645177343388
train,"20180326_Sorini, Samet _ Associates, LLC_Amendment_Amendment.pdf",registrant_name,1.0,1.0,0.93791944,0.97249615,0.9851849265487576,0.975775104180709
train,"20180326_Sorini, Samet _ Associates, LLC_Amendment_Amendment.pdf",foreign_principle_name,1.0,1.0,0.7675601,0.90848076,0.9352202332784819,0.9375726475761975
train,"20180326_Sorini, Samet _ Associates, LLC_Amendment_Amendment.pdf",file_date,1.0,1.0,0.92513895,0.9745248,0.7909221030278754,0.9608058001158483
train,"20180326_Sorini, Samet _ Associates, LLC_Amendment_Amendment.pdf",signer_name,1.0,1.0,0.923807,0.9063654,0.9409221720262774,0.9824961085659389
train,"20180326_Sorini, Samet _ Associates, LLC_Amendment_Amendment.pdf",signer_title,1.0,1.0,0.93111086,0.9880867,0.9795337987780667,0.9829908037302268
train,20170317_Fratelli Group_Amendment_Amendment.pdf,registration_num,0.0,0.0,0.11031753,0.07173637,0.005447473512531476,0.009386880501505148
train,20170317_Fratelli Group_Amendment_Amendment.pdf,registrant_name,1.0,1.0,0.94315624,0.9677788,0.9859871653034981,0.991272398839298
train,20170317_Fratelli Group_Amendment_Amendment.pdf,foreign_principle_name,0.0,0.0,0.0296708,0.034084648,0.031133136034913387,0.006638378308755543
train,20170317_Fratelli Group_Amendment_Amendment.pdf,file_date,0.0,0.0,0.17978127,0.15041566,0.4116526838848594,0.05416306587599793
train,20170317_Fratelli Group_Amendment_Amendment.pdf,signer_name,0.0,0.0,0.5003246,0.28470188,0.07909629876056225,0.1172006749458405
train,20170317_Fratelli Group_Amendment_Amendment.pdf,signer_title,0.0,0.0,0.020572674,0.018327415,0.07739681276891824,0.0295195896486293
train,"19901201_CMGRP, Inc._Amendment_Amendment.pdf",registration_num,0.0,0.0,0.10395763,0.08936643,0.10912677405951156,0.15251595797150164
train,"19901201_CMGRP, Inc._Amendment_Amendment.pdf",registrant_name,1.0,1.0,0.9135216,0.9577087,0.9512644054956315,0.9798374817176809
train,"19901201_CMGRP, Inc._Amendment_Amendment.pdf",foreign_principle_name,0.0,0.0,0.055446405,0.07490743,0.03987515930051351,0.023027667200266694
train,"19901201_CMGRP, Inc._Amendment_Amendment.pdf",file_date,0.0,0.0,0.025603643,0.018274775,0.020024227536006554,0.01728515851370769
train,"19901201_CMGRP, Inc._Amendment_Amendment.pdf",signer_name,1.0,1.0,0.4182639,0.3715715,0.5270321842086699,0.7906102942660965
train,"19901201_CMGRP, Inc._Amendment_Amendment.pdf",signer_title,1.0,1.0,0.40761146,0.5656988,0.9450465352973562,0.6587359419366432
train,"20180511_Avenue Strategies Global, LLC_Amendment_Amendment.pdf",registration_num,0.0,0.0,0.097925134,0.062378295,0.04410304284895627,0.024315711778037576
train,"20180511_Avenue Strategies Global, LLC_Amendment_Amendment.pdf",registrant_name,1.0,1.0,0.9347495,0.9833908,0.9776175860873617,0.9899330132863197
train,"20180511_Avenue Strategies Global, LLC_Amendment_Amendment.pdf",foreign_principle_name,0.0,0.0,0.04972592,0.052883666,0.1428328334567164,0.006657472057176325
train,"20180511_Avenue Strategies Global, LLC_Amendment_Amendment.pdf",file_date,1.0,1.0,0.6572708,0.80036366,0.803246534417947,0.7896983564403429
train,"20180511_Avenue Strategies Global, LLC_Amendment_Amendment.pdf",signer_name,1.0,1.0,0.84853745,0.87265384,0.7860675407143729,0.787239128784237
train,"20180511_Avenue Strategies Global, LLC_Amendment_Amendment.pdf",signer_title,1.0,1.0,0.24588498,0.35662466,0.4147497504382835,0.2139404211495424
train,"20171205_Arnold, Jim_Amendment_Amendment.pdf",registration_num,1.0,1.0,0.90013725,0.9545086,0.9711093619148417,0.9913618879226277
train,"20171205_Arnold, Jim_Amendment_Amendment.pdf",registrant_name,1.0,1.0,0.9225987,0.94523084,0.8989019538982146,0.9753036361681475
train,"20171205_Arnold, Jim_Amendment_Amendment.pdf",foreign_principle_name,1.0,1.0,0.58388036,0.7390152,0.9194521418296622,0.83923692342198
train,"20171205_Arnold, Jim_Amendment_Amendment.pdf",file_date,1.0,1.0,0.91147053,0.96163607,0.7582458119408937,0.9808261775384567
train,"20171205_Arnold, Jim_Amendment_Amendment.pdf",signer_name,1.0,1.0,0.8803757,0.8182718,0.9167599756398552,0.9542846131780086
train,"20171205_Arnold, Jim_Amendment_Amendment.pdf",signer_title,1.0,1.0,0.9289381,0.9851588,0.9579457935420057,0.9729094752718594
train,20160428_Hogan Lovells US LLP_Amendment_Amendment.pdf,registration_num,1.0,1.0,0.8976143,0.9695656,0.9540568204697439,0.9850981544939823
train,20160428_Hogan Lovells US LLP_Amendment_Amendment.pdf,registrant_name,1.0,1.0,0.9421581,0.9743357,0.9837316135521482,0.9701225251431342
train,20160428_Hogan Lovells US LLP_Amendment_Amendment.pdf,foreign_principle_name,0.0,0.0,0.20297098,0.16185793,0.03403998829095164,0.04608434600506496
train,20160428_Hogan Lovells US LLP_Amendment_Amendment.pdf,file_date,1.0,1.0,0.90576947,0.9627463,0.7602712228472582,0.9585452289434486
train,20160428_Hogan Lovells US LLP_Amendment_Amendment.pdf,signer_name,0.0,0.0,0.8439312,0.83327055,0.854693939348174,0.8913313042124312
train,20160428_Hogan Lovells US LLP_Amendment_Amendment.pdf,signer_title,0.0,0.0,0.021309793,0.015576415,0.0730781072073187,0.11745920392160762
train,19670301_Japan National Tourism Organization_Amendment_Amendment.pdf,registration_num,0.0,0.0,0.074379385,0.08359386,0.05260283479635427,0.04071145222021123
train,19670301_Japan National Tourism Organization_Amendment_Amendment.pdf,registrant_name,1.0,1.0,0.7752189,0.862368,0.9446306242450486,0.8352270071919964
train,19670301_Japan National Tourism Organization_Amendment_Amendment.pdf,foreign_principle_name,0.0,0.0,0.044357866,0.084713005,0.015651423399393266,0.11305250597431656
train,19670301_Japan National Tourism Organization_Amendment_Amendment.pdf,file_date,0.0,0.0,0.288115,0.22438517,0.8386888733087006,0.1940791720815831
train,19670301_Japan National Tourism Organization_Amendment_Amendment.pdf,signer_name,0.0,0.0,0.39567226,0.30637056,0.03690498178673539,0.08364563244478111
train,19670301_Japan National Tourism Organization_Amendment_Amendment.pdf,signer_title,0.0,0.0,0.161823,0.13595605,0.46440880834212317,0.13351281792311748
train,"19931001_CMGRP, Inc._Dissemination Report_Dissemination Report.pdf",registration_num,0.0,0.0,0.051274948,0.038503964,0.07336685203000277,0.01618177947991647
train,"19931001_CMGRP, Inc._Dissemination Report_Dissemination Report.pdf",registrant_name,1.0,1.0,0.74601173,0.6316329,0.9024323207120847,0.852660803394302
train,"19931001_CMGRP, Inc._Dissemination Report_Dissemination Report.pdf",foreign_principle_name,1.0,1.0,0.6911684,0.6691083,0.7802583699974074,0.6942929914918441
train,"19931001_CMGRP, Inc._Dissemination Report_Dissemination Report.pdf",file_date,1.0,1.0,0.9561962,0.99274695,0.953057584620322,0.98124988256491
train,"19931001_CMGRP, Inc._Dissemination Report_Dissemination Report.pdf",signer_name,1.0,1.0,0.93262994,0.95853746,0.9780624596321613,0.9783680772957631
train,"19931001_CMGRP, Inc._Dissemination Report_Dissemination Report.pdf",signer_title,1.0,1.0,0.9429842,0.9699276,0.9547940364910509,0.9840606046771151
train,"19910801_Akin, Gump, Strauss, Hauer _ Feld, LLP_Dissemination Report_Dissemination Report.pdf",registration_num,1.0,1.0,0.79677284,0.8077073,0.6415896508468956,0.9252372216463088
train,"19910801_Akin, Gump, Strauss, Hauer _ Feld, LLP_Dissemination Report_Dissemination Report.pdf",registrant_name,1.0,1.0,0.93324125,0.96339685,0.9823316289716801,0.9858961823418141
train,"19910801_Akin, Gump, Strauss, Hauer _ Feld, LLP_Dissemination Report_Dissemination Report.pdf",foreign_principle_name,1.0,1.0,0.3008461,0.2540104,0.35294878842842614,0.633358278685643
train,"19910801_Akin, Gump, Strauss, Hauer _ Feld, LLP_Dissemination Report_Dissemination Report.pdf",file_date,1.0,1.0,0.9064043,0.9047435,0.8743163001341907,0.9753218918632349
train,"19910801_Akin, Gump, Strauss, Hauer _ Feld, LLP_Dissemination Report_Dissemination Report.pdf",signer_name,1.0,1.0,0.90724784,0.93200266,0.9736151378891352,0.9480243307763765
train,"19910801_Akin, Gump, Strauss, Hauer _ Feld, LLP_Dissemination Report_Dissemination Report.pdf",signer_title,1.0,1.0,0.9315465,0.9832123,0.9789326584978745,0.9728053469103802
train,"20100930_JWI, LLC_Amendment_Amendment.pdf",registration_num,0.0,0.0,0.06584078,0.042210426,0.0532571465335504,0.02583377829705926
train,"20100930_JWI, LLC_Amendment_Amendment.pdf",registrant_name,1.0,1.0,0.92265904,0.9620439,0.9688431762896869,0.9616531158206094
train,"20100930_JWI, LLC_Amendment_Amendment.pdf",foreign_principle_name,0.0,0.0,0.4581731,0.44584474,0.30544589237888,0.10138338104655176
train,"20100930_JWI, LLC_Amendment_Amendment.pdf",file_date,0.0,0.0,0.12779838,0.07658915,0.30693823401675674,0.19404713772208884
train,"20100930_JWI, LLC_Amendment_Amendment.pdf",signer_name,1.0,1.0,0.9279558,0.92686003,0.9762226884103887,0.9808979610297802
train,"20100930_JWI, LLC_Amendment_Amendment.pdf",signer_title,1.0,1.0,0.93203247,0.98875874,0.975839853695745,0.9829908037302268
train,"19920601_JETRO, Atlanta_Dissemination Report_Dissemination Report.pdf",registration_num,1.0,1.0,0.94369525,0.99440545,0.9828024775035689,0.9955018917733546
train,"19920601_JETRO, Atlanta_Dissemination Report_Dissemination Report.pdf",registrant_name,1.0,1.0,0.94287807,0.98490065,0.9749621228017069,0.98610879293049
train,"19920601_JETRO, Atlanta_Dissemination Report_Dissemination Report.pdf",foreign_principle_name,0.0,0.0,0.39743438,0.44538158,0.5986136826055075,0.4767568847316475
train,"19920601_JETRO, Atlanta_Dissemination Report_Dissemination Report.pdf",file_date,1.0,1.0,0.95580405,0.9923278,0.9397028755771328,0.9808701914612
train,"19920601_JETRO, Atlanta_Dissemination Report_Dissemination Report.pdf",signer_name,1.0,1.0,0.92741907,0.97281,0.9759464374472809,0.9672856873178035
train,"19920601_JETRO, Atlanta_Dissemination Report_Dissemination Report.pdf",signer_title,1.0,1.0,0.94708383,0.98728454,0.9810818250344318,0.9934146075809365
train,"19860801_Arnold _ Porter Kaye Scholer, LLP_Amendment_Amendment.pdf",registration_num,1.0,1.0,0.9364311,0.991992,0.9674747249479594,0.9407983352573296
train,"19860801_Arnold _ Porter Kaye Scholer, LLP_Amendment_Amendment.pdf",registrant_name,1.0,1.0,0.89240456,0.96163815,0.5945484667672079,0.9319794078177643
train,"19860801_Arnold _ Porter Kaye Scholer, LLP_Amendment_Amendment.pdf",foreign_principle_name,0.0,0.0,0.020883903,0.022308208,0.03403913459102401,0.007341922740136054
train,"19860801_Arnold _ Porter Kaye Scholer, LLP_Amendment_Amendment.pdf",file_date,0.0,0.0,0.060321897,0.03731421,0.18728704950041566,0.08356934969137024
train,"19860801_Arnold _ Porter Kaye Scholer, LLP_Amendment_Amendment.pdf",signer_name,0.0,0.0,0.6999776,0.5442562,0.1898347907568602,0.33533850241374774
train,"19860801_Arnold _ Porter Kaye Scholer, LLP_Amendment_Amendment.pdf",signer_title,0.0,0.0,0.01921231,0.020541506,0.11311783954166968,0.02800259480826119
train,"20050323_Arnold _ Porter Kaye Scholer, LLP_Amendment_Amendment.pdf",registration_num,1.0,1.0,0.9358317,0.98494196,0.9426508012471368,0.988345342580475
train,"20050323_Arnold _ Porter Kaye Scholer, LLP_Amendment_Amendment.pdf",registrant_name,1.0,1.0,0.9397181,0.9846307,0.9712570892329665,0.9827380424892276
train,"20050323_Arnold _ Porter Kaye Scholer, LLP_Amendment_Amendment.pdf",foreign_principle_name,0.0,0.0,0.25086144,0.23983927,0.5576218350291686,0.225753733947625
train,"20050323_Arnold _ Porter Kaye Scholer, LLP_Amendment_Amendment.pdf",file_date,0.0,0.0,0.07970107,0.052930493,0.16306229087140664,0.021046244372796185
train,"20050323_Arnold _ Porter Kaye Scholer, LLP_Amendment_Amendment.pdf",signer_name,0.0,0.0,0.54227555,0.38030246,0.12199722886585564,0.2784860181897062
train,"20050323_Arnold _ Porter Kaye Scholer, LLP_Amendment_Amendment.pdf",signer_title,0.0,0.0,0.41255385,0.22031745,0.669302720953599,0.2715979595096896
train,"20180309_Park Strategies, LLC_Amendment_Amendment.pdf",registration_num,0.0,0.0,0.0657783,0.04100891,0.045038484824639485,0.02583377829705926
train,"20180309_Park Strategies, LLC_Amendment_Amendment.pdf",registrant_name,1.0,1.0,0.94287986,0.98653144,0.9664155782347702,0.9657802124304984
train,"20180309_Park Strategies, LLC_Amendment_Amendment.pdf",foreign_principle_name,1.0,1.0,0.7604827,0.9120356,0.9355971620587606,0.9047200643510134
train,"20180309_Park Strategies, LLC_Amendment_Amendment.pdf",file_date,1.0,1.0,0.92138755,0.96252537,0.812084034250271,0.9656592269986745
train,"20180309_Park Strategies, LLC_Amendment_Amendment.pdf",signer_name,1.0,1.0,0.92886335,0.93011695,0.9762226884103887,0.9916093182922695
train,"20180309_Park Strategies, LLC_Amendment_Amendment.pdf",signer_title,1.0,1.0,0.9280528,0.98484564,0.9548434868786047,0.9684957331363248
train,19920701_Kobe Trade Information Office_Dissemination Report_Dissemination Report.pdf,registration_num,1.0,1.0,0.93973076,0.983754,0.9804056231426553,0.9863032231915819
train,19920701_Kobe Trade Information Office_Dissemination Report_Dissemination Report.pdf,registrant_name,1.0,1.0,0.93352526,0.9682039,0.8994655025710951,0.9485471091451013
train,19920701_Kobe Trade Information Office_Dissemination Report_Dissemination Report.pdf,foreign_principle_name,0.0,0.0,0.15638293,0.12606527,0.04506026057592622,0.18265476330854796
train,19920701_Kobe Trade Information Office_Dissemination Report_Dissemination Report.pdf,file_date,1.0,1.0,0.9411904,0.989576,0.8388628453593359,0.9743697861442056
train,19920701_Kobe Trade Information Office_Dissemination Report_Dissemination Report.pdf,signer_name,1.0,1.0,0.87710583,0.95199984,0.6503598906174534,0.8342856361238866
train,19920701_Kobe Trade Information Office_Dissemination Report_Dissemination Report.pdf,signer_title,1.0,1.0,0.95218813,0.9904709,0.9424197871418947,0.9788219673852079
train,"20150521_Squire Patton Boggs, LLP_Amendment_Amendment.pdf",registration_num,0.0,0.0,0.09254736,0.0594896,0.04410304284895627,0.026882822275892674
train,"20150521_Squire Patton Boggs, LLP_Amendment_Amendment.pdf",registrant_name,1.0,1.0,0.9230174,0.9493187,0.9449261438559159,0.9614916153392139
train,"20150521_Squire Patton Boggs, LLP_Amendment_Amendment.pdf",foreign_principle_name,0.0,0.0,0.033675652,0.03485217,0.046410357109116396,0.04830279253733707
train,"20150521_Squire Patton Boggs, LLP_Amendment_Amendment.pdf",file_date,1.0,1.0,0.75602806,0.8219487,0.9107194333401061,0.8924535510553793
train,"20150521_Squire Patton Boggs, LLP_Amendment_Amendment.pdf",signer_name,1.0,1.0,0.9077401,0.90449655,0.905674920014846,0.9578127779913863
train,"20150521_Squire Patton Boggs, LLP_Amendment_Amendment.pdf",signer_title,0.0,0.0,0.5946005,0.35769197,0.2895552838488169,0.45840414538206836
train,"20030429_JWI, LLC_Amendment_Amendment.pdf",registration_num,1.0,1.0,0.75065225,0.8809244,0.776838389193673,0.8649944446566636
train,"20030429_JWI, LLC_Amendment_Amendment.pdf",registrant_name,1.0,1.0,0.9441328,0.9786831,0.6388503282499763,0.8918387944329879
train,"20030429_JWI, LLC_Amendment_Amendment.pdf",foreign_principle_name,0.0,0.0,0.108928874,0.118048646,0.12244226243379204,0.02131943848108153
train,"20030429_JWI, LLC_Amendment_Amendment.pdf",file_date,0.0,0.0,0.19305728,0.14250438,0.6486421300074201,0.08417689177574053
train,"20030429_JWI, LLC_Amendment_Amendment.pdf",signer_name,1.0,1.0,0.90975493,0.9280626,0.8852208740937079,0.8642979190497163
train,"20030429_JWI, LLC_Amendment_Amendment.pdf",signer_title,0.0,0.0,0.040578052,0.031919762,0.08166903004368639,0.04089409711482578
train,"20171002_Squire Patton Boggs, LLP_Amendment_Amendment.pdf",registration_num,0.0,0.0,0.08994453,0.0526269,0.05032914908967195,0.02340645177343388
train,"20171002_Squire Patton Boggs, LLP_Amendment_Amendment.pdf",registrant_name,1.0,1.0,0.9264797,0.9533924,0.9757373483741444,0.9830693602941138
train,"20171002_Squire Patton Boggs, LLP_Amendment_Amendment.pdf",foreign_principle_name,0.0,0.0,0.024353627,0.02699555,0.03192140434313444,0.011956022041728041
train,"20171002_Squire Patton Boggs, LLP_Amendment_Amendment.pdf",file_date,1.0,1.0,0.9232477,0.97077495,0.5841090936385342,0.972562303205569
train,"20171002_Squire Patton Boggs, LLP_Amendment_Amendment.pdf",signer_name,1.0,1.0,0.91764194,0.9252238,0.9734224263360292,0.97535741423297
train,"20171002_Squire Patton Boggs, LLP_Amendment_Amendment.pdf",signer_title,1.0,1.0,0.9112433,0.9547512,0.9322396891322026,0.9595976792464471
train,"20001121_Daniel J. Edelman, Inc._Amendment_Amendment.pdf",registration_num,0.0,0.0,0.08848323,0.05225178,0.033727124904553436,0.023160094807348063
train,"20001121_Daniel J. Edelman, Inc._Amendment_Amendment.pdf",registrant_name,0.0,0.0,0.6244628,0.5851713,0.463229357387785,0.29610507197417124
train,"20001121_Daniel J. Edelman, Inc._Amendment_Amendment.pdf",foreign_principle_name,0.0,0.0,0.054831423,0.05941261,0.12513618748142902,0.026431057582119243
train,"20001121_Daniel J. Edelman, Inc._Amendment_Amendment.pdf",file_date,0.0,0.0,0.25409105,0.14002463,0.4250896791711395,0.052869159537347096
train,"20001121_Daniel J. Edelman, Inc._Amendment_Amendment.pdf",signer_name,1.0,1.0,0.8627766,0.8210456,0.6320869739325308,0.8013723533263538
train,"20001121_Daniel J. Edelman, Inc._Amendment_Amendment.pdf",signer_title,1.0,1.0,0.9278641,0.98521173,0.955530718170212,0.9679350251907662
train,"19951218_JETRO, Atlanta_Dissemination Report_Dissemination Report.pdf",registration_num,1.0,1.0,0.94274503,0.9941905,0.9813135759129605,0.9955018917733546
train,"19951218_JETRO, Atlanta_Dissemination Report_Dissemination Report.pdf",registrant_name,1.0,1.0,0.90388185,0.96241295,0.8472837283754852,0.9721411540448764
train,"19951218_JETRO, Atlanta_Dissemination Report_Dissemination Report.pdf",foreign_principle_name,1.0,1.0,0.5153052,0.47412094,0.9229140309808813,0.948933897002969
train,"19951218_JETRO, Atlanta_Dissemination Report_Dissemination Report.pdf",file_date,1.0,1.0,0.95442486,0.993081,0.831283415666903,0.979283191237439
train,"19951218_JETRO, Atlanta_Dissemination Report_Dissemination Report.pdf",signer_name,1.0,1.0,0.88746643,0.95275533,0.9497015530647928,0.9692122331733818
train,"19951218_JETRO, Atlanta_Dissemination Report_Dissemination Report.pdf",signer_title,1.0,1.0,0.94827604,0.99223316,0.976506162420092,0.991123670183003
train,"20161223_Ryberg and Smith, LLC_Amendment_Amendment.pdf",registration_num,0.0,0.0,0.087326616,0.05660373,0.04410304284895627,0.024315711778037576
train,"20161223_Ryberg and Smith, LLC_Amendment_Amendment.pdf",registrant_name,1.0,1.0,0.9307453,0.9792569,0.9209501788631866,0.9372806234859186
train,"20161223_Ryberg and Smith, LLC_Amendment_Amendment.pdf",foreign_principle_name,1.0,1.0,0.6927849,0.85557747,0.9799280222747196,0.8807985508521222
train,"20161223_Ryberg and Smith, LLC_Amendment_Amendment.pdf",file_date,1.0,1.0,0.9319811,0.9715149,0.6219295822822508,0.9322050836504401
train,"20161223_Ryberg and Smith, LLC_Amendment_Amendment.pdf",signer_name,1.0,1.0,0.8525961,0.7615396,0.844781221033467,0.6639141713803732
train,"20161223_Ryberg and Smith, LLC_Amendment_Amendment.pdf",signer_title,1.0,1.0,0.92056334,0.9723096,0.9235761474909654,0.9586935754484006
train,"20180323_Mayer Brown, LLP_Amendment_Amendment.pdf",registration_num,0.0,0.0,0.43241358,0.2212811,0.742354950049961,0.37101610728777507
train,"20180323_Mayer Brown, LLP_Amendment_Amendment.pdf",registrant_name,1.0,1.0,0.9476868,0.97747266,0.9253056368681302,0.9686128142575389
train,"20180323_Mayer Brown, LLP_Amendment_Amendment.pdf",foreign_principle_name,1.0,1.0,0.9110135,0.9838111,0.9633015257010314,0.974583589473704
train,"20180323_Mayer Brown, LLP_Amendment_Amendment.pdf",file_date,1.0,1.0,0.7587799,0.8170236,0.8412947588881489,0.7669718949229082
train,"20180323_Mayer Brown, LLP_Amendment_Amendment.pdf",signer_name,1.0,1.0,0.93053854,0.9266502,0.9039194350784258,0.941434877453832
train,"20180323_Mayer Brown, LLP_Amendment_Amendment.pdf",signer_title,1.0,1.0,0.684508,0.7777549,0.9484815534064281,0.7147444308477459
train,"19920901_JETRO, Atlanta_Dissemination Report_Dissemination Report.pdf",registration_num,1.0,1.0,0.94405305,0.9945896,0.9873415701337229,0.9954970796228876
train,"19920901_JETRO, Atlanta_Dissemination Report_Dissemination Report.pdf",registrant_name,1.0,1.0,0.9464034,0.98678243,0.9805718598835912,0.9858914183783813
train,"19920901_JETRO, Atlanta_Dissemination Report_Dissemination Report.pdf",foreign_principle_name,1.0,1.0,0.4830224,0.40223533,0.9364550128061022,0.8158857047333746
train,"19920901_JETRO, Atlanta_Dissemination Report_Dissemination Report.pdf",file_date,1.0,1.0,0.956318,0.99114597,0.9691013290214009,0.9809501321492862
train,"19920901_JETRO, Atlanta_Dissemination Report_Dissemination Report.pdf",signer_name,1.0,1.0,0.91972005,0.968743,0.985161076776736,0.9873260243718669
train,"19920901_JETRO, Atlanta_Dissemination Report_Dissemination Report.pdf",signer_title,1.0,1.0,0.94569796,0.99125195,0.9896536429176381,0.9955231929456319
train,"19950619_JETRO, Houston_Dissemination Report_Dissemination Report.pdf",registration_num,1.0,1.0,0.94652367,0.9885796,0.9804056231426553,0.9860765696127514
train,"19950619_JETRO, Houston_Dissemination Report_Dissemination Report.pdf",registrant_name,0.0,0.0,0.918707,0.9383513,0.5140584373454187,0.6725751664379521
train,"19950619_JETRO, Houston_Dissemination Report_Dissemination Report.pdf",foreign_principle_name,0.0,0.0,0.16839565,0.13096489,0.3269149536713112,0.08285168769543914
train,"19950619_JETRO, Houston_Dissemination Report_Dissemination Report.pdf",file_date,1.0,1.0,0.91564703,0.9611214,0.756806136454554,0.9150730663594048
train,"19950619_JETRO, Houston_Dissemination Report_Dissemination Report.pdf",signer_name,1.0,1.0,0.9258833,0.9745935,0.9196298236088921,0.9698782285441322
train,"19950619_JETRO, Houston_Dissemination Report_Dissemination Report.pdf",signer_title,1.0,1.0,0.9471019,0.9895978,0.9538631563042521,0.9837144016338629
train,20160112_Malaysian Palm Oil Council (f-k-a American Palm Oil Council)_Amendment_Amendment.pdf,registration_num,1.0,1.0,0.9150707,0.979784,0.9540568204697439,0.9861008584734545
train,20160112_Malaysian Palm Oil Council (f-k-a American Palm Oil Council)_Amendment_Amendment.pdf,registrant_name,1.0,1.0,0.8655567,0.94672334,0.941135771902342,0.9486451371332527
train,20160112_Malaysian Palm Oil Council (f-k-a American Palm Oil Council)_Amendment_Amendment.pdf,foreign_principle_name,1.0,1.0,0.90415776,0.97955006,0.9316466948138883,0.9749616621728439
train,20160112_Malaysian Palm Oil Council (f-k-a American Palm Oil Council)_Amendment_Amendment.pdf,file_date,1.0,1.0,0.7888721,0.8696275,0.856048532413712,0.8362325825240887
train,20160112_Malaysian Palm Oil Council (f-k-a American Palm Oil Council)_Amendment_Amendment.pdf,signer_name,1.0,1.0,0.92484283,0.9300157,0.9515877751812934,0.9923374420303827
train,20160112_Malaysian Palm Oil Council (f-k-a American Palm Oil Council)_Amendment_Amendment.pdf,signer_title,1.0,1.0,0.93132704,0.9879162,0.9800008496406205,0.9848661137969319
train,"19921001_JETRO, Atlanta_Dissemination Report_Dissemination Report.pdf",registration_num,1.0,1.0,0.9438122,0.99457586,0.9828024775035689,0.9955018917733546
train,"19921001_JETRO, Atlanta_Dissemination Report_Dissemination Report.pdf",registrant_name,1.0,1.0,0.9455496,0.98646575,0.9385810683236294,0.9801418464627706
train,"19921001_JETRO, Atlanta_Dissemination Report_Dissemination Report.pdf",foreign_principle_name,0.0,0.0,0.15653796,0.15243737,0.36587433629869387,0.08612279385676519
train,"19921001_JETRO, Atlanta_Dissemination Report_Dissemination Report.pdf",file_date,1.0,1.0,0.94584924,0.98663694,0.837655309991184,0.956105630784127
train,"19921001_JETRO, Atlanta_Dissemination Report_Dissemination Report.pdf",signer_name,1.0,1.0,0.9344255,0.9685637,0.9759464374472809,0.9763573543049173
train,"19921001_JETRO, Atlanta_Dissemination Report_Dissemination Report.pdf",signer_title,1.0,1.0,0.94662297,0.98833287,0.9810818250344318,0.9934146075809365
train,20060127_Hogan Lovells US LLP_Amendment_Amendment.pdf,registration_num,1.0,1.0,0.93056333,0.9910485,0.9687929449075326,0.9929384798896818
train,20060127_Hogan Lovells US LLP_Amendment_Amendment.pdf,registrant_name,1.0,1.0,0.94101477,0.9817686,0.9383590755739946,0.9762072943410567
train,20060127_Hogan Lovells US LLP_Amendment_Amendment.pdf,foreign_principle_name,1.0,1.0,0.84287214,0.9426899,0.9091187175820022,0.9642845071153449
train,20060127_Hogan Lovells US LLP_Amendment_Amendment.pdf,file_date,0.0,0.0,0.10920308,0.06862023,0.20652387513962664,0.022830429711285124
train,20060127_Hogan Lovells US LLP_Amendment_Amendment.pdf,signer_name,0.0,0.0,0.48343784,0.37454036,0.3964126715263043,0.6105039661335336
train,20060127_Hogan Lovells US LLP_Amendment_Amendment.pdf,signer_title,1.0,1.0,0.92747974,0.9846404,0.9504038625642663,0.9660014280725485
train,"20130628_Picard Kentz _ Rowe, LLP_Amendment_Amendment.pdf",registration_num,0.0,0.0,0.0777245,0.04905317,0.05032914908967195,0.02340645177343388
train,"20130628_Picard Kentz _ Rowe, LLP_Amendment_Amendment.pdf",registrant_name,1.0,1.0,0.93188775,0.9691566,0.9707546537212076,0.9752309263070416
train,"20130628_Picard Kentz _ Rowe, LLP_Amendment_Amendment.pdf",foreign_principle_name,1.0,1.0,0.7346952,0.89245355,0.9458320920128139,0.9067737641780527
train,"20130628_Picard Kentz _ Rowe, LLP_Amendment_Amendment.pdf",file_date,1.0,1.0,0.8656494,0.9268338,0.8800697130121891,0.9065048180009794
train,"20130628_Picard Kentz _ Rowe, LLP_Amendment_Amendment.pdf",signer_name,1.0,1.0,0.9154647,0.9117959,0.8608334767594714,0.8942611716665635
train,"20130628_Picard Kentz _ Rowe, LLP_Amendment_Amendment.pdf",signer_title,1.0,1.0,0.9309322,0.9877178,0.9792538167431201,0.981589382246757
train,20140814_Beltway Government Strategies Inc._Amendment_Amendment.pdf,registration_num,1.0,1.0,0.9279839,0.9888403,0.8796850610203215,0.9870112199149357
train,20140814_Beltway Government Strategies Inc._Amendment_Amendment.pdf,registrant_name,1.0,1.0,0.95273685,0.990221,0.97806523460272,0.9928670190591024
train,20140814_Beltway Government Strategies Inc._Amendment_Amendment.pdf,foreign_principle_name,1.0,1.0,0.91454685,0.9863985,0.9458320920128139,0.9752673580758735
train,20140814_Beltway Government Strategies Inc._Amendment_Amendment.pdf,file_date,1.0,1.0,0.91522276,0.9562534,0.8279039433081433,0.9694668702792463
train,20140814_Beltway Government Strategies Inc._Amendment_Amendment.pdf,signer_name,1.0,1.0,0.93098307,0.9181225,0.9638968925622261,0.9845144771861755
train,20140814_Beltway Government Strategies Inc._Amendment_Amendment.pdf,signer_title,1.0,1.0,0.9291234,0.9861873,0.9645179035810325,0.9713357279156188
train,"19910901_International Registries, Inc._Dissemination Report_Dissemination Report.pdf",registration_num,1.0,1.0,0.9374464,0.9799458,0.9735965526364534,0.993838489483753
train,"19910901_International Registries, Inc._Dissemination Report_Dissemination Report.pdf",registrant_name,1.0,1.0,0.94965696,0.9871839,0.9842388260736933,0.9884390309163759
train,"19910901_International Registries, Inc._Dissemination Report_Dissemination Report.pdf",foreign_principle_name,1.0,1.0,0.56331784,0.3803353,0.4984538846641388,0.6371744535003128
train,"19910901_International Registries, Inc._Dissemination Report_Dissemination Report.pdf",file_date,1.0,1.0,0.88910043,0.9304463,0.7637031797730642,0.978069002694742
train,"19910901_International Registries, Inc._Dissemination Report_Dissemination Report.pdf",signer_name,1.0,1.0,0.9168051,0.91630155,0.9828583676543301,0.9875456800458184
train,"19910901_International Registries, Inc._Dissemination Report_Dissemination Report.pdf",signer_title,1.0,1.0,0.9432354,0.9479823,0.9305511867039142,0.9415411053662216
train,"20080206_Hecht, Latham, Spencer _ Associates, Inc._Amendment_Amendment.pdf",registration_num,0.0,0.0,0.09059806,0.058187358,0.04410304284895627,0.024315711778037576
train,"20080206_Hecht, Latham, Spencer _ Associates, Inc._Amendment_Amendment.pdf",registrant_name,1.0,1.0,0.9420268,0.981894,0.9650645609176515,0.9806150158344663
train,"20080206_Hecht, Latham, Spencer _ Associates, Inc._Amendment_Amendment.pdf",foreign_principle_name,1.0,1.0,0.87601393,0.9630095,0.8862311677000716,0.9674437702620549
train,"20080206_Hecht, Latham, Spencer _ Associates, Inc._Amendment_Amendment.pdf",file_date,0.0,0.0,0.6723427,0.5446435,0.584726868573787,0.8578500391764402
train,"20080206_Hecht, Latham, Spencer _ Associates, Inc._Amendment_Amendment.pdf",signer_name,1.0,1.0,0.83991134,0.7645222,0.7582703049807574,0.8360450024074368
train,"20080206_Hecht, Latham, Spencer _ Associates, Inc._Amendment_Amendment.pdf",signer_title,1.0,1.0,0.5134779,0.59816873,0.8810738880908321,0.39707101447806664
train,20171031_Prime Policy Group_Amendment_Amendment.pdf,registration_num,1.0,1.0,0.9067963,0.9675652,0.9691471821228196,0.9888330381840864
train,20171031_Prime Policy Group_Amendment_Amendment.pdf,registrant_name,1.0,1.0,0.95265543,0.99013126,0.9751897601506895,0.9807549125316845
train,20171031_Prime Policy Group_Amendment_Amendment.pdf,foreign_principle_name,1.0,1.0,0.9114348,0.98436034,0.9633015257010314,0.9752673580758735
train,20171031_Prime Policy Group_Amendment_Amendment.pdf,file_date,1.0,1.0,0.89406997,0.9262377,0.7176962430928671,0.9539192176898096
train,20171031_Prime Policy Group_Amendment_Amendment.pdf,signer_name,1.0,1.0,0.92924297,0.88483685,0.9612938026997386,0.9908757410362133
train,20171031_Prime Policy Group_Amendment_Amendment.pdf,signer_title,1.0,1.0,0.92369366,0.9781667,0.9395769489336601,0.9586935754484006
train,"19770501_Korea National Tourism Organization, New Jersey_Amendment_Amendment.pdf",registration_num,0.0,0.0,0.034169175,0.032982282,0.024899136438458667,0.009550370740700207
train,"19770501_Korea National Tourism Organization, New Jersey_Amendment_Amendment.pdf",registrant_name,1.0,1.0,0.92119426,0.9590413,0.9836352858429699,0.9839700424387314
train,"19770501_Korea National Tourism Organization, New Jersey_Amendment_Amendment.pdf",foreign_principle_name,1.0,1.0,0.864827,0.9556707,0.9203232874977497,0.9684202132405968
train,"19770501_Korea National Tourism Organization, New Jersey_Amendment_Amendment.pdf",file_date,0.0,0.0,0.03452165,0.028691446,0.09812787713895249,0.04914179853217011
train,"19770501_Korea National Tourism Organization, New Jersey_Amendment_Amendment.pdf",signer_name,1.0,1.0,0.39933124,0.4192071,0.5597992023404719,0.8116673574650823
train,"19770501_Korea National Tourism Organization, New Jersey_Amendment_Amendment.pdf",signer_title,1.0,1.0,0.6062349,0.71146977,0.9239942278071321,0.9075656543519272
train,"20110912_Picard Kentz _ Rowe, LLP_Amendment_Amendment.pdf",registration_num,0.0,0.0,0.089125134,0.0551745,0.04410304284895627,0.024315711778037576
train,"20110912_Picard Kentz _ Rowe, LLP_Amendment_Amendment.pdf",registrant_name,0.0,0.0,0.599969,0.5861021,0.5071163377400799,0.3646387643248745
train,"20110912_Picard Kentz _ Rowe, LLP_Amendment_Amendment.pdf",foreign_principle_name,1.0,1.0,0.91481483,0.9863871,0.9458320920128139,0.9752673580758735
train,"20110912_Picard Kentz _ Rowe, LLP_Amendment_Amendment.pdf",file_date,1.0,1.0,0.814006,0.88548833,0.8577026814661297,0.8875909626774737
train,"20110912_Picard Kentz _ Rowe, LLP_Amendment_Amendment.pdf",signer_name,1.0,1.0,0.9321845,0.8989331,0.9573023975480459,0.9861834566775068
train,"20110912_Picard Kentz _ Rowe, LLP_Amendment_Amendment.pdf",signer_title,1.0,1.0,0.92804796,0.9845975,0.9548434868786047,0.9684957331363248
train,"19970225_Hill and Knowlton Strategies, LLC_Amendment_Amendment.pdf",registration_num,0.0,0.0,0.09167297,0.05444456,0.03461559748496199,0.02340645177343388
train,"19970225_Hill and Knowlton Strategies, LLC_Amendment_Amendment.pdf",registrant_name,1.0,1.0,0.9083934,0.9488816,0.8320014337936805,0.9694538869042508
train,"19970225_Hill and Knowlton Strategies, LLC_Amendment_Amendment.pdf",foreign_principle_name,0.0,0.0,0.2714514,0.2803492,0.06328879314891045,0.05462886913327916
train,"19970225_Hill and Knowlton Strategies, LLC_Amendment_Amendment.pdf",file_date,0.0,0.0,0.21365245,0.20789123,0.6746567969895175,0.2250460042447583
train,"19970225_Hill and Knowlton Strategies, LLC_Amendment_Amendment.pdf",signer_name,1.0,1.0,0.79437566,0.7235491,0.3864606197934982,0.5736515136561527
train,"19970225_Hill and Knowlton Strategies, LLC_Amendment_Amendment.pdf",signer_title,0.0,0.0,0.053927578,0.051802404,0.022994563242503034,0.008478277361480602
train,"20090608_Picard Kentz _ Rowe, LLP_Amendment_Amendment.pdf",registration_num,1.0,1.0,0.9394247,0.98665637,0.9765702142703503,0.9580333802643235
train,"20090608_Picard Kentz _ Rowe, LLP_Amendment_Amendment.pdf",registrant_name,1.0,1.0,0.9424629,0.9762061,0.8011710186419343,0.903237955721285
train,"20090608_Picard Kentz _ Rowe, LLP_Amendment_Amendment.pdf",foreign_principle_name,1.0,1.0,0.862188,0.9546013,0.9222826519247944,0.9688613306115659
train,"20090608_Picard Kentz _ Rowe, LLP_Amendment_Amendment.pdf",file_date,0.0,0.0,0.10446386,0.06025635,0.13114816044265745,0.014008085436414271
train,"20090608_Picard Kentz _ Rowe, LLP_Amendment_Amendment.pdf",signer_name,1.0,1.0,0.8698268,0.877817,0.7860259891993175,0.8636301687392143
train,"20090608_Picard Kentz _ Rowe, LLP_Amendment_Amendment.pdf",signer_title,0.0,0.0,0.022824373,0.026537573,0.016996174769203783,0.09756745188709103
train,"19920401_JETRO, New York_Dissemination Report_Dissemination Report.pdf",registration_num,1.0,1.0,0.9373379,0.9929506,0.9821687470446935,0.9927761813613668
train,"19920401_JETRO, New York_Dissemination Report_Dissemination Report.pdf",registrant_name,1.0,1.0,0.88874185,0.933144,0.9543594057314657,0.9700056855519296
train,"19920401_JETRO, New York_Dissemination Report_Dissemination Report.pdf",foreign_principle_name,1.0,1.0,0.49390155,0.38215137,0.9229140309808813,0.9385793898204184
train,"19920401_JETRO, New York_Dissemination Report_Dissemination Report.pdf",file_date,1.0,1.0,0.9180705,0.9542902,0.9557756820915112,0.9712573738717165
train,"19920401_JETRO, New York_Dissemination Report_Dissemination Report.pdf",signer_name,1.0,1.0,0.91051024,0.9178119,0.9501888126511049,0.9694910251430519
train,"19920401_JETRO, New York_Dissemination Report_Dissemination Report.pdf",signer_title,1.0,1.0,0.93682706,0.9777109,0.9881539917498694,0.9944764713106783
development,"20161109_Kuykendall, Gregory J., PC_Kuykendall, Gregory_Short-Form.pdf",registration_num,1.0,1.0,0.9485841,0.9871812,0.9633970616162866,0.9547544189291868
development,"20161109_Kuykendall, Gregory J., PC_Kuykendall, Gregory_Short-Form.pdf",registrant_name,0.0,0.0,0.7717694,0.8182783,0.9589897056363308,0.3174363561997238
development,"20161109_Kuykendall, Gregory J., PC_Kuykendall, Gregory_Short-Form.pdf",foreign_principle_name,1.0,1.0,0.20826039,0.2228518,0.03146914503542988,0.3259080335224521
development,"20161109_Kuykendall, Gregory J., PC_Kuykendall, Gregory_Short-Form.pdf",file_date,0.0,1.0,0.94090205,0.9847506,0.8802523821848315,0.9425314377969992
development,"20161109_Kuykendall, Gregory J., PC_Kuykendall, Gregory_Short-Form.pdf",signer_name,0.0,0.0,0.034732234,0.036313012,0.017423413622481444,0.0869370709132922
development,"20161109_Kuykendall, Gregory J., PC_Kuykendall, Gregory_Short-Form.pdf",signer_title,1.0,1.0,0.4118945,0.24113715,0.9048816497476568,0.7163401865912706
development,"20120221_Akin, Gump, Strauss, Hauer _ Feld, LLP_Parven, Scott_Short-Form.pdf",registration_num,1.0,1.0,0.92000103,0.96581924,0.9622847518480496,0.9503327717126535
development,"20120221_Akin, Gump, Strauss, Hauer _ Feld, LLP_Parven, Scott_Short-Form.pdf",registrant_name,0.0,0.0,0.44086948,0.30473572,0.5352644437897885,0.2006942285234017
development,"20120221_Akin, Gump, Strauss, Hauer _ Feld, LLP_Parven, Scott_Short-Form.pdf",foreign_principle_name,1.0,1.0,0.20191386,0.23377399,0.10297959270575409,0.31733589870104695
development,"20120221_Akin, Gump, Strauss, Hauer _ Feld, LLP_Parven, Scott_Short-Form.pdf",file_date,1.0,1.0,0.5839257,0.580671,0.8272639422013147,0.716187365925561
development,"20120221_Akin, Gump, Strauss, Hauer _ Feld, LLP_Parven, Scott_Short-Form.pdf",signer_name,1.0,1.0,0.8298601,0.7295634,0.9532809093683644,0.9911056965517077
development,"20120221_Akin, Gump, Strauss, Hauer _ Feld, LLP_Parven, Scott_Short-Form.pdf",signer_title,0.0,0.0,0.13280624,0.14774191,0.3219438457998023,0.058480903341522165
development,"20170124_K_L Gates, LLP_Gordon, Barton J._Short-Form.pdf",registration_num,1.0,1.0,0.917058,0.9432807,0.9479223571700653,0.7897724451401925
development,"20170124_K_L Gates, LLP_Gordon, Barton J._Short-Form.pdf",registrant_name,0.0,0.0,0.49268746,0.45163107,0.7432229977530861,0.23635771294065738
development,"20170124_K_L Gates, LLP_Gordon, Barton J._Short-Form.pdf",foreign_principle_name,1.0,1.0,0.19789536,0.22109668,0.07356718485668431,0.30606727614939344
development,"20170124_K_L Gates, LLP_Gordon, Barton J._Short-Form.pdf",file_date,1.0,1.0,0.89607894,0.9454211,0.5237495477169293,0.941521327306724
development,"20170124_K_L Gates, LLP_Gordon, Barton J._Short-Form.pdf",signer_name,1.0,1.0,0.89731014,0.78080374,0.9618873721489393,0.9943393303662236
development,"20170124_K_L Gates, LLP_Gordon, Barton J._Short-Form.pdf",signer_title,1.0,1.0,0.39524803,0.22727636,0.9048816497476568,0.7163401865912706
development,"20120529_KOTRA_Choi, Myunglae_Short-Form.pdf",registration_num,1.0,1.0,0.92462826,0.9766143,0.9622847518480496,0.9394668612981689
development,"20120529_KOTRA_Choi, Myunglae_Short-Form.pdf",registrant_name,0.0,0.0,0.5268047,0.44755846,0.7347328239218102,0.28080480083980114
development,"20120529_KOTRA_Choi, Myunglae_Short-Form.pdf",foreign_principle_name,0.0,0.0,0.25644764,0.20666018,0.13898257446377293,0.07558003396864918
development,"20120529_KOTRA_Choi, Myunglae_Short-Form.pdf",file_date,1.0,1.0,0.91106737,0.9526645,0.6951197240598093,0.936293036700465
development,"20120529_KOTRA_Choi, Myunglae_Short-Form.pdf",signer_name,1.0,1.0,0.8191493,0.7922134,0.9480073118079481,0.9944632897583553
development,"20120529_KOTRA_Choi, Myunglae_Short-Form.pdf",signer_title,0.0,0.0,0.025529584,0.03262369,0.01827796577811457,0.08317425408363649
development,"20130917_Daniel J. Edelman, Inc._Tyler, Dorothy M_Short-Form.pdf",registration_num,1.0,1.0,0.9034028,0.9400652,0.9479223571700653,0.9394668612981689
development,"20130917_Daniel J. Edelman, Inc._Tyler, Dorothy M_Short-Form.pdf",registrant_name,1.0,1.0,0.90564585,0.9478984,0.7306430309534047,0.6812344282800222
development,"20130917_Daniel J. Edelman, Inc._Tyler, Dorothy M_Short-Form.pdf",foreign_principle_name,1.0,1.0,0.22973649,0.28088632,0.3989009641609011,0.4600890555351145
development,"20130917_Daniel J. Edelman, Inc._Tyler, Dorothy M_Short-Form.pdf",file_date,0.0,0.0,0.738959,0.79537505,0.6954190467433412,0.45757144928217286
development,"20130917_Daniel J. Edelman, Inc._Tyler, Dorothy M_Short-Form.pdf",signer_name,1.0,1.0,0.8965591,0.8894485,0.9687237554834957,0.9877130456319051
development,"20130917_Daniel J. Edelman, Inc._Tyler, Dorothy M_Short-Form.pdf",signer_title,0.0,0.0,0.049337454,0.05111938,0.01827796577811457,0.11367767088264825
development,"20171129_Muttahida Quami Movement USA_Sattar, Muhammad Farooq_Short-Form.pdf",registration_num,1.0,1.0,0.9161297,0.9478451,0.9528973968564266,0.9502807517419073
development,"20171129_Muttahida Quami Movement USA_Sattar, Muhammad Farooq_Short-Form.pdf",registrant_name,0.0,0.0,0.69414365,0.48926982,0.8923023708239479,0.28077311497738233
development,"20171129_Muttahida Quami Movement USA_Sattar, Muhammad Farooq_Short-Form.pdf",foreign_principle_name,1.0,1.0,0.1617355,0.22168651,0.035062435430950174,0.4137191239987159
development,"20171129_Muttahida Quami Movement USA_Sattar, Muhammad Farooq_Short-Form.pdf",file_date,1.0,1.0,0.567331,0.5683393,0.8272639422013147,0.9377685342858649
development,"20171129_Muttahida Quami Movement USA_Sattar, Muhammad Farooq_Short-Form.pdf",signer_name,1.0,1.0,0.78030664,0.8081767,0.9598622713007582,0.9951003449267205
development,"20171129_Muttahida Quami Movement USA_Sattar, Muhammad Farooq_Short-Form.pdf",signer_title,1.0,1.0,0.33578795,0.18709728,0.6251602422598549,0.36969713014094835
development,"20170727_Levick Strategic Communications, LP_Ricci, Andrew Samuel_Short-Form.pdf",registration_num,1.0,1.0,0.9288659,0.9745344,0.9664608626711954,0.9624090058836994
development,"20170727_Levick Strategic Communications, LP_Ricci, Andrew Samuel_Short-Form.pdf",registrant_name,0.0,0.0,0.6239098,0.5879526,0.8865005773883529,0.1997340962578836
development,"20170727_Levick Strategic Communications, LP_Ricci, Andrew Samuel_Short-Form.pdf",foreign_principle_name,1.0,1.0,0.11932574,0.15464899,0.0243637454137368,0.3565283562284685
development,"20170727_Levick Strategic Communications, LP_Ricci, Andrew Samuel_Short-Form.pdf",file_date,1.0,1.0,0.66804856,0.70550686,0.7870722237703064,0.7091322691238893
development,"20170727_Levick Strategic Communications, LP_Ricci, Andrew Samuel_Short-Form.pdf",signer_name,1.0,1.0,0.87365115,0.82457983,0.9804395490658575,0.9949996809238145
development,"20170727_Levick Strategic Communications, LP_Ricci, Andrew Samuel_Short-Form.pdf",signer_title,0.0,0.0,0.033978604,0.039633885,0.07656081422118823,0.051211448819645324
development,"20110204_World Zionist Organization - American Section, Inc._Israeli, Hasia_Short-Form.pdf",registration_num,1.0,1.0,0.9441799,0.9891094,0.9668715723094613,0.9351303924915677
development,"20110204_World Zionist Organization - American Section, Inc._Israeli, Hasia_Short-Form.pdf",registrant_name,0.0,0.0,0.82770073,0.8278991,0.8902731854524721,0.25008429368902074
development,"20110204_World Zionist Organization - American Section, Inc._Israeli, Hasia_Short-Form.pdf",foreign_principle_name,0.0,0.0,0.09522532,0.09084315,0.018888574175071275,0.06777317462239635
development,"20110204_World Zionist Organization - American Section, Inc._Israeli, Hasia_Short-Form.pdf",file_date,0.0,0.0,0.31498623,0.27834225,0.09525351021938189,0.05050246520893497
development,"20110204_World Zionist Organization - American Section, Inc._Israeli, Hasia_Short-Form.pdf",signer_name,0.0,0.0,0.8552397,0.8117918,0.5943323888930637,0.6230206760994506
development,"20110204_World Zionist Organization - American Section, Inc._Israeli, Hasia_Short-Form.pdf",signer_title,0.0,0.0,0.016364262,0.025112962,0.03716573332648151,0.04391755026237646
development,"20131203_Commonwealth of Dominica Maritime Registry, Inc._Yibo, Zhou_Short-Form.pdf",registration_num,1.0,1.0,0.94965935,0.98536474,0.9633970616162866,0.9547544189291868
development,"20131203_Commonwealth of Dominica Maritime Registry, Inc._Yibo, Zhou_Short-Form.pdf",registrant_name,0.0,0.0,0.23873022,0.1361991,0.2110248773624012,0.01146328390599601
development,"20131203_Commonwealth of Dominica Maritime Registry, Inc._Yibo, Zhou_Short-Form.pdf",foreign_principle_name,1.0,1.0,0.16214916,0.17387114,0.081496961277607,0.202568212428013
development,"20131203_Commonwealth of Dominica Maritime Registry, Inc._Yibo, Zhou_Short-Form.pdf",file_date,1.0,1.0,0.9422177,0.96604073,0.7612936354909513,0.9680024736616222
development,"20131203_Commonwealth of Dominica Maritime Registry, Inc._Yibo, Zhou_Short-Form.pdf",signer_name,1.0,1.0,0.40742427,0.27958918,0.8642694710266687,0.6354264263685043
development,"20131203_Commonwealth of Dominica Maritime Registry, Inc._Yibo, Zhou_Short-Form.pdf",signer_title,1.0,1.0,0.7864052,0.7809446,0.9632425650086376,0.9668764951980974
development,"20110713_Squire Patton Boggs, LLP_Frideres, Taryn F._Short-Form.pdf",registration_num,1.0,1.0,0.93511856,0.97221565,0.9600908405395433,0.9547544189291868
development,"20110713_Squire Patton Boggs, LLP_Frideres, Taryn F._Short-Form.pdf",registrant_name,0.0,0.0,0.53572595,0.45048818,0.6977118713397343,0.11129619768504555
development,"20110713_Squire Patton Boggs, LLP_Frideres, Taryn F._Short-Form.pdf",foreign_principle_name,0.0,0.0,0.24518164,0.28114834,0.08254539786118435,0.2663448919798308
development,"20110713_Squire Patton Boggs, LLP_Frideres, Taryn F._Short-Form.pdf",file_date,1.0,1.0,0.8754531,0.908834,0.807162875047515,0.6225392678434423
development,"20110713_Squire Patton Boggs, LLP_Frideres, Taryn F._Short-Form.pdf",signer_name,0.0,0.0,0.19834629,0.11185738,0.11551794173916531,0.1108078351169152
development,"20110713_Squire Patton Boggs, LLP_Frideres, Taryn F._Short-Form.pdf",signer_title,0.0,0.0,0.110959455,0.09264005,0.028715541525406067,0.11697549849834202
development,"20180615_Alcalde _ Fay_Alcalde, Hector_Short-Form.pdf",registration_num,1.0,1.0,0.91074353,0.9377136,0.9600908405395433,0.8110292456555935
development,"20180615_Alcalde _ Fay_Alcalde, Hector_Short-Form.pdf",registrant_name,1.0,1.0,0.76089185,0.83197594,0.7543115317870908,0.9430509353899329
development,"20180615_Alcalde _ Fay_Alcalde, Hector_Short-Form.pdf",foreign_principle_name,0.0,0.0,0.31772333,0.29233736,0.20000402728594224,0.11796747768764403
development,"20180615_Alcalde _ Fay_Alcalde, Hector_Short-Form.pdf",file_date,0.0,1.0,0.8053118,0.856071,0.7631505593266903,0.6843418721209573
development,"20180615_Alcalde _ Fay_Alcalde, Hector_Short-Form.pdf",signer_name,0.0,0.0,0.17006281,0.13689123,0.5617871166878244,0.12489552309736777
development,"20180615_Alcalde _ Fay_Alcalde, Hector_Short-Form.pdf",signer_title,0.0,0.0,0.124065556,0.12936361,0.23517241049979426,0.058480903341522165
development,"20160531_Burson-Marsteller, LLC (Washington, DC)_Gaines, Jeremy_Short-Form.pdf",registration_num,0.0,0.0,0.15260342,0.19728756,0.013456492803957264,0.38749290547903076
development,"20160531_Burson-Marsteller, LLC (Washington, DC)_Gaines, Jeremy_Short-Form.pdf",registrant_name,1.0,1.0,0.816349,0.8955523,0.8522787258093446,0.6311496002152591
development,"20160531_Burson-Marsteller, LLC (Washington, DC)_Gaines, Jeremy_Short-Form.pdf",foreign_principle_name,1.0,1.0,0.265806,0.22803411,0.22157286951178298,0.14088680041298818
development,"20160531_Burson-Marsteller, LLC (Washington, DC)_Gaines, Jeremy_Short-Form.pdf",file_date,1.0,1.0,0.6579125,0.7282373,0.6631030926467821,0.6829094694994465
development,"20160531_Burson-Marsteller, LLC (Washington, DC)_Gaines, Jeremy_Short-Form.pdf",signer_name,1.0,1.0,0.88787425,0.89708436,0.271747050236184,0.8950688272417395
development,"20160531_Burson-Marsteller, LLC (Washington, DC)_Gaines, Jeremy_Short-Form.pdf",signer_title,0.0,0.0,0.08033274,0.07449587,0.028715541525406067,0.11697549849834202
development,"20120327_Caribbean Tourism Organization, USA Inc. _Bramble, Sylma Brown_Short-Form.pdf",registration_num,1.0,1.0,0.9322461,0.9800726,0.9606047839060012,0.955965534618787
development,"20120327_Caribbean Tourism Organization, USA Inc. _Bramble, Sylma Brown_Short-Form.pdf",registrant_name,1.0,1.0,0.78338593,0.87176687,0.6774671456529751,0.7713215230712297
development,"20120327_Caribbean Tourism Organization, USA Inc. _Bramble, Sylma Brown_Short-Form.pdf",foreign_principle_name,1.0,1.0,0.7360155,0.8614629,0.8677449443240421,0.8149205602026254
development,"20120327_Caribbean Tourism Organization, USA Inc. _Bramble, Sylma Brown_Short-Form.pdf",file_date,0.0,0.0,0.93457204,0.98196566,0.854870784101018,0.950700871002413
development,"20120327_Caribbean Tourism Organization, USA Inc. _Bramble, Sylma Brown_Short-Form.pdf",signer_name,1.0,1.0,0.6394315,0.70723486,0.8614310320553956,0.6930091015567689
development,"20120327_Caribbean Tourism Organization, USA Inc. _Bramble, Sylma Brown_Short-Form.pdf",signer_title,1.0,1.0,0.8676009,0.9557791,0.946500404047249,0.9122823730869747
development,"20180608_Polish Chamber of Commerce in the US_Olchawa, Maciej_Short-Form.pdf",registration_num,1.0,1.0,0.9341518,0.96460545,0.9622847518480496,0.9394668612981689
development,"20180608_Polish Chamber of Commerce in the US_Olchawa, Maciej_Short-Form.pdf",registrant_name,1.0,1.0,0.806608,0.9253915,0.7758922768034062,0.7143248088415901
development,"20180608_Polish Chamber of Commerce in the US_Olchawa, Maciej_Short-Form.pdf",foreign_principle_name,1.0,1.0,0.377461,0.44307193,0.7839398674826871,0.6364957649372375
development,"20180608_Polish Chamber of Commerce in the US_Olchawa, Maciej_Short-Form.pdf",file_date,0.0,0.0,0.41477293,0.41943854,0.6977284218368085,0.6001221156423981
development,"20180608_Polish Chamber of Commerce in the US_Olchawa, Maciej_Short-Form.pdf",signer_name,1.0,1.0,0.8894246,0.90539837,0.9618873721489393,0.9943393303662236
development,"20180608_Polish Chamber of Commerce in the US_Olchawa, Maciej_Short-Form.pdf",signer_title,1.0,1.0,0.19133362,0.101407155,0.7129707802908037,0.48277998435164315
development,"20161031_MSLGROUP Americas, Inc._Young, Paul_Short-Form.pdf",registration_num,1.0,1.0,0.9262854,0.9631704,0.965937038694152,0.9624090058836994
development,"20161031_MSLGROUP Americas, Inc._Young, Paul_Short-Form.pdf",registrant_name,0.0,0.0,0.54803145,0.43191472,0.6013184551374384,0.05234639898423737
development,"20161031_MSLGROUP Americas, Inc._Young, Paul_Short-Form.pdf",foreign_principle_name,1.0,1.0,0.23780784,0.25196338,0.15954669302014365,0.4297598774845503
development,"20161031_MSLGROUP Americas, Inc._Young, Paul_Short-Form.pdf",file_date,0.0,0.0,0.81529874,0.8551342,0.8115636921101467,0.6223598142284111
development,"20161031_MSLGROUP Americas, Inc._Young, Paul_Short-Form.pdf",signer_name,0.0,0.0,0.22392395,0.13594766,0.7463513604465682,0.24124668993568482
development,"20161031_MSLGROUP Americas, Inc._Young, Paul_Short-Form.pdf",signer_title,0.0,0.0,0.08152828,0.09111132,0.11633659858127712,0.08889948753288919
development,"20100803_BLJ Worldwide LTD_Sirota, Alexandra_Short-Form.pdf",registration_num,1.0,1.0,0.93597317,0.9824594,0.9648836645444822,0.9516423792309445
development,"20100803_BLJ Worldwide LTD_Sirota, Alexandra_Short-Form.pdf",registrant_name,0.0,0.0,0.7616134,0.7428454,0.8028479192347352,0.09630218440784429
development,"20100803_BLJ Worldwide LTD_Sirota, Alexandra_Short-Form.pdf",foreign_principle_name,1.0,1.0,0.32507497,0.42227945,0.23009910277092954,0.2853729491933027
development,"20100803_BLJ Worldwide LTD_Sirota, Alexandra_Short-Form.pdf",file_date,0.0,0.0,0.18762766,0.25333005,0.3012825177318131,0.09072979299831016
development,"20100803_BLJ Worldwide LTD_Sirota, Alexandra_Short-Form.pdf",signer_name,0.0,0.0,0.08714073,0.052591443,0.19771039154469142,0.11045361892623998
development,"20100803_BLJ Worldwide LTD_Sirota, Alexandra_Short-Form.pdf",signer_title,0.0,0.0,0.064824656,0.0617267,0.15674369086252513,0.04691460629264199
development,"20151130_KOTRA_Kim, Myongsoo_Short-Form.pdf",registration_num,1.0,1.0,0.9315755,0.98120767,0.9654570975234427,0.9547544189291868
development,"20151130_KOTRA_Kim, Myongsoo_Short-Form.pdf",registrant_name,0.0,0.0,0.68076384,0.7101188,0.7663215796682984,0.1368593837990637
development,"20151130_KOTRA_Kim, Myongsoo_Short-Form.pdf",foreign_principle_name,0.0,0.0,0.15509146,0.13727711,0.03172985933222604,0.023105577015162238
development,"20151130_KOTRA_Kim, Myongsoo_Short-Form.pdf",file_date,1.0,1.0,0.90233976,0.9444932,0.5413196419722094,0.9458873352990614
development,"20151130_KOTRA_Kim, Myongsoo_Short-Form.pdf",signer_name,1.0,1.0,0.84682286,0.8816967,0.8624833477930656,0.9695078624004965
development,"20151130_KOTRA_Kim, Myongsoo_Short-Form.pdf",signer_title,1.0,1.0,0.45600072,0.2780463,0.9184906493956815,0.7144251785316367
development,"20171121_KOTRA_Kim, Hansoo_Short-Form.pdf",registration_num,1.0,1.0,0.93763703,0.98583347,0.9666840237022061,0.9581113553215114
development,"20171121_KOTRA_Kim, Hansoo_Short-Form.pdf",registrant_name,0.0,0.0,0.73789346,0.76885885,0.8517864765145754,0.22627268361570052
development,"20171121_KOTRA_Kim, Hansoo_Short-Form.pdf",foreign_principle_name,0.0,0.0,0.34717193,0.27544135,0.2591933961887218,0.09303873041632267
development,"20171121_KOTRA_Kim, Hansoo_Short-Form.pdf",file_date,0.0,0.0,0.7618767,0.8505808,0.7284630551308764,0.6425119680438224
development,"20171121_KOTRA_Kim, Hansoo_Short-Form.pdf",signer_name,1.0,1.0,0.87346494,0.8632825,0.9080500703844498,0.9727021295111208
development,"20171121_KOTRA_Kim, Hansoo_Short-Form.pdf",signer_title,0.0,0.0,0.044122405,0.047573246,0.01827796577811457,0.08317425408363649
development,"20170925_White _ Case LLP_Levin, Daniel_Short-Form.pdf",registration_num,1.0,1.0,0.94698125,0.984063,0.9670929278149728,0.9547544189291868
development,"20170925_White _ Case LLP_Levin, Daniel_Short-Form.pdf",registrant_name,0.0,0.0,0.57949364,0.5798225,0.5304995273345098,0.12400739134896978
development,"20170925_White _ Case LLP_Levin, Daniel_Short-Form.pdf",foreign_principle_name,1.0,1.0,0.187027,0.19093044,0.1179406819839762,0.23333315810135727
development,"20170925_White _ Case LLP_Levin, Daniel_Short-Form.pdf",file_date,1.0,1.0,0.5526031,0.5808808,0.8272639422013147,0.716187365925561
development,"20170925_White _ Case LLP_Levin, Daniel_Short-Form.pdf",signer_name,1.0,1.0,0.8785752,0.8496044,0.9335548396406194,0.9824917530809927
development,"20170925_White _ Case LLP_Levin, Daniel_Short-Form.pdf",signer_title,0.0,0.0,0.14240524,0.1399129,0.07656081422118823,0.272097132455816
development,"20140820_Malaysian Palm Oil Council (f-k-a American Palm Oil Council)_Husin, Norhaznita Binti_Short-Form.pdf",registration_num,1.0,1.0,0.9350499,0.9638972,0.9479223571700653,0.9394668612981689
development,"20140820_Malaysian Palm Oil Council (f-k-a American Palm Oil Council)_Husin, Norhaznita Binti_Short-Form.pdf",registrant_name,0.0,0.0,0.65444374,0.55694455,0.8533492832428724,0.3396971885808156
development,"20140820_Malaysian Palm Oil Council (f-k-a American Palm Oil Council)_Husin, Norhaznita Binti_Short-Form.pdf",foreign_principle_name,1.0,1.0,0.24202132,0.31758943,0.14551662341862304,0.37085519924948473
development,"20140820_Malaysian Palm Oil Council (f-k-a American Palm Oil Council)_Husin, Norhaznita Binti_Short-Form.pdf",file_date,1.0,1.0,0.92067844,0.96269643,0.45189186098183026,0.937495034894369
development,"20140820_Malaysian Palm Oil Council (f-k-a American Palm Oil Council)_Husin, Norhaznita Binti_Short-Form.pdf",signer_name,1.0,1.0,0.8839102,0.890827,0.9705249896544897,0.9935543413601204
development,"20140820_Malaysian Palm Oil Council (f-k-a American Palm Oil Council)_Husin, Norhaznita Binti_Short-Form.pdf",signer_title,1.0,1.0,0.37828568,0.21524596,0.8328144096374782,0.5688580144388238
development,"20171010_MSLGROUP Americas, Inc._Harper, Clinton L._Short-Form.pdf",registration_num,0.0,0.0,0.12265728,0.06759268,0.049388858130869746,0.02206693394002922
development,"20171010_MSLGROUP Americas, Inc._Harper, Clinton L._Short-Form.pdf",registrant_name,0.0,0.0,0.8583881,0.8889326,0.8696376345512945,0.39890661628108404
development,"20171010_MSLGROUP Americas, Inc._Harper, Clinton L._Short-Form.pdf",foreign_principle_name,1.0,1.0,0.28757468,0.29881677,0.08196250827643674,0.40245948329376313
development,"20171010_MSLGROUP Americas, Inc._Harper, Clinton L._Short-Form.pdf",file_date,1.0,1.0,0.9463352,0.98398846,0.8704103586466388,0.9378644392757224
development,"20171010_MSLGROUP Americas, Inc._Harper, Clinton L._Short-Form.pdf",signer_name,1.0,1.0,0.4725706,0.4266947,0.4957673732949789,0.32030741092096665
development,"20171010_MSLGROUP Americas, Inc._Harper, Clinton L._Short-Form.pdf",signer_title,1.0,1.0,0.87182266,0.9571441,0.9474236420811407,0.9371168218405282
development,"20130513_Commonwealth of Dominica Maritime Registry, Inc._Kaya, Yusuf_Short-Form.pdf",registration_num,0.0,0.0,0.081082046,0.07782057,0.006953370971711849,0.00977486449980966
development,"20130513_Commonwealth of Dominica Maritime Registry, Inc._Kaya, Yusuf_Short-Form.pdf",registrant_name,0.0,0.0,0.65844274,0.6966634,0.7082373074832545,0.11165229810843182
development,"20130513_Commonwealth of Dominica Maritime Registry, Inc._Kaya, Yusuf_Short-Form.pdf",foreign_principle_name,1.0,1.0,0.16779983,0.1804498,0.081496961277607,0.2493806111081507
development,"20130513_Commonwealth of Dominica Maritime Registry, Inc._Kaya, Yusuf_Short-Form.pdf",file_date,0.0,0.0,0.093988724,0.07038538,0.1350136678883459,0.29829436090868194
development,"20130513_Commonwealth of Dominica Maritime Registry, Inc._Kaya, Yusuf_Short-Form.pdf",signer_name,0.0,0.0,0.030523818,0.03587984,0.11420782924414186,0.048328197052016804
development,"20130513_Commonwealth of Dominica Maritime Registry, Inc._Kaya, Yusuf_Short-Form.pdf",signer_title,0.0,0.0,0.24354629,0.12049887,0.7772614744041039,0.44200147621913505
development,"20100514_Hill and Knowlton Strategies, LLC_Kaiser, Christina_Short-Form.pdf",registration_num,1.0,1.0,0.9250429,0.98302394,0.960032572134357,0.9580177659190234
development,"20100514_Hill and Knowlton Strategies, LLC_Kaiser, Christina_Short-Form.pdf",registrant_name,0.0,0.0,0.34400064,0.2807837,0.7420910792796784,0.07900064252317536
development,"20100514_Hill and Knowlton Strategies, LLC_Kaiser, Christina_Short-Form.pdf",foreign_principle_name,0.0,0.0,0.126971,0.0963413,0.17307687803761257,0.20631678386020633
development,"20100514_Hill and Knowlton Strategies, LLC_Kaiser, Christina_Short-Form.pdf",file_date,0.0,0.0,0.15316263,0.096014075,0.08914855587840344,0.04101074436733928
development,"20100514_Hill and Knowlton Strategies, LLC_Kaiser, Christina_Short-Form.pdf",signer_name,0.0,0.0,0.16954915,0.10166875,0.8096581672460258,0.31790221594311596
development,"20100514_Hill and Knowlton Strategies, LLC_Kaiser, Christina_Short-Form.pdf",signer_title,0.0,0.0,0.081782416,0.09012999,0.032220943455055044,0.04165315100239751
development,"20091202_MSLGROUP Americas, Inc._Moore, W. John_Short-Form.pdf",registration_num,0.0,0.0,0.13925843,0.07193829,0.03723472156895887,0.02619218629913462
development,"20091202_MSLGROUP Americas, Inc._Moore, W. John_Short-Form.pdf",registrant_name,0.0,0.0,0.6032329,0.60782415,0.7876504460705661,0.1098795715443533
development,"20091202_MSLGROUP Americas, Inc._Moore, W. John_Short-Form.pdf",foreign_principle_name,1.0,1.0,0.13087498,0.10315742,0.1881109391027343,0.2105490842216444
development,"20091202_MSLGROUP Americas, Inc._Moore, W. John_Short-Form.pdf",file_date,0.0,0.0,0.38523263,0.24062891,0.39593182903335833,0.18240201549319793
development,"20091202_MSLGROUP Americas, Inc._Moore, W. John_Short-Form.pdf",signer_name,0.0,0.0,0.04168459,0.03273011,0.10400072061743124,0.043527963040622876
development,"20091202_MSLGROUP Americas, Inc._Moore, W. John_Short-Form.pdf",signer_title,0.0,0.0,0.017379008,0.01950204,0.06932567348853695,0.08835368988072208
development,"20120207_Daniel J. Edelman, Inc._Fiedler, Elizabeth_Short-Form.pdf",registration_num,1.0,1.0,0.8941827,0.898631,0.9434140560757194,0.9407540607014993
development,"20120207_Daniel J. Edelman, Inc._Fiedler, Elizabeth_Short-Form.pdf",registrant_name,1.0,1.0,0.9004877,0.9428773,0.7876504460705661,0.5928796967521213
development,"20120207_Daniel J. Edelman, Inc._Fiedler, Elizabeth_Short-Form.pdf",foreign_principle_name,1.0,1.0,0.2402462,0.3013001,0.7761964390087835,0.7730071999936194
development,"20120207_Daniel J. Edelman, Inc._Fiedler, Elizabeth_Short-Form.pdf",file_date,1.0,1.0,0.8460485,0.84325665,0.5624067850236484,0.8973726261424781
development,"20120207_Daniel J. Edelman, Inc._Fiedler, Elizabeth_Short-Form.pdf",signer_name,1.0,1.0,0.83443534,0.7099192,0.9665044788593656,0.9875657143146052
development,"20120207_Daniel J. Edelman, Inc._Fiedler, Elizabeth_Short-Form.pdf",signer_title,1.0,1.0,0.39878377,0.23905197,0.9048816497476568,0.743217527959675
development,"20110311_MSLGROUP Americas, Inc._Silverman, Nicole_Short-Form.pdf",registration_num,0.0,0.0,0.11124434,0.087044924,0.010996508977788234,0.07180682467522145
development,"20110311_MSLGROUP Americas, Inc._Silverman, Nicole_Short-Form.pdf",registrant_name,1.0,1.0,0.7662613,0.74971515,0.8963955497766498,0.2980255115809873
development,"20110311_MSLGROUP Americas, Inc._Silverman, Nicole_Short-Form.pdf",foreign_principle_name,0.0,0.0,0.1367837,0.104707025,0.16336883146961628,0.03390567118867368
development,"20110311_MSLGROUP Americas, Inc._Silverman, Nicole_Short-Form.pdf",file_date,0.0,0.0,0.3564963,0.47345972,0.14091423247828413,0.12540785453409864
development,"20110311_MSLGROUP Americas, Inc._Silverman, Nicole_Short-Form.pdf",signer_name,0.0,0.0,0.109299205,0.0767311,0.3814231942538378,0.13113800729111563
development,"20110311_MSLGROUP Americas, Inc._Silverman, Nicole_Short-Form.pdf",signer_title,0.0,0.0,0.057891794,0.057368062,0.12777908664569587,0.04388985630469183
development,"20140210_Podesta Group, Inc._Kirsch, Steven_Short-Form.pdf",registration_num,1.0,1.0,0.9294952,0.97011536,0.9479223571700653,0.9394668612981689
development,"20140210_Podesta Group, Inc._Kirsch, Steven_Short-Form.pdf",registrant_name,1.0,1.0,0.89675057,0.9079736,0.6588322920259094,0.7656143510238868
development,"20140210_Podesta Group, Inc._Kirsch, Steven_Short-Form.pdf",foreign_principle_name,0.0,0.0,0.27124885,0.25018477,0.5364996663907413,0.4273361330226074
development,"20140210_Podesta Group, Inc._Kirsch, Steven_Short-Form.pdf",file_date,0.0,0.0,0.7400855,0.7558489,0.7518396555939884,0.6953278636365179
development,"20140210_Podesta Group, Inc._Kirsch, Steven_Short-Form.pdf",signer_name,0.0,0.0,0.8544091,0.8875953,0.8780909277141793,0.9677034270545157
development,"20140210_Podesta Group, Inc._Kirsch, Steven_Short-Form.pdf",signer_title,1.0,1.0,0.4485109,0.270003,0.9206620491716208,0.7163401865912706
development,"20090731_Hill and Knowlton Strategies, LLC_Cuneo, Andrew_Short-Form.pdf",registration_num,1.0,1.0,0.51355356,0.6345216,0.5840841533643168,0.5934127972884655
development,"20090731_Hill and Knowlton Strategies, LLC_Cuneo, Andrew_Short-Form.pdf",registrant_name,0.0,0.0,0.67579937,0.684327,0.7628676823579222,0.11173008648502136
development,"20090731_Hill and Knowlton Strategies, LLC_Cuneo, Andrew_Short-Form.pdf",foreign_principle_name,1.0,1.0,0.21508381,0.1840466,0.05968163695459296,0.34095777708507546
development,"20090731_Hill and Knowlton Strategies, LLC_Cuneo, Andrew_Short-Form.pdf",file_date,0.0,0.0,0.23978417,0.28740925,0.40946806171799,0.07463844179304298
development,"20090731_Hill and Knowlton Strategies, LLC_Cuneo, Andrew_Short-Form.pdf",signer_name,0.0,0.0,0.8071135,0.81207293,0.22148211881683555,0.20681975780268916
development,"20090731_Hill and Knowlton Strategies, LLC_Cuneo, Andrew_Short-Form.pdf",signer_title,0.0,0.0,0.0031811863,0.0062694303,0.01827796577811457,0.08317425408363649
development,"20130130_JETRO, Atlanta_Kimura, Keiichi_Short-Form.pdf",registration_num,1.0,1.0,0.9276184,0.9715997,0.9622847518480496,0.9503327717126535
development,"20130130_JETRO, Atlanta_Kimura, Keiichi_Short-Form.pdf",registrant_name,1.0,1.0,0.7516348,0.82574874,0.41420685979564,0.5123357545920729
development,"20130130_JETRO, Atlanta_Kimura, Keiichi_Short-Form.pdf",foreign_principle_name,1.0,1.0,0.2140893,0.29047224,0.040800998353894245,0.3355632087051181
development,"20130130_JETRO, Atlanta_Kimura, Keiichi_Short-Form.pdf",file_date,1.0,1.0,0.52331984,0.59576523,0.6385998162413666,0.5929442666020589
development,"20130130_JETRO, Atlanta_Kimura, Keiichi_Short-Form.pdf",signer_name,1.0,1.0,0.88180894,0.88033503,0.9618873721489393,0.9943393303662236
development,"20130130_JETRO, Atlanta_Kimura, Keiichi_Short-Form.pdf",signer_title,0.0,0.0,0.55098593,0.5005051,0.9701165610052421,0.9255981194763753
development,"20100715_Hill and Knowlton Strategies, LLC_Goldberg, Judy_Short-Form.pdf",registration_num,1.0,1.0,0.915184,0.9843448,0.9628716717265104,0.9580177659190234
development,"20100715_Hill and Knowlton Strategies, LLC_Goldberg, Judy_Short-Form.pdf",registrant_name,1.0,1.0,0.89303875,0.9340583,0.8053693236944827,0.7653793732331368
development,"20100715_Hill and Knowlton Strategies, LLC_Goldberg, Judy_Short-Form.pdf",foreign_principle_name,0.0,0.0,0.2907658,0.29884198,0.03655430818207936,0.3592401193372232
development,"20100715_Hill and Knowlton Strategies, LLC_Goldberg, Judy_Short-Form.pdf",file_date,0.0,0.0,0.1519504,0.089100674,0.4707737841343797,0.13749917835704767
development,"20100715_Hill and Knowlton Strategies, LLC_Goldberg, Judy_Short-Form.pdf",signer_name,1.0,1.0,0.84887,0.8412304,0.8429879426746303,0.970970619892085
development,"20100715_Hill and Knowlton Strategies, LLC_Goldberg, Judy_Short-Form.pdf",signer_title,0.0,0.0,0.08513911,0.06355421,0.2209269163476764,0.03969229113234137
development,"20090925_Podesta Group, Inc._Lawrence, Jessica_Short-Form.pdf",registration_num,1.0,1.0,0.9418632,0.9845151,0.9666840237022061,0.9611424366071641
development,"20090925_Podesta Group, Inc._Lawrence, Jessica_Short-Form.pdf",registrant_name,1.0,1.0,0.92927325,0.9569832,0.7993839363915214,0.6893874597070123
development,"20090925_Podesta Group, Inc._Lawrence, Jessica_Short-Form.pdf",foreign_principle_name,0.0,0.0,0.44538665,0.48734093,0.2139071890611267,0.39387948669968603
development,"20090925_Podesta Group, Inc._Lawrence, Jessica_Short-Form.pdf",file_date,0.0,0.0,0.25478205,0.15700373,0.4205237334300416,0.13838719427661372
development,"20090925_Podesta Group, Inc._Lawrence, Jessica_Short-Form.pdf",signer_name,0.0,0.0,0.16782881,0.114477,0.7322777552447576,0.18293972617227436
development,"20090925_Podesta Group, Inc._Lawrence, Jessica_Short-Form.pdf",signer_title,0.0,0.0,0.102041885,0.12261411,0.0821227927156181,0.04011831114654086
development,"20081223_Hill and Knowlton Strategies, LLC_Stewart, Hanna Ella_Short-Form.pdf",registration_num,1.0,1.0,0.9012972,0.9543565,0.9600908405395433,0.981840987758055
development,"20081223_Hill and Knowlton Strategies, LLC_Stewart, Hanna Ella_Short-Form.pdf",registrant_name,0.0,0.0,0.37584537,0.26992065,0.8003526947439774,0.25569524268133303
development,"20081223_Hill and Knowlton Strategies, LLC_Stewart, Hanna Ella_Short-Form.pdf",foreign_principle_name,1.0,1.0,0.3221606,0.3328511,0.08083184534290509,0.2518246525237436
development,"20081223_Hill and Knowlton Strategies, LLC_Stewart, Hanna Ella_Short-Form.pdf",file_date,1.0,1.0,0.8416365,0.8724763,0.7509335629524172,0.9414403559499543
development,"20081223_Hill and Knowlton Strategies, LLC_Stewart, Hanna Ella_Short-Form.pdf",signer_name,1.0,1.0,0.7616971,0.622639,0.9637447833172406,0.9951147289408755
development,"20081223_Hill and Knowlton Strategies, LLC_Stewart, Hanna Ella_Short-Form.pdf",signer_title,1.0,1.0,0.60952413,0.45346728,0.904921954455299,0.6830596610261267
development,"20100803_BLJ Worldwide LTD_Karr, Valerie_Short-Form.pdf",registration_num,1.0,1.0,0.94652003,0.9800866,0.9648836645444822,0.9611424366071641
development,"20100803_BLJ Worldwide LTD_Karr, Valerie_Short-Form.pdf",registrant_name,0.0,0.0,0.3484443,0.34100437,0.5565365720667442,0.045349697735405224
development,"20100803_BLJ Worldwide LTD_Karr, Valerie_Short-Form.pdf",foreign_principle_name,0.0,0.0,0.2501959,0.28493994,0.11948877084031298,0.24952500027265556
development,"20100803_BLJ Worldwide LTD_Karr, Valerie_Short-Form.pdf",file_date,0.0,0.0,0.15806118,0.18978263,0.2681213418150068,0.085922345802388
development,"20100803_BLJ Worldwide LTD_Karr, Valerie_Short-Form.pdf",signer_name,0.0,0.0,0.11543306,0.06404696,0.3986102827093594,0.13468774190083918
development,"20100803_BLJ Worldwide LTD_Karr, Valerie_Short-Form.pdf",signer_title,0.0,0.0,0.089742556,0.084820196,0.2581542234355737,0.06705804995394216
development,"20090420_Podesta Group, Inc._Podesta, Anthony T._Short-Form.pdf",registration_num,0.0,0.0,0.5813487,0.28978974,0.43722915621056063,0.24403662720524308
development,"20090420_Podesta Group, Inc._Podesta, Anthony T._Short-Form.pdf",registrant_name,1.0,1.0,0.9470135,0.96773577,0.8287956610397307,0.7468686156485048
development,"20090420_Podesta Group, Inc._Podesta, Anthony T._Short-Form.pdf",foreign_principle_name,1.0,1.0,0.35236326,0.4325037,0.260732945193101,0.4426265695201807
development,"20090420_Podesta Group, Inc._Podesta, Anthony T._Short-Form.pdf",file_date,0.0,0.0,0.15967962,0.11610939,0.06483279028978023,0.33285001106541473
development,"20090420_Podesta Group, Inc._Podesta, Anthony T._Short-Form.pdf",signer_name,0.0,0.0,0.10971607,0.06878928,0.0273082270057806,0.03944012098872497
development,"20090420_Podesta Group, Inc._Podesta, Anthony T._Short-Form.pdf",signer_title,0.0,0.0,0.027862644,0.031584103,0.05579298577863185,0.02337470945782728
development,"20180705_Luque PLLC_Luque, Anibal_Short-Form.pdf",registration_num,1.0,1.0,0.92070806,0.9310835,0.9633970616162866,0.6399286866343695
development,"20180705_Luque PLLC_Luque, Anibal_Short-Form.pdf",registrant_name,0.0,0.0,0.4008748,0.2622424,0.6413728679073398,0.239921580167466
development,"20180705_Luque PLLC_Luque, Anibal_Short-Form.pdf",foreign_principle_name,0.0,0.0,0.2772538,0.34603286,0.13063748776876785,0.3008783555739401
development,"20180705_Luque PLLC_Luque, Anibal_Short-Form.pdf",file_date,0.0,0.0,0.6944993,0.7594827,0.7016186648945414,0.577603252719441
development,"20180705_Luque PLLC_Luque, Anibal_Short-Form.pdf",signer_name,1.0,1.0,0.81512845,0.83278304,0.9525369496764164,0.9834702263190703
development,"20180705_Luque PLLC_Luque, Anibal_Short-Form.pdf",signer_title,0.0,0.0,0.12693888,0.14349498,0.24149208187144147,0.054707961766926196
development,"20120907_Korea National Tourism Organization, New Jersey_Hong, Junghee_Short-Form.pdf",registration_num,1.0,1.0,0.9216572,0.97593135,0.9600908405395433,0.9541056012348166
development,"20120907_Korea National Tourism Organization, New Jersey_Hong, Junghee_Short-Form.pdf",registrant_name,1.0,1.0,0.79915416,0.84622574,0.7586035498271263,0.616300290734413
development,"20120907_Korea National Tourism Organization, New Jersey_Hong, Junghee_Short-Form.pdf",foreign_principle_name,0.0,0.0,0.20629041,0.16737843,0.1470016305301372,0.10999851010609034
development,"20120907_Korea National Tourism Organization, New Jersey_Hong, Junghee_Short-Form.pdf",file_date,1.0,1.0,0.762926,0.79747564,0.6657304317268232,0.6425119680438224
development,"20120907_Korea National Tourism Organization, New Jersey_Hong, Junghee_Short-Form.pdf",signer_name,1.0,1.0,0.8824574,0.92117053,0.9561340247675042,0.9915542489032422
development,"20120907_Korea National Tourism Organization, New Jersey_Hong, Junghee_Short-Form.pdf",signer_title,0.0,0.0,0.13909724,0.15041138,0.3219438457998023,0.058480903341522165
development,"20180508_Southern Transitional Council (US), Ltd._Mused, Abdulsalam K._Short-Form.pdf",registration_num,1.0,1.0,0.93704736,0.97459763,0.9633970616162866,0.6789879394288746
development,"20180508_Southern Transitional Council (US), Ltd._Mused, Abdulsalam K._Short-Form.pdf",registrant_name,0.0,0.0,0.462289,0.43416104,0.8475190523898263,0.10266573802553734
development,"20180508_Southern Transitional Council (US), Ltd._Mused, Abdulsalam K._Short-Form.pdf",foreign_principle_name,0.0,0.0,0.32696348,0.3653046,0.027911353361441307,0.058558913461391804
development,"20180508_Southern Transitional Council (US), Ltd._Mused, Abdulsalam K._Short-Form.pdf",file_date,0.0,0.0,0.8055647,0.8278267,0.7788706040900402,0.6092274522539578
development,"20180508_Southern Transitional Council (US), Ltd._Mused, Abdulsalam K._Short-Form.pdf",signer_name,0.0,0.0,0.048359465,0.040672522,0.28911525892593465,0.08469954660742855
development,"20180508_Southern Transitional Council (US), Ltd._Mused, Abdulsalam K._Short-Form.pdf",signer_title,0.0,0.0,0.17894277,0.215379,0.25120989470428373,0.1887867055090657
development,"20180227_Sonoran Policy Group, LLC_Bourge, Christian_Short-Form.pdf",registration_num,1.0,1.0,0.93616664,0.9703711,0.8594129660384138,0.9469223347662161
development,"20180227_Sonoran Policy Group, LLC_Bourge, Christian_Short-Form.pdf",registrant_name,0.0,0.0,0.6225364,0.5894902,0.8488212287224701,0.42077739574469186
development,"20180227_Sonoran Policy Group, LLC_Bourge, Christian_Short-Form.pdf",foreign_principle_name,0.0,0.0,0.039676905,0.044151854,0.02520952405725753,0.023172518285648227
development,"20180227_Sonoran Policy Group, LLC_Bourge, Christian_Short-Form.pdf",file_date,1.0,1.0,0.9011904,0.9441635,0.5241683084864417,0.9346467376879726
development,"20180227_Sonoran Policy Group, LLC_Bourge, Christian_Short-Form.pdf",signer_name,1.0,1.0,0.84806794,0.8005172,0.9744266425757822,0.9940661390378207
development,"20180227_Sonoran Policy Group, LLC_Bourge, Christian_Short-Form.pdf",signer_title,0.0,0.0,0.3156097,0.6092413,0.2205378694829851,0.8751877435292676
development,"20110823_Akin, Gump, Strauss, Hauer _ Feld, LLP_Gilliland, John R._Short-Form.pdf",registration_num,1.0,1.0,0.90659654,0.9526266,0.9670046365095685,0.9394668612981689
development,"20110823_Akin, Gump, Strauss, Hauer _ Feld, LLP_Gilliland, John R._Short-Form.pdf",registrant_name,1.0,1.0,0.9149586,0.91859853,0.8259908729157255,0.9182555671096544
development,"20110823_Akin, Gump, Strauss, Hauer _ Feld, LLP_Gilliland, John R._Short-Form.pdf",foreign_principle_name,1.0,1.0,0.18834187,0.21063618,0.04531304344292554,0.2804937326395608
development,"20110823_Akin, Gump, Strauss, Hauer _ Feld, LLP_Gilliland, John R._Short-Form.pdf",file_date,1.0,1.0,0.64840794,0.65947485,0.7489741218851057,0.6137888727963405
development,"20110823_Akin, Gump, Strauss, Hauer _ Feld, LLP_Gilliland, John R._Short-Form.pdf",signer_name,0.0,0.0,0.8853577,0.8257416,0.9600268542891903,0.9844205995127154
development,"20110823_Akin, Gump, Strauss, Hauer _ Feld, LLP_Gilliland, John R._Short-Form.pdf",signer_title,0.0,0.0,0.13721237,0.1546154,0.3178045800792319,0.058480903341522165
development,"20180202_Quebec Government Office_Lepage, Annelise Melanie_Short-Form.pdf",registration_num,1.0,1.0,0.91553766,0.9201026,0.8982990471713489,0.9389620272609123
development,"20180202_Quebec Government Office_Lepage, Annelise Melanie_Short-Form.pdf",registrant_name,0.0,0.0,0.22637244,0.11041929,0.5881591400019737,0.03142679204652393
development,"20180202_Quebec Government Office_Lepage, Annelise Melanie_Short-Form.pdf",foreign_principle_name,0.0,0.0,0.064327896,0.06415223,0.03049431275539813,0.11554190875858357
development,"20180202_Quebec Government Office_Lepage, Annelise Melanie_Short-Form.pdf",file_date,0.0,0.0,0.41978416,0.38298154,0.7856557092418385,0.610835409078348
development,"20180202_Quebec Government Office_Lepage, Annelise Melanie_Short-Form.pdf",signer_name,1.0,1.0,0.9114687,0.87290305,0.18882786155696685,0.9314644706946258
development,"20180202_Quebec Government Office_Lepage, Annelise Melanie_Short-Form.pdf",signer_title,1.0,1.0,0.3656233,0.20681188,0.8328144096374782,0.5688580144388238
development,"20160316_Mercury Public Affairs, LLC_Cpin, John_Short-Form.pdf",registration_num,1.0,1.0,0.9439726,0.9746176,0.9628716717265104,0.9547544189291868
development,"20160316_Mercury Public Affairs, LLC_Cpin, John_Short-Form.pdf",registrant_name,0.0,0.0,0.45881087,0.44848627,0.634007197444265,0.21519054246597427
development,"20160316_Mercury Public Affairs, LLC_Cpin, John_Short-Form.pdf",foreign_principle_name,0.0,0.0,0.15422119,0.10141282,0.06010628853493435,0.009592685455116138
development,"20160316_Mercury Public Affairs, LLC_Cpin, John_Short-Form.pdf",file_date,1.0,1.0,0.92728823,0.9635825,0.5464671204251674,0.937495034894369
development,"20160316_Mercury Public Affairs, LLC_Cpin, John_Short-Form.pdf",signer_name,1.0,1.0,0.85112536,0.8049784,0.9091158705787314,0.9852069069776269
development,"20160316_Mercury Public Affairs, LLC_Cpin, John_Short-Form.pdf",signer_title,0.0,0.0,0.038588572,0.043926008,0.01827796577811457,0.08317425408363649
development,"20161031_MSLGROUP Americas, Inc._Bilbray-Axelrod, Shannon_Short-Form.pdf",registration_num,1.0,1.0,0.9273014,0.97540677,0.9479223571700653,0.9394668612981689
development,"20161031_MSLGROUP Americas, Inc._Bilbray-Axelrod, Shannon_Short-Form.pdf",registrant_name,0.0,0.0,0.7616188,0.7193111,0.8877118825560953,0.20891871335144133
development,"20161031_MSLGROUP Americas, Inc._Bilbray-Axelrod, Shannon_Short-Form.pdf",foreign_principle_name,1.0,1.0,0.3455925,0.3770005,0.15087333811284506,0.2684584162617086
development,"20161031_MSLGROUP Americas, Inc._Bilbray-Axelrod, Shannon_Short-Form.pdf",file_date,1.0,1.0,0.94450873,0.9888752,0.8796948322170476,0.9156107019135014
development,"20161031_MSLGROUP Americas, Inc._Bilbray-Axelrod, Shannon_Short-Form.pdf",signer_name,0.0,0.0,0.7706907,0.8554834,0.7629495916771751,0.9180854834152659
development,"20161031_MSLGROUP Americas, Inc._Bilbray-Axelrod, Shannon_Short-Form.pdf",signer_title,1.0,1.0,0.69489384,0.7432915,0.9184906493956815,0.7144251785316367
development,"20121128_KOTRA_Jeon, Misung_Short-Form.pdf",registration_num,1.0,1.0,0.9170116,0.9609931,0.965937038694152,0.9502807517419073
development,"20121128_KOTRA_Jeon, Misung_Short-Form.pdf",registrant_name,1.0,1.0,0.84593505,0.9283124,0.8879135358081889,0.713171746757096
development,"20121128_KOTRA_Jeon, Misung_Short-Form.pdf",foreign_principle_name,0.0,0.0,0.074298754,0.06505471,0.01851572481597124,0.03181723146822955
development,"20121128_KOTRA_Jeon, Misung_Short-Form.pdf",file_date,1.0,1.0,0.92941505,0.9540369,0.5141929316336151,0.9372802852873752
development,"20121128_KOTRA_Jeon, Misung_Short-Form.pdf",signer_name,1.0,1.0,0.87927675,0.8516717,0.9146764997859743,0.9886077331182044
development,"20121128_KOTRA_Jeon, Misung_Short-Form.pdf",signer_title,0.0,0.0,0.033305693,0.03972049,0.01827796577811457,0.08317425408363649
development,"20110624_Squire Patton Boggs, LLP_Oresman, Matthew S._Short-Form.pdf",registration_num,1.0,1.0,0.93395126,0.9850143,0.9628716717265104,0.9547544189291868
development,"20110624_Squire Patton Boggs, LLP_Oresman, Matthew S._Short-Form.pdf",registrant_name,0.0,0.0,0.5454613,0.61444306,0.6403691399370728,0.09795263083592426
development,"20110624_Squire Patton Boggs, LLP_Oresman, Matthew S._Short-Form.pdf",foreign_principle_name,0.0,0.0,0.23801906,0.27362257,0.091676540078834,0.2485607362659515
development,"20110624_Squire Patton Boggs, LLP_Oresman, Matthew S._Short-Form.pdf",file_date,1.0,1.0,0.8025373,0.8403513,0.807162875047515,0.7457413741245595
development,"20110624_Squire Patton Boggs, LLP_Oresman, Matthew S._Short-Form.pdf",signer_name,0.0,0.0,0.09889189,0.075509965,0.3472829677720995,0.13428605204697483
development,"20110624_Squire Patton Boggs, LLP_Oresman, Matthew S._Short-Form.pdf",signer_title,0.0,0.0,0.112364575,0.107880786,0.07656081422118823,0.272097132455816
development,"20180323_MSLGROUP Americas, Inc._Shapiro, Jared_Short-Form.pdf",registration_num,1.0,1.0,0.93123376,0.9702002,0.965937038694152,0.9624090058836994
development,"20180323_MSLGROUP Americas, Inc._Shapiro, Jared_Short-Form.pdf",registrant_name,0.0,0.0,0.58932287,0.6195195,0.7053521858688394,0.23832292694294427
development,"20180323_MSLGROUP Americas, Inc._Shapiro, Jared_Short-Form.pdf",foreign_principle_name,0.0,0.0,0.100302674,0.09786023,0.15091032872185772,0.058204478664110715
development,"20180323_MSLGROUP Americas, Inc._Shapiro, Jared_Short-Form.pdf",file_date,1.0,1.0,0.9294478,0.98213375,0.572497560352816,0.9447987559771758
development,"20180323_MSLGROUP Americas, Inc._Shapiro, Jared_Short-Form.pdf",signer_name,1.0,1.0,0.88174975,0.88735837,0.9640159753403345,0.9949226482480462
development,"20180323_MSLGROUP Americas, Inc._Shapiro, Jared_Short-Form.pdf",signer_title,1.0,1.0,0.27648562,0.14945072,0.7129707802908037,0.5039901386341258
development,"20080331_JETRO, New York_Yokota, Kunitoshi_Short-Form.pdf",registration_num,1.0,1.0,0.92411643,0.9773653,0.9648836645444822,0.9221413722706867
development,"20080331_JETRO, New York_Yokota, Kunitoshi_Short-Form.pdf",registrant_name,1.0,1.0,0.8694967,0.9378541,0.7664381889253393,0.9369287454923344
development,"20080331_JETRO, New York_Yokota, Kunitoshi_Short-Form.pdf",foreign_principle_name,0.0,0.0,0.25701135,0.3074003,0.027142979612344395,0.3226051703676626
development,"20080331_JETRO, New York_Yokota, Kunitoshi_Short-Form.pdf",file_date,0.0,0.0,0.22162548,0.31980687,0.26769086546420967,0.1404398690232513
development,"20080331_JETRO, New York_Yokota, Kunitoshi_Short-Form.pdf",signer_name,0.0,0.0,0.08996626,0.07414126,0.37471235082889703,0.22514998627399707
development,"20080331_JETRO, New York_Yokota, Kunitoshi_Short-Form.pdf",signer_title,0.0,0.0,0.34662193,0.41242877,0.38043371922027125,0.39280385394809714
development,"20180130_FTI Consulting (SC), Inc._LaMagna, Matthew_Short-Form.pdf",registration_num,1.0,1.0,0.8580826,0.91171676,0.9702140047205979,0.3525193386652423
development,"20180130_FTI Consulting (SC), Inc._LaMagna, Matthew_Short-Form.pdf",registrant_name,0.0,0.0,0.5412117,0.45070237,0.6868932443964821,0.2556517782779783
development,"20180130_FTI Consulting (SC), Inc._LaMagna, Matthew_Short-Form.pdf",foreign_principle_name,1.0,1.0,0.21884291,0.24258766,0.17287290362363508,0.40460547830760596
development,"20180130_FTI Consulting (SC), Inc._LaMagna, Matthew_Short-Form.pdf",file_date,1.0,1.0,0.9066329,0.96328115,0.5586705471443116,0.9372802852873752
development,"20180130_FTI Consulting (SC), Inc._LaMagna, Matthew_Short-Form.pdf",signer_name,1.0,1.0,0.88694173,0.86337173,0.9753107403378316,0.995252794732895
development,"20180130_FTI Consulting (SC), Inc._LaMagna, Matthew_Short-Form.pdf",signer_title,1.0,1.0,0.49454322,0.31711236,0.9260580150274262,0.7314206652368489
development,"20131121_Squire Patton Boggs, LLP_Garrett, John C._Short-Form.pdf",registration_num,1.0,1.0,0.93067706,0.97585905,0.9628625817068719,0.9283113635624273
development,"20131121_Squire Patton Boggs, LLP_Garrett, John C._Short-Form.pdf",registrant_name,0.0,0.0,0.4749759,0.47782928,0.7099990428249807,0.29714548456238626
development,"20131121_Squire Patton Boggs, LLP_Garrett, John C._Short-Form.pdf",foreign_principle_name,0.0,0.0,0.16669561,0.1949486,0.020520409244823144,0.3059008227976552
development,"20131121_Squire Patton Boggs, LLP_Garrett, John C._Short-Form.pdf",file_date,1.0,1.0,0.8895237,0.91200495,0.5807369258812879,0.8973726261424781
development,"20131121_Squire Patton Boggs, LLP_Garrett, John C._Short-Form.pdf",signer_name,1.0,1.0,0.83357924,0.72286576,0.9626153265583323,0.9944399624670153
development,"20131121_Squire Patton Boggs, LLP_Garrett, John C._Short-Form.pdf",signer_title,0.0,0.0,0.23825479,0.18927434,0.6064539859170701,0.4120763750152014
development,"20170907_McDermott Will _ Emery, LLP_Ryan, Stephen M._Short-Form.pdf",registration_num,1.0,1.0,0.93327445,0.9744822,0.9670046365095685,0.9394668612981689
development,"20170907_McDermott Will _ Emery, LLP_Ryan, Stephen M._Short-Form.pdf",registrant_name,1.0,1.0,0.92227536,0.93637943,0.866670555909583,0.8138324228242213
development,"20170907_McDermott Will _ Emery, LLP_Ryan, Stephen M._Short-Form.pdf",foreign_principle_name,1.0,1.0,0.21884961,0.2751464,0.07356718485668431,0.30606727614939344
development,"20170907_McDermott Will _ Emery, LLP_Ryan, Stephen M._Short-Form.pdf",file_date,1.0,1.0,0.7036993,0.72807324,0.7635717681050145,0.6299825003002288
development,"20170907_McDermott Will _ Emery, LLP_Ryan, Stephen M._Short-Form.pdf",signer_name,1.0,1.0,0.89874506,0.9335637,0.9521846044859532,0.9878625259462689
development,"20170907_McDermott Will _ Emery, LLP_Ryan, Stephen M._Short-Form.pdf",signer_title,1.0,1.0,0.31789833,0.17307447,0.6251602422598549,0.3702211913401709
development,"20140424_Squire Patton Boggs, LLP_Cutts, Matthew D._Short-Form.pdf",registration_num,1.0,1.0,0.93708,0.9848078,0.9578945254668269,0.950004623736324
development,"20140424_Squire Patton Boggs, LLP_Cutts, Matthew D._Short-Form.pdf",registrant_name,0.0,0.0,0.48091418,0.53156203,0.6863552678095606,0.21519054246597427
development,"20140424_Squire Patton Boggs, LLP_Cutts, Matthew D._Short-Form.pdf",foreign_principle_name,0.0,0.0,0.35548356,0.38205352,0.02918077754837209,0.3378961007285015
development,"20140424_Squire Patton Boggs, LLP_Cutts, Matthew D._Short-Form.pdf",file_date,1.0,1.0,0.7440794,0.7300436,0.7193854403028107,0.8102743109382518
development,"20140424_Squire Patton Boggs, LLP_Cutts, Matthew D._Short-Form.pdf",signer_name,1.0,1.0,0.8322997,0.6911161,0.9580349926168635,0.9937545151941422
development,"20140424_Squire Patton Boggs, LLP_Cutts, Matthew D._Short-Form.pdf",signer_title,1.0,1.0,0.45016676,0.26945665,0.9166008478096226,0.7163401865912706
calibration,"20140206_Holland _ Knight_Gold, Richard M._Short-Form.pdf",registration_num,1.0,1.0,0.8694576,0.90952647,0.831587155145521,0.7433654844776983
calibration,"20140206_Holland _ Knight_Gold, Richard M._Short-Form.pdf",registrant_name,0.0,0.0,0.7172368,0.7150591,0.8898227005928819,0.3206242632943462
calibration,"20140206_Holland _ Knight_Gold, Richard M._Short-Form.pdf",foreign_principle_name,1.0,1.0,0.16967943,0.19903982,0.08055104152760398,0.30819273754709386
calibration,"20140206_Holland _ Knight_Gold, Richard M._Short-Form.pdf",file_date,0.0,0.0,0.08733171,0.07997243,0.18320173184016436,0.06429348491781275
calibration,"20140206_Holland _ Knight_Gold, Richard M._Short-Form.pdf",signer_name,0.0,0.0,0.091097385,0.07047817,0.42687763884648405,0.1428557189177317
calibration,"20140206_Holland _ Knight_Gold, Richard M._Short-Form.pdf",signer_title,0.0,0.0,0.07912643,0.07369524,0.1255055570067921,0.02243875023815685
calibration,"20141120_Tourist Office for Flanders, Belgium - New York Office_Vreven, Line_Short-Form.pdf",registration_num,0.0,0.0,0.09481145,0.055789035,0.054070617873101294,0.021239933982911734
calibration,"20141120_Tourist Office for Flanders, Belgium - New York Office_Vreven, Line_Short-Form.pdf",registrant_name,1.0,1.0,0.8834686,0.9211995,0.8481990719801009,0.8460070915231253
calibration,"20141120_Tourist Office for Flanders, Belgium - New York Office_Vreven, Line_Short-Form.pdf",foreign_principle_name,1.0,1.0,0.27390194,0.2464396,0.19819754414754712,0.15818909835059528
calibration,"20141120_Tourist Office for Flanders, Belgium - New York Office_Vreven, Line_Short-Form.pdf",file_date,1.0,1.0,0.9480878,0.9865829,0.7956018552952863,0.9734417560103695
calibration,"20141120_Tourist Office for Flanders, Belgium - New York Office_Vreven, Line_Short-Form.pdf",signer_name,1.0,1.0,0.51457536,0.50990826,0.8677817355999576,0.6460109395406309
calibration,"20141120_Tourist Office for Flanders, Belgium - New York Office_Vreven, Line_Short-Form.pdf",signer_title,1.0,1.0,0.8683338,0.9565481,0.9474236420811407,0.9371168218405282
calibration,"20110314_Daniel J. Edelman, Inc._Gibson, Mike_Short-Form.pdf",registration_num,1.0,1.0,0.92783105,0.97236365,0.9628625817068719,0.941065753444095
calibration,"20110314_Daniel J. Edelman, Inc._Gibson, Mike_Short-Form.pdf",registrant_name,1.0,1.0,0.882524,0.94311506,0.8434386303492974,0.892455421568214
calibration,"20110314_Daniel J. Edelman, Inc._Gibson, Mike_Short-Form.pdf",foreign_principle_name,1.0,1.0,0.22614877,0.25342458,0.10533701778245999,0.323202060000667
calibration,"20110314_Daniel J. Edelman, Inc._Gibson, Mike_Short-Form.pdf",file_date,0.0,0.0,0.1429841,0.0720245,0.4707737841343797,0.13749917835704767
calibration,"20110314_Daniel J. Edelman, Inc._Gibson, Mike_Short-Form.pdf",signer_name,0.0,0.0,0.88557404,0.9259106,0.7501314929044468,0.9013365290145878
calibration,"20110314_Daniel J. Edelman, Inc._Gibson, Mike_Short-Form.pdf",signer_title,1.0,1.0,0.46505564,0.2544921,0.9206620491716208,0.7163401865912706
calibration,"20150312_Invest Northern Ireland_McClay, Christina_Short-Form.pdf",registration_num,1.0,1.0,0.9099348,0.94234884,0.9749459342491578,0.9624090058836994
calibration,"20150312_Invest Northern Ireland_McClay, Christina_Short-Form.pdf",registrant_name,0.0,0.0,0.59026605,0.5270325,0.9388621538428547,0.566364997958432
calibration,"20150312_Invest Northern Ireland_McClay, Christina_Short-Form.pdf",foreign_principle_name,0.0,0.0,0.2937468,0.24762793,0.38961429597744507,0.11578742084590851
calibration,"20150312_Invest Northern Ireland_McClay, Christina_Short-Form.pdf",file_date,1.0,1.0,0.9231682,0.97880495,0.6057602456789152,0.9501391742022816
calibration,"20150312_Invest Northern Ireland_McClay, Christina_Short-Form.pdf",signer_name,1.0,1.0,0.8092799,0.70925564,0.9844519539407117,0.9958848598802003
calibration,"20150312_Invest Northern Ireland_McClay, Christina_Short-Form.pdf",signer_title,1.0,1.0,0.49178115,0.3153416,0.9450136263017096,0.7371016096141534
calibration,"20141110_Adams Jones Law Firm, P.A._Hughes, Patrick B._Short-Form.pdf",registration_num,1.0,1.0,0.88833076,0.9440524,0.9540600769700915,0.9394668612981689
calibration,"20141110_Adams Jones Law Firm, P.A._Hughes, Patrick B._Short-Form.pdf",registrant_name,1.0,1.0,0.86712205,0.89870083,0.9197002487622171,0.8515867971131309
calibration,"20141110_Adams Jones Law Firm, P.A._Hughes, Patrick B._Short-Form.pdf",foreign_principle_name,0.0,0.0,0.26598752,0.25496095,0.054584295749852026,0.1695682885865699
calibration,"20141110_Adams Jones Law Firm, P.A._Hughes, Patrick B._Short-Form.pdf",file_date,1.0,1.0,0.9071762,0.9471718,0.5069630622760416,0.9420921727735471
calibration,"20141110_Adams Jones Law Firm, P.A._Hughes, Patrick B._Short-Form.pdf",signer_name,0.0,0.0,0.91225606,0.9042495,0.9652744601350249,0.9919121749365157
calibration,"20141110_Adams Jones Law Firm, P.A._Hughes, Patrick B._Short-Form.pdf",signer_title,1.0,1.0,0.40084487,0.23137245,0.9048816497476568,0.7163401865912706
calibration,"20130605_JWI, LLC_Kurz, Jonathan L._Short-Form.pdf",registration_num,1.0,1.0,0.92980015,0.97210836,0.9622847518480496,0.9541056012348166
calibration,"20130605_JWI, LLC_Kurz, Jonathan L._Short-Form.pdf",registrant_name,0.0,0.0,0.56097215,0.55465037,0.5574441092431736,0.04575830136191379
calibration,"20130605_JWI, LLC_Kurz, Jonathan L._Short-Form.pdf",foreign_principle_name,1.0,1.0,0.21713679,0.22951765,0.08898277171543692,0.31633877903637125
calibration,"20130605_JWI, LLC_Kurz, Jonathan L._Short-Form.pdf",file_date,1.0,1.0,0.7614602,0.8039607,0.7688314879263948,0.7388625323473587
calibration,"20130605_JWI, LLC_Kurz, Jonathan L._Short-Form.pdf",signer_name,1.0,1.0,0.89900887,0.8903248,0.9724088073291586,0.9906929262851787
calibration,"20130605_JWI, LLC_Kurz, Jonathan L._Short-Form.pdf",signer_title,0.0,0.0,0.055104423,0.055344097,0.01827796577811457,0.08317425408363649
calibration,"20171206_Portland PR Inc._Schwark, Sebastian_Short-Form.pdf",registration_num,1.0,1.0,0.120216966,0.067158364,0.047404766956646895,0.02206693394002922
calibration,"20171206_Portland PR Inc._Schwark, Sebastian_Short-Form.pdf",registrant_name,0.0,0.0,0.82268417,0.78125757,0.933274900582996,0.1891504688693252
calibration,"20171206_Portland PR Inc._Schwark, Sebastian_Short-Form.pdf",foreign_principle_name,0.0,0.0,0.36917153,0.4132444,0.2622370052543222,0.2919375781689974
calibration,"20171206_Portland PR Inc._Schwark, Sebastian_Short-Form.pdf",file_date,0.0,0.0,0.7916367,0.856355,0.7234813405289564,0.7656078152093467
calibration,"20171206_Portland PR Inc._Schwark, Sebastian_Short-Form.pdf",signer_name,1.0,1.0,0.8857315,0.84039056,0.9286719295630278,0.9765041373896023
calibration,"20171206_Portland PR Inc._Schwark, Sebastian_Short-Form.pdf",signer_title,1.0,1.0,0.8140351,0.9097308,0.9127085653647896,0.7557740826152164
calibration,"20160527_KOTRA_Sohn, Soo Deuk_Short-Form.pdf",registration_num,1.0,1.0,0.9411613,0.9861863,0.9669453340980543,0.9629449957947378
calibration,"20160527_KOTRA_Sohn, Soo Deuk_Short-Form.pdf",registrant_name,1.0,1.0,0.8488334,0.9370246,0.8179283917472229,0.837207618997892
calibration,"20160527_KOTRA_Sohn, Soo Deuk_Short-Form.pdf",foreign_principle_name,1.0,1.0,0.68057615,0.8011206,0.8891719642131289,0.841615383272454
calibration,"20160527_KOTRA_Sohn, Soo Deuk_Short-Form.pdf",file_date,1.0,1.0,0.93013656,0.96805316,0.606026193831851,0.9498230343949682
calibration,"20160527_KOTRA_Sohn, Soo Deuk_Short-Form.pdf",signer_name,1.0,1.0,0.8855902,0.9294342,0.8330906634523801,0.9693906548017904
calibration,"20160527_KOTRA_Sohn, Soo Deuk_Short-Form.pdf",signer_title,1.0,1.0,0.8163946,0.9144083,0.9315081259567329,0.7723004895856104
calibration,"20180202_Quebec Government Office_Dionne, Martin_Short-Form.pdf",registration_num,1.0,1.0,0.9217639,0.9477676,0.9075785614048671,0.9398114270436514
calibration,"20180202_Quebec Government Office_Dionne, Martin_Short-Form.pdf",registrant_name,0.0,0.0,0.14004833,0.087322496,0.44656548170237953,0.05289236694402656
calibration,"20180202_Quebec Government Office_Dionne, Martin_Short-Form.pdf",foreign_principle_name,0.0,0.0,0.3001936,0.4199738,0.3371152676772606,0.41999444694408106
calibration,"20180202_Quebec Government Office_Dionne, Martin_Short-Form.pdf",file_date,0.0,0.0,0.38648525,0.34515458,0.6977284218368085,0.510848737583544
calibration,"20180202_Quebec Government Office_Dionne, Martin_Short-Form.pdf",signer_name,1.0,1.0,0.8725783,0.80101615,0.9631478827399352,0.9879759484521347
calibration,"20180202_Quebec Government Office_Dionne, Martin_Short-Form.pdf",signer_title,0.0,0.0,0.025464559,0.0320072,0.034923783573229686,0.03699355348493815
calibration,"20170515_Sonoran Policy Group, LLC_Rosenberg, John_Short-Form.pdf",registration_num,1.0,1.0,0.9274101,0.95939636,0.9670046365095685,0.9394668612981689
calibration,"20170515_Sonoran Policy Group, LLC_Rosenberg, John_Short-Form.pdf",registrant_name,0.0,0.0,0.3832929,0.30605263,0.45385166744429795,0.09866707748281825
calibration,"20170515_Sonoran Policy Group, LLC_Rosenberg, John_Short-Form.pdf",foreign_principle_name,0.0,1.0,0.036729895,0.045697343,0.016604122044106346,0.13534682000608964
calibration,"20170515_Sonoran Policy Group, LLC_Rosenberg, John_Short-Form.pdf",file_date,1.0,1.0,0.9104536,0.9626436,0.5660308136875755,0.9532582444905291
calibration,"20170515_Sonoran Policy Group, LLC_Rosenberg, John_Short-Form.pdf",signer_name,1.0,1.0,0.925062,0.92830527,0.9548510331834121,0.9887095762240525
calibration,"20170515_Sonoran Policy Group, LLC_Rosenberg, John_Short-Form.pdf",signer_title,1.0,1.0,0.40211678,0.23279302,0.9048816497476568,0.7163401865912706
calibration,"20120608_Ketchum Inc. NY_Knox, Lauren Peterson_Short-Form.pdf",registration_num,1.0,1.0,0.9361518,0.9741561,0.9600908405395433,0.9547544189291868
calibration,"20120608_Ketchum Inc. NY_Knox, Lauren Peterson_Short-Form.pdf",registrant_name,1.0,1.0,0.84958154,0.8899728,0.6694580807955682,0.7750710875902037
calibration,"20120608_Ketchum Inc. NY_Knox, Lauren Peterson_Short-Form.pdf",foreign_principle_name,0.0,1.0,0.23072162,0.19756614,0.22346626363928476,0.35288679052982896
calibration,"20120608_Ketchum Inc. NY_Knox, Lauren Peterson_Short-Form.pdf",file_date,0.0,0.0,0.84250534,0.86416924,0.7234813405289564,0.7656078152093467
calibration,"20120608_Ketchum Inc. NY_Knox, Lauren Peterson_Short-Form.pdf",signer_name,0.0,0.0,0.7647931,0.70024955,0.6512911177669334,0.8863519185680963
calibration,"20120608_Ketchum Inc. NY_Knox, Lauren Peterson_Short-Form.pdf",signer_title,0.0,0.0,0.113719866,0.07110742,0.06598583617640807,0.059537758485449316
calibration,"20180430_Development Counsellors International_Meliti, Amalia_Short-Form.pdf",registration_num,1.0,1.0,0.9165271,0.9352349,0.9622847518480496,0.9440164650555627
calibration,"20180430_Development Counsellors International_Meliti, Amalia_Short-Form.pdf",registrant_name,0.0,0.0,0.69001925,0.58399636,0.8105922706968025,0.11108452101756372
calibration,"20180430_Development Counsellors International_Meliti, Amalia_Short-Form.pdf",foreign_principle_name,1.0,1.0,0.22150126,0.23460658,0.1413726629076378,0.2764443216715396
calibration,"20180430_Development Counsellors International_Meliti, Amalia_Short-Form.pdf",file_date,0.0,0.0,0.4784847,0.552945,0.5634697716696142,0.5257787062834167
calibration,"20180430_Development Counsellors International_Meliti, Amalia_Short-Form.pdf",signer_name,1.0,1.0,0.2121224,0.11772682,0.4927458976276481,0.3395628540416913
calibration,"20180430_Development Counsellors International_Meliti, Amalia_Short-Form.pdf",signer_title,1.0,1.0,0.785791,0.7807002,0.9576172795037092,0.9565744540046568
calibration,"20100218_Alsalih, Mark K._Alsalih, Mark K._Short-Form.pdf",registration_num,1.0,1.0,0.5900569,0.671954,0.601346599870765,0.17179095232642455
calibration,"20100218_Alsalih, Mark K._Alsalih, Mark K._Short-Form.pdf",registrant_name,0.0,0.0,0.7163596,0.72267944,0.8353275270001788,0.42162130631065126
calibration,"20100218_Alsalih, Mark K._Alsalih, Mark K._Short-Form.pdf",foreign_principle_name,0.0,0.0,0.14136246,0.08783312,0.24639918859625284,0.038391001590230525
calibration,"20100218_Alsalih, Mark K._Alsalih, Mark K._Short-Form.pdf",file_date,0.0,0.0,0.40036178,0.4275663,0.32728718922083994,0.07321004513262826
calibration,"20100218_Alsalih, Mark K._Alsalih, Mark K._Short-Form.pdf",signer_name,0.0,0.0,0.8390969,0.8341608,0.6883331637991038,0.9390656809985599
calibration,"20100218_Alsalih, Mark K._Alsalih, Mark K._Short-Form.pdf",signer_title,0.0,0.0,0.039696652,0.033950716,0.15674369086252513,0.01966768391996771
calibration,"20161031_MSLGROUP Americas, Inc._Skiles, M. David_Short-Form.pdf",registration_num,1.0,1.0,0.9360703,0.98638344,0.9648887813273808,0.947935250001494
calibration,"20161031_MSLGROUP Americas, Inc._Skiles, M. David_Short-Form.pdf",registrant_name,1.0,1.0,0.86225146,0.90529853,0.6345767547066494,0.8839802783674406
calibration,"20161031_MSLGROUP Americas, Inc._Skiles, M. David_Short-Form.pdf",foreign_principle_name,1.0,1.0,0.32480392,0.3671,0.14629008415707093,0.31563337992595397
calibration,"20161031_MSLGROUP Americas, Inc._Skiles, M. David_Short-Form.pdf",file_date,1.0,1.0,0.9354488,0.9764732,0.793198042523964,0.9418414549052256
calibration,"20161031_MSLGROUP Americas, Inc._Skiles, M. David_Short-Form.pdf",signer_name,0.0,0.0,0.8746152,0.92057437,0.8258655746817142,0.9621582249048247
calibration,"20161031_MSLGROUP Americas, Inc._Skiles, M. David_Short-Form.pdf",signer_title,1.0,1.0,0.18001707,0.09472672,0.5988450114197365,0.38995569884103515
calibration,"20110218_Ketchum Inc. NY_Scott, Alexandra_Short-Form.pdf",registration_num,1.0,1.0,0.9046623,0.9545606,0.9099815198021014,0.8621779231865112
calibration,"20110218_Ketchum Inc. NY_Scott, Alexandra_Short-Form.pdf",registrant_name,1.0,1.0,0.911131,0.9681572,0.8075248414892338,0.949474027692232
calibration,"20110218_Ketchum Inc. NY_Scott, Alexandra_Short-Form.pdf",foreign_principle_name,0.0,0.0,0.3376847,0.39197788,0.03655430818207936,0.34633055476205765
calibration,"20110218_Ketchum Inc. NY_Scott, Alexandra_Short-Form.pdf",file_date,0.0,0.0,0.2433894,0.1437762,0.4236316517207963,0.13838719427661372
calibration,"20110218_Ketchum Inc. NY_Scott, Alexandra_Short-Form.pdf",signer_name,0.0,0.0,0.7951024,0.77152616,0.35829910772885265,0.883620986034678
calibration,"20110218_Ketchum Inc. NY_Scott, Alexandra_Short-Form.pdf",signer_title,1.0,1.0,0.42913216,0.22756442,0.9048816497476568,0.7163401865912706
calibration,"20150514_Squire Patton Boggs, LLP_Swanson, Stacy A._Short-Form.pdf",registration_num,1.0,1.0,0.937115,0.9848472,0.9600908405395433,0.9547544189291868
calibration,"20150514_Squire Patton Boggs, LLP_Swanson, Stacy A._Short-Form.pdf",registrant_name,0.0,0.0,0.6176276,0.59467924,0.8262266928862048,0.31229722738059873
calibration,"20150514_Squire Patton Boggs, LLP_Swanson, Stacy A._Short-Form.pdf",foreign_principle_name,0.0,0.0,0.253258,0.24762645,0.2690525736606581,0.37923025489449946
calibration,"20150514_Squire Patton Boggs, LLP_Swanson, Stacy A._Short-Form.pdf",file_date,1.0,1.0,0.61391,0.65744066,0.6385998162413666,0.6448562839852044
calibration,"20150514_Squire Patton Boggs, LLP_Swanson, Stacy A._Short-Form.pdf",signer_name,1.0,1.0,0.8572857,0.82997686,0.9595272306547424,0.9902058994828757
calibration,"20150514_Squire Patton Boggs, LLP_Swanson, Stacy A._Short-Form.pdf",signer_title,0.0,0.0,0.11663506,0.10654595,0.15279252886203937,0.12455672255875799
calibration,"20161229_Crowell _ Moring International, Ltd._Bacigalupo, Patricia Wu_Short-Form.pdf",registration_num,1.0,1.0,0.9367405,0.9798754,0.9670929278149728,0.9547544189291868
calibration,"20161229_Crowell _ Moring International, Ltd._Bacigalupo, Patricia Wu_Short-Form.pdf",registrant_name,0.0,0.0,0.4782144,0.4231456,0.8790840947813705,0.24371642346175326
calibration,"20161229_Crowell _ Moring International, Ltd._Bacigalupo, Patricia Wu_Short-Form.pdf",foreign_principle_name,0.0,0.0,0.16525427,0.16115528,0.032902808438939626,0.040891848216550494
calibration,"20161229_Crowell _ Moring International, Ltd._Bacigalupo, Patricia Wu_Short-Form.pdf",file_date,1.0,1.0,0.91282827,0.9668495,0.559676699661745,0.9522766852701423
calibration,"20161229_Crowell _ Moring International, Ltd._Bacigalupo, Patricia Wu_Short-Form.pdf",signer_name,1.0,1.0,0.8930286,0.846028,0.9705249896544897,0.9935144467192044
calibration,"20161229_Crowell _ Moring International, Ltd._Bacigalupo, Patricia Wu_Short-Form.pdf",signer_title,1.0,1.0,0.28810316,0.1553536,0.7129707802908037,0.4585472091502042
calibration,"20161031_MSLGROUP Americas, Inc._Holt, Andrew S._Short-Form.pdf",registration_num,1.0,1.0,0.1174417,0.07073369,0.049388858130869746,0.025799628587562646
calibration,"20161031_MSLGROUP Americas, Inc._Holt, Andrew S._Short-Form.pdf",registrant_name,0.0,0.0,0.703551,0.6664504,0.7045975980869313,0.1795934356054359
calibration,"20161031_MSLGROUP Americas, Inc._Holt, Andrew S._Short-Form.pdf",foreign_principle_name,0.0,0.0,0.10845278,0.13234837,0.08632714446333108,0.09640295733765583
calibration,"20161031_MSLGROUP Americas, Inc._Holt, Andrew S._Short-Form.pdf",file_date,1.0,1.0,0.9449121,0.9862048,0.7711958793828175,0.9623553746386094
calibration,"20161031_MSLGROUP Americas, Inc._Holt, Andrew S._Short-Form.pdf",signer_name,0.0,0.0,0.26380304,0.21174836,0.8038202025968435,0.3609184676460363
calibration,"20161031_MSLGROUP Americas, Inc._Holt, Andrew S._Short-Form.pdf",signer_title,0.0,0.0,0.018687904,0.017095108,0.12063916684335008,0.09428865955662805
calibration,"20150925_Levick Strategic Communications, LP_Wilson, Justin_Short-Form.pdf",registration_num,1.0,1.0,0.9174086,0.966314,0.9622847518480496,0.9394668612981689
calibration,"20150925_Levick Strategic Communications, LP_Wilson, Justin_Short-Form.pdf",registrant_name,0.0,0.0,0.5744275,0.53347224,0.5674831482402052,0.12400739134896978
calibration,"20150925_Levick Strategic Communications, LP_Wilson, Justin_Short-Form.pdf",foreign_principle_name,1.0,1.0,0.1432704,0.16686568,0.014747476468283428,0.3085702046669677
calibration,"20150925_Levick Strategic Communications, LP_Wilson, Justin_Short-Form.pdf",file_date,1.0,1.0,0.5532352,0.47778407,0.866376123229781,0.5673330817230893
calibration,"20150925_Levick Strategic Communications, LP_Wilson, Justin_Short-Form.pdf",signer_name,1.0,1.0,0.8687746,0.8201839,0.943173993112603,0.9872262819196377
calibration,"20150925_Levick Strategic Communications, LP_Wilson, Justin_Short-Form.pdf",signer_title,1.0,1.0,0.29632244,0.16051047,0.7129707802908037,0.4585472091502042
calibration,"20170920_DCI Group AZ, LLC_McCabe, Brian_Short-Form.pdf",registration_num,1.0,1.0,0.9407053,0.9835426,0.9600908405395433,0.9547544189291868
calibration,"20170920_DCI Group AZ, LLC_McCabe, Brian_Short-Form.pdf",registrant_name,0.0,0.0,0.5598656,0.5064502,0.7281976178272951,0.15288674479373213
calibration,"20170920_DCI Group AZ, LLC_McCabe, Brian_Short-Form.pdf",foreign_principle_name,0.0,0.0,0.21082494,0.2577375,0.1801901953442919,0.3112094859713092
calibration,"20170920_DCI Group AZ, LLC_McCabe, Brian_Short-Form.pdf",file_date,1.0,1.0,0.5657049,0.563414,0.8272639422013147,0.716187365925561
calibration,"20170920_DCI Group AZ, LLC_McCabe, Brian_Short-Form.pdf",signer_name,0.0,1.0,0.85971576,0.81100607,0.9335548396406194,0.9824917530809927
calibration,"20170920_DCI Group AZ, LLC_McCabe, Brian_Short-Form.pdf",signer_title,0.0,0.0,0.31836247,0.323587,0.47271651146815136,0.3179135136371348
calibration,"20080530_MSLGROUP Americas, Inc._Pietras, Seth Thomas_Short-Form.pdf",registration_num,1.0,1.0,0.8931676,0.9211367,0.9099815198021014,0.8561419974721622
calibration,"20080530_MSLGROUP Americas, Inc._Pietras, Seth Thomas_Short-Form.pdf",registrant_name,0.0,0.0,0.7472579,0.78315866,0.7866555363843565,0.08377566406246434
calibration,"20080530_MSLGROUP Americas, Inc._Pietras, Seth Thomas_Short-Form.pdf",foreign_principle_name,1.0,1.0,0.20034277,0.22357345,0.021383151098303084,0.3906815056821143
calibration,"20080530_MSLGROUP Americas, Inc._Pietras, Seth Thomas_Short-Form.pdf",file_date,0.0,0.0,0.20956087,0.12351074,0.43081661716370856,0.14509852867124085
calibration,"20080530_MSLGROUP Americas, Inc._Pietras, Seth Thomas_Short-Form.pdf",signer_name,1.0,1.0,0.9328252,0.9780866,0.9468596049167908,0.9698672823743812
calibration,"20080530_MSLGROUP Americas, Inc._Pietras, Seth Thomas_Short-Form.pdf",signer_title,1.0,1.0,0.4432246,0.32273516,0.5988450114197365,0.38995569884103515
calibration,"20110311_MSLGROUP Americas, Inc._Lauer, Matthew J._Short-Form.pdf",registration_num,0.0,0.0,0.10666456,0.08690202,0.006953370971711849,0.05031383560875626
calibration,"20110311_MSLGROUP Americas, Inc._Lauer, Matthew J._Short-Form.pdf",registrant_name,0.0,0.0,0.6936446,0.6510855,0.8790188157574662,0.20763697128244107
calibration,"20110311_MSLGROUP Americas, Inc._Lauer, Matthew J._Short-Form.pdf",foreign_principle_name,0.0,0.0,0.2169474,0.24587783,0.21858048362205226,0.4369754325948849
calibration,"20110311_MSLGROUP Americas, Inc._Lauer, Matthew J._Short-Form.pdf",file_date,1.0,1.0,0.81899154,0.8292815,0.2366176303596707,0.8786170915635944
calibration,"20110311_MSLGROUP Americas, Inc._Lauer, Matthew J._Short-Form.pdf",signer_name,0.0,0.0,0.1342943,0.08193757,0.41136537086495584,0.09358685171247434
calibration,"20110311_MSLGROUP Americas, Inc._Lauer, Matthew J._Short-Form.pdf",signer_title,0.0,0.0,0.06460099,0.058835946,0.1853490935724042,0.05284326390644814
calibration,"20140207_Commonwealth of Dominica Maritime Registry, Inc._Bagga, Karan_Short-Form.pdf",registration_num,1.0,1.0,0.9303975,0.97016126,0.9531329194158397,0.9407540607014993
calibration,"20140207_Commonwealth of Dominica Maritime Registry, Inc._Bagga, Karan_Short-Form.pdf",registrant_name,0.0,0.0,0.5968288,0.50285196,0.6413728679073398,0.2579770836204026
calibration,"20140207_Commonwealth of Dominica Maritime Registry, Inc._Bagga, Karan_Short-Form.pdf",foreign_principle_name,1.0,1.0,0.20702401,0.23828872,0.16408155524982196,0.23409108851831353
calibration,"20140207_Commonwealth of Dominica Maritime Registry, Inc._Bagga, Karan_Short-Form.pdf",file_date,1.0,1.0,0.91468,0.9552167,0.3901616968314001,0.8973726261424781
calibration,"20140207_Commonwealth of Dominica Maritime Registry, Inc._Bagga, Karan_Short-Form.pdf",signer_name,1.0,1.0,0.87131274,0.8585966,0.9442326242365551,0.9915542489032422
calibration,"20140207_Commonwealth of Dominica Maritime Registry, Inc._Bagga, Karan_Short-Form.pdf",signer_title,0.0,0.0,0.018724646,0.026281973,0.0408462981305381,0.05839326808485993
calibration,"20180420_MSLGROUP Americas, Inc._Dykes Jr., Anthony Carl_Short-Form.pdf",registration_num,1.0,1.0,0.9332348,0.9709237,0.9702140047205979,0.943698219005451
calibration,"20180420_MSLGROUP Americas, Inc._Dykes Jr., Anthony Carl_Short-Form.pdf",registrant_name,0.0,0.0,0.627456,0.65915316,0.8990263369753181,0.22775479845153168
calibration,"20180420_MSLGROUP Americas, Inc._Dykes Jr., Anthony Carl_Short-Form.pdf",foreign_principle_name,1.0,1.0,0.19961968,0.22192077,0.01291553415451341,0.2821447252963226
calibration,"20180420_MSLGROUP Americas, Inc._Dykes Jr., Anthony Carl_Short-Form.pdf",file_date,1.0,1.0,0.9240061,0.96261823,0.37171303696801394,0.9148391106897538
calibration,"20180420_MSLGROUP Americas, Inc._Dykes Jr., Anthony Carl_Short-Form.pdf",signer_name,0.0,0.0,0.09137377,0.065139726,0.18935058429038326,0.12128670017307558
calibration,"20180420_MSLGROUP Americas, Inc._Dykes Jr., Anthony Carl_Short-Form.pdf",signer_title,0.0,0.0,0.07147717,0.06527921,0.01827796577811457,0.08317425408363649
calibration,"20110314_Daniel J. Edelman, Inc._Hayes, Christopher_Short-Form.pdf",registration_num,1.0,1.0,0.9137967,0.9673049,0.9622847518480496,0.9427343269869319
calibration,"20110314_Daniel J. Edelman, Inc._Hayes, Christopher_Short-Form.pdf",registrant_name,1.0,1.0,0.79215765,0.88482416,0.2157387269110907,0.42774225859717463
calibration,"20110314_Daniel J. Edelman, Inc._Hayes, Christopher_Short-Form.pdf",foreign_principle_name,1.0,1.0,0.32418856,0.32886165,0.11810502429883137,0.20927254974706358
calibration,"20110314_Daniel J. Edelman, Inc._Hayes, Christopher_Short-Form.pdf",file_date,0.0,0.0,0.5703492,0.5056838,0.45073442765445076,0.05871928558827943
calibration,"20110314_Daniel J. Edelman, Inc._Hayes, Christopher_Short-Form.pdf",signer_name,0.0,0.0,0.23619656,0.24662547,0.7426636662928606,0.1908905818938413
calibration,"20110314_Daniel J. Edelman, Inc._Hayes, Christopher_Short-Form.pdf",signer_title,0.0,0.0,0.104611136,0.10319384,0.07656081422118823,0.06326707141042692
calibration,"20080725_Hill and Knowlton Strategies, LLC_Kenny, Colleen_Short-Form.pdf",registration_num,1.0,1.0,0.91361064,0.9652406,0.9622847518480496,0.9605335803212004
calibration,"20080725_Hill and Knowlton Strategies, LLC_Kenny, Colleen_Short-Form.pdf",registrant_name,0.0,0.0,0.6748489,0.8081088,0.902212005119568,0.25714799540988026
calibration,"20080725_Hill and Knowlton Strategies, LLC_Kenny, Colleen_Short-Form.pdf",foreign_principle_name,1.0,1.0,0.12935802,0.12982956,0.014612493742778536,0.25898775912761535
calibration,"20080725_Hill and Knowlton Strategies, LLC_Kenny, Colleen_Short-Form.pdf",file_date,0.0,0.0,0.6641388,0.47394484,0.7433883691460922,0.825670918906881
calibration,"20080725_Hill and Knowlton Strategies, LLC_Kenny, Colleen_Short-Form.pdf",signer_name,0.0,0.0,0.3276925,0.22008295,0.2789864578632828,0.2686022239909602
calibration,"20080725_Hill and Knowlton Strategies, LLC_Kenny, Colleen_Short-Form.pdf",signer_title,0.0,0.0,0.025599305,0.028869102,0.01827796577811457,0.08317425408363649
calibration,"20100730_CMGRP, Inc._Edmonds, Valerie_Short-Form.pdf",registration_num,1.0,1.0,0.92393935,0.95471704,0.9633970616162866,0.9477952693734935
calibration,"20100730_CMGRP, Inc._Edmonds, Valerie_Short-Form.pdf",registrant_name,1.0,1.0,0.93271494,0.9676874,0.6440018781117743,0.8142567157782021
calibration,"20100730_CMGRP, Inc._Edmonds, Valerie_Short-Form.pdf",foreign_principle_name,0.0,0.0,0.42662793,0.5536858,0.90899177794826,0.6615818677998567
calibration,"20100730_CMGRP, Inc._Edmonds, Valerie_Short-Form.pdf",file_date,0.0,0.0,0.56560016,0.6196364,0.41477883537727217,0.07683692961244752
calibration,"20100730_CMGRP, Inc._Edmonds, Valerie_Short-Form.pdf",signer_name,0.0,0.0,0.07426866,0.05380287,0.23578777949299648,0.07097698696052498
calibration,"20100730_CMGRP, Inc._Edmonds, Valerie_Short-Form.pdf",signer_title,0.0,0.0,0.22524266,0.27331725,0.18437295983848437,0.1191384973527268
calibration,"20120920_Commonwealth of Dominica Maritime Registry, Inc._Kapoor, Aditya_Short-Form.pdf",registration_num,1.0,1.0,0.92979956,0.96898663,0.9502665284337753,0.9394668612981689
calibration,"20120920_Commonwealth of Dominica Maritime Registry, Inc._Kapoor, Aditya_Short-Form.pdf",registrant_name,0.0,0.0,0.8853346,0.86228335,0.8105922706968025,0.11108452101756372
calibration,"20120920_Commonwealth of Dominica Maritime Registry, Inc._Kapoor, Aditya_Short-Form.pdf",foreign_principle_name,1.0,1.0,0.19592576,0.21880212,0.16408155524982196,0.21828922564011669
calibration,"20120920_Commonwealth of Dominica Maritime Registry, Inc._Kapoor, Aditya_Short-Form.pdf",file_date,1.0,1.0,0.91788703,0.9442012,0.40946806171799,0.9105214547743518
calibration,"20120920_Commonwealth of Dominica Maritime Registry, Inc._Kapoor, Aditya_Short-Form.pdf",signer_name,0.0,0.0,0.31916744,0.22555625,0.041694806175563044,0.7873505558288048
calibration,"20120920_Commonwealth of Dominica Maritime Registry, Inc._Kapoor, Aditya_Short-Form.pdf",signer_title,1.0,1.0,0.4516007,0.2741379,0.9206620491716208,0.7163401865912706
calibration,"20130617_Hill and Knowlton Strategies, LLC_Waltz, Natalie_Short-Form.pdf",registration_num,1.0,1.0,0.87303907,0.92205983,0.9502665284337753,0.9394668612981689
calibration,"20130617_Hill and Knowlton Strategies, LLC_Waltz, Natalie_Short-Form.pdf",registrant_name,1.0,1.0,0.7663952,0.83090496,0.6791976154778602,0.7852535591669145
calibration,"20130617_Hill and Knowlton Strategies, LLC_Waltz, Natalie_Short-Form.pdf",foreign_principle_name,1.0,1.0,0.342637,0.39336324,0.18813685773532043,0.20247456212317422
calibration,"20130617_Hill and Knowlton Strategies, LLC_Waltz, Natalie_Short-Form.pdf",file_date,1.0,1.0,0.87231606,0.8967846,0.6951197240598093,0.9360870686374294
calibration,"20130617_Hill and Knowlton Strategies, LLC_Waltz, Natalie_Short-Form.pdf",signer_name,1.0,1.0,0.84405935,0.77106243,0.9519385663567239,0.9940419675036859
calibration,"20130617_Hill and Knowlton Strategies, LLC_Waltz, Natalie_Short-Form.pdf",signer_title,1.0,1.0,0.34926826,0.19497104,0.6279884603954717,0.35014894826471965
calibration,"20091006_Daniel J. Edelman, Inc._Myers, Richard B._Short-Form.pdf",registration_num,1.0,1.0,0.92036307,0.9370559,0.9633970616162866,0.9477952693734935
calibration,"20091006_Daniel J. Edelman, Inc._Myers, Richard B._Short-Form.pdf",registrant_name,0.0,0.0,0.66868037,0.5638665,0.6771683308634554,0.14920642692138208
calibration,"20091006_Daniel J. Edelman, Inc._Myers, Richard B._Short-Form.pdf",foreign_principle_name,0.0,0.0,0.69494295,0.8149268,0.8783256032684076,0.8299719601854979
calibration,"20091006_Daniel J. Edelman, Inc._Myers, Richard B._Short-Form.pdf",file_date,0.0,0.0,0.04940001,0.035804525,0.07660976971150885,0.01482746121719477
calibration,"20091006_Daniel J. Edelman, Inc._Myers, Richard B._Short-Form.pdf",signer_name,0.0,0.0,0.3024649,0.22796345,0.16858477697102847,0.7042516379981568
calibration,"20091006_Daniel J. Edelman, Inc._Myers, Richard B._Short-Form.pdf",signer_title,1.0,1.0,0.77379256,0.83201444,0.904921954455299,0.7049520104791043
calibration,"20141002_Squire Patton Boggs, LLP_Wisner, Frank G_Short-Form.pdf",registration_num,1.0,1.0,0.92505944,0.9753041,0.9622847518480496,0.9541056012348166
calibration,"20141002_Squire Patton Boggs, LLP_Wisner, Frank G_Short-Form.pdf",registrant_name,0.0,0.0,0.7200289,0.80984056,0.8288570901441962,0.1368593837990637
calibration,"20141002_Squire Patton Boggs, LLP_Wisner, Frank G_Short-Form.pdf",foreign_principle_name,0.0,1.0,0.4211584,0.4445106,0.2304921836204861,0.2694006162376815
calibration,"20141002_Squire Patton Boggs, LLP_Wisner, Frank G_Short-Form.pdf",file_date,0.0,0.0,0.5250876,0.5776785,0.8272639422013147,0.7467283324929367
calibration,"20141002_Squire Patton Boggs, LLP_Wisner, Frank G_Short-Form.pdf",signer_name,0.0,0.0,0.5585684,0.523256,0.941892043288677,0.9085642369508424
calibration,"20141002_Squire Patton Boggs, LLP_Wisner, Frank G_Short-Form.pdf",signer_title,0.0,0.0,0.05330543,0.054354228,0.01827796577811457,0.08317425408363649
calibration,"20140922_Ketchum Inc. NY_Adams, Danielle Jenee__Short-Form.pdf",registration_num,0.0,0.0,0.09201236,0.055722754,0.054070617873101294,0.021239933982911734
calibration,"20140922_Ketchum Inc. NY_Adams, Danielle Jenee__Short-Form.pdf",registrant_name,0.0,0.0,0.5260789,0.44787288,0.6183203697616773,0.06762343025476962
calibration,"20140922_Ketchum Inc. NY_Adams, Danielle Jenee__Short-Form.pdf",foreign_principle_name,0.0,0.0,0.22771838,0.16057082,0.24020011786000647,0.06709270043858753
calibration,"20140922_Ketchum Inc. NY_Adams, Danielle Jenee__Short-Form.pdf",file_date,0.0,0.0,0.8139863,0.83398134,0.7814086278312002,0.7325379373083452
calibration,"20140922_Ketchum Inc. NY_Adams, Danielle Jenee__Short-Form.pdf",signer_name,0.0,0.0,0.8700185,0.84354174,0.7261146884060571,0.8661714027620903
calibration,"20140922_Ketchum Inc. NY_Adams, Danielle Jenee__Short-Form.pdf",signer_title,1.0,1.0,0.6032902,0.57305163,0.6251602422598549,0.35014894826471965
calibration,"20160622_Husch Blackwell, LLP_McAllister, Singleton_Short-Form.pdf",registration_num,1.0,1.0,0.92681235,0.96692026,0.9633970616162866,0.6789879394288746
calibration,"20160622_Husch Blackwell, LLP_McAllister, Singleton_Short-Form.pdf",registrant_name,0.0,0.0,0.5985719,0.5059762,0.9552601492774775,0.25506845577372783
calibration,"20160622_Husch Blackwell, LLP_McAllister, Singleton_Short-Form.pdf",foreign_principle_name,1.0,1.0,0.13858931,0.14670351,0.021974871895412584,0.35948310976972936
calibration,"20160622_Husch Blackwell, LLP_McAllister, Singleton_Short-Form.pdf",file_date,1.0,1.0,0.9025841,0.9518951,0.5660308136875755,0.9524253660780966
calibration,"20160622_Husch Blackwell, LLP_McAllister, Singleton_Short-Form.pdf",signer_name,0.0,0.0,0.056054085,0.03999778,0.14580264334182777,0.04372274132492093
calibration,"20160622_Husch Blackwell, LLP_McAllister, Singleton_Short-Form.pdf",signer_title,0.0,0.0,0.024998495,0.031544514,0.1138352831924754,0.025871566352088197
calibration,"20120920_Commonwealth of Dominica Maritime Registry, Inc._Pama, Yadvinder Singh_Short-Form.pdf",registration_num,0.0,0.0,0.21754377,0.20905666,0.02168701009981345,0.07536349353592837
calibration,"20120920_Commonwealth of Dominica Maritime Registry, Inc._Pama, Yadvinder Singh_Short-Form.pdf",registrant_name,1.0,1.0,0.63108265,0.7184524,0.6231636834449424,0.5961083900371639
calibration,"20120920_Commonwealth of Dominica Maritime Registry, Inc._Pama, Yadvinder Singh_Short-Form.pdf",foreign_principle_name,1.0,1.0,0.048344128,0.05678814,0.10584431764232899,0.057449048517485446
calibration,"20120920_Commonwealth of Dominica Maritime Registry, Inc._Pama, Yadvinder Singh_Short-Form.pdf",file_date,0.0,1.0,0.92540854,0.97880954,0.5416905540961185,0.9476751788597797
calibration,"20120920_Commonwealth of Dominica Maritime Registry, Inc._Pama, Yadvinder Singh_Short-Form.pdf",signer_name,0.0,0.0,0.8188016,0.8168727,0.40706020472794213,0.7742414285395546
calibration,"20120920_Commonwealth of Dominica Maritime Registry, Inc._Pama, Yadvinder Singh_Short-Form.pdf",signer_title,0.0,0.0,0.010921752,0.011325618,0.12063916684335008,0.10179004679400028
calibration,"20090424_BGR Government Affairs, LLC_Cochran, Alexander_Short-Form.pdf",registration_num,1.0,1.0,0.9446634,0.98972636,0.9614317668039316,0.9478201629315292
calibration,"20090424_BGR Government Affairs, LLC_Cochran, Alexander_Short-Form.pdf",registrant_name,1.0,1.0,0.78713703,0.7320531,0.6440018781117743,0.5509305088383339
calibration,"20090424_BGR Government Affairs, LLC_Cochran, Alexander_Short-Form.pdf",foreign_principle_name,0.0,0.0,0.4764572,0.47869405,0.117350128404127,0.04959794656634886
calibration,"20090424_BGR Government Affairs, LLC_Cochran, Alexander_Short-Form.pdf",file_date,0.0,0.0,0.14423963,0.11417953,0.18460711077712616,0.0731121072766135
calibration,"20090424_BGR Government Affairs, LLC_Cochran, Alexander_Short-Form.pdf",signer_name,0.0,0.0,0.33210546,0.26494098,0.7297118888325709,0.19906942032324082
calibration,"20090424_BGR Government Affairs, LLC_Cochran, Alexander_Short-Form.pdf",signer_title,0.0,0.0,0.050723106,0.04584405,0.05020015861809171,0.08625268276837166
calibration,"20180418_BGR Government Affairs, LLC_Rubino, Mike_Short-Form.pdf",registration_num,1.0,1.0,0.9307331,0.96521103,0.9622847518480496,0.9541056012348166
calibration,"20180418_BGR Government Affairs, LLC_Rubino, Mike_Short-Form.pdf",registrant_name,0.0,0.0,0.43085855,0.3505091,0.5352644437897885,0.2006942285234017
calibration,"20180418_BGR Government Affairs, LLC_Rubino, Mike_Short-Form.pdf",foreign_principle_name,0.0,0.0,0.11811205,0.10741341,0.0806781821248218,0.04098368238758948
calibration,"20180418_BGR Government Affairs, LLC_Rubino, Mike_Short-Form.pdf",file_date,1.0,1.0,0.9198903,0.9614865,0.4385342593481633,0.9431440754537668
calibration,"20180418_BGR Government Affairs, LLC_Rubino, Mike_Short-Form.pdf",signer_name,1.0,1.0,0.8356247,0.8200363,0.9406534691018057,0.9911056965517077
calibration,"20180418_BGR Government Affairs, LLC_Rubino, Mike_Short-Form.pdf",signer_title,0.0,0.0,0.028982976,0.03668963,0.01827796577811457,0.08317425408363649
calibration,"20180629_MMGY Global, LLC_Hughes, Stephanie_Short-Form.pdf",registration_num,1.0,1.0,0.9186697,0.95372707,0.965937038694152,0.9592896468848625
calibration,"20180629_MMGY Global, LLC_Hughes, Stephanie_Short-Form.pdf",registrant_name,0.0,0.0,0.4865283,0.3743373,0.844119530243738,0.23925497640535284
calibration,"20180629_MMGY Global, LLC_Hughes, Stephanie_Short-Form.pdf",foreign_principle_name,1.0,1.0,0.20660695,0.24482974,0.16993684043978355,0.39485600491290535
calibration,"20180629_MMGY Global, LLC_Hughes, Stephanie_Short-Form.pdf",file_date,1.0,1.0,0.8872007,0.9344578,0.6951197240598093,0.9486775623174926
calibration,"20180629_MMGY Global, LLC_Hughes, Stephanie_Short-Form.pdf",signer_name,1.0,1.0,0.84318066,0.73196006,0.9773391981647945,0.995252794732895
calibration,"20180629_MMGY Global, LLC_Hughes, Stephanie_Short-Form.pdf",signer_title,1.0,1.0,0.50200635,0.3253085,0.9260580150274262,0.7314206652368489
calibration,"20170206_Japan National Tourism Organization, Los Angeles _Hasegawa, Ryoko_Short-Form.pdf",registration_num,1.0,1.0,0.9142515,0.95895356,0.9670046365095685,0.9394668612981689
calibration,"20170206_Japan National Tourism Organization, Los Angeles _Hasegawa, Ryoko_Short-Form.pdf",registrant_name,1.0,1.0,0.6794663,0.7484814,0.8567359641141417,0.9218066150709373
calibration,"20170206_Japan National Tourism Organization, Los Angeles _Hasegawa, Ryoko_Short-Form.pdf",foreign_principle_name,0.0,0.0,0.17635657,0.22246774,0.16846019084062547,0.17167880972872723
calibration,"20170206_Japan National Tourism Organization, Los Angeles _Hasegawa, Ryoko_Short-Form.pdf",file_date,0.0,0.0,0.22158873,0.3315127,0.26728289172754266,0.2462204122547847
calibration,"20170206_Japan National Tourism Organization, Los Angeles _Hasegawa, Ryoko_Short-Form.pdf",signer_name,0.0,0.0,0.15305549,0.123941205,0.4195506668062472,0.12437267966074325
calibration,"20170206_Japan National Tourism Organization, Los Angeles _Hasegawa, Ryoko_Short-Form.pdf",signer_title,0.0,0.0,0.9004224,0.95052373,0.6920566785377218,0.8448156575727644
calibration,"20140306_VisitBritain_Harrison, Kelly_Short-Form.pdf",registration_num,1.0,1.0,0.9158236,0.9606716,0.9636973188145223,0.947755667735823
calibration,"20140306_VisitBritain_Harrison, Kelly_Short-Form.pdf",registrant_name,0.0,0.0,0.6554658,0.5780932,0.9679098807810163,0.7682786699216344
calibration,"20140306_VisitBritain_Harrison, Kelly_Short-Form.pdf",foreign_principle_name,1.0,1.0,0.43744844,0.5419487,0.760589048510773,0.7335362508361224
calibration,"20140306_VisitBritain_Harrison, Kelly_Short-Form.pdf",file_date,0.0,0.0,0.45440888,0.4089574,0.8272639422013147,0.6848608980976666
calibration,"20140306_VisitBritain_Harrison, Kelly_Short-Form.pdf",signer_name,1.0,1.0,0.8371307,0.750861,0.9591926626351284,0.9908125729267605
calibration,"20140306_VisitBritain_Harrison, Kelly_Short-Form.pdf",signer_title,0.0,0.0,0.33412164,0.3318109,0.7180747417520973,0.44438918632077107
calibration,"20171212_Beckerman_Paul, Jordan_Short-Form.pdf",registration_num,1.0,1.0,0.9291445,0.9727541,0.9633970616162866,0.9547544189291868
calibration,"20171212_Beckerman_Paul, Jordan_Short-Form.pdf",registrant_name,1.0,1.0,0.8936268,0.9361701,0.8627084758063194,0.6687628471070041
calibration,"20171212_Beckerman_Paul, Jordan_Short-Form.pdf",foreign_principle_name,1.0,1.0,0.25139654,0.22935668,0.33518852827476087,0.3898428271759323
calibration,"20171212_Beckerman_Paul, Jordan_Short-Form.pdf",file_date,1.0,1.0,0.9203849,0.97196007,0.5324857177107979,0.9290564854376336
calibration,"20171212_Beckerman_Paul, Jordan_Short-Form.pdf",signer_name,1.0,1.0,0.9176232,0.90953636,0.9160651937448746,0.9824917530809927
calibration,"20171212_Beckerman_Paul, Jordan_Short-Form.pdf",signer_title,1.0,1.0,0.49718976,0.31821257,0.9184906493956815,0.7144251785316367
calibration,"20130418_Korea Economic Institute_Hamisevicz, Nicholas_Short-Form.pdf",registration_num,1.0,1.0,0.9336101,0.97690904,0.9518036917964942,0.9332244511959591
calibration,"20130418_Korea Economic Institute_Hamisevicz, Nicholas_Short-Form.pdf",registrant_name,1.0,1.0,0.8463626,0.9198235,0.5426348737523843,0.8513284107790967
calibration,"20130418_Korea Economic Institute_Hamisevicz, Nicholas_Short-Form.pdf",foreign_principle_name,1.0,1.0,0.26296562,0.25646448,0.08923159846933297,0.27920497268500677
calibration,"20130418_Korea Economic Institute_Hamisevicz, Nicholas_Short-Form.pdf",file_date,0.0,0.0,0.6852156,0.7736691,0.7248512834823363,0.7574294140777317
calibration,"20130418_Korea Economic Institute_Hamisevicz, Nicholas_Short-Form.pdf",signer_name,0.0,0.0,0.9210783,0.94239265,0.808540343873605,0.9648061862335017
calibration,"20130418_Korea Economic Institute_Hamisevicz, Nicholas_Short-Form.pdf",signer_title,1.0,1.0,0.336349,0.18454929,0.6251602422598549,0.35014894826471965
calibration,"20170428_Mer Security and Communication Systems Ltd._Thuemim, Moshe_Short-Form.pdf",registration_num,1.0,1.0,0.9045625,0.9446227,0.965937038694152,0.47250581638947203
calibration,"20170428_Mer Security and Communication Systems Ltd._Thuemim, Moshe_Short-Form.pdf",registrant_name,0.0,0.0,0.676798,0.5914437,0.8433265993581497,0.16336787818320667
calibration,"20170428_Mer Security and Communication Systems Ltd._Thuemim, Moshe_Short-Form.pdf",foreign_principle_name,1.0,1.0,0.19492128,0.18898337,0.05548853803671536,0.3555502362391529
calibration,"20170428_Mer Security and Communication Systems Ltd._Thuemim, Moshe_Short-Form.pdf",file_date,0.0,0.0,0.7845891,0.7419018,0.768623486372956,0.7770900006386089
calibration,"20170428_Mer Security and Communication Systems Ltd._Thuemim, Moshe_Short-Form.pdf",signer_name,0.0,0.0,0.15300056,0.10000187,0.5043445516993539,0.1536371240792135
calibration,"20170428_Mer Security and Communication Systems Ltd._Thuemim, Moshe_Short-Form.pdf",signer_title,0.0,0.0,0.17378512,0.15843543,0.19557414904528142,0.14470778351093427
calibration,"20140520_DLA Piper US LLP_Newcomb, Robert Richard_Short-Form.pdf",registration_num,1.0,1.0,0.8420843,0.86188525,0.7008398398651108,0.7295204902606789
calibration,"20140520_DLA Piper US LLP_Newcomb, Robert Richard_Short-Form.pdf",registrant_name,0.0,0.0,0.9215312,0.9055349,0.9527114270071443,0.8057473595236833
calibration,"20140520_DLA Piper US LLP_Newcomb, Robert Richard_Short-Form.pdf",foreign_principle_name,1.0,1.0,0.39160305,0.4654158,0.4361997222133822,0.5577282592661288
calibration,"20140520_DLA Piper US LLP_Newcomb, Robert Richard_Short-Form.pdf",file_date,1.0,1.0,0.9191635,0.94307137,0.5329680688336419,0.9488976691590774
calibration,"20140520_DLA Piper US LLP_Newcomb, Robert Richard_Short-Form.pdf",signer_name,1.0,1.0,0.9206751,0.95748556,0.8142946001623811,0.9679281066879777
calibration,"20140520_DLA Piper US LLP_Newcomb, Robert Richard_Short-Form.pdf",signer_title,1.0,1.0,0.15261954,0.08147313,0.5988450114197365,0.38995569884103515
calibration,"20180206_Greenberg Traurig, LLP_Forbes, Randy_Short-Form.pdf",registration_num,1.0,1.0,0.9373317,0.97863483,0.9628625817068719,0.9541056012348166
calibration,"20180206_Greenberg Traurig, LLP_Forbes, Randy_Short-Form.pdf",registrant_name,0.0,0.0,0.4024672,0.34858146,0.6278687533392934,0.23043770313209502
calibration,"20180206_Greenberg Traurig, LLP_Forbes, Randy_Short-Form.pdf",foreign_principle_name,1.0,1.0,0.24899177,0.23820475,0.24915711253157555,0.23818461676598152
calibration,"20180206_Greenberg Traurig, LLP_Forbes, Randy_Short-Form.pdf",file_date,1.0,1.0,0.88186616,0.937343,0.5624067850236484,0.8895493491769171
calibration,"20180206_Greenberg Traurig, LLP_Forbes, Randy_Short-Form.pdf",signer_name,1.0,1.0,0.82114583,0.7974302,0.9532809093683644,0.9911056965517077
calibration,"20180206_Greenberg Traurig, LLP_Forbes, Randy_Short-Form.pdf",signer_title,1.0,1.0,0.3327842,0.18452293,0.6251602422598549,0.35014894826471965
calibration,"20170911_Dowell Pham Harrison, LLP_Vu, Hung Khanh_Short-Form.pdf",registration_num,1.0,1.0,0.9009589,0.9400445,0.9628625817068719,0.4788490295826538
calibration,"20170911_Dowell Pham Harrison, LLP_Vu, Hung Khanh_Short-Form.pdf",registrant_name,0.0,0.0,0.5731544,0.56911206,0.7903208286206581,0.10181340964046197
calibration,"20170911_Dowell Pham Harrison, LLP_Vu, Hung Khanh_Short-Form.pdf",foreign_principle_name,1.0,1.0,0.1863077,0.21961603,0.029042025022569282,0.3356795625626522
calibration,"20170911_Dowell Pham Harrison, LLP_Vu, Hung Khanh_Short-Form.pdf",file_date,1.0,1.0,0.51346785,0.5662009,0.8272639422013147,0.7467283324929367
calibration,"20170911_Dowell Pham Harrison, LLP_Vu, Hung Khanh_Short-Form.pdf",signer_name,1.0,1.0,0.891981,0.8824097,0.6941615924263431,0.8839262735663871
calibration,"20170911_Dowell Pham Harrison, LLP_Vu, Hung Khanh_Short-Form.pdf",signer_title,0.0,0.0,0.07846056,0.07180451,0.026852907493578895,0.09930918074057025
calibration,"20160731_Burson-Marsteller, LLC (Washington, DC)_Vega, Mayra_Short-Form.pdf",registration_num,1.0,1.0,0.9193841,0.9648137,0.9622847518480496,0.7897724451401925
calibration,"20160731_Burson-Marsteller, LLC (Washington, DC)_Vega, Mayra_Short-Form.pdf",registrant_name,1.0,1.0,0.8267253,0.91014683,0.8522787258093446,0.6118110885799042
calibration,"20160731_Burson-Marsteller, LLC (Washington, DC)_Vega, Mayra_Short-Form.pdf",foreign_principle_name,1.0,1.0,0.2002187,0.22354731,0.145770944368264,0.4156277408506873
calibration,"20160731_Burson-Marsteller, LLC (Washington, DC)_Vega, Mayra_Short-Form.pdf",file_date,0.0,0.0,0.53277934,0.57357574,0.5687398447700323,0.5564476094556745
calibration,"20160731_Burson-Marsteller, LLC (Washington, DC)_Vega, Mayra_Short-Form.pdf",signer_name,1.0,1.0,0.8971777,0.88039845,0.9367950676829004,0.9911056965517077
calibration,"20160731_Burson-Marsteller, LLC (Washington, DC)_Vega, Mayra_Short-Form.pdf",signer_title,0.0,0.0,0.027541682,0.030154994,0.1138352831924754,0.024351664990092454
calibration,"20140303_LB International Solutions, LLC_Borland, Lydia_Short-Form.pdf",registration_num,1.0,1.0,0.92622644,0.9665762,0.9622847518480496,0.8176617509187207
calibration,"20140303_LB International Solutions, LLC_Borland, Lydia_Short-Form.pdf",registrant_name,0.0,0.0,0.36713016,0.27431527,0.6674524309260679,0.2861318003777819
calibration,"20140303_LB International Solutions, LLC_Borland, Lydia_Short-Form.pdf",foreign_principle_name,0.0,0.0,0.15086517,0.14348847,0.0724038489784031,0.1943594408020942
calibration,"20140303_LB International Solutions, LLC_Borland, Lydia_Short-Form.pdf",file_date,1.0,1.0,0.8347641,0.7737459,0.46475885925819005,0.943094991803881
calibration,"20140303_LB International Solutions, LLC_Borland, Lydia_Short-Form.pdf",signer_name,1.0,1.0,0.91041946,0.8625118,0.9626153265583323,0.9943341127307165
calibration,"20140303_LB International Solutions, LLC_Borland, Lydia_Short-Form.pdf",signer_title,0.0,0.0,0.039196298,0.037167784,0.17610700480400596,0.11111501649606835
calibration,"20130307_Podesta Group, Inc._Antelo, Cristina_Short-Form.pdf",registration_num,1.0,1.0,0.93767035,0.9733838,0.957955774414467,0.9492913119219373
calibration,"20130307_Podesta Group, Inc._Antelo, Cristina_Short-Form.pdf",registrant_name,0.0,0.0,0.39410558,0.34534913,0.3792232424360859,0.04931683114619545
calibration,"20130307_Podesta Group, Inc._Antelo, Cristina_Short-Form.pdf",foreign_principle_name,0.0,0.0,0.188018,0.21581662,0.09933761158703865,0.31337753152342496
calibration,"20130307_Podesta Group, Inc._Antelo, Cristina_Short-Form.pdf",file_date,1.0,1.0,0.84963286,0.87358254,0.7276182225457604,0.6843418721209573
calibration,"20130307_Podesta Group, Inc._Antelo, Cristina_Short-Form.pdf",signer_name,0.0,0.0,0.13151066,0.08592326,0.45559091778592187,0.12437267966074325
calibration,"20130307_Podesta Group, Inc._Antelo, Cristina_Short-Form.pdf",signer_title,0.0,0.0,0.106031775,0.11787393,0.24371896624549838,0.11938092388961899
calibration,"20131029_Jewish Agency - American Section, Inc._Tal, Ittai_Short-Form.pdf",registration_num,1.0,1.0,0.9312086,0.95305663,0.9614317668039316,0.6399286866343695
calibration,"20131029_Jewish Agency - American Section, Inc._Tal, Ittai_Short-Form.pdf",registrant_name,1.0,1.0,0.9345415,0.976262,0.9087989786194031,0.8224506031082728
calibration,"20131029_Jewish Agency - American Section, Inc._Tal, Ittai_Short-Form.pdf",foreign_principle_name,1.0,1.0,0.32557768,0.37343553,0.8155885162907098,0.7739656705428671
calibration,"20131029_Jewish Agency - American Section, Inc._Tal, Ittai_Short-Form.pdf",file_date,0.0,0.0,0.621241,0.7080593,0.6834228127952282,0.47965156018001626
calibration,"20131029_Jewish Agency - American Section, Inc._Tal, Ittai_Short-Form.pdf",signer_name,0.0,0.0,0.1291849,0.109306656,0.4988427840740658,0.10234444664204796
calibration,"20131029_Jewish Agency - American Section, Inc._Tal, Ittai_Short-Form.pdf",signer_title,0.0,0.0,0.85660493,0.9231369,0.3655841355834694,0.7014409629896153
calibration,"20130320_Podesta Group, Inc._Chang, Benjamin_Short-Form.pdf",registration_num,0.0,0.0,0.20570879,0.23693328,0.009116930398318537,0.41642230748483966
calibration,"20130320_Podesta Group, Inc._Chang, Benjamin_Short-Form.pdf",registrant_name,1.0,1.0,0.89424974,0.9102951,0.7511119859682045,0.7548753301782101
calibration,"20130320_Podesta Group, Inc._Chang, Benjamin_Short-Form.pdf",foreign_principle_name,0.0,0.0,0.21765545,0.18857257,0.2401574153876981,0.2976104113238619
calibration,"20130320_Podesta Group, Inc._Chang, Benjamin_Short-Form.pdf",file_date,0.0,0.0,0.8306093,0.8497826,0.7493057076353568,0.7574294140777317
calibration,"20130320_Podesta Group, Inc._Chang, Benjamin_Short-Form.pdf",signer_name,0.0,0.0,0.073509805,0.053374797,0.16526442048622442,0.06018180153630188
calibration,"20130320_Podesta Group, Inc._Chang, Benjamin_Short-Form.pdf",signer_title,0.0,0.0,0.107885025,0.12558307,0.23002107801749014,0.12122076771155939
test,"20140321_Daniel J. Edelman, Inc._Brickman, Kara_Short-Form.pdf",registration_num,1.0,1.0,0.8441962,0.8603193,0.7912931796260563,0.82127883742221
test,"20140321_Daniel J. Edelman, Inc._Brickman, Kara_Short-Form.pdf",registrant_name,1.0,1.0,0.89607763,0.92876434,0.8140596366789217,0.6899603445377149
test,"20140321_Daniel J. Edelman, Inc._Brickman, Kara_Short-Form.pdf",foreign_principle_name,1.0,1.0,0.271418,0.31732073,0.920613696717546,0.8663655756817017
test,"20140321_Daniel J. Edelman, Inc._Brickman, Kara_Short-Form.pdf",file_date,1.0,1.0,0.9199678,0.9743678,0.5991134154767198,0.9531790946919642
test,"20140321_Daniel J. Edelman, Inc._Brickman, Kara_Short-Form.pdf",signer_name,1.0,1.0,0.8553109,0.8480714,0.9545582252006142,0.987892575499581
test,"20140321_Daniel J. Edelman, Inc._Brickman, Kara_Short-Form.pdf",signer_title,1.0,1.0,0.38436756,0.21935587,0.9135936214927494,0.733264255837956
test,"20160914_kglobal LLC_DeCleene, Randy_Short-Form.pdf",registration_num,1.0,1.0,0.8522951,0.85313207,0.9009320152926436,0.3635279538977327
test,"20160914_kglobal LLC_DeCleene, Randy_Short-Form.pdf",registrant_name,0.0,0.0,0.57137203,0.5510044,0.7600798427268438,0.1018440807504876
test,"20160914_kglobal LLC_DeCleene, Randy_Short-Form.pdf",foreign_principle_name,1.0,1.0,0.22649018,0.22399509,0.26153858476284475,0.2646670857209702
test,"20160914_kglobal LLC_DeCleene, Randy_Short-Form.pdf",file_date,0.0,0.0,0.82281435,0.8575538,0.7814086278312002,0.7574294140777317
test,"20160914_kglobal LLC_DeCleene, Randy_Short-Form.pdf",signer_name,0.0,0.0,0.51611537,0.4787748,0.4734739075016912,0.5281017591556882
test,"20160914_kglobal LLC_DeCleene, Randy_Short-Form.pdf",signer_title,0.0,0.0,0.062085737,0.04225612,0.06915816500180326,0.018458604590184002
test,"20080530_MSLGROUP Americas, Inc._Conconi, Charles N._Short-Form.pdf",registration_num,1.0,1.0,0.8464222,0.87922317,0.8291079388343549,0.7611808758118618
test,"20080530_MSLGROUP Americas, Inc._Conconi, Charles N._Short-Form.pdf",registrant_name,0.0,0.0,0.5271987,0.58087635,0.6874752067803319,0.10147801964971996
test,"20080530_MSLGROUP Americas, Inc._Conconi, Charles N._Short-Form.pdf",foreign_principle_name,1.0,1.0,0.43853173,0.5151662,0.16492849322800077,0.2910715517993855
test,"20080530_MSLGROUP Americas, Inc._Conconi, Charles N._Short-Form.pdf",file_date,0.0,0.0,0.32356694,0.19931577,0.4394329515310096,0.14168268501617176
test,"20080530_MSLGROUP Americas, Inc._Conconi, Charles N._Short-Form.pdf",signer_name,0.0,0.0,0.07382632,0.055131983,0.1661402445046606,0.08582507281112776
test,"20080530_MSLGROUP Americas, Inc._Conconi, Charles N._Short-Form.pdf",signer_title,0.0,0.0,0.16796814,0.2101622,0.20315331376502527,0.13286001976480838
test,"20090225_JETRO, Los Angeles_Kobayashi, Hiroto_Short-Form.pdf",registration_num,1.0,1.0,0.7711781,0.886656,0.8162481037820118,0.42087675995173024
test,"20090225_JETRO, Los Angeles_Kobayashi, Hiroto_Short-Form.pdf",registrant_name,0.0,0.0,0.8630848,0.93621475,0.8072551526605237,0.938824857205302
test,"20090225_JETRO, Los Angeles_Kobayashi, Hiroto_Short-Form.pdf",foreign_principle_name,0.0,0.0,0.13406512,0.10551944,0.02021024057766774,0.06814163150978653
test,"20090225_JETRO, Los Angeles_Kobayashi, Hiroto_Short-Form.pdf",file_date,0.0,0.0,0.2534061,0.1566883,0.4957451892012676,0.16815749157595397
test,"20090225_JETRO, Los Angeles_Kobayashi, Hiroto_Short-Form.pdf",signer_name,0.0,0.0,0.77321535,0.82666045,0.36597963794786503,0.8809280078798322
test,"20090225_JETRO, Los Angeles_Kobayashi, Hiroto_Short-Form.pdf",signer_title,1.0,1.0,0.4579173,0.24888512,0.9206620491716208,0.7163401865912706
test,"20120510_Ketchum Inc. NY_Brady, Lauren_Short-Form.pdf",registration_num,1.0,1.0,0.9132439,0.9465351,0.9670046365095685,0.9394668612981689
test,"20120510_Ketchum Inc. NY_Brady, Lauren_Short-Form.pdf",registrant_name,1.0,1.0,0.8801981,0.9239771,0.7306695424087626,0.567180619460814
test,"20120510_Ketchum Inc. NY_Brady, Lauren_Short-Form.pdf",foreign_principle_name,1.0,1.0,0.2724803,0.25559682,0.24310176819316115,0.34701552991757223
test,"20120510_Ketchum Inc. NY_Brady, Lauren_Short-Form.pdf",file_date,1.0,1.0,0.47387952,0.44104213,0.7708323763214787,0.47740571943390525
test,"20120510_Ketchum Inc. NY_Brady, Lauren_Short-Form.pdf",signer_name,0.0,0.0,0.22479916,0.15305865,0.4627214775948138,0.5204066486816609
test,"20120510_Ketchum Inc. NY_Brady, Lauren_Short-Form.pdf",signer_title,1.0,1.0,0.5725032,0.5390898,0.7129707802908037,0.48277998435164315
test,"20100715_Hill and Knowlton Strategies, LLC_Reynolds, Joshua_Short-Form.pdf",registration_num,0.0,0.0,0.060796596,0.06356321,0.006953370971711849,0.05031383560875626
test,"20100715_Hill and Knowlton Strategies, LLC_Reynolds, Joshua_Short-Form.pdf",registrant_name,1.0,1.0,0.8676586,0.9177636,0.7282331977977734,0.6790312684162088
test,"20100715_Hill and Knowlton Strategies, LLC_Reynolds, Joshua_Short-Form.pdf",foreign_principle_name,0.0,0.0,0.21630208,0.21532246,0.044341228744347434,0.3689857241062337
test,"20100715_Hill and Knowlton Strategies, LLC_Reynolds, Joshua_Short-Form.pdf",file_date,0.0,0.0,0.90860635,0.9354536,0.35482415443056936,0.5360495961589623
test,"20100715_Hill and Knowlton Strategies, LLC_Reynolds, Joshua_Short-Form.pdf",signer_name,0.0,0.0,0.08627703,0.052438784,0.1661402445046606,0.08582507281112776
test,"20100715_Hill and Knowlton Strategies, LLC_Reynolds, Joshua_Short-Form.pdf",signer_title,0.0,0.0,0.3332684,0.3235328,0.32399940349982187,0.4657687214546021
test,"20130523_DLA Piper US LLP_Jurewicz, Witold_Short-Form.pdf",registration_num,1.0,1.0,0.8152863,0.8528414,0.601346599870765,0.6891396250153176
test,"20130523_DLA Piper US LLP_Jurewicz, Witold_Short-Form.pdf",registrant_name,0.0,0.0,0.56058264,0.48425013,0.7016922526023164,0.2643766241760941
test,"20130523_DLA Piper US LLP_Jurewicz, Witold_Short-Form.pdf",foreign_principle_name,1.0,1.0,0.36349642,0.37579745,0.20411812890989428,0.0825590139470196
test,"20130523_DLA Piper US LLP_Jurewicz, Witold_Short-Form.pdf",file_date,1.0,1.0,0.90283567,0.92412055,0.5418473629308984,0.9424615225054115
test,"20130523_DLA Piper US LLP_Jurewicz, Witold_Short-Form.pdf",signer_name,1.0,1.0,0.79638064,0.7739917,0.675277208866588,0.9632778916676479
test,"20130523_DLA Piper US LLP_Jurewicz, Witold_Short-Form.pdf",signer_title,0.0,0.0,0.026293805,0.034352295,0.01827796577811457,0.08317425408363649
test,"20100111_O_Brien Gentry _ Scott, LLC_Gentry, James_Short-Form.pdf",registration_num,1.0,1.0,0.9316697,0.98382604,0.9596229535334637,0.8559136293409215
test,"20100111_O_Brien Gentry _ Scott, LLC_Gentry, James_Short-Form.pdf",registrant_name,1.0,1.0,0.7821256,0.8830906,0.9064308049374666,0.7069294022529178
test,"20100111_O_Brien Gentry _ Scott, LLC_Gentry, James_Short-Form.pdf",foreign_principle_name,0.0,0.0,0.027932372,0.03147276,0.03933496414069823,0.04402882246809774
test,"20100111_O_Brien Gentry _ Scott, LLC_Gentry, James_Short-Form.pdf",file_date,0.0,0.0,0.13747764,0.07979318,0.13460797821656684,0.04118471916424829
test,"20100111_O_Brien Gentry _ Scott, LLC_Gentry, James_Short-Form.pdf",signer_name,0.0,0.0,0.060490005,0.052648574,0.04187232420358112,0.040289669317790454
test,"20100111_O_Brien Gentry _ Scott, LLC_Gentry, James_Short-Form.pdf",signer_title,0.0,0.0,0.03753274,0.041411467,0.08835887063395435,0.04029797213529623
test,"20150212_Mercury Public Affairs, LLC_Lewis, Katherine_Short-Form.pdf",registration_num,1.0,1.0,0.91258705,0.95987254,0.9622847518480496,0.9394668612981689
test,"20150212_Mercury Public Affairs, LLC_Lewis, Katherine_Short-Form.pdf",registrant_name,0.0,0.0,0.5774647,0.51977533,0.8772296347782016,0.4596669556507358
test,"20150212_Mercury Public Affairs, LLC_Lewis, Katherine_Short-Form.pdf",foreign_principle_name,0.0,0.0,0.11652155,0.07846938,0.08600710997738553,0.016501932603691812
test,"20150212_Mercury Public Affairs, LLC_Lewis, Katherine_Short-Form.pdf",file_date,1.0,1.0,0.92289245,0.97016555,0.454632249766965,0.9290564854376336
test,"20150212_Mercury Public Affairs, LLC_Lewis, Katherine_Short-Form.pdf",signer_name,1.0,1.0,0.77730805,0.6542002,0.9708224303085657,0.9940661390378207
test,"20150212_Mercury Public Affairs, LLC_Lewis, Katherine_Short-Form.pdf",signer_title,1.0,1.0,0.33898303,0.18814343,0.6251602422598549,0.35014894826471965
test,"20090408_Arab Information Center_Sherif, Walid Mahmoud Sayed Ahmed_Short-Form.pdf",registration_num,1.0,1.0,0.8648037,0.8488714,0.6120484885247626,0.43603815307603694
test,"20090408_Arab Information Center_Sherif, Walid Mahmoud Sayed Ahmed_Short-Form.pdf",registrant_name,1.0,1.0,0.8994724,0.8141948,0.8776671250646766,0.43001848253542047
test,"20090408_Arab Information Center_Sherif, Walid Mahmoud Sayed Ahmed_Short-Form.pdf",foreign_principle_name,0.0,0.0,0.38569993,0.3947036,0.16886127942066803,0.21270214808838336
test,"20090408_Arab Information Center_Sherif, Walid Mahmoud Sayed Ahmed_Short-Form.pdf",file_date,0.0,0.0,0.24177659,0.19174346,0.4296657449978096,0.09152355694092719
test,"20090408_Arab Information Center_Sherif, Walid Mahmoud Sayed Ahmed_Short-Form.pdf",signer_name,1.0,1.0,0.3515808,0.35324135,0.4528073975073718,0.4248966778371819
test,"20090408_Arab Information Center_Sherif, Walid Mahmoud Sayed Ahmed_Short-Form.pdf",signer_title,0.0,0.0,0.09098262,0.054869164,0.44554797989288797,0.16997780353396125
test,"20110912_BLJ Worldwide LTD_Smrikarov, Marc Philip George_Short-Form.pdf",registration_num,1.0,1.0,0.94160384,0.9871875,0.8594129660384138,0.9892192102121227
test,"20110912_BLJ Worldwide LTD_Smrikarov, Marc Philip George_Short-Form.pdf",registrant_name,1.0,1.0,0.73681897,0.7431204,0.6629551703274531,0.43189903693905035
test,"20110912_BLJ Worldwide LTD_Smrikarov, Marc Philip George_Short-Form.pdf",foreign_principle_name,1.0,1.0,0.18001565,0.24708302,0.11544236728899404,0.6170169321107849
test,"20110912_BLJ Worldwide LTD_Smrikarov, Marc Philip George_Short-Form.pdf",file_date,1.0,1.0,0.66193074,0.7441753,0.6370649604097246,0.5929442666020589
test,"20110912_BLJ Worldwide LTD_Smrikarov, Marc Philip George_Short-Form.pdf",signer_name,1.0,1.0,0.9270941,0.95040095,0.8291462185038626,0.9721977212018661
test,"20110912_BLJ Worldwide LTD_Smrikarov, Marc Philip George_Short-Form.pdf",signer_title,0.0,0.0,0.08548013,0.08824243,0.12477812732438381,0.020605265764018138
test,"20081201_KOTRA_Lee, Dooyoung_Short-Form.pdf",registration_num,1.0,1.0,0.9465087,0.99187183,0.9745366369333234,0.9747117631183915
test,"20081201_KOTRA_Lee, Dooyoung_Short-Form.pdf",registrant_name,1.0,1.0,0.8624899,0.9460982,0.9375840203616163,0.844367173035583
test,"20081201_KOTRA_Lee, Dooyoung_Short-Form.pdf",foreign_principle_name,1.0,1.0,0.66083926,0.7797563,0.8816425880656238,0.855410544391568
test,"20081201_KOTRA_Lee, Dooyoung_Short-Form.pdf",file_date,0.0,0.0,0.8984243,0.88209313,0.8579459794112737,0.9342871202321699
test,"20081201_KOTRA_Lee, Dooyoung_Short-Form.pdf",signer_name,0.0,0.0,0.07913729,0.054002147,0.4903446633228961,0.3164399972205779
test,"20081201_KOTRA_Lee, Dooyoung_Short-Form.pdf",signer_title,0.0,0.0,0.19859843,0.16098067,0.2854007701499255,0.09846313086083183
test,"20170404_JETRO, New York_Fuchigami, Shigenobu_Short-Form.pdf",registration_num,1.0,1.0,0.9198421,0.97462714,0.9622847518480496,0.9394668612981689
test,"20170404_JETRO, New York_Fuchigami, Shigenobu_Short-Form.pdf",registrant_name,0.0,0.0,0.43783313,0.26779792,0.9048169051566084,0.1168241583917004
test,"20170404_JETRO, New York_Fuchigami, Shigenobu_Short-Form.pdf",foreign_principle_name,0.0,0.0,0.1400728,0.11493814,0.21471724619500196,0.07081404320007216
test,"20170404_JETRO, New York_Fuchigami, Shigenobu_Short-Form.pdf",file_date,1.0,1.0,0.94992524,0.9841753,0.8208915035130611,0.9536199601935617
test,"20170404_JETRO, New York_Fuchigami, Shigenobu_Short-Form.pdf",signer_name,0.0,0.0,0.09779121,0.08560906,0.30581720572744797,0.16465372987858895
test,"20170404_JETRO, New York_Fuchigami, Shigenobu_Short-Form.pdf",signer_title,0.0,0.0,0.1859053,0.15184143,0.09174323767737881,0.0862509388664861
test,"20180210_Forbes Tate Partners LLC_Cooper, George_Short-Form.pdf",registration_num,1.0,1.0,0.924389,0.95381707,0.9666840237022061,0.8348557843252834
test,"20180210_Forbes Tate Partners LLC_Cooper, George_Short-Form.pdf",registrant_name,1.0,1.0,0.85035515,0.8763286,0.8191081440990438,0.8050017930357553
test,"20180210_Forbes Tate Partners LLC_Cooper, George_Short-Form.pdf",foreign_principle_name,1.0,1.0,0.3267359,0.37849733,0.48119774082406824,0.6172776830201535
test,"20180210_Forbes Tate Partners LLC_Cooper, George_Short-Form.pdf",file_date,0.0,0.0,0.61685306,0.7569847,0.7560488981972275,0.6504064606689598
test,"20180210_Forbes Tate Partners LLC_Cooper, George_Short-Form.pdf",signer_name,0.0,0.0,0.16199867,0.08471792,0.32220757218267027,0.07638236159051068
test,"20180210_Forbes Tate Partners LLC_Cooper, George_Short-Form.pdf",signer_title,0.0,0.0,0.07706393,0.06653711,0.01827796577811457,0.08317425408363649
test,"20180606_Mercury Public Affairs, LLC_Vigio, Nicola Cardoso_Short-Form.pdf",registration_num,1.0,1.0,0.9246129,0.9447895,0.9600908405395433,0.9541056012348166
test,"20180606_Mercury Public Affairs, LLC_Vigio, Nicola Cardoso_Short-Form.pdf",registrant_name,0.0,0.0,0.68629134,0.60291505,0.9466382414808046,0.4702706681239801
test,"20180606_Mercury Public Affairs, LLC_Vigio, Nicola Cardoso_Short-Form.pdf",foreign_principle_name,1.0,1.0,0.1675503,0.1880132,0.05738114731765612,0.30526380983300627
test,"20180606_Mercury Public Affairs, LLC_Vigio, Nicola Cardoso_Short-Form.pdf",file_date,1.0,1.0,0.5936458,0.6193339,0.6845383133747673,0.7837531143625132
test,"20180606_Mercury Public Affairs, LLC_Vigio, Nicola Cardoso_Short-Form.pdf",signer_name,1.0,1.0,0.85540646,0.8457534,0.9764418198217808,0.9935144467192044
test,"20180606_Mercury Public Affairs, LLC_Vigio, Nicola Cardoso_Short-Form.pdf",signer_title,1.0,1.0,0.5458786,0.36753884,0.8809072736674449,0.7049520104791043
test,"20161214_Fratelli Group_Rooney, Peter William_Short-Form.pdf",registration_num,1.0,1.0,0.9263026,0.9774845,0.9600908405395433,0.9547544189291868
test,"20161214_Fratelli Group_Rooney, Peter William_Short-Form.pdf",registrant_name,1.0,1.0,0.92614305,0.95454246,0.9522287033628695,0.7922805655912681
test,"20161214_Fratelli Group_Rooney, Peter William_Short-Form.pdf",foreign_principle_name,1.0,1.0,0.37195182,0.36744195,0.2419379621283026,0.2985308432306164
test,"20161214_Fratelli Group_Rooney, Peter William_Short-Form.pdf",file_date,1.0,1.0,0.7822299,0.9115763,0.8043096915867209,0.18029806630948772
test,"20161214_Fratelli Group_Rooney, Peter William_Short-Form.pdf",signer_name,1.0,1.0,0.26972187,0.17606965,0.811612521511377,0.6032889217658568
test,"20161214_Fratelli Group_Rooney, Peter William_Short-Form.pdf",signer_title,1.0,1.0,0.78690684,0.7827419,0.9474236420811407,0.9371168218405282
test,"20180430_Myriad International Marketing, LLC_Morrow, Stephanie_Short-Form.pdf",registration_num,1.0,1.0,0.92048407,0.9371344,0.9639476226847532,0.8060268798954869
test,"20180430_Myriad International Marketing, LLC_Morrow, Stephanie_Short-Form.pdf",registrant_name,1.0,1.0,0.90188295,0.934651,0.8885647372024964,0.880674267291827
test,"20180430_Myriad International Marketing, LLC_Morrow, Stephanie_Short-Form.pdf",foreign_principle_name,0.0,1.0,0.2303277,0.2634059,0.27909367058733225,0.3101499164997577
test,"20180430_Myriad International Marketing, LLC_Morrow, Stephanie_Short-Form.pdf",file_date,1.0,1.0,0.902384,0.95273656,0.46469119063153247,0.9498230343949682
test,"20180430_Myriad International Marketing, LLC_Morrow, Stephanie_Short-Form.pdf",signer_name,1.0,1.0,0.8857896,0.81968725,0.971206472709782,0.9924293255058874
test,"20180430_Myriad International Marketing, LLC_Morrow, Stephanie_Short-Form.pdf",signer_title,1.0,1.0,0.1803741,0.09626598,0.6986497133813799,0.4582040908196077
test,"20160829_Bavarian U.S. Offices for Economic Development, LLC_Zierer, Antonia_Short-Form.pdf",registration_num,1.0,1.0,0.9292861,0.9589182,0.9622847518480496,0.9503327717126535
test,"20160829_Bavarian U.S. Offices for Economic Development, LLC_Zierer, Antonia_Short-Form.pdf",registrant_name,1.0,1.0,0.85152566,0.94128495,0.7778690656759077,0.9190246039514331
test,"20160829_Bavarian U.S. Offices for Economic Development, LLC_Zierer, Antonia_Short-Form.pdf",foreign_principle_name,1.0,1.0,0.26961222,0.2514935,0.0611948514176393,0.2737828739730524
test,"20160829_Bavarian U.S. Offices for Economic Development, LLC_Zierer, Antonia_Short-Form.pdf",file_date,1.0,1.0,0.89155054,0.91761315,0.7064590444025786,0.9360870686374294
test,"20160829_Bavarian U.S. Offices for Economic Development, LLC_Zierer, Antonia_Short-Form.pdf",signer_name,1.0,1.0,0.8805887,0.81001747,0.9578843223942481,0.9881515860186004
test,"20160829_Bavarian U.S. Offices for Economic Development, LLC_Zierer, Antonia_Short-Form.pdf",signer_title,0.0,0.0,0.59012204,0.61100256,0.7663663588682285,0.38458287505183497
test,"20160506_MSLGROUP Americas, Inc._Kurapovna, Marcia Christoff_Short-Form.pdf",registration_num,1.0,1.0,0.9323983,0.9675008,0.9622847518480496,0.9503327717126535
test,"20160506_MSLGROUP Americas, Inc._Kurapovna, Marcia Christoff_Short-Form.pdf",registrant_name,0.0,0.0,0.5917285,0.5543007,0.8227565307049243,0.11257955172483705
test,"20160506_MSLGROUP Americas, Inc._Kurapovna, Marcia Christoff_Short-Form.pdf",foreign_principle_name,1.0,1.0,0.27700788,0.31448066,0.04548193834183925,0.3431152362438203
test,"20160506_MSLGROUP Americas, Inc._Kurapovna, Marcia Christoff_Short-Form.pdf",file_date,0.0,0.0,0.7328888,0.79088986,0.7903606308785674,0.7574294140777317
test,"20160506_MSLGROUP Americas, Inc._Kurapovna, Marcia Christoff_Short-Form.pdf",signer_name,0.0,0.0,0.04632504,0.042750444,0.2539899543965442,0.08530613016102044
test,"20160506_MSLGROUP Americas, Inc._Kurapovna, Marcia Christoff_Short-Form.pdf",signer_title,0.0,0.0,0.08019827,0.090493284,0.0821227927156181,0.04011831114654086
test,"20101208_Ketchum Inc. NY_Austria, Kristine Partolan_Short-Form.pdf",registration_num,1.0,1.0,0.92525977,0.98376447,0.9670929278149728,0.9580177659190234
test,"20101208_Ketchum Inc. NY_Austria, Kristine Partolan_Short-Form.pdf",registrant_name,1.0,1.0,0.71350986,0.7796279,0.38939572332207895,0.15642133261557079
test,"20101208_Ketchum Inc. NY_Austria, Kristine Partolan_Short-Form.pdf",foreign_principle_name,1.0,1.0,0.40613747,0.39769593,0.22346626363928476,0.28140463349264117
test,"20101208_Ketchum Inc. NY_Austria, Kristine Partolan_Short-Form.pdf",file_date,0.0,0.0,0.27111953,0.22075868,0.2666390604729005,0.13949505560337025
test,"20101208_Ketchum Inc. NY_Austria, Kristine Partolan_Short-Form.pdf",signer_name,0.0,0.0,0.08477642,0.06799586,0.17155745173866427,0.04570384371462563
test,"20101208_Ketchum Inc. NY_Austria, Kristine Partolan_Short-Form.pdf",signer_title,0.0,0.0,0.27926025,0.29822746,0.2439840606519168,0.13119994589152667
test,"20150728_JETRO, New York_Kayama, Hirobumi_Short-Form.pdf",registration_num,1.0,1.0,0.9354332,0.9796955,0.9608697550577558,0.9541056012348166
test,"20150728_JETRO, New York_Kayama, Hirobumi_Short-Form.pdf",registrant_name,0.0,0.0,0.36410767,0.22264424,0.4937499743735295,0.07095361019875465
test,"20150728_JETRO, New York_Kayama, Hirobumi_Short-Form.pdf",foreign_principle_name,0.0,0.0,0.12193145,0.14281091,0.034366440411334895,0.34651138278039745
test,"20150728_JETRO, New York_Kayama, Hirobumi_Short-Form.pdf",file_date,0.0,0.0,0.64059937,0.6634156,0.6370649604097246,0.5582179330693391
test,"20150728_JETRO, New York_Kayama, Hirobumi_Short-Form.pdf",signer_name,0.0,0.0,0.0616207,0.064297244,0.21477449481414718,0.09082463945217178
test,"20150728_JETRO, New York_Kayama, Hirobumi_Short-Form.pdf",signer_title,0.0,0.0,0.32688314,0.32098398,0.16615430787158655,0.1575868999194652
test,"20170112_Podesta Group, Inc._Thompson, Dana_Short-Form.pdf",registration_num,1.0,1.0,0.9174658,0.9572903,0.9531329194158397,0.9407540607014993
test,"20170112_Podesta Group, Inc._Thompson, Dana_Short-Form.pdf",registrant_name,0.0,0.0,0.69261205,0.654903,0.6930624733858084,0.0877560184046218
test,"20170112_Podesta Group, Inc._Thompson, Dana_Short-Form.pdf",foreign_principle_name,0.0,0.0,0.2182355,0.18264027,0.12515838206131974,0.05881721269954879
test,"20170112_Podesta Group, Inc._Thompson, Dana_Short-Form.pdf",file_date,1.0,1.0,0.6182989,0.6637083,0.7518396555939884,0.6643922614156145
test,"20170112_Podesta Group, Inc._Thompson, Dana_Short-Form.pdf",signer_name,0.0,0.0,0.17582172,0.12609535,0.35829910772885265,0.5585040681587443
test,"20170112_Podesta Group, Inc._Thompson, Dana_Short-Form.pdf",signer_title,1.0,1.0,0.21048836,0.11080811,0.7129707802908037,0.48277998435164315
test,"20180413_Livingston Group, LLC_Livingston, Robert L._Short-Form.pdf",registration_num,0.0,0.0,0.056642484,0.046124905,0.006953370971711849,0.009827542158670165
test,"20180413_Livingston Group, LLC_Livingston, Robert L._Short-Form.pdf",registrant_name,0.0,0.0,0.54440486,0.46756363,0.8424976491139567,0.24226403525378504
test,"20180413_Livingston Group, LLC_Livingston, Robert L._Short-Form.pdf",foreign_principle_name,0.0,0.0,0.19053629,0.15982825,0.04971490154230069,0.02407501054197018
test,"20180413_Livingston Group, LLC_Livingston, Robert L._Short-Form.pdf",file_date,1.0,1.0,0.79488105,0.77773213,0.7738106724595317,0.5940358605694538
test,"20180413_Livingston Group, LLC_Livingston, Robert L._Short-Form.pdf",signer_name,1.0,1.0,0.89043725,0.85248405,0.9763029197201228,0.9941601717850216
test,"20180413_Livingston Group, LLC_Livingston, Robert L._Short-Form.pdf",signer_title,1.0,1.0,0.523767,0.3273903,0.9143286400973806,0.7144251785316367
test,"20170728_Levick Strategic Communications, LP_Cooper, Christopher_Short-Form.pdf",registration_num,1.0,1.0,0.93796194,0.9795154,0.9600908405395433,0.9547544189291868
test,"20170728_Levick Strategic Communications, LP_Cooper, Christopher_Short-Form.pdf",registrant_name,1.0,1.0,0.8324189,0.8493465,0.7664928928913606,0.8165197273700966
test,"20170728_Levick Strategic Communications, LP_Cooper, Christopher_Short-Form.pdf",foreign_principle_name,1.0,1.0,0.21884589,0.26165396,0.1580474933672007,0.31053634270513836
test,"20170728_Levick Strategic Communications, LP_Cooper, Christopher_Short-Form.pdf",file_date,1.0,1.0,0.67138076,0.7032386,0.7688314879263948,0.6643922614156145
test,"20170728_Levick Strategic Communications, LP_Cooper, Christopher_Short-Form.pdf",signer_name,1.0,1.0,0.917106,0.924403,0.9688022692138932,0.9882990352302056
test,"20170728_Levick Strategic Communications, LP_Cooper, Christopher_Short-Form.pdf",signer_title,1.0,1.0,0.27955607,0.15021527,0.7129707802908037,0.48277998435164315
test,"20131023_Singapore Economic Development Board_Cheong, Nigel_Short-Form.pdf",registration_num,1.0,1.0,0.8619491,0.8976237,0.9531329194158397,0.9346351558980209
test,"20131023_Singapore Economic Development Board_Cheong, Nigel_Short-Form.pdf",registrant_name,1.0,1.0,0.81706655,0.9120304,0.9352217546860925,0.9595830780836507
test,"20131023_Singapore Economic Development Board_Cheong, Nigel_Short-Form.pdf",foreign_principle_name,1.0,1.0,0.1175457,0.13638186,0.0769446971236801,0.21106888558790507
test,"20131023_Singapore Economic Development Board_Cheong, Nigel_Short-Form.pdf",file_date,1.0,1.0,0.8736831,0.8998162,0.6735194081640055,0.9388612320439704
test,"20131023_Singapore Economic Development Board_Cheong, Nigel_Short-Form.pdf",signer_name,0.0,0.0,0.114497915,0.114713,0.17957235327943982,0.01833538862641258
test,"20131023_Singapore Economic Development Board_Cheong, Nigel_Short-Form.pdf",signer_title,0.0,0.0,0.04990106,0.046378646,0.01827796577811457,0.005565356115452342
test,"20170130_Burson-Marsteller, LLC (Washington, DC)_Martinez, Natalie_Short-Form.pdf",registration_num,1.0,1.0,0.91366833,0.96187323,0.9479223571700653,0.7897724451401925
test,"20170130_Burson-Marsteller, LLC (Washington, DC)_Martinez, Natalie_Short-Form.pdf",registrant_name,1.0,1.0,0.8691543,0.9379207,0.889024023027571,0.8308046463191848
test,"20170130_Burson-Marsteller, LLC (Washington, DC)_Martinez, Natalie_Short-Form.pdf",foreign_principle_name,1.0,1.0,0.21352264,0.23749456,0.1732249781464391,0.40878387718419584
test,"20170130_Burson-Marsteller, LLC (Washington, DC)_Martinez, Natalie_Short-Form.pdf",file_date,0.0,0.0,0.6190325,0.65596664,0.680265254855546,0.6092274522539578
test,"20170130_Burson-Marsteller, LLC (Washington, DC)_Martinez, Natalie_Short-Form.pdf",signer_name,0.0,0.0,0.8563784,0.8035496,0.7261146884060571,0.9463455019149839
test,"20170130_Burson-Marsteller, LLC (Washington, DC)_Martinez, Natalie_Short-Form.pdf",signer_title,0.0,0.0,0.28170532,0.17187843,0.7490257744931006,0.29403342479449823
test,"20111101_Quebec Government Office_Tadros, Catherine Dilley_Short-Form.pdf",registration_num,1.0,1.0,0.92304516,0.95400226,0.9010818456202468,0.9398114270436514
test,"20111101_Quebec Government Office_Tadros, Catherine Dilley_Short-Form.pdf",registrant_name,1.0,1.0,0.8882486,0.94585913,0.8525812709846413,0.8134207678414744
test,"20111101_Quebec Government Office_Tadros, Catherine Dilley_Short-Form.pdf",foreign_principle_name,1.0,1.0,0.07140906,0.0678622,0.014165204885209594,0.1624966749407969
test,"20111101_Quebec Government Office_Tadros, Catherine Dilley_Short-Form.pdf",file_date,0.0,0.0,0.663738,0.6789591,0.6985441733377249,0.6425119680438224
test,"20111101_Quebec Government Office_Tadros, Catherine Dilley_Short-Form.pdf",signer_name,1.0,1.0,0.8333864,0.6940118,0.8689611010212281,0.979265837471626
test,"20111101_Quebec Government Office_Tadros, Catherine Dilley_Short-Form.pdf",signer_title,0.0,0.0,0.10322653,0.10388644,0.3289958943746227,0.0594455411000611
test,"20090925_CMGRP, Inc._Kline, Laura_Short-Form.pdf",registration_num,1.0,1.0,0.9286668,0.9666815,0.9633970616162866,0.9477952693734935
test,"20090925_CMGRP, Inc._Kline, Laura_Short-Form.pdf",registrant_name,1.0,1.0,0.9307617,0.9567766,0.586602043392967,0.7865785274821044
test,"20090925_CMGRP, Inc._Kline, Laura_Short-Form.pdf",foreign_principle_name,0.0,0.0,0.34255555,0.3447723,0.03202003869556932,0.3673454835682796
test,"20090925_CMGRP, Inc._Kline, Laura_Short-Form.pdf",file_date,0.0,0.0,0.087133564,0.07467423,0.10333892391061168,0.06653429376579362
test,"20090925_CMGRP, Inc._Kline, Laura_Short-Form.pdf",signer_name,0.0,0.0,0.13563415,0.09328429,0.1618753387084953,0.16850603393484845
test,"20090925_CMGRP, Inc._Kline, Laura_Short-Form.pdf",signer_title,0.0,0.0,0.055849463,0.04458963,0.15674369086252513,0.01966768391996771
test,"20180531_Debevoise _ Plimpton LLP_Rivkin, David W._Short-Form.pdf",registration_num,1.0,1.0,0.8814475,0.9139798,0.9622847518480496,0.3525193386652423
test,"20180531_Debevoise _ Plimpton LLP_Rivkin, David W._Short-Form.pdf",registrant_name,1.0,1.0,0.8773352,0.8665469,0.86174434248247,0.9602819228362164
test,"20180531_Debevoise _ Plimpton LLP_Rivkin, David W._Short-Form.pdf",foreign_principle_name,1.0,1.0,0.2342982,0.21594429,0.15202577842308865,0.04597320795444847
test,"20180531_Debevoise _ Plimpton LLP_Rivkin, David W._Short-Form.pdf",file_date,0.0,0.0,0.91701984,0.9701269,0.5779775321441141,0.9407281638514102
test,"20180531_Debevoise _ Plimpton LLP_Rivkin, David W._Short-Form.pdf",signer_name,0.0,0.0,0.7891155,0.7824577,0.514089403731287,0.9442717306029235
test,"20180531_Debevoise _ Plimpton LLP_Rivkin, David W._Short-Form.pdf",signer_title,1.0,1.0,0.35091645,0.20204142,0.6279884603954717,0.3817788817523431
test,"20120806_Squire Patton Boggs, LLP_Boggs, Thomas Hale , Jr._Short-Form.pdf",registration_num,1.0,1.0,0.90910226,0.9609723,0.9003374026737703,0.8849675076945968
test,"20120806_Squire Patton Boggs, LLP_Boggs, Thomas Hale , Jr._Short-Form.pdf",registrant_name,0.0,0.0,0.62198406,0.6216644,0.8731877299760814,0.2452366001775264
test,"20120806_Squire Patton Boggs, LLP_Boggs, Thomas Hale , Jr._Short-Form.pdf",foreign_principle_name,0.0,0.0,0.27094525,0.2771075,0.0598833878300431,0.45297381684007976
test,"20120806_Squire Patton Boggs, LLP_Boggs, Thomas Hale , Jr._Short-Form.pdf",file_date,0.0,0.0,0.5437542,0.61675346,0.671432525765099,0.6138986959404527
test,"20120806_Squire Patton Boggs, LLP_Boggs, Thomas Hale , Jr._Short-Form.pdf",signer_name,1.0,1.0,0.8547102,0.8378975,0.8277743230012806,0.980737761460055
test,"20120806_Squire Patton Boggs, LLP_Boggs, Thomas Hale , Jr._Short-Form.pdf",signer_title,1.0,1.0,0.44002542,0.2514841,0.9001003219870278,0.7163401865912706
test,"20101206_India Tourism, New York_Rangarajan, Parthasarathy_Short-Form.pdf",registration_num,1.0,1.0,0.9449949,0.98334694,0.9608793130376455,0.9342708246371028
test,"20101206_India Tourism, New York_Rangarajan, Parthasarathy_Short-Form.pdf",registrant_name,0.0,0.0,0.91757697,0.924297,0.8369736923120183,0.7319239792709938
test,"20101206_India Tourism, New York_Rangarajan, Parthasarathy_Short-Form.pdf",foreign_principle_name,0.0,0.0,0.14681144,0.1502974,0.11462659744644728,0.04714530676571715
test,"20101206_India Tourism, New York_Rangarajan, Parthasarathy_Short-Form.pdf",file_date,1.0,1.0,0.8209742,0.78958,0.34707456227085487,0.9294893318226611
test,"20101206_India Tourism, New York_Rangarajan, Parthasarathy_Short-Form.pdf",signer_name,0.0,0.0,0.9383546,0.9688385,0.8632620658279647,0.9522023038655936
test,"20101206_India Tourism, New York_Rangarajan, Parthasarathy_Short-Form.pdf",signer_title,0.0,0.0,0.5082545,0.5706967,0.7943570790823811,0.49916273810397915
test,"20130418_Daniel J. Edelman, Inc._Guirguis, Ronald P._Short-Form.pdf",registration_num,1.0,1.0,0.91275024,0.9550557,0.9518036917964942,0.9394668612981689
test,"20130418_Daniel J. Edelman, Inc._Guirguis, Ronald P._Short-Form.pdf",registrant_name,1.0,1.0,0.9247165,0.9497798,0.9047949736152716,0.6824766017289062
test,"20130418_Daniel J. Edelman, Inc._Guirguis, Ronald P._Short-Form.pdf",foreign_principle_name,1.0,1.0,0.29248607,0.35088065,0.75599281445087,0.5941600568278969
test,"20130418_Daniel J. Edelman, Inc._Guirguis, Ronald P._Short-Form.pdf",file_date,1.0,1.0,0.91910946,0.97506654,0.5464671204251674,0.937495034894369
test,"20130418_Daniel J. Edelman, Inc._Guirguis, Ronald P._Short-Form.pdf",signer_name,1.0,1.0,0.8884133,0.9064146,0.9437144883029355,0.9430410037606526
test,"20130418_Daniel J. Edelman, Inc._Guirguis, Ronald P._Short-Form.pdf",signer_title,0.0,0.0,0.03386708,0.035337787,0.1138352831924754,0.024351664990092454
test,"20140507_Ketchum Inc. NY_Amorosi, Alexandra Scott_Short-Form.pdf",registration_num,1.0,1.0,0.92569226,0.96696776,0.9664608626711954,0.9624090058836994
test,"20140507_Ketchum Inc. NY_Amorosi, Alexandra Scott_Short-Form.pdf",registrant_name,0.0,0.0,0.5085268,0.4217967,0.8773736969235479,0.10613987722711175
test,"20140507_Ketchum Inc. NY_Amorosi, Alexandra Scott_Short-Form.pdf",foreign_principle_name,0.0,0.0,0.26052165,0.23069629,0.28290747921129666,0.0698961729832259
test,"20140507_Ketchum Inc. NY_Amorosi, Alexandra Scott_Short-Form.pdf",file_date,0.0,0.0,0.5755951,0.54898584,0.8272639422013147,0.8437271076746973
test,"20140507_Ketchum Inc. NY_Amorosi, Alexandra Scott_Short-Form.pdf",signer_name,0.0,0.0,0.33702746,0.267586,0.2848007054367764,0.10807558297599873
test,"20140507_Ketchum Inc. NY_Amorosi, Alexandra Scott_Short-Form.pdf",signer_title,0.0,0.0,0.009552046,0.015234502,0.01827796577811457,0.08317425408363649
test,"20080918_Squire Patton Boggs, LLP_Varma, Anurag_Short-Form.pdf",registration_num,1.0,1.0,0.9280604,0.96785295,0.9628625817068719,0.9470521923329837
test,"20080918_Squire Patton Boggs, LLP_Varma, Anurag_Short-Form.pdf",registrant_name,0.0,0.0,0.5838134,0.6094779,0.8100824486000259,0.21796698333487222
test,"20080918_Squire Patton Boggs, LLP_Varma, Anurag_Short-Form.pdf",foreign_principle_name,0.0,0.0,0.2035042,0.18759316,0.23528932825217186,0.29539997426913317
test,"20080918_Squire Patton Boggs, LLP_Varma, Anurag_Short-Form.pdf",file_date,0.0,0.0,0.28292066,0.18024881,0.6868862330112075,0.43165289728095463
test,"20080918_Squire Patton Boggs, LLP_Varma, Anurag_Short-Form.pdf",signer_name,0.0,0.0,0.0676059,0.06067898,0.39632929506197523,0.14226991299099662
test,"20080918_Squire Patton Boggs, LLP_Varma, Anurag_Short-Form.pdf",signer_title,0.0,0.0,0.090240434,0.083501294,0.07656081422118823,0.09771866395403073
test,"20170613_Mercury Public Affairs, LLC_Braden, Mark_Short-Form.pdf",registration_num,1.0,1.0,0.94348514,0.982981,0.9614317668039316,0.950004623736324
test,"20170613_Mercury Public Affairs, LLC_Braden, Mark_Short-Form.pdf",registrant_name,1.0,1.0,0.9077729,0.9511738,0.902256517775684,0.6365582582363372
test,"20170613_Mercury Public Affairs, LLC_Braden, Mark_Short-Form.pdf",foreign_principle_name,0.0,0.0,0.3364776,0.29933542,0.24179251722335424,0.37756828334592396
test,"20170613_Mercury Public Affairs, LLC_Braden, Mark_Short-Form.pdf",file_date,1.0,1.0,0.65811986,0.75268924,0.7590324751348229,0.6643922614156145
test,"20170613_Mercury Public Affairs, LLC_Braden, Mark_Short-Form.pdf",signer_name,1.0,1.0,0.91429627,0.8959485,0.9375461826132796,0.9911056965517077
test,"20170613_Mercury Public Affairs, LLC_Braden, Mark_Short-Form.pdf",signer_title,0.0,0.0,0.02736855,0.03812604,0.01827796577811457,0.08317425408363649
test,"20150416_Greenberg Traurig, LLP_Zausner, L. Andrew_Short-Form.pdf",registration_num,0.0,0.0,0.06867043,0.05027755,0.006953370971711849,0.009187955897903688
test,"20150416_Greenberg Traurig, LLP_Zausner, L. Andrew_Short-Form.pdf",registrant_name,0.0,0.0,0.38517264,0.28219876,0.5865884151891119,0.18251975710671994
test,"20150416_Greenberg Traurig, LLP_Zausner, L. Andrew_Short-Form.pdf",foreign_principle_name,0.0,0.0,0.07435648,0.09140511,0.06191141128641219,0.29189196223217895
test,"20150416_Greenberg Traurig, LLP_Zausner, L. Andrew_Short-Form.pdf",file_date,1.0,1.0,0.54399186,0.5234238,0.8272639422013147,0.716187365925561
test,"20150416_Greenberg Traurig, LLP_Zausner, L. Andrew_Short-Form.pdf",signer_name,1.0,1.0,0.8433033,0.73964435,0.9536414887223854,0.9943933695702617
test,"20150416_Greenberg Traurig, LLP_Zausner, L. Andrew_Short-Form.pdf",signer_title,1.0,1.0,0.45285234,0.26645672,0.9001003219870278,0.7163401865912706
test,"20180326_Sorini, Samet _ Associates, LLC_Samet, Andrew_Short-Form.pdf",registration_num,1.0,1.0,0.92837656,0.96569175,0.9622847518480496,0.9394668612981689
test,"20180326_Sorini, Samet _ Associates, LLC_Samet, Andrew_Short-Form.pdf",registrant_name,0.0,0.0,0.6074178,0.5705444,0.8235305472309526,0.40947438151891685
test,"20180326_Sorini, Samet _ Associates, LLC_Samet, Andrew_Short-Form.pdf",foreign_principle_name,1.0,1.0,0.05813811,0.08577792,0.05174983339694525,0.25482196233234855
test,"20180326_Sorini, Samet _ Associates, LLC_Samet, Andrew_Short-Form.pdf",file_date,1.0,1.0,0.45334643,0.46429354,0.8272639422013147,0.716187365925561
test,"20180326_Sorini, Samet _ Associates, LLC_Samet, Andrew_Short-Form.pdf",signer_name,1.0,1.0,0.82981527,0.6849213,0.9532809093683644,0.9911056965517077
test,"20180326_Sorini, Samet _ Associates, LLC_Samet, Andrew_Short-Form.pdf",signer_title,1.0,1.0,0.33391857,0.18364099,0.6251602422598549,0.35014894826471965
test,"20090415_Oromo Liberation Front, North America Office_Tuffa, Ashebir A._Short-Form.pdf",registration_num,1.0,1.0,0.863441,0.8729523,0.9479223571700653,0.8774535517051706
test,"20090415_Oromo Liberation Front, North America Office_Tuffa, Ashebir A._Short-Form.pdf",registrant_name,1.0,1.0,0.64300615,0.7229346,0.8671229356167757,0.949765222021863
test,"20090415_Oromo Liberation Front, North America Office_Tuffa, Ashebir A._Short-Form.pdf",foreign_principle_name,0.0,0.0,0.14548117,0.16802266,0.03848603057828005,0.4460867782911997
test,"20090415_Oromo Liberation Front, North America Office_Tuffa, Ashebir A._Short-Form.pdf",file_date,0.0,0.0,0.4331461,0.2999457,0.48415769697130356,0.08110011709195042
test,"20090415_Oromo Liberation Front, North America Office_Tuffa, Ashebir A._Short-Form.pdf",signer_name,0.0,0.0,0.11921282,0.08247198,0.0417135242455494,0.2898567477408318
test,"20090415_Oromo Liberation Front, North America Office_Tuffa, Ashebir A._Short-Form.pdf",signer_title,0.0,0.0,0.07893252,0.059942804,0.1431330911840846,0.028555769782676824
test,"20170123_K_L Gates, LLP_Conner, Darrell_Short-Form.pdf",registration_num,1.0,1.0,0.91519797,0.91400814,0.9622847518480496,0.5020379592469267
test,"20170123_K_L Gates, LLP_Conner, Darrell_Short-Form.pdf",registrant_name,0.0,0.0,0.70836717,0.79732805,0.8420933304121818,0.20340317556996246
test,"20170123_K_L Gates, LLP_Conner, Darrell_Short-Form.pdf",foreign_principle_name,1.0,1.0,0.22186927,0.24780934,0.20484412212742412,0.4414299074369879
test,"20170123_K_L Gates, LLP_Conner, Darrell_Short-Form.pdf",file_date,1.0,1.0,0.61845404,0.7034299,0.6385998162413666,0.6298938609918368
test,"20170123_K_L Gates, LLP_Conner, Darrell_Short-Form.pdf",signer_name,1.0,1.0,0.91040355,0.9068581,0.9575139139243339,0.9917382415669894
test,"20170123_K_L Gates, LLP_Conner, Darrell_Short-Form.pdf",signer_title,0.0,0.0,0.069059305,0.06289099,0.17610700480400596,0.032009294408158015
test,"20170206_Ketchum Inc. NY_Rizzotti, Deborah Lynn Kostroun_Short-Form.pdf",registration_num,1.0,1.0,0.904673,0.90429413,0.9434140560757194,0.9407540607014993
test,"20170206_Ketchum Inc. NY_Rizzotti, Deborah Lynn Kostroun_Short-Form.pdf",registrant_name,0.0,0.0,0.6766655,0.4671535,0.770099325532991,0.0946491068855332
test,"20170206_Ketchum Inc. NY_Rizzotti, Deborah Lynn Kostroun_Short-Form.pdf",foreign_principle_name,0.0,0.0,0.15264982,0.11775166,0.05406607846588276,0.024740245188352182
test,"20170206_Ketchum Inc. NY_Rizzotti, Deborah Lynn Kostroun_Short-Form.pdf",file_date,0.0,0.0,0.86558783,0.9212284,0.4721593551478695,0.9456720542822026
test,"20170206_Ketchum Inc. NY_Rizzotti, Deborah Lynn Kostroun_Short-Form.pdf",signer_name,1.0,1.0,0.7573355,0.6970084,0.7877335256882075,0.9506351458386624
test,"20170206_Ketchum Inc. NY_Rizzotti, Deborah Lynn Kostroun_Short-Form.pdf",signer_title,0.0,0.0,0.030094128,0.0370233,0.01827796577811457,0.007720080902501389
test,"20180427_Stonington Strategies, LLC_Frinzi, James_Short-Form.pdf",registration_num,1.0,1.0,0.91263807,0.9358307,0.9622847518480496,0.9394668612981689
test,"20180427_Stonington Strategies, LLC_Frinzi, James_Short-Form.pdf",registrant_name,0.0,0.0,0.63958824,0.4990882,0.6786342190899621,0.10365502181544106
test,"20180427_Stonington Strategies, LLC_Frinzi, James_Short-Form.pdf",foreign_principle_name,1.0,1.0,0.4575933,0.43468103,0.04786659976433104,0.12831072116134928
test,"20180427_Stonington Strategies, LLC_Frinzi, James_Short-Form.pdf",file_date,0.0,0.0,0.54502016,0.56296647,0.7788526127500524,0.526641261367907
test,"20180427_Stonington Strategies, LLC_Frinzi, James_Short-Form.pdf",signer_name,1.0,1.0,0.9282549,0.9320796,0.9665044788593656,0.9875657143146052
test,"20180427_Stonington Strategies, LLC_Frinzi, James_Short-Form.pdf",signer_title,1.0,1.0,0.4018826,0.23111014,0.9048816497476568,0.7163401865912706
test,"20161031_MSLGROUP Americas, Inc._Everett, J. Ballard_Short-Form.pdf",registration_num,0.0,0.0,0.077300444,0.04708887,0.0556400606538251,0.022217196702460487
test,"20161031_MSLGROUP Americas, Inc._Everett, J. Ballard_Short-Form.pdf",registrant_name,0.0,0.0,0.51571596,0.50001466,0.7377374484253729,0.20518965940918923
test,"20161031_MSLGROUP Americas, Inc._Everett, J. Ballard_Short-Form.pdf",foreign_principle_name,0.0,0.0,0.094303265,0.09727235,0.011024470411291003,0.16885201232431402
test,"20161031_MSLGROUP Americas, Inc._Everett, J. Ballard_Short-Form.pdf",file_date,1.0,1.0,0.9327218,0.96936893,0.8507057258158041,0.950700871002413
test,"20161031_MSLGROUP Americas, Inc._Everett, J. Ballard_Short-Form.pdf",signer_name,0.0,0.0,0.8264518,0.8148389,0.7922316657057845,0.9719654473988479
test,"20161031_MSLGROUP Americas, Inc._Everett, J. Ballard_Short-Form.pdf",signer_title,1.0,1.0,0.8327836,0.9133717,0.9413647595545988,0.7724516405407149
test,"20180412_JETRO, New York_Okimoto, Kyoko_Short-Form.pdf",registration_num,1.0,1.0,0.8964284,0.9385532,0.9670046365095685,0.9394668612981689
test,"20180412_JETRO, New York_Okimoto, Kyoko_Short-Form.pdf",registrant_name,0.0,0.0,0.47436866,0.3599277,0.8093086109942166,0.26264215441899813
test,"20180412_JETRO, New York_Okimoto, Kyoko_Short-Form.pdf",foreign_principle_name,0.0,0.0,0.14540972,0.12987792,0.03840428558617459,0.1351914281594675
test,"20180412_JETRO, New York_Okimoto, Kyoko_Short-Form.pdf",file_date,1.0,1.0,0.9364098,0.96900445,0.7332152520640337,0.9748271172584948
test,"20180412_JETRO, New York_Okimoto, Kyoko_Short-Form.pdf",signer_name,1.0,1.0,0.81065273,0.8552071,0.9626153265583323,0.9938534556498185
test,"20180412_JETRO, New York_Okimoto, Kyoko_Short-Form.pdf",signer_title,1.0,1.0,0.2830752,0.15236393,0.7129707802908037,0.48277998435164315
test,"20080320_JETRO, New York_Matsumoto, Takako_Short-Form.pdf",registration_num,1.0,1.0,0.9234184,0.972468,0.9614817207182607,0.9186304297454583
test,"20080320_JETRO, New York_Matsumoto, Takako_Short-Form.pdf",registrant_name,1.0,1.0,0.8380313,0.9238647,0.8117717203881201,0.8961898989068154
test,"20080320_JETRO, New York_Matsumoto, Takako_Short-Form.pdf",foreign_principle_name,1.0,1.0,0.18297383,0.20740092,0.01348504396289547,0.22654800054246485
test,"20080320_JETRO, New York_Matsumoto, Takako_Short-Form.pdf",file_date,0.0,0.0,0.54245657,0.6503254,0.6363210728709705,0.8036556884745981
test,"20080320_JETRO, New York_Matsumoto, Takako_Short-Form.pdf",signer_name,0.0,0.0,0.09363083,0.083542265,0.2600134690384826,0.20894662516873377
test,"20080320_JETRO, New York_Matsumoto, Takako_Short-Form.pdf",signer_title,0.0,0.0,0.25281814,0.26946956,0.6101014759541508,0.515418486333454
test,"20111128_KOTRA_Choi, Inyoung_Short-Form.pdf",registration_num,1.0,1.0,0.9281435,0.98009044,0.9628625817068719,0.9541056012348166
test,"20111128_KOTRA_Choi, Inyoung_Short-Form.pdf",registrant_name,0.0,0.0,0.43144122,0.37066054,0.5255079698392177,0.21519054246597427
test,"20111128_KOTRA_Choi, Inyoung_Short-Form.pdf",foreign_principle_name,0.0,0.0,0.23778383,0.19326536,0.23003263866922433,0.07774610156435825
test,"20111128_KOTRA_Choi, Inyoung_Short-Form.pdf",file_date,0.0,0.0,0.7413372,0.86275685,0.7814086278312002,0.5401064184418867
test,"20111128_KOTRA_Choi, Inyoung_Short-Form.pdf",signer_name,1.0,1.0,0.8278904,0.8214812,0.9494622408357086,0.9853377949376178
test,"20111128_KOTRA_Choi, Inyoung_Short-Form.pdf",signer_title,0.0,0.0,0.06465837,0.060597815,0.01827796577811457,0.08317425408363649
test,"20160330_VisitBritain_Kroon-Fiorita, Brigitta_Short-Form.pdf",registration_num,1.0,1.0,0.91644275,0.94081795,0.9167871333342842,0.8885971998592427
test,"20160330_VisitBritain_Kroon-Fiorita, Brigitta_Short-Form.pdf",registrant_name,0.0,0.0,0.5502066,0.4172214,0.8656486088494163,0.11747515170064358
test,"20160330_VisitBritain_Kroon-Fiorita, Brigitta_Short-Form.pdf",foreign_principle_name,1.0,1.0,0.46815485,0.52811354,0.6586029122364344,0.7152007635704574
test,"20160330_VisitBritain_Kroon-Fiorita, Brigitta_Short-Form.pdf",file_date,1.0,1.0,0.50920004,0.53803146,0.8272639422013147,0.6960042871612141
test,"20160330_VisitBritain_Kroon-Fiorita, Brigitta_Short-Form.pdf",signer_name,1.0,1.0,0.88105834,0.87391835,0.9515778014724412,0.9915542489032422
test,"20160330_VisitBritain_Kroon-Fiorita, Brigitta_Short-Form.pdf",signer_title,0.0,0.0,0.06370503,0.059863865,0.01827796577811457,0.08317425408363649
test,"20170927_Aristotle International, Inc._Phillips, John A._Short-Form.pdf",registration_num,0.0,0.0,0.09125666,0.05572026,0.029988409870278288,0.011058601134379708
test,"20170927_Aristotle International, Inc._Phillips, John A._Short-Form.pdf",registrant_name,1.0,1.0,0.86190414,0.9337753,0.8013151272193418,0.6713050362062715
test,"20170927_Aristotle International, Inc._Phillips, John A._Short-Form.pdf",foreign_principle_name,0.0,0.0,0.48014212,0.5281798,0.18539570092827082,0.1227291042622728
test,"20170927_Aristotle International, Inc._Phillips, John A._Short-Form.pdf",file_date,1.0,1.0,0.8558362,0.89103377,0.402994303907441,0.8817747051598889
test,"20170927_Aristotle International, Inc._Phillips, John A._Short-Form.pdf",signer_name,1.0,1.0,0.9216938,0.94706595,0.9704226926398822,0.9943662407360734
test,"20170927_Aristotle International, Inc._Phillips, John A._Short-Form.pdf",signer_title,1.0,1.0,0.7836148,0.87398547,0.904921954455299,0.6830596610261267
test,"20151013_Greenberg Traurig, LLP_Bass, Charles F._Short-Form.pdf",registration_num,1.0,1.0,0.87840664,0.8914474,0.5887743030611345,0.9317849231880876
test,"20151013_Greenberg Traurig, LLP_Bass, Charles F._Short-Form.pdf",registrant_name,0.0,0.0,0.68618137,0.6044895,0.8182855821005153,0.6715772043314148
test,"20151013_Greenberg Traurig, LLP_Bass, Charles F._Short-Form.pdf",foreign_principle_name,0.0,0.0,0.15315963,0.1663675,0.07608220231635274,0.2701129899985168
test,"20151013_Greenberg Traurig, LLP_Bass, Charles F._Short-Form.pdf",file_date,1.0,1.0,0.8935755,0.92714643,0.38858193069229885,0.8895493491769171
test,"20151013_Greenberg Traurig, LLP_Bass, Charles F._Short-Form.pdf",signer_name,1.0,1.0,0.79389274,0.6607736,0.96060977476402,0.9940702830825555
test,"20151013_Greenberg Traurig, LLP_Bass, Charles F._Short-Form.pdf",signer_title,0.0,0.0,0.42709145,0.5336814,0.08072181672397452,0.24857902196858414
test,"20170524_Quinn _ Co. of NY LTD._Deptula, Kristie_Short-Form.pdf",registration_num,1.0,1.0,0.9186033,0.96029377,0.965937038694152,0.4217304490441416
test,"20170524_Quinn _ Co. of NY LTD._Deptula, Kristie_Short-Form.pdf",registrant_name,0.0,0.0,0.71807736,0.6906161,0.9029135628422333,0.5398277416618408
test,"20170524_Quinn _ Co. of NY LTD._Deptula, Kristie_Short-Form.pdf",foreign_principle_name,1.0,1.0,0.16125734,0.15774855,0.026607673532996968,0.36956976465039787
test,"20170524_Quinn _ Co. of NY LTD._Deptula, Kristie_Short-Form.pdf",file_date,1.0,1.0,0.9310447,0.9795327,0.572497560352816,0.9498230343949682
test,"20170524_Quinn _ Co. of NY LTD._Deptula, Kristie_Short-Form.pdf",signer_name,1.0,1.0,0.8358696,0.7481289,0.9753107403378316,0.995420486098823
test,"20170524_Quinn _ Co. of NY LTD._Deptula, Kristie_Short-Form.pdf",signer_title,1.0,1.0,0.41763768,0.2466696,0.9135936214927494,0.733264255837956
test,"20101117_Ketchum Inc. NY_Chambers, Marie Moe_Short-Form.pdf",registration_num,1.0,1.0,0.9368619,0.98609716,0.9616767448238007,0.9611424366071641
test,"20101117_Ketchum Inc. NY_Chambers, Marie Moe_Short-Form.pdf",registrant_name,0.0,0.0,0.48431236,0.53136617,0.8904233945133815,0.0797740156481451
test,"20101117_Ketchum Inc. NY_Chambers, Marie Moe_Short-Form.pdf",foreign_principle_name,1.0,1.0,0.34069577,0.29158577,0.16557316933141192,0.22180826336757814
test,"20101117_Ketchum Inc. NY_Chambers, Marie Moe_Short-Form.pdf",file_date,0.0,0.0,0.30896157,0.22566585,0.2603823460854748,0.1446525148103543
test,"20101117_Ketchum Inc. NY_Chambers, Marie Moe_Short-Form.pdf",signer_name,0.0,0.0,0.054410297,0.0484024,0.19632621044994455,0.061556785021036974
test,"20101117_Ketchum Inc. NY_Chambers, Marie Moe_Short-Form.pdf",signer_title,0.0,0.0,0.03438767,0.037346747,0.12777908664569587,0.04388985630469183
test,"20121128_KOTRA_Kim, Jijin_Short-Form.pdf",registration_num,1.0,1.0,0.9347609,0.98337156,0.9628716717265104,0.9547544189291868
test,"20121128_KOTRA_Kim, Jijin_Short-Form.pdf",registrant_name,1.0,1.0,0.90088975,0.96373254,0.9387742770105219,0.7614789423565929
test,"20121128_KOTRA_Kim, Jijin_Short-Form.pdf",foreign_principle_name,1.0,1.0,0.61314213,0.70892704,0.881524001372922,0.8363628467668286
test,"20121128_KOTRA_Kim, Jijin_Short-Form.pdf",file_date,1.0,1.0,0.8874502,0.8614004,0.5237495477169293,0.941521327306724
test,"20121128_KOTRA_Kim, Jijin_Short-Form.pdf",signer_name,1.0,1.0,0.87796307,0.90211856,0.7069072217181445,0.9697454288585525
test,"20121128_KOTRA_Kim, Jijin_Short-Form.pdf",signer_title,1.0,1.0,0.7791672,0.86908233,0.904921954455299,0.6830596610261267
test,"20140812_Greenberg Traurig, LLP_Wynn, Albert R._Short-Form.pdf",registration_num,1.0,1.0,0.9345368,0.9808322,0.957955774414467,0.9492913119219373
test,"20140812_Greenberg Traurig, LLP_Wynn, Albert R._Short-Form.pdf",registrant_name,1.0,1.0,0.87328833,0.8751477,0.7861906276854745,0.6726963848653356
test,"20140812_Greenberg Traurig, LLP_Wynn, Albert R._Short-Form.pdf",foreign_principle_name,1.0,1.0,0.17994289,0.17838831,0.07337769718518702,0.37097286611174807
test,"20140812_Greenberg Traurig, LLP_Wynn, Albert R._Short-Form.pdf",file_date,1.0,1.0,0.57167214,0.589156,0.8272639422013147,0.716187365925561
test,"20140812_Greenberg Traurig, LLP_Wynn, Albert R._Short-Form.pdf",signer_name,1.0,1.0,0.8934162,0.91762286,0.9407573778869792,0.9915140213237392
test,"20140812_Greenberg Traurig, LLP_Wynn, Albert R._Short-Form.pdf",signer_title,1.0,1.0,0.22144553,0.115537204,0.7129707802908037,0.48277998435164315
test,"20121129_Fleishman-Hillard, Inc._Struthers, Jonathan_Short-Form.pdf",registration_num,1.0,1.0,0.89347327,0.9298164,0.921094651190524,0.9382699885347867
test,"20121129_Fleishman-Hillard, Inc._Struthers, Jonathan_Short-Form.pdf",registrant_name,0.0,0.0,0.71700776,0.60875005,0.862290959608357,0.10485057786584658
test,"20121129_Fleishman-Hillard, Inc._Struthers, Jonathan_Short-Form.pdf",foreign_principle_name,1.0,1.0,0.18297352,0.21427044,0.050817862183207156,0.061909092130653466
test,"20121129_Fleishman-Hillard, Inc._Struthers, Jonathan_Short-Form.pdf",file_date,1.0,1.0,0.9293308,0.96646917,0.4140782102220732,0.9290564854376336
test,"20121129_Fleishman-Hillard, Inc._Struthers, Jonathan_Short-Form.pdf",signer_name,1.0,1.0,0.92049503,0.9307227,0.9715531318507021,0.9935144467192044
test,"20121129_Fleishman-Hillard, Inc._Struthers, Jonathan_Short-Form.pdf",signer_title,0.0,0.0,0.04354373,0.04790757,0.01827796577811457,0.08317425408363649
test,"20150817_Mercury Public Affairs, LLC_Weber, John Vincent_Short-Form.pdf",registration_num,1.0,1.0,0.9384924,0.98004234,0.9628716717265104,0.950004623736324
test,"20150817_Mercury Public Affairs, LLC_Weber, John Vincent_Short-Form.pdf",registrant_name,0.0,0.0,0.83916837,0.8849004,0.9552601492774775,0.22380585977058656
test,"20150817_Mercury Public Affairs, LLC_Weber, John Vincent_Short-Form.pdf",foreign_principle_name,0.0,0.0,0.11027227,0.106739245,0.02021024057766774,0.04388138967216865
test,"20150817_Mercury Public Affairs, LLC_Weber, John Vincent_Short-Form.pdf",file_date,1.0,1.0,0.50523895,0.5516331,0.6977284218368085,0.510848737583544
test,"20150817_Mercury Public Affairs, LLC_Weber, John Vincent_Short-Form.pdf",signer_name,1.0,1.0,0.9105794,0.9116806,0.9514816184487416,0.9851234244280082
test,"20150817_Mercury Public Affairs, LLC_Weber, John Vincent_Short-Form.pdf",signer_title,0.0,0.0,0.06988884,0.06446139,0.01827796577811457,0.08317425408363649
test,"20171121_Italian Government Travel Office, Chicago_Hardwick, Gina_Short-Form.pdf",registration_num,1.0,1.0,0.8890023,0.92950094,0.9628625817068719,0.9541056012348166
test,"20171121_Italian Government Travel Office, Chicago_Hardwick, Gina_Short-Form.pdf",registrant_name,0.0,0.0,0.34132275,0.22209315,0.6674524309260679,0.2861318003777819
test,"20171121_Italian Government Travel Office, Chicago_Hardwick, Gina_Short-Form.pdf",foreign_principle_name,0.0,0.0,0.20475829,0.18937902,0.05840835133354588,0.042998307650905745
test,"20171121_Italian Government Travel Office, Chicago_Hardwick, Gina_Short-Form.pdf",file_date,1.0,1.0,0.8958376,0.94672185,0.3901616968314001,0.8895493491769171
test,"20171121_Italian Government Travel Office, Chicago_Hardwick, Gina_Short-Form.pdf",signer_name,1.0,1.0,0.80005777,0.7601794,0.9626153265583323,0.9940702830825555
test,"20171121_Italian Government Travel Office, Chicago_Hardwick, Gina_Short-Form.pdf",signer_title,1.0,1.0,0.21811943,0.11518741,0.7129707802908037,0.48277998435164315
test,"20110624_Squire Patton Boggs, LLP_Frillici, Vincent_Short-Form.pdf",registration_num,1.0,1.0,0.93983305,0.9753033,0.9614317668039316,0.950004623736324
test,"20110624_Squire Patton Boggs, LLP_Frillici, Vincent_Short-Form.pdf",registrant_name,0.0,0.0,0.35896462,0.2220552,0.725745286447113,0.09888693785744448
test,"20110624_Squire Patton Boggs, LLP_Frillici, Vincent_Short-Form.pdf",foreign_principle_name,0.0,0.0,0.4349453,0.5085464,0.35852019269224894,0.62750490735607
test,"20110624_Squire Patton Boggs, LLP_Frillici, Vincent_Short-Form.pdf",file_date,0.0,0.0,0.83136576,0.81105125,0.5800051753726503,0.5595605595707346
test,"20110624_Squire Patton Boggs, LLP_Frillici, Vincent_Short-Form.pdf",signer_name,0.0,0.0,0.0375206,0.031929385,0.06433816597209835,0.04949314229575833
test,"20110624_Squire Patton Boggs, LLP_Frillici, Vincent_Short-Form.pdf",signer_title,0.0,0.0,0.2997439,0.28739285,0.7398648937478722,0.4378088644438385
test,"20180314_Fleishman-Hillard, Inc._Francomano, Sarah_Short-Form.pdf",registration_num,1.0,1.0,0.92071885,0.94635427,0.9600908405395433,0.9541056012348166
test,"20180314_Fleishman-Hillard, Inc._Francomano, Sarah_Short-Form.pdf",registrant_name,1.0,1.0,0.9199052,0.92674744,0.9122115830196834,0.8641273918887898
test,"20180314_Fleishman-Hillard, Inc._Francomano, Sarah_Short-Form.pdf",foreign_principle_name,1.0,1.0,0.17638637,0.18146849,0.017352354304455767,0.2395939149604852
test,"20180314_Fleishman-Hillard, Inc._Francomano, Sarah_Short-Form.pdf",file_date,1.0,1.0,0.5755154,0.50422347,0.8396782774142654,0.5673330817230893
test,"20180314_Fleishman-Hillard, Inc._Francomano, Sarah_Short-Form.pdf",signer_name,0.0,0.0,0.32172728,0.25506043,0.49379075999748473,0.3389509684630162
test,"20180314_Fleishman-Hillard, Inc._Francomano, Sarah_Short-Form.pdf",signer_title,0.0,0.0,0.30507174,0.3090567,0.2581542234355737,0.1149749394023465
test,"20170727_McDermott Will _ Emery, LLP_Miller, Jefferson Bingham_Short-Form.pdf",registration_num,1.0,1.0,0.89048797,0.8825933,0.9600908405395433,0.4356772965827071
test,"20170727_McDermott Will _ Emery, LLP_Miller, Jefferson Bingham_Short-Form.pdf",registrant_name,0.0,0.0,0.7716206,0.81080663,0.9361055002672796,0.2541589435819123
test,"20170727_McDermott Will _ Emery, LLP_Miller, Jefferson Bingham_Short-Form.pdf",foreign_principle_name,0.0,0.0,0.07988317,0.08584762,0.03084386413356301,0.29086601989788363
test,"20170727_McDermott Will _ Emery, LLP_Miller, Jefferson Bingham_Short-Form.pdf",file_date,0.0,0.0,0.77621496,0.8485605,0.7493057076353568,0.6051569181773848
test,"20170727_McDermott Will _ Emery, LLP_Miller, Jefferson Bingham_Short-Form.pdf",signer_name,0.0,0.0,0.05320982,0.044872772,0.18901424580425574,0.16349748545140344
test,"20170727_McDermott Will _ Emery, LLP_Miller, Jefferson Bingham_Short-Form.pdf",signer_title,0.0,0.0,0.032005336,0.028103614,0.13301374990211884,0.09357813650417651
test,"20180131_U.S. Mission of the Syrian Democratic Council_Mohamad, Senam_Short-Form.pdf",registration_num,1.0,1.0,0.92957497,0.9472203,0.9633970616162866,0.9041866138414497
test,"20180131_U.S. Mission of the Syrian Democratic Council_Mohamad, Senam_Short-Form.pdf",registrant_name,0.0,0.0,0.75174296,0.74144036,0.8580329161713027,0.2187849734684679
test,"20180131_U.S. Mission of the Syrian Democratic Council_Mohamad, Senam_Short-Form.pdf",foreign_principle_name,1.0,1.0,0.18660346,0.19314219,0.19010310793984533,0.18884078257925882
test,"20180131_U.S. Mission of the Syrian Democratic Council_Mohamad, Senam_Short-Form.pdf",file_date,0.0,0.0,0.74712926,0.834659,0.7493057076353568,0.701686686681265
test,"20180131_U.S. Mission of the Syrian Democratic Council_Mohamad, Senam_Short-Form.pdf",signer_name,0.0,0.0,0.90073264,0.90038586,0.4852044326409063,0.9722217571567584
test,"20180131_U.S. Mission of the Syrian Democratic Council_Mohamad, Senam_Short-Form.pdf",signer_title,0.0,0.0,0.026977982,0.035432965,0.07656081422118823,0.03557937871807141
test,"20180216_Picard Kentz _ Rowe, LLP_Lagelee, Jeremy_Short-Form.pdf",registration_num,1.0,1.0,0.930591,0.963469,0.965226048990588,0.9394668612981689
test,"20180216_Picard Kentz _ Rowe, LLP_Lagelee, Jeremy_Short-Form.pdf",registrant_name,0.0,0.0,0.87462646,0.82774603,0.7516320730060742,0.08063543280205568
test,"20180216_Picard Kentz _ Rowe, LLP_Lagelee, Jeremy_Short-Form.pdf",foreign_principle_name,1.0,1.0,0.1507547,0.12256245,0.23239687936825704,0.2736565806156411
test,"20180216_Picard Kentz _ Rowe, LLP_Lagelee, Jeremy_Short-Form.pdf",file_date,1.0,1.0,0.91100425,0.9655703,0.527799768487611,0.941521327306724
test,"20180216_Picard Kentz _ Rowe, LLP_Lagelee, Jeremy_Short-Form.pdf",signer_name,1.0,1.0,0.92151916,0.91944647,0.40335040691533897,0.9439401409842401
test,"20180216_Picard Kentz _ Rowe, LLP_Lagelee, Jeremy_Short-Form.pdf",signer_title,0.0,0.0,0.12556495,0.110879265,0.051434766990499675,0.3786615569627194
test,"20160817_Andreae _ Associates_Braha, Katharine_Short-Form.pdf",registration_num,1.0,1.0,0.85009515,0.87988484,0.9434140560757194,0.49776801128040593
test,"20160817_Andreae _ Associates_Braha, Katharine_Short-Form.pdf",registrant_name,1.0,1.0,0.9193694,0.95514286,0.9378917740715461,0.6934214180093953
test,"20160817_Andreae _ Associates_Braha, Katharine_Short-Form.pdf",foreign_principle_name,1.0,1.0,0.3570301,0.46802688,0.5685584109289953,0.6009849390480264
test,"20160817_Andreae _ Associates_Braha, Katharine_Short-Form.pdf",file_date,1.0,1.0,0.9254549,0.9778635,0.45189186098183026,0.950338463595272
test,"20160817_Andreae _ Associates_Braha, Katharine_Short-Form.pdf",signer_name,0.0,0.0,0.8748015,0.85843265,0.8425945379329377,0.9124840209498627
test,"20160817_Andreae _ Associates_Braha, Katharine_Short-Form.pdf",signer_title,0.0,0.0,0.1292993,0.11052177,0.019464092265564625,0.07700530626071515
test,"20140414_VisitBritain_Medway, Kellen_Short-Form.pdf",registration_num,1.0,1.0,0.91233253,0.965979,0.9238686655307806,0.9364293137799118
test,"20140414_VisitBritain_Medway, Kellen_Short-Form.pdf",registrant_name,0.0,0.0,0.67411757,0.6822287,0.8997261706386228,0.540736535711894
test,"20140414_VisitBritain_Medway, Kellen_Short-Form.pdf",foreign_principle_name,1.0,1.0,0.5443306,0.6379283,0.7408266574975473,0.7144216013175394
test,"20140414_VisitBritain_Medway, Kellen_Short-Form.pdf",file_date,1.0,1.0,0.9021799,0.95214,0.46475885925819005,0.9506592505237298
test,"20140414_VisitBritain_Medway, Kellen_Short-Form.pdf",signer_name,1.0,1.0,0.71889687,0.6250186,0.5557422901153879,0.9480970613879358
test,"20140414_VisitBritain_Medway, Kellen_Short-Form.pdf",signer_title,1.0,1.0,0.47899407,0.30067307,0.9184906493956815,0.7144251785316367
test,"20170128_CMGRP, Inc._Leslie Jr, John W._Short-Form.pdf",registration_num,1.0,1.0,0.92768097,0.9721197,0.9600908405395433,0.9547544189291868
test,"20170128_CMGRP, Inc._Leslie Jr, John W._Short-Form.pdf",registrant_name,0.0,0.0,0.47796607,0.37168673,0.6792445841720215,0.28213630760844965
test,"20170128_CMGRP, Inc._Leslie Jr, John W._Short-Form.pdf",foreign_principle_name,1.0,1.0,0.19406252,0.21603867,0.0795362678188409,0.40952585872405045
test,"20170128_CMGRP, Inc._Leslie Jr, John W._Short-Form.pdf",file_date,1.0,1.0,0.9211186,0.9757099,0.48778864782786296,0.9290564854376336
test,"20170128_CMGRP, Inc._Leslie Jr, John W._Short-Form.pdf",signer_name,1.0,1.0,0.85526955,0.77414274,0.9524929235525397,0.9943393303662236
test,"20170128_CMGRP, Inc._Leslie Jr, John W._Short-Form.pdf",signer_title,1.0,1.0,0.4887639,0.3097392,0.9184906493956815,0.7144251785316367
test,"20100901_Daniel J. Edelman, Inc._Wallace, Monica_Short-Form.pdf",registration_num,1.0,1.0,0.91042346,0.9348065,0.9600908405395433,0.9470521923329837
test,"20100901_Daniel J. Edelman, Inc._Wallace, Monica_Short-Form.pdf",registrant_name,0.0,0.0,0.34445482,0.2943616,0.6362172931265211,0.11345742863285714
test,"20100901_Daniel J. Edelman, Inc._Wallace, Monica_Short-Form.pdf",foreign_principle_name,1.0,1.0,0.24081905,0.26483414,0.1240192222262034,0.2329267111481421
test,"20100901_Daniel J. Edelman, Inc._Wallace, Monica_Short-Form.pdf",file_date,0.0,0.0,0.7571223,0.8445692,0.7394159152731885,0.9457095661095867
test,"20100901_Daniel J. Edelman, Inc._Wallace, Monica_Short-Form.pdf",signer_name,1.0,1.0,0.63930976,0.56433976,0.9684682870709639,0.9765176162272647
test,"20100901_Daniel J. Edelman, Inc._Wallace, Monica_Short-Form.pdf",signer_title,0.0,0.0,0.018521514,0.021608483,0.018136978856803574,0.029223022055397053
test,"20150501_Mercury Public Affairs, LLC_Ereli, Adam_Short-Form.pdf",registration_num,1.0,1.0,0.94074553,0.9793128,0.8645289466141752,0.9502327039377745
test,"20150501_Mercury Public Affairs, LLC_Ereli, Adam_Short-Form.pdf",registrant_name,0.0,0.0,0.66869986,0.60214984,0.743509289358822,0.372492658916479
test,"20150501_Mercury Public Affairs, LLC_Ereli, Adam_Short-Form.pdf",foreign_principle_name,1.0,1.0,0.065613806,0.09766966,0.03694264809191703,0.2585335056641369
test,"20150501_Mercury Public Affairs, LLC_Ereli, Adam_Short-Form.pdf",file_date,1.0,1.0,0.90630627,0.9665357,0.5852370783930396,0.9147020385169492
test,"20150501_Mercury Public Affairs, LLC_Ereli, Adam_Short-Form.pdf",signer_name,1.0,1.0,0.87752086,0.8281063,0.9122488011627493,0.9862443548745545
test,"20150501_Mercury Public Affairs, LLC_Ereli, Adam_Short-Form.pdf",signer_title,0.0,0.0,0.37662,0.43116003,0.7374024914066009,0.2054599059890479
test,"20110722_Daniel J. Edelman, Inc._Norfolk, Jeffrey_Short-Form.pdf",registration_num,1.0,1.0,0.9250426,0.978442,0.9633970616162866,0.9378285997347602
test,"20110722_Daniel J. Edelman, Inc._Norfolk, Jeffrey_Short-Form.pdf",registrant_name,1.0,1.0,0.7884854,0.8257343,0.2568942277526275,0.5695191253238554
test,"20110722_Daniel J. Edelman, Inc._Norfolk, Jeffrey_Short-Form.pdf",foreign_principle_name,1.0,1.0,0.21731725,0.19650564,0.7018467925890565,0.6564612514656133
test,"20110722_Daniel J. Edelman, Inc._Norfolk, Jeffrey_Short-Form.pdf",file_date,1.0,1.0,0.2467052,0.18505846,0.6473838349389965,0.25074954387626336
test,"20110722_Daniel J. Edelman, Inc._Norfolk, Jeffrey_Short-Form.pdf",signer_name,0.0,0.0,0.044929173,0.038018905,0.017373034805695492,0.01932811827576986
test,"20110722_Daniel J. Edelman, Inc._Norfolk, Jeffrey_Short-Form.pdf",signer_title,0.0,0.0,0.09564387,0.09114082,0.2927507241247001,0.06559607436453575
test,"20180507_Brunswick Group, LLC_Moran, Robert_Short-Form.pdf",registration_num,1.0,1.0,0.9395541,0.9832722,0.960032572134357,0.9547544189291868
test,"20180507_Brunswick Group, LLC_Moran, Robert_Short-Form.pdf",registrant_name,0.0,0.0,0.4994544,0.48687363,0.48437761119310807,0.08919850631913843
test,"20180507_Brunswick Group, LLC_Moran, Robert_Short-Form.pdf",foreign_principle_name,0.0,0.0,0.21100478,0.14996171,0.1475367849058974,0.04968173250911415
test,"20180507_Brunswick Group, LLC_Moran, Robert_Short-Form.pdf",file_date,1.0,1.0,0.9263237,0.9627678,0.5805414959347764,0.9431440754537668
test,"20180507_Brunswick Group, LLC_Moran, Robert_Short-Form.pdf",signer_name,1.0,1.0,0.8661354,0.8475526,0.9335548396406194,0.9824917530809927
test,"20180507_Brunswick Group, LLC_Moran, Robert_Short-Form.pdf",signer_title,0.0,0.0,0.07230455,0.06517317,0.01827796577811457,0.08317425408363649
test,"20080925_Ketchum Inc. NY_Miglionico-Phipps, Kerri Ann_Short-Form.pdf",registration_num,1.0,1.0,0.9364068,0.98302686,0.9600908405395433,0.9580177659190234
test,"20080925_Ketchum Inc. NY_Miglionico-Phipps, Kerri Ann_Short-Form.pdf",registrant_name,1.0,1.0,0.87887204,0.933263,0.8752982159484691,0.9560206725952463
test,"20080925_Ketchum Inc. NY_Miglionico-Phipps, Kerri Ann_Short-Form.pdf",foreign_principle_name,1.0,1.0,0.46459094,0.43716866,0.24310176819316115,0.24793561704274106
test,"20080925_Ketchum Inc. NY_Miglionico-Phipps, Kerri Ann_Short-Form.pdf",file_date,0.0,0.0,0.32045838,0.2778611,0.2857915460261661,0.09698592113145274
test,"20080925_Ketchum Inc. NY_Miglionico-Phipps, Kerri Ann_Short-Form.pdf",signer_name,0.0,0.0,0.39142647,0.31519726,0.16253021435833087,0.6886579411383286
test,"20080925_Ketchum Inc. NY_Miglionico-Phipps, Kerri Ann_Short-Form.pdf",signer_title,0.0,0.0,0.20588164,0.09464854,0.7447306679702178,0.18271893698424801
test,"20130315_Daniel J. Edelman, Inc._Holloway, Michael_Short-Form.pdf",registration_num,1.0,1.0,0.9374978,0.9807337,0.9633970616162866,0.9438891832219682
test,"20130315_Daniel J. Edelman, Inc._Holloway, Michael_Short-Form.pdf",registrant_name,0.0,0.0,0.5912596,0.506589,0.7775559198422444,0.1931614844848703
test,"20130315_Daniel J. Edelman, Inc._Holloway, Michael_Short-Form.pdf",foreign_principle_name,1.0,1.0,0.08437357,0.104320064,0.10526297924307161,0.4054746618682694
test,"20130315_Daniel J. Edelman, Inc._Holloway, Michael_Short-Form.pdf",file_date,1.0,1.0,0.9064705,0.9580902,0.5377010854097471,0.9346467376879726
test,"20130315_Daniel J. Edelman, Inc._Holloway, Michael_Short-Form.pdf",signer_name,1.0,1.0,0.8912028,0.9061643,0.975746470715809,0.9938491610105722
test,"20130315_Daniel J. Edelman, Inc._Holloway, Michael_Short-Form.pdf",signer_title,1.0,1.0,0.3133115,0.17121854,0.6251602422598549,0.3702211913401709
test,"20141030_JETRO, New York_Ogawa, Yuta_Short-Form.pdf",registration_num,1.0,1.0,0.9171499,0.9582348,0.9622847518480496,0.9440164650555627
test,"20141030_JETRO, New York_Ogawa, Yuta_Short-Form.pdf",registrant_name,0.0,0.0,0.41658086,0.29055697,0.6241125303918352,0.12750673978603008
test,"20141030_JETRO, New York_Ogawa, Yuta_Short-Form.pdf",foreign_principle_name,0.0,0.0,0.09784527,0.11950083,0.022958078512173786,0.24044822613668593
test,"20141030_JETRO, New York_Ogawa, Yuta_Short-Form.pdf",file_date,1.0,1.0,0.9432786,0.9831281,0.7956018552952863,0.972880661478835
test,"20141030_JETRO, New York_Ogawa, Yuta_Short-Form.pdf",signer_name,0.0,0.0,0.11171757,0.1126367,0.44642358207997546,0.1284651207058878
test,"20141030_JETRO, New York_Ogawa, Yuta_Short-Form.pdf",signer_title,0.0,0.0,0.33334124,0.2691161,0.37696651356689614,0.2361699367767845
test,"20170920_DCI Group AZ, LLC_Stevens, Craig_Short-Form.pdf",registration_num,1.0,1.0,0.93376905,0.9789276,0.9670046365095685,0.9394668612981689
test,"20170920_DCI Group AZ, LLC_Stevens, Craig_Short-Form.pdf",registrant_name,1.0,1.0,0.8857727,0.95736516,0.7560927095836626,0.6127019375661948
test,"20170920_DCI Group AZ, LLC_Stevens, Craig_Short-Form.pdf",foreign_principle_name,0.0,0.0,0.18943146,0.21996212,0.1879890794267658,0.33415062700728454
test,"20170920_DCI Group AZ, LLC_Stevens, Craig_Short-Form.pdf",file_date,1.0,1.0,0.92138684,0.9728075,0.3587867419270335,0.9290564854376336
test,"20170920_DCI Group AZ, LLC_Stevens, Craig_Short-Form.pdf",signer_name,1.0,1.0,0.9294895,0.9569658,0.943173993112603,0.9876739921948984
test,"20170920_DCI Group AZ, LLC_Stevens, Craig_Short-Form.pdf",signer_title,1.0,1.0,0.38724837,0.22207062,0.9048816497476568,0.7163401865912706
test,"20170531_West Front Strategies, LLC_Brown, Cynthia_Short-Form.pdf",registration_num,1.0,1.0,0.8241563,0.8738866,0.9476345462232921,0.48397916450374046
test,"20170531_West Front Strategies, LLC_Brown, Cynthia_Short-Form.pdf",registrant_name,1.0,1.0,0.9074175,0.95030606,0.9477844981056843,0.8788505151045992
test,"20170531_West Front Strategies, LLC_Brown, Cynthia_Short-Form.pdf",foreign_principle_name,1.0,1.0,0.2475749,0.23739806,0.02272490188400102,0.24999279332131924
test,"20170531_West Front Strategies, LLC_Brown, Cynthia_Short-Form.pdf",file_date,1.0,1.0,0.45839053,0.39658508,0.7942222827933004,0.47740571943390525
test,"20170531_West Front Strategies, LLC_Brown, Cynthia_Short-Form.pdf",signer_name,1.0,1.0,0.34087873,0.18636122,0.8648891884846205,0.6585249290258826
test,"20170531_West Front Strategies, LLC_Brown, Cynthia_Short-Form.pdf",signer_title,1.0,1.0,0.7986388,0.7907737,0.9446499726254702,0.9371168218405282
test,"20101129_KOTRA_Moon, Seo Young_Short-Form.pdf",registration_num,0.0,0.0,0.25824493,0.32000697,0.0931820015975599,0.10121429989536304
test,"20101129_KOTRA_Moon, Seo Young_Short-Form.pdf",registrant_name,0.0,0.0,0.51271045,0.4464597,0.7308420290513902,0.11453534949135344
test,"20101129_KOTRA_Moon, Seo Young_Short-Form.pdf",foreign_principle_name,0.0,0.0,0.2031929,0.13543719,0.07419019386802368,0.08272698851824602
test,"20101129_KOTRA_Moon, Seo Young_Short-Form.pdf",file_date,0.0,0.0,0.3631181,0.63587147,0.258206245272981,0.06291613058850154
test,"20101129_KOTRA_Moon, Seo Young_Short-Form.pdf",signer_name,0.0,0.0,0.07272421,0.07624763,0.1556717529228636,0.03223620851939947
test,"20101129_KOTRA_Moon, Seo Young_Short-Form.pdf",signer_title,0.0,0.0,0.08043627,0.05772523,0.0892840324409813,0.05086352904081669
test,"20180608_Polish Chamber of Commerce in the US_Szajda, Bartosz_Short-Form.pdf",registration_num,0.0,0.0,0.16052076,0.07520797,0.3902988694002529,0.13953983266832354
test,"20180608_Polish Chamber of Commerce in the US_Szajda, Bartosz_Short-Form.pdf",registrant_name,1.0,1.0,0.8064165,0.9239319,0.7758922768034062,0.7775096166778948
test,"20180608_Polish Chamber of Commerce in the US_Szajda, Bartosz_Short-Form.pdf",foreign_principle_name,1.0,1.0,0.38174736,0.44817996,0.7824811383857537,0.6694862270160421
test,"20180608_Polish Chamber of Commerce in the US_Szajda, Bartosz_Short-Form.pdf",file_date,1.0,1.0,0.8727738,0.9256891,0.6951197240598093,0.9489196893221964
test,"20180608_Polish Chamber of Commerce in the US_Szajda, Bartosz_Short-Form.pdf",signer_name,1.0,1.0,0.91970575,0.93925077,0.9516042558089508,0.9884099519924512
test,"20180608_Polish Chamber of Commerce in the US_Szajda, Bartosz_Short-Form.pdf",signer_title,1.0,1.0,0.27500948,0.14851929,0.7129707802908037,0.48277998435164315
test,"20150327_Fratelli Group_Kerestes, Rachel M._Short-Form.pdf",registration_num,1.0,1.0,0.920344,0.9557272,0.9670046365095685,0.9394668612981689
test,"20150327_Fratelli Group_Kerestes, Rachel M._Short-Form.pdf",registrant_name,0.0,0.0,0.6074146,0.58402,0.933256262173664,0.8040552309092991
test,"20150327_Fratelli Group_Kerestes, Rachel M._Short-Form.pdf",foreign_principle_name,1.0,1.0,0.07608316,0.10577424,0.18213301806137444,0.22531021208448893
test,"20150327_Fratelli Group_Kerestes, Rachel M._Short-Form.pdf",file_date,1.0,1.0,0.90331334,0.94415236,0.5868489712576271,0.9021924497159527
test,"20150327_Fratelli Group_Kerestes, Rachel M._Short-Form.pdf",signer_name,1.0,1.0,0.7797607,0.6199966,0.9675850129629734,0.9941322829089408
test,"20150327_Fratelli Group_Kerestes, Rachel M._Short-Form.pdf",signer_title,1.0,1.0,0.3939216,0.2252779,0.9048816497476568,0.7163401865912706
test,"20170307_S.G.R. LLC Government Relations and Lobbying_Smith, Addison_Short-Form.pdf",registration_num,1.0,1.0,0.94024086,0.9766731,0.9633970616162866,0.9547544189291868
test,"20170307_S.G.R. LLC Government Relations and Lobbying_Smith, Addison_Short-Form.pdf",registrant_name,0.0,0.0,0.40196753,0.38134784,0.717183239225879,0.07927121829321253
test,"20170307_S.G.R. LLC Government Relations and Lobbying_Smith, Addison_Short-Form.pdf",foreign_principle_name,0.0,0.0,0.31675044,0.30439124,0.27135364829629516,0.3372739300812165
test,"20170307_S.G.R. LLC Government Relations and Lobbying_Smith, Addison_Short-Form.pdf",file_date,0.0,0.0,0.7739037,0.7949392,0.7814086278312002,0.6092274522539578
test,"20170307_S.G.R. LLC Government Relations and Lobbying_Smith, Addison_Short-Form.pdf",signer_name,0.0,0.0,0.06368558,0.046158165,0.14194011502248657,0.044456494453247196
test,"20170307_S.G.R. LLC Government Relations and Lobbying_Smith, Addison_Short-Form.pdf",signer_title,0.0,0.0,0.028984368,0.03574577,0.10941561484628672,0.04071518981681574
test,"20160622_Raben Group, LLC_Raben, Robert_Short-Form.pdf",registration_num,1.0,1.0,0.9368988,0.97662497,0.9622847518480496,0.9541056012348166
test,"20160622_Raben Group, LLC_Raben, Robert_Short-Form.pdf",registrant_name,0.0,0.0,0.5511115,0.49871153,0.7151989541090374,0.21519054246597427
test,"20160622_Raben Group, LLC_Raben, Robert_Short-Form.pdf",foreign_principle_name,0.0,0.0,0.10622575,0.089738324,0.12336087008071862,0.04714530676571715
test,"20160622_Raben Group, LLC_Raben, Robert_Short-Form.pdf",file_date,1.0,1.0,0.6010612,0.6045571,0.8272639422013147,0.716187365925561
test,"20160622_Raben Group, LLC_Raben, Robert_Short-Form.pdf",signer_name,1.0,1.0,0.87846184,0.7554159,0.9532809093683644,0.9911056965517077
test,"20160622_Raben Group, LLC_Raben, Robert_Short-Form.pdf",signer_title,0.0,0.0,0.055085868,0.052849937,0.17610700480400596,0.03516482941871553
test,"20161114_Squire Patton Boggs, LLP_Newberry, Edward J._Short-Form.pdf",registration_num,1.0,1.0,0.9312135,0.97850764,0.9628625817068719,0.9541056012348166
test,"20161114_Squire Patton Boggs, LLP_Newberry, Edward J._Short-Form.pdf",registrant_name,0.0,0.0,0.6415137,0.71980387,0.8921682903490832,0.5057087236113464
test,"20161114_Squire Patton Boggs, LLP_Newberry, Edward J._Short-Form.pdf",foreign_principle_name,0.0,0.0,0.24177425,0.21185462,0.15682769755707918,0.41906202082370786
test,"20161114_Squire Patton Boggs, LLP_Newberry, Edward J._Short-Form.pdf",file_date,1.0,1.0,0.91503274,0.9653732,0.5169343506662553,0.937326405682184
test,"20161114_Squire Patton Boggs, LLP_Newberry, Edward J._Short-Form.pdf",signer_name,1.0,1.0,0.81623924,0.736771,0.871985903161627,0.9800314358023848
test,"20161114_Squire Patton Boggs, LLP_Newberry, Edward J._Short-Form.pdf",signer_title,1.0,1.0,0.46729597,0.28719905,0.9184906493956815,0.7144251785316367
test,"20171221_King _ Spalding LLP_Hruska, Andrew C_Short-Form.pdf",registration_num,0.0,0.0,0.07364336,0.04141719,0.029988409870278288,0.011058601134379708
test,"20171221_King _ Spalding LLP_Hruska, Andrew C_Short-Form.pdf",registrant_name,0.0,0.0,0.45033818,0.3641437,0.6792445841720215,0.28213630760844965
test,"20171221_King _ Spalding LLP_Hruska, Andrew C_Short-Form.pdf",foreign_principle_name,0.0,0.0,0.19398509,0.15947752,0.10894033208484803,0.42177574777710863
test,"20171221_King _ Spalding LLP_Hruska, Andrew C_Short-Form.pdf",file_date,1.0,1.0,0.91986066,0.9591929,0.4140782102220732,0.9290564854376336
test,"20171221_King _ Spalding LLP_Hruska, Andrew C_Short-Form.pdf",signer_name,1.0,1.0,0.8115075,0.6886288,0.9524929235525397,0.9941322829089408
test,"20171221_King _ Spalding LLP_Hruska, Andrew C_Short-Form.pdf",signer_title,0.0,0.0,0.018289566,0.01855791,0.0776994851097018,0.05681860006595398
test,"20171010_MSLGROUP Americas, Inc._Gwinner, James B._Short-Form.pdf",registration_num,1.0,1.0,0.14077999,0.14816535,0.601346599870765,0.041977718191940766
test,"20171010_MSLGROUP Americas, Inc._Gwinner, James B._Short-Form.pdf",registrant_name,0.0,0.0,0.6293992,0.61567736,0.7370257511799311,0.17126605036338294
test,"20171010_MSLGROUP Americas, Inc._Gwinner, James B._Short-Form.pdf",foreign_principle_name,1.0,1.0,0.21465893,0.21969986,0.15989240145791572,0.36378667716497437
test,"20171010_MSLGROUP Americas, Inc._Gwinner, James B._Short-Form.pdf",file_date,1.0,1.0,0.7108313,0.7075887,0.8340164391629113,0.20043956706221697
test,"20171010_MSLGROUP Americas, Inc._Gwinner, James B._Short-Form.pdf",signer_name,0.0,0.0,0.02073905,0.024997484,0.011823010281984844,0.07265012443271716
test,"20171010_MSLGROUP Americas, Inc._Gwinner, James B._Short-Form.pdf",signer_title,0.0,0.0,0.26212803,0.23746836,0.36938644156086836,0.6526615963740607
test,"20150309_Glover Park Group, LLC_Phillips, Oliver_Short-Form.pdf",registration_num,1.0,1.0,0.9227344,0.96389025,0.9502665284337753,0.9394668612981689
test,"20150309_Glover Park Group, LLC_Phillips, Oliver_Short-Form.pdf",registrant_name,0.0,0.0,0.82737434,0.86015224,0.9387481594057102,0.18137606224660938
test,"20150309_Glover Park Group, LLC_Phillips, Oliver_Short-Form.pdf",foreign_principle_name,1.0,1.0,0.52917004,0.7253322,0.08806189740561256,0.027693105955439678
test,"20150309_Glover Park Group, LLC_Phillips, Oliver_Short-Form.pdf",file_date,1.0,1.0,0.91070384,0.95493287,0.5660308136875755,0.9485593088104496
test,"20150309_Glover Park Group, LLC_Phillips, Oliver_Short-Form.pdf",signer_name,1.0,1.0,0.92002964,0.9414875,0.9727824554841955,0.9901990814001005
test,"20150309_Glover Park Group, LLC_Phillips, Oliver_Short-Form.pdf",signer_title,1.0,1.0,0.36990383,0.2073054,0.6279884603954717,0.3787160794310707
test,"20171222_Ballard Partners_Wexler, Robert_Short-Form.pdf",registration_num,0.0,0.0,0.074149,0.04549353,0.04738362133771998,0.023447979881698888
test,"20171222_Ballard Partners_Wexler, Robert_Short-Form.pdf",registrant_name,0.0,0.0,0.76948345,0.74068224,0.9111130858817875,0.540736535711894
test,"20171222_Ballard Partners_Wexler, Robert_Short-Form.pdf",foreign_principle_name,1.0,1.0,0.022043046,0.027016202,0.03456535386074434,0.15661911452364569
test,"20171222_Ballard Partners_Wexler, Robert_Short-Form.pdf",file_date,1.0,1.0,0.91954625,0.9620758,0.5169343506662553,0.9346467376879726
test,"20171222_Ballard Partners_Wexler, Robert_Short-Form.pdf",signer_name,1.0,1.0,0.88252056,0.8226843,0.9626153265583323,0.9940702830825555
test,"20171222_Ballard Partners_Wexler, Robert_Short-Form.pdf",signer_title,1.0,1.0,0.59230584,0.5727731,0.7129707802908037,0.48277998435164315
test,"20170125_Sonoran Policy Group, LLC_Jolly, Stuart_Short-Form.pdf",registration_num,1.0,1.0,0.92697275,0.95973766,0.9670046365095685,0.8750279161003369
test,"20170125_Sonoran Policy Group, LLC_Jolly, Stuart_Short-Form.pdf",registrant_name,1.0,1.0,0.91721356,0.96671236,0.8715562553976431,0.6687628471070041
test,"20170125_Sonoran Policy Group, LLC_Jolly, Stuart_Short-Form.pdf",foreign_principle_name,1.0,1.0,0.18998751,0.22908387,0.2622370052543222,0.35288679052982896
test,"20170125_Sonoran Policy Group, LLC_Jolly, Stuart_Short-Form.pdf",file_date,1.0,1.0,0.8960167,0.9439517,0.3901616968314001,0.8895493491769171
test,"20170125_Sonoran Policy Group, LLC_Jolly, Stuart_Short-Form.pdf",signer_name,1.0,1.0,0.89083993,0.84308565,0.9561340247675042,0.992079536895357
test,"20170125_Sonoran Policy Group, LLC_Jolly, Stuart_Short-Form.pdf",signer_title,0.0,0.0,0.043262746,0.04673294,0.01827796577811457,0.08317425408363649
test,"20171122_Korea National Tourism Organization, Los Angeles_Kim, Heesun_Short-Form.pdf",registration_num,1.0,1.0,0.88054574,0.8788229,0.8302439950467646,0.8852346998283714
test,"20171122_Korea National Tourism Organization, Los Angeles_Kim, Heesun_Short-Form.pdf",registrant_name,1.0,1.0,0.8357828,0.8025565,0.964540787222628,0.9924394898851084
test,"20171122_Korea National Tourism Organization, Los Angeles_Kim, Heesun_Short-Form.pdf",foreign_principle_name,1.0,1.0,0.17026216,0.19519417,0.12156306598374061,0.2843144199212606
test,"20171122_Korea National Tourism Organization, Los Angeles_Kim, Heesun_Short-Form.pdf",file_date,1.0,1.0,0.4918793,0.62079895,0.8272639422013147,0.716187365925561
test,"20171122_Korea National Tourism Organization, Los Angeles_Kim, Heesun_Short-Form.pdf",signer_name,1.0,1.0,0.7640755,0.6880156,0.9405922245478081,0.9910935495101082
test,"20171122_Korea National Tourism Organization, Los Angeles_Kim, Heesun_Short-Form.pdf",signer_title,0.0,0.0,0.20124567,0.19343992,0.2406177691996842,0.1254691842286421
test,"20160322_Podesta Group, Inc._Afkhami, Hastie_Short-Form.pdf",registration_num,1.0,1.0,0.9353525,0.9617678,0.9670046365095685,0.9332244511959591
test,"20160322_Podesta Group, Inc._Afkhami, Hastie_Short-Form.pdf",registrant_name,0.0,0.0,0.8449213,0.7663088,0.6703026582965752,0.10964890803829187
test,"20160322_Podesta Group, Inc._Afkhami, Hastie_Short-Form.pdf",foreign_principle_name,1.0,1.0,0.07463111,0.09308555,0.017952993814467754,0.3086604986237537
test,"20160322_Podesta Group, Inc._Afkhami, Hastie_Short-Form.pdf",file_date,1.0,1.0,0.9498329,0.98743075,0.7674608014611042,0.9751906083623709
test,"20160322_Podesta Group, Inc._Afkhami, Hastie_Short-Form.pdf",signer_name,1.0,1.0,0.27823135,0.15411489,0.7436789145772972,0.5018853920756914
test,"20160322_Podesta Group, Inc._Afkhami, Hastie_Short-Form.pdf",signer_title,1.0,1.0,0.7905107,0.7830125,0.9576172795037092,0.9565744540046568
test,"20110628_KBS America, Inc._Noh, Ji Young_Short-Form.pdf",registration_num,1.0,1.0,0.9335939,0.9718294,0.9622847518480496,0.9541056012348166
test,"20110628_KBS America, Inc._Noh, Ji Young_Short-Form.pdf",registrant_name,1.0,1.0,0.90995616,0.9642579,0.9138305293544536,0.845320117877272
test,"20110628_KBS America, Inc._Noh, Ji Young_Short-Form.pdf",foreign_principle_name,1.0,1.0,0.1765979,0.1851004,0.02193371207790462,0.2223870214545616
test,"20110628_KBS America, Inc._Noh, Ji Young_Short-Form.pdf",file_date,1.0,1.0,0.52571857,0.560634,0.8272639422013147,0.6864145786189682
test,"20110628_KBS America, Inc._Noh, Ji Young_Short-Form.pdf",signer_name,1.0,1.0,0.9270321,0.9400449,0.9230288032699625,0.9860071773407678
test,"20110628_KBS America, Inc._Noh, Ji Young_Short-Form.pdf",signer_title,0.0,0.0,0.2783978,0.21885633,0.21683854244919853,0.38435050896040573
test,"20180524_Sonoran Policy Group, LLC_Rosenberg, John_Short-Form.pdf",registration_num,1.0,1.0,0.8503084,0.7762652,0.3180889905433735,0.6471107826884269
test,"20180524_Sonoran Policy Group, LLC_Rosenberg, John_Short-Form.pdf",registrant_name,1.0,1.0,0.9244615,0.97026694,0.8572265617109383,0.6687628471070041
test,"20180524_Sonoran Policy Group, LLC_Rosenberg, John_Short-Form.pdf",foreign_principle_name,0.0,0.0,0.07846636,0.06660985,0.1849474359666485,0.05594190561060617
test,"20180524_Sonoran Policy Group, LLC_Rosenberg, John_Short-Form.pdf",file_date,1.0,1.0,0.878451,0.93548805,0.5526373646928131,0.9532582444905291
test,"20180524_Sonoran Policy Group, LLC_Rosenberg, John_Short-Form.pdf",signer_name,1.0,1.0,0.9269349,0.950415,0.7042276305477683,0.941155762565532
test,"20180524_Sonoran Policy Group, LLC_Rosenberg, John_Short-Form.pdf",signer_title,0.0,0.0,0.04523382,0.05387141,0.15674369086252513,0.06068954470728553
test,"20120621_JETRO, San Francisco_Hamano, Yusuke_Short-Form.pdf",registration_num,1.0,1.0,0.89261997,0.960516,0.9628716717265104,0.9547544189291868
test,"20120621_JETRO, San Francisco_Hamano, Yusuke_Short-Form.pdf",registrant_name,0.0,0.0,0.5129296,0.41108432,0.7796246943242544,0.11494248679868978
test,"20120621_JETRO, San Francisco_Hamano, Yusuke_Short-Form.pdf",foreign_principle_name,0.0,0.0,0.14450493,0.112315014,0.17395288579248774,0.0518178025880915
test,"20120621_JETRO, San Francisco_Hamano, Yusuke_Short-Form.pdf",file_date,0.0,0.0,0.6875196,0.76545584,0.6657304317268232,0.6425119680438224
test,"20120621_JETRO, San Francisco_Hamano, Yusuke_Short-Form.pdf",signer_name,0.0,0.0,0.12802772,0.10655968,0.4819519114973412,0.1284651207058878
test,"20120621_JETRO, San Francisco_Hamano, Yusuke_Short-Form.pdf",signer_title,0.0,0.0,0.50613636,0.44225377,0.6874963627846971,0.4120763750152014
test,"20170308_Mercury Public Affairs, LLC_Dilemani, Jake_Short-Form.pdf",registration_num,1.0,1.0,0.9131665,0.9411623,0.9702140047205979,0.9502807517419073
test,"20170308_Mercury Public Affairs, LLC_Dilemani, Jake_Short-Form.pdf",registrant_name,0.0,0.0,0.7441189,0.6013309,0.8818371576521005,0.5222167549689511
test,"20170308_Mercury Public Affairs, LLC_Dilemani, Jake_Short-Form.pdf",foreign_principle_name,1.0,1.0,0.19519575,0.18023963,0.2380835672340686,0.2505955598129085
test,"20170308_Mercury Public Affairs, LLC_Dilemani, Jake_Short-Form.pdf",file_date,1.0,1.0,0.9116006,0.95441455,0.4142037672374989,0.9132395280232578
test,"20170308_Mercury Public Affairs, LLC_Dilemani, Jake_Short-Form.pdf",signer_name,1.0,1.0,0.84671533,0.76846516,0.9662367242596294,0.9951796425243267
test,"20170308_Mercury Public Affairs, LLC_Dilemani, Jake_Short-Form.pdf",signer_title,0.0,0.0,0.05460791,0.054337293,0.01827796577811457,0.08317425408363649
test,"20180314_Gowling WLF (Canada) LLP - Gowling WLG (Canada) S.E.N.C.R.L., S.R.L_Murphy, Paul M._Short-Form.pdf",registration_num,1.0,1.0,0.91572714,0.919587,0.9622847518480496,0.3799539284356541
test,"20180314_Gowling WLF (Canada) LLP - Gowling WLG (Canada) S.E.N.C.R.L., S.R.L_Murphy, Paul M._Short-Form.pdf",registrant_name,0.0,0.0,0.6346096,0.63708085,0.6741335116073632,0.1121285147176642
test,"20180314_Gowling WLF (Canada) LLP - Gowling WLG (Canada) S.E.N.C.R.L., S.R.L_Murphy, Paul M._Short-Form.pdf",foreign_principle_name,1.0,1.0,0.23650518,0.24076083,0.06918728926696707,0.06413737065736408
test,"20180314_Gowling WLF (Canada) LLP - Gowling WLG (Canada) S.E.N.C.R.L., S.R.L_Murphy, Paul M._Short-Form.pdf",file_date,1.0,1.0,0.886505,0.9542538,0.5868489712576271,0.9212580659624277
test,"20180314_Gowling WLF (Canada) LLP - Gowling WLG (Canada) S.E.N.C.R.L., S.R.L_Murphy, Paul M._Short-Form.pdf",signer_name,1.0,1.0,0.59040207,0.6370295,0.8925101186580614,0.8893113110459011
test,"20180314_Gowling WLF (Canada) LLP - Gowling WLG (Canada) S.E.N.C.R.L., S.R.L_Murphy, Paul M._Short-Form.pdf",signer_title,1.0,1.0,0.39258066,0.2252746,0.9048816497476568,0.7163401865912706
test,"20120730_CMGRP, Inc._HoSang, Judith_Short-Form.pdf",registration_num,1.0,1.0,0.92883426,0.9667816,0.9628625817068719,0.9541056012348166
test,"20120730_CMGRP, Inc._HoSang, Judith_Short-Form.pdf",registrant_name,1.0,1.0,0.9259904,0.954481,0.5426348737523843,0.7582630735210748
test,"20120730_CMGRP, Inc._HoSang, Judith_Short-Form.pdf",foreign_principle_name,1.0,1.0,0.18541832,0.20297404,0.13327138470528005,0.4106852110377242
test,"20120730_CMGRP, Inc._HoSang, Judith_Short-Form.pdf",file_date,1.0,1.0,0.6739453,0.6970091,0.750977388402538,0.6624785885798663
test,"20120730_CMGRP, Inc._HoSang, Judith_Short-Form.pdf",signer_name,1.0,1.0,0.8988768,0.8598646,0.9480161621455476,0.9901593133783129
test,"20120730_CMGRP, Inc._HoSang, Judith_Short-Form.pdf",signer_title,0.0,0.0,0.034108583,0.038686387,0.1138352831924754,0.024351664990092454
test,"20080310_India Tourism, New York_Sengupta, Kalyan_Short-Form.pdf",registration_num,1.0,1.0,0.93140763,0.9835264,0.9608697550577558,0.8447671349662086
test,"20080310_India Tourism, New York_Sengupta, Kalyan_Short-Form.pdf",registrant_name,0.0,0.0,0.9328748,0.9588913,0.7272927914580025,0.7192051875936987
test,"20080310_India Tourism, New York_Sengupta, Kalyan_Short-Form.pdf",foreign_principle_name,0.0,0.0,0.29199257,0.30336744,0.1355888149337109,0.04802733499908818
test,"20080310_India Tourism, New York_Sengupta, Kalyan_Short-Form.pdf",file_date,0.0,0.0,0.37704632,0.36485383,0.318997742148809,0.34846512213186115
test,"20080310_India Tourism, New York_Sengupta, Kalyan_Short-Form.pdf",signer_name,0.0,0.0,0.37442338,0.258671,0.5131242621495333,0.3006551674307688
test,"20080310_India Tourism, New York_Sengupta, Kalyan_Short-Form.pdf",signer_title,0.0,0.0,0.022378692,0.021395897,0.15674369086252513,0.01966768391996771
test,"20160425_Singapore Economic Development Board_Chua, Valerie Jia Lin_Short-Form.pdf",registration_num,1.0,1.0,0.9047006,0.94925195,0.9628625817068719,0.9541056012348166
test,"20160425_Singapore Economic Development Board_Chua, Valerie Jia Lin_Short-Form.pdf",registrant_name,1.0,1.0,0.63856775,0.80444604,0.7697623139964856,0.9580967103840717
test,"20160425_Singapore Economic Development Board_Chua, Valerie Jia Lin_Short-Form.pdf",foreign_principle_name,1.0,1.0,0.14602628,0.1648492,0.13340894659963592,0.18733945932237203
test,"20160425_Singapore Economic Development Board_Chua, Valerie Jia Lin_Short-Form.pdf",file_date,0.0,0.0,0.7417973,0.7905893,0.7814086278312002,0.6092274522539578
test,"20160425_Singapore Economic Development Board_Chua, Valerie Jia Lin_Short-Form.pdf",signer_name,0.0,0.0,0.1461729,0.11635244,0.36398240698203177,0.1148592596446182
test,"20160425_Singapore Economic Development Board_Chua, Valerie Jia Lin_Short-Form.pdf",signer_title,0.0,0.0,0.1397247,0.18501046,0.23656310247841358,0.11746390721463254
test,"20180223_Mercury Public Affairs, LLC_Alvarez, Danielle Marie_Short-Form.pdf",registration_num,1.0,1.0,0.9125088,0.953273,0.9670046365095685,0.9394668612981689
test,"20180223_Mercury Public Affairs, LLC_Alvarez, Danielle Marie_Short-Form.pdf",registrant_name,0.0,0.0,0.80955255,0.8444945,0.9378917740715461,0.18137606224660938
test,"20180223_Mercury Public Affairs, LLC_Alvarez, Danielle Marie_Short-Form.pdf",foreign_principle_name,1.0,1.0,0.13495445,0.13843493,0.014165204885209594,0.26665033488043155
test,"20180223_Mercury Public Affairs, LLC_Alvarez, Danielle Marie_Short-Form.pdf",file_date,1.0,1.0,0.90714407,0.95448637,0.3901616968314001,0.9011019904029974
test,"20180223_Mercury Public Affairs, LLC_Alvarez, Danielle Marie_Short-Form.pdf",signer_name,1.0,1.0,0.9084126,0.9071086,0.9785675362122723,0.9940661390378207
test,"20180223_Mercury Public Affairs, LLC_Alvarez, Danielle Marie_Short-Form.pdf",signer_title,1.0,1.0,0.3383962,0.1879493,0.6251602422598549,0.35014894826471965
test,"20170130_Burson-Marsteller, LLC (Washington, DC)_Thompson, Randi_Short-Form.pdf",registration_num,1.0,1.0,0.94021356,0.98923635,0.9648887813273808,0.9164062229338669
test,"20170130_Burson-Marsteller, LLC (Washington, DC)_Thompson, Randi_Short-Form.pdf",registrant_name,1.0,1.0,0.8856734,0.94418466,0.9012634440277112,0.7139735645517926
test,"20170130_Burson-Marsteller, LLC (Washington, DC)_Thompson, Randi_Short-Form.pdf",foreign_principle_name,1.0,1.0,0.21685901,0.24400237,0.145770944368264,0.472634186620002
test,"20170130_Burson-Marsteller, LLC (Washington, DC)_Thompson, Randi_Short-Form.pdf",file_date,0.0,0.0,0.76063716,0.79026806,0.7719846346749863,0.7574294140777317
test,"20170130_Burson-Marsteller, LLC (Washington, DC)_Thompson, Randi_Short-Form.pdf",signer_name,0.0,0.0,0.7054478,0.6657585,0.198052926715299,0.8386315209698997
test,"20170130_Burson-Marsteller, LLC (Washington, DC)_Thompson, Randi_Short-Form.pdf",signer_title,0.0,0.0,0.18367964,0.09664877,0.6986497133813799,0.4372223122886677
test,"20120215_Nickles Group, LLC_Marshall, Hazen Clay_Short-Form.pdf",registration_num,1.0,1.0,0.89494103,0.94221556,0.9404421577758387,0.3759384246598526
test,"20120215_Nickles Group, LLC_Marshall, Hazen Clay_Short-Form.pdf",registrant_name,0.0,0.0,0.45954165,0.3329609,0.828507276891577,0.2084362573156458
test,"20120215_Nickles Group, LLC_Marshall, Hazen Clay_Short-Form.pdf",foreign_principle_name,0.0,0.0,0.12603793,0.10133165,0.07763229442250497,0.04098368238758948
test,"20120215_Nickles Group, LLC_Marshall, Hazen Clay_Short-Form.pdf",file_date,0.0,0.0,0.7234579,0.8092601,0.7536212485210039,0.5333017545519432
test,"20120215_Nickles Group, LLC_Marshall, Hazen Clay_Short-Form.pdf",signer_name,1.0,1.0,0.870275,0.81529844,0.7423878864191171,0.9567965579310609
test,"20120215_Nickles Group, LLC_Marshall, Hazen Clay_Short-Form.pdf",signer_title,1.0,1.0,0.5256009,0.3362332,0.9143286400973806,0.7144251785316367
test,"20161031_MSLGROUP Americas, Inc._Bickford, Frank_Short-Form.pdf",registration_num,1.0,1.0,0.9398403,0.98115987,0.9622847518480496,0.9365719413373216
test,"20161031_MSLGROUP Americas, Inc._Bickford, Frank_Short-Form.pdf",registrant_name,0.0,0.0,0.68873465,0.7027973,0.5915407660646672,0.13690254929701537
test,"20161031_MSLGROUP Americas, Inc._Bickford, Frank_Short-Form.pdf",foreign_principle_name,0.0,0.0,0.0032124836,0.007416678,0.012823370861957149,0.009335641059442396
test,"20161031_MSLGROUP Americas, Inc._Bickford, Frank_Short-Form.pdf",file_date,0.0,0.0,0.80268794,0.6929174,0.8507057258158041,0.5543776853948594
test,"20161031_MSLGROUP Americas, Inc._Bickford, Frank_Short-Form.pdf",signer_name,0.0,0.0,0.08969094,0.07066411,0.041694806175563044,0.3374936992664187
test,"20161031_MSLGROUP Americas, Inc._Bickford, Frank_Short-Form.pdf",signer_title,0.0,0.0,0.23240581,0.21408132,0.44103069833293945,0.626938435172934
test,"20160708_Gus West Government Affairs, Inc._Hernandez, Richard_Short-Form.pdf",registration_num,0.0,0.0,0.14164248,0.087692335,0.049388858130869746,0.02206693394002922
test,"20160708_Gus West Government Affairs, Inc._Hernandez, Richard_Short-Form.pdf",registrant_name,0.0,0.0,0.7346446,0.63984704,0.9270852006532071,0.304205150188162
test,"20160708_Gus West Government Affairs, Inc._Hernandez, Richard_Short-Form.pdf",foreign_principle_name,1.0,1.0,0.16169788,0.1492344,0.16389696216339808,0.21075392917962463
test,"20160708_Gus West Government Affairs, Inc._Hernandez, Richard_Short-Form.pdf",file_date,1.0,1.0,0.64704907,0.67929155,0.7688314879263948,0.6953278636365179
test,"20160708_Gus West Government Affairs, Inc._Hernandez, Richard_Short-Form.pdf",signer_name,1.0,1.0,0.8941309,0.8673428,0.9688022692138932,0.9882990352302056
test,"20160708_Gus West Government Affairs, Inc._Hernandez, Richard_Short-Form.pdf",signer_title,1.0,1.0,0.7482326,0.8217212,0.9161953353825549,0.7049520104791043
test,"20180629_MMGY Global, LLC_Keough, Georgette_Short-Form.pdf",registration_num,1.0,1.0,0.9186319,0.9587575,0.9628625817068719,0.9541056012348166
test,"20180629_MMGY Global, LLC_Keough, Georgette_Short-Form.pdf",registrant_name,0.0,0.0,0.51810426,0.42837697,0.8088030737792815,0.27080989221797147
test,"20180629_MMGY Global, LLC_Keough, Georgette_Short-Form.pdf",foreign_principle_name,1.0,1.0,0.20259228,0.23603992,0.09705614803416862,0.3843973094837407
test,"20180629_MMGY Global, LLC_Keough, Georgette_Short-Form.pdf",file_date,1.0,1.0,0.9072442,0.9561264,0.5486179890913577,0.9532582444905291
test,"20180629_MMGY Global, LLC_Keough, Georgette_Short-Form.pdf",signer_name,1.0,1.0,0.8381154,0.6990397,0.9719023334651076,0.9945472535434634
test,"20180629_MMGY Global, LLC_Keough, Georgette_Short-Form.pdf",signer_title,1.0,1.0,0.5431899,0.3756546,0.9161953353825549,0.7049520104791043
test,"20140326_Tourism Authority of Thailand, Los Angeles_Sitthichai, Suriya_Short-Form.pdf",registration_num,1.0,1.0,0.9445623,0.98814106,0.9633970616162866,0.9547544189291868
test,"20140326_Tourism Authority of Thailand, Los Angeles_Sitthichai, Suriya_Short-Form.pdf",registrant_name,1.0,1.0,0.76857823,0.842281,0.8209179560306408,0.9431966862950109
test,"20140326_Tourism Authority of Thailand, Los Angeles_Sitthichai, Suriya_Short-Form.pdf",foreign_principle_name,1.0,1.0,0.054447137,0.075073585,0.02905291505095063,0.11151823919072525
test,"20140326_Tourism Authority of Thailand, Los Angeles_Sitthichai, Suriya_Short-Form.pdf",file_date,1.0,1.0,0.9295043,0.975283,0.5805414959347764,0.9013266297711889
test,"20140326_Tourism Authority of Thailand, Los Angeles_Sitthichai, Suriya_Short-Form.pdf",signer_name,0.0,0.0,0.20018713,0.15328756,0.3236381830772257,0.1148592596446182
test,"20140326_Tourism Authority of Thailand, Los Angeles_Sitthichai, Suriya_Short-Form.pdf",signer_title,0.0,0.0,0.45764437,0.6314887,0.7575798595970306,0.45543687755745044
test,"20080821_Ketchum Inc. NY_Jeavons, Kathleen Stone_Short-Form.pdf",registration_num,1.0,1.0,0.85009545,0.81450427,0.9258128620668409,0.886331748773281
test,"20080821_Ketchum Inc. NY_Jeavons, Kathleen Stone_Short-Form.pdf",registrant_name,0.0,0.0,0.591811,0.60825586,0.9399291562467765,0.31844599980551563
test,"20080821_Ketchum Inc. NY_Jeavons, Kathleen Stone_Short-Form.pdf",foreign_principle_name,0.0,0.0,0.22438037,0.26022398,0.3550331861740283,0.22521070082832972
test,"20080821_Ketchum Inc. NY_Jeavons, Kathleen Stone_Short-Form.pdf",file_date,0.0,0.0,0.8612978,0.8404196,0.6063414826096322,0.5388760969239467
test,"20080821_Ketchum Inc. NY_Jeavons, Kathleen Stone_Short-Form.pdf",signer_name,0.0,0.0,0.042166986,0.033873715,0.07860960831827506,0.04562746293794596
test,"20080821_Ketchum Inc. NY_Jeavons, Kathleen Stone_Short-Form.pdf",signer_title,0.0,0.0,0.20623083,0.15021081,0.35223321290929266,0.15436313825295103
test,"20180425_Bluetext, LLC_Stetler, Olivia_Short-Form.pdf",registration_num,0.0,0.0,0.082602024,0.047856867,0.04738362133771998,0.023447979881698888
test,"20180425_Bluetext, LLC_Stetler, Olivia_Short-Form.pdf",registrant_name,1.0,1.0,0.73743695,0.79827833,0.3405709413302495,0.4617938578040111
test,"20180425_Bluetext, LLC_Stetler, Olivia_Short-Form.pdf",foreign_principle_name,1.0,1.0,0.29944417,0.32082668,0.16024098590168645,0.38148053292538386
test,"20180425_Bluetext, LLC_Stetler, Olivia_Short-Form.pdf",file_date,1.0,1.0,0.30204082,0.21449678,0.8153765240247665,0.5026802376970227
test,"20180425_Bluetext, LLC_Stetler, Olivia_Short-Form.pdf",signer_name,1.0,1.0,0.4487834,0.38873807,0.4957673732949789,0.32030741092096665
test,"20180425_Bluetext, LLC_Stetler, Olivia_Short-Form.pdf",signer_title,1.0,1.0,0.93633366,0.99039173,0.9546726316157623,0.9892576085681688
test,"20100928_Squire Patton Boggs, LLP_Lott, Trent_Short-Form.pdf",registration_num,1.0,1.0,0.8038937,0.8476763,0.7150992685082525,0.6982476805406586
test,"20100928_Squire Patton Boggs, LLP_Lott, Trent_Short-Form.pdf",registrant_name,1.0,1.0,0.83199006,0.85364735,0.6730625117416686,0.6753963539372699
test,"20100928_Squire Patton Boggs, LLP_Lott, Trent_Short-Form.pdf",foreign_principle_name,0.0,0.0,0.1385262,0.13426633,0.03438558157868556,0.24864946474689742
test,"20100928_Squire Patton Boggs, LLP_Lott, Trent_Short-Form.pdf",file_date,0.0,0.0,0.27757388,0.20343049,0.3622047929977548,0.14803198801018544
test,"20100928_Squire Patton Boggs, LLP_Lott, Trent_Short-Form.pdf",signer_name,1.0,1.0,0.8606545,0.87952024,0.5861836760841624,0.9459501376763326
test,"20100928_Squire Patton Boggs, LLP_Lott, Trent_Short-Form.pdf",signer_title,0.0,0.0,0.07951321,0.053637125,0.08977931932469947,0.022571414695170915
test,"20180124_Albertine Enterprises, Inc._Albertine, James J._Short-Form.pdf",registration_num,0.0,0.0,0.26408228,0.11835514,0.6130440222000986,0.20555801812323268
test,"20180124_Albertine Enterprises, Inc._Albertine, James J._Short-Form.pdf",registrant_name,1.0,1.0,0.87713015,0.9178529,0.8467950542191076,0.7033208116512776
test,"20180124_Albertine Enterprises, Inc._Albertine, James J._Short-Form.pdf",foreign_principle_name,1.0,1.0,0.14308369,0.16117588,0.037406327943390626,0.35948310976972936
test,"20180124_Albertine Enterprises, Inc._Albertine, James J._Short-Form.pdf",file_date,1.0,1.0,0.9150316,0.9603092,0.5169343506662553,0.9346467376879726
test,"20180124_Albertine Enterprises, Inc._Albertine, James J._Short-Form.pdf",signer_name,1.0,1.0,0.8994616,0.88020724,0.9675850129629734,0.9943393303662236
test,"20180124_Albertine Enterprises, Inc._Albertine, James J._Short-Form.pdf",signer_title,1.0,1.0,0.28591028,0.15482517,0.7129707802908037,0.4585472091502042
test,"20171107_Hogan Lovells US LLP_Fridman, Adam Judah_Short-Form.pdf",registration_num,1.0,1.0,0.93492377,0.98196346,0.960032572134357,0.9547544189291868
test,"20171107_Hogan Lovells US LLP_Fridman, Adam Judah_Short-Form.pdf",registrant_name,0.0,0.0,0.84137154,0.84729606,0.9387742770105219,0.27254314799459695
test,"20171107_Hogan Lovells US LLP_Fridman, Adam Judah_Short-Form.pdf",foreign_principle_name,0.0,1.0,0.11406992,0.09598417,0.04391572673945948,0.33948299954530875
test,"20171107_Hogan Lovells US LLP_Fridman, Adam Judah_Short-Form.pdf",file_date,1.0,1.0,0.8734598,0.8112792,0.6253104181138928,0.9108614082767351
test,"20171107_Hogan Lovells US LLP_Fridman, Adam Judah_Short-Form.pdf",signer_name,0.0,0.0,0.8094201,0.8680046,0.4176848068779941,0.8533157909692969
test,"20171107_Hogan Lovells US LLP_Fridman, Adam Judah_Short-Form.pdf",signer_title,0.0,0.0,0.02463606,0.034330636,0.07656081422118823,0.03557937871807141
test,"20110415_Podesta Group, Inc._Podesta, Anthony T._Short-Form.pdf",registration_num,1.0,1.0,0.9477342,0.98581856,0.9648887813273808,0.9511384015376578
test,"20110415_Podesta Group, Inc._Podesta, Anthony T._Short-Form.pdf",registrant_name,0.0,0.0,0.93885326,0.9637623,0.8287956610397307,0.6595270077044562
test,"20110415_Podesta Group, Inc._Podesta, Anthony T._Short-Form.pdf",foreign_principle_name,0.0,0.0,0.19013858,0.16683285,0.23687714437527296,0.41474301286205384
test,"20110415_Podesta Group, Inc._Podesta, Anthony T._Short-Form.pdf",file_date,0.0,0.0,0.59636956,0.6004434,0.7160665693732378,0.30145699682179056
test,"20110415_Podesta Group, Inc._Podesta, Anthony T._Short-Form.pdf",signer_name,0.0,0.0,0.4024252,0.3013253,0.3384888019707297,0.20877772419887672
test,"20110415_Podesta Group, Inc._Podesta, Anthony T._Short-Form.pdf",signer_title,0.0,0.0,0.2498651,0.30584747,0.4394924268979882,0.3178597943814036
test,"20160810_West Wing Writers, LLC_Farber, Annie_Short-Form.pdf",registration_num,1.0,1.0,0.9375304,0.9579134,0.9600908405395433,0.5491259448661961
test,"20160810_West Wing Writers, LLC_Farber, Annie_Short-Form.pdf",registrant_name,0.0,0.0,0.6171404,0.4679264,0.6786342190899621,0.09970205732147902
test,"20160810_West Wing Writers, LLC_Farber, Annie_Short-Form.pdf",foreign_principle_name,1.0,1.0,0.33438775,0.3037576,0.09784358041900403,0.3244738830338472
test,"20160810_West Wing Writers, LLC_Farber, Annie_Short-Form.pdf",file_date,0.0,0.0,0.6741261,0.8070226,0.7635717681050145,0.5178177384106206
test,"20160810_West Wing Writers, LLC_Farber, Annie_Short-Form.pdf",signer_name,0.0,0.0,0.52389055,0.40834555,0.1263959565624245,0.5987100655068966
test,"20160810_West Wing Writers, LLC_Farber, Annie_Short-Form.pdf",signer_title,0.0,0.0,0.22478426,0.22263953,0.2071583743624484,0.06756042264771646
test,"20160211_Beef + Lamb New Zealand, Ltd._Meikle, Terry J._Short-Form.pdf",registration_num,1.0,1.0,0.93557227,0.9804878,0.9666840237022061,0.9581113553215114
test,"20160211_Beef + Lamb New Zealand, Ltd._Meikle, Terry J._Short-Form.pdf",registrant_name,1.0,1.0,0.899183,0.9109678,0.9152484753269344,0.9619056011687512
test,"20160211_Beef + Lamb New Zealand, Ltd._Meikle, Terry J._Short-Form.pdf",foreign_principle_name,0.0,0.0,0.29944152,0.4472925,0.1179406819839762,0.24952500027265556
test,"20160211_Beef + Lamb New Zealand, Ltd._Meikle, Terry J._Short-Form.pdf",file_date,1.0,1.0,0.9374676,0.9804363,0.8141729708790748,0.9690213209533274
test,"20160211_Beef + Lamb New Zealand, Ltd._Meikle, Terry J._Short-Form.pdf",signer_name,0.0,0.0,0.16800776,0.081924744,0.40293849513176877,0.17568381883618794
test,"20160211_Beef + Lamb New Zealand, Ltd._Meikle, Terry J._Short-Form.pdf",signer_title,0.0,0.0,0.17672722,0.18703409,0.15516486572274588,0.15008434422333722
test,"20160727_Quebec Government Office_Malin, Daniel_Short-Form.pdf",registration_num,1.0,1.0,0.9299512,0.9679497,0.9075785614048671,0.9398114270436514
test,"20160727_Quebec Government Office_Malin, Daniel_Short-Form.pdf",registrant_name,0.0,0.0,0.4756716,0.46434465,0.6782932706849222,0.2861318003777819
test,"20160727_Quebec Government Office_Malin, Daniel_Short-Form.pdf",foreign_principle_name,1.0,1.0,0.074719355,0.071582,0.15120458001323508,0.45772923250427394
test,"20160727_Quebec Government Office_Malin, Daniel_Short-Form.pdf",file_date,0.0,0.0,0.5699872,0.55853426,0.6796180598991411,0.6829094694994465
test,"20160727_Quebec Government Office_Malin, Daniel_Short-Form.pdf",signer_name,1.0,1.0,0.83031094,0.7541715,0.8377834782069916,0.9640705376881763
test,"20160727_Quebec Government Office_Malin, Daniel_Short-Form.pdf",signer_title,0.0,0.0,0.14907166,0.15184906,0.3820393468023378,0.1515085928088755
test,"20170102_BGR Government Affairs, LLC_Seiden, Maya_Short-Form.pdf",registration_num,1.0,1.0,0.9310045,0.97458494,0.9622847518480496,0.9541056012348166
test,"20170102_BGR Government Affairs, LLC_Seiden, Maya_Short-Form.pdf",registrant_name,1.0,1.0,0.8637539,0.9370823,0.816650219242043,0.6780201735363054
test,"20170102_BGR Government Affairs, LLC_Seiden, Maya_Short-Form.pdf",foreign_principle_name,1.0,1.0,0.2609002,0.24970567,0.26119820118071935,0.35288679052982896
test,"20170102_BGR Government Affairs, LLC_Seiden, Maya_Short-Form.pdf",file_date,1.0,1.0,0.7390691,0.7574839,0.6657304317268232,0.8499202272125023
test,"20170102_BGR Government Affairs, LLC_Seiden, Maya_Short-Form.pdf",signer_name,1.0,1.0,0.8952101,0.9307059,0.9442326242365551,0.9915542489032422
test,"20170102_BGR Government Affairs, LLC_Seiden, Maya_Short-Form.pdf",signer_title,1.0,1.0,0.313097,0.16979486,0.6251602422598549,0.3702211913401709
test,20090409_Orion Strategies LLC__Short-Form.pdf,registration_num,1.0,1.0,0.65876997,0.59872466,0.5840841533643168,0.5473596622103514
test,20090409_Orion Strategies LLC__Short-Form.pdf,registrant_name,0.0,0.0,0.6253488,0.6418336,0.9180859278469282,0.3109835539339261
test,20090409_Orion Strategies LLC__Short-Form.pdf,foreign_principle_name,0.0,0.0,0.41422972,0.42866343,0.05050246679754552,0.0848837686279553
test,20090409_Orion Strategies LLC__Short-Form.pdf,file_date,1.0,1.0,0.88482285,0.90489686,0.46475885925819005,0.9574498971616144
test,20090409_Orion Strategies LLC__Short-Form.pdf,signer_name,0.0,0.0,0.15016533,0.08640514,0.3936179998976294,0.1531299909888268
test,20090409_Orion Strategies LLC__Short-Form.pdf,signer_title,0.0,0.0,0.15082827,0.19006264,0.331506721794053,0.2676762271992624
test,"20170915_Craft Media Digital, LLC_Michael, Jared_Short-Form.pdf",registration_num,1.0,1.0,0.9306032,0.96325433,0.9040924541242391,0.6255148068590325
test,"20170915_Craft Media Digital, LLC_Michael, Jared_Short-Form.pdf",registrant_name,1.0,1.0,0.88693935,0.928189,0.9484154705505139,0.8366901996716041
test,"20170915_Craft Media Digital, LLC_Michael, Jared_Short-Form.pdf",foreign_principle_name,1.0,1.0,0.18590444,0.1928679,0.21900238063499786,0.3648965622544877
test,"20170915_Craft Media Digital, LLC_Michael, Jared_Short-Form.pdf",file_date,0.0,0.0,0.83627146,0.8889203,0.7493057076353568,0.638582463090625
test,"20170915_Craft Media Digital, LLC_Michael, Jared_Short-Form.pdf",signer_name,0.0,0.0,0.6161658,0.69217145,0.6297318865433037,0.9105187538971374
test,"20170915_Craft Media Digital, LLC_Michael, Jared_Short-Form.pdf",signer_title,0.0,0.0,0.80161583,0.838826,0.26153472697295566,0.8116853459256815
test,"20110218_Ketchum Inc. NY_Kim, Eric_Short-Form.pdf",registration_num,1.0,1.0,0.94521654,0.9900713,0.9653857922295694,0.933756222170283
test,"20110218_Ketchum Inc. NY_Kim, Eric_Short-Form.pdf",registrant_name,0.0,0.0,0.67006934,0.7854474,0.6258588438438641,0.053927152286147716
test,"20110218_Ketchum Inc. NY_Kim, Eric_Short-Form.pdf",foreign_principle_name,0.0,0.0,0.19218147,0.15849881,0.03260500067674623,0.09649746821946424
test,"20110218_Ketchum Inc. NY_Kim, Eric_Short-Form.pdf",file_date,0.0,0.0,0.33477452,0.23445432,0.42145510159755706,0.18240201549319793
test,"20110218_Ketchum Inc. NY_Kim, Eric_Short-Form.pdf",signer_name,0.0,0.0,0.48143634,0.44664377,0.06716853610657636,0.11430637470711734
test,"20110218_Ketchum Inc. NY_Kim, Eric_Short-Form.pdf",signer_title,0.0,0.0,0.009429756,0.0128060905,0.07656081422118823,0.036079390036941425
test,"20150331_DLA Piper US LLP_Bernstein, Matthew_Short-Form.pdf",registration_num,0.0,0.0,0.038589202,0.037308857,0.006953370971711849,0.008437555920769862
test,"20150331_DLA Piper US LLP_Bernstein, Matthew_Short-Form.pdf",registrant_name,0.0,0.0,0.8750574,0.9192088,0.9196073272311631,0.13111584920846003
test,"20150331_DLA Piper US LLP_Bernstein, Matthew_Short-Form.pdf",foreign_principle_name,0.0,1.0,0.08222927,0.104252554,0.02603021128657028,0.2914559707642607
test,"20150331_DLA Piper US LLP_Bernstein, Matthew_Short-Form.pdf",file_date,1.0,1.0,0.87331533,0.93213046,0.5852370783930396,0.9260564716284877
test,"20150331_DLA Piper US LLP_Bernstein, Matthew_Short-Form.pdf",signer_name,1.0,1.0,0.92311174,0.9653281,0.6967664732076773,0.9449671855406327
test,"20150331_DLA Piper US LLP_Bernstein, Matthew_Short-Form.pdf",signer_title,1.0,1.0,0.5840283,0.38476235,0.8750871816747993,0.7049520104791043
test,"20140227_Nelson Mullins Riley _ Scarborough, LLP_Clarke, Britton_Short-Form.pdf",registration_num,1.0,1.0,0.92549694,0.966664,0.9622847518480496,0.9541056012348166
test,"20140227_Nelson Mullins Riley _ Scarborough, LLP_Clarke, Britton_Short-Form.pdf",registrant_name,0.0,0.0,0.5229738,0.4546072,0.7682166364101966,0.2561856975018247
test,"20140227_Nelson Mullins Riley _ Scarborough, LLP_Clarke, Britton_Short-Form.pdf",foreign_principle_name,0.0,0.0,0.08763711,0.07256006,0.02335996104149825,0.015406989256139878
test,"20140227_Nelson Mullins Riley _ Scarborough, LLP_Clarke, Britton_Short-Form.pdf",file_date,1.0,1.0,0.9311501,0.9718256,0.559676699661745,0.9396741296496331
test,"20140227_Nelson Mullins Riley _ Scarborough, LLP_Clarke, Britton_Short-Form.pdf",signer_name,1.0,1.0,0.818758,0.65639746,0.9684682870709639,0.9940661390378207
test,"20140227_Nelson Mullins Riley _ Scarborough, LLP_Clarke, Britton_Short-Form.pdf",signer_title,0.0,0.0,0.045726217,0.045847256,0.1138352831924754,0.024351664990092454
test,"20110411_MSLGROUP Americas, Inc._Vendemia, Carly_Short-Form.pdf",registration_num,0.0,0.0,0.039933898,0.03652174,0.006953370971711849,0.0044601364628628
test,"20110411_MSLGROUP Americas, Inc._Vendemia, Carly_Short-Form.pdf",registrant_name,0.0,0.0,0.80188596,0.83235055,0.8790188157574662,0.26688850762864097
test,"20110411_MSLGROUP Americas, Inc._Vendemia, Carly_Short-Form.pdf",foreign_principle_name,1.0,1.0,0.31763396,0.39193717,0.07356718485668431,0.323202060000667
test,"20110411_MSLGROUP Americas, Inc._Vendemia, Carly_Short-Form.pdf",file_date,0.0,0.0,0.6807019,0.60719085,0.4822048689959527,0.15527910803179817
test,"20110411_MSLGROUP Americas, Inc._Vendemia, Carly_Short-Form.pdf",signer_name,0.0,0.0,0.69658756,0.80796015,0.08395818691225568,0.550712544997461
test,"20110411_MSLGROUP Americas, Inc._Vendemia, Carly_Short-Form.pdf",signer_title,0.0,0.0,0.020806933,0.022122972,0.15674369086252513,0.017505044623832875
test,"20130716_Van Scoyoc Associates, Inc._Gingrich, Claud_Short-Form.pdf",registration_num,1.0,1.0,0.9124948,0.9673101,0.9622847518480496,0.9541056012348166
test,"20130716_Van Scoyoc Associates, Inc._Gingrich, Claud_Short-Form.pdf",registrant_name,1.0,1.0,0.91081524,0.9488853,0.8805692380767324,0.8383333203874264
test,"20130716_Van Scoyoc Associates, Inc._Gingrich, Claud_Short-Form.pdf",foreign_principle_name,0.0,0.0,0.3619046,0.4251399,0.8042180177622881,0.8128524250686284
test,"20130716_Van Scoyoc Associates, Inc._Gingrich, Claud_Short-Form.pdf",file_date,1.0,1.0,0.47537327,0.43772283,0.9326303500009362,0.47740571943390525
test,"20130716_Van Scoyoc Associates, Inc._Gingrich, Claud_Short-Form.pdf",signer_name,0.0,0.0,0.10844968,0.063688725,0.28544089876448964,0.21682370597761388
test,"20130716_Van Scoyoc Associates, Inc._Gingrich, Claud_Short-Form.pdf",signer_title,0.0,0.0,0.028461162,0.03174647,0.01827796577811457,0.10132240326937927
test,"20090115_Korea National Tourism Organization, Los Angeles_Lee, Hyeonjin_Short-Form.pdf",registration_num,0.0,0.0,0.11234684,0.1167678,0.02925533713520917,0.0366656837883561
test,"20090115_Korea National Tourism Organization, Los Angeles_Lee, Hyeonjin_Short-Form.pdf",registrant_name,0.0,0.0,0.7330707,0.69090164,0.7366685272411617,0.1368593837990637
test,"20090115_Korea National Tourism Organization, Los Angeles_Lee, Hyeonjin_Short-Form.pdf",foreign_principle_name,0.0,0.0,0.16944775,0.13356625,0.0315267350228191,0.09030484810316157
test,"20090115_Korea National Tourism Organization, Los Angeles_Lee, Hyeonjin_Short-Form.pdf",file_date,0.0,0.0,0.19456497,0.17007522,0.5636736066822509,0.07567961063953475
test,"20090115_Korea National Tourism Organization, Los Angeles_Lee, Hyeonjin_Short-Form.pdf",signer_name,0.0,0.0,0.85650843,0.82693017,0.4624550280190481,0.8596391962642694
test,"20090115_Korea National Tourism Organization, Los Angeles_Lee, Hyeonjin_Short-Form.pdf",signer_title,0.0,0.0,0.058928885,0.05405561,0.01827796577811457,0.02445784913801425
test,"20101215_Venable, LLP_Moore, Powell_Short-Form.pdf",registration_num,1.0,1.0,0.8017532,0.82806015,0.601346599870765,0.6041129849390113
test,"20101215_Venable, LLP_Moore, Powell_Short-Form.pdf",registrant_name,0.0,0.0,0.8120532,0.82919246,0.85739636071902,0.4349459704074384
test,"20101215_Venable, LLP_Moore, Powell_Short-Form.pdf",foreign_principle_name,0.0,0.0,0.39079112,0.44560236,0.04965197526345586,0.25134259105578866
test,"20101215_Venable, LLP_Moore, Powell_Short-Form.pdf",file_date,0.0,0.0,0.10276216,0.090746514,0.26769086546420967,0.09081423575431669
test,"20101215_Venable, LLP_Moore, Powell_Short-Form.pdf",signer_name,0.0,0.0,0.84661037,0.8461571,0.694924384018025,0.8629736547124828
test,"20101215_Venable, LLP_Moore, Powell_Short-Form.pdf",signer_title,0.0,0.0,0.41253573,0.44597793,0.0671160512339948,0.17364719649793453
test,"20170407_CMGRP, Inc._Files, John III_Short-Form.pdf",registration_num,1.0,1.0,0.9239973,0.9612137,0.9622847518480496,0.9394668612981689
test,"20170407_CMGRP, Inc._Files, John III_Short-Form.pdf",registrant_name,0.0,0.0,0.42631525,0.3831145,0.572175419287049,0.2006942285234017
test,"20170407_CMGRP, Inc._Files, John III_Short-Form.pdf",foreign_principle_name,1.0,1.0,0.23773916,0.28287095,0.15473453597613715,0.36378667716497437
test,"20170407_CMGRP, Inc._Files, John III_Short-Form.pdf",file_date,1.0,1.0,0.91850173,0.9571825,0.5805414959347764,0.9431440754537668
test,"20170407_CMGRP, Inc._Files, John III_Short-Form.pdf",signer_name,1.0,1.0,0.85006934,0.83842784,0.9601662032049012,0.9937545151941422
test,"20170407_CMGRP, Inc._Files, John III_Short-Form.pdf",signer_title,1.0,1.0,0.391396,0.22660442,0.9048816497476568,0.7163401865912706
test,"20110203_BGR Government Affairs, LLC_Birnbaum, Jeffrey_Short-Form.pdf",registration_num,1.0,1.0,0.9086658,0.95528316,0.9622847518480496,0.9427343269869319
test,"20110203_BGR Government Affairs, LLC_Birnbaum, Jeffrey_Short-Form.pdf",registrant_name,0.0,0.0,0.9080553,0.9582098,0.5426348737523843,0.6945263246953518
test,"20110203_BGR Government Affairs, LLC_Birnbaum, Jeffrey_Short-Form.pdf",foreign_principle_name,1.0,1.0,0.4271997,0.42890376,0.5869764962491486,0.46514077982648344
test,"20110203_BGR Government Affairs, LLC_Birnbaum, Jeffrey_Short-Form.pdf",file_date,0.0,0.0,0.2109848,0.28359756,0.12810119813616322,0.14311022903492615
test,"20110203_BGR Government Affairs, LLC_Birnbaum, Jeffrey_Short-Form.pdf",signer_name,0.0,0.0,0.19228263,0.16909572,0.4949139386726446,0.2728645040048433
test,"20110203_BGR Government Affairs, LLC_Birnbaum, Jeffrey_Short-Form.pdf",signer_title,0.0,0.0,0.36975965,0.39374536,0.608620224341704,0.5290253058617902
test,"20110929_DLA Piper US LLP_Schwanke, Beth_Short-Form.pdf",registration_num,1.0,1.0,0.8774214,0.89923346,0.7912931796260563,0.7917250044786341
test,"20110929_DLA Piper US LLP_Schwanke, Beth_Short-Form.pdf",registrant_name,0.0,0.0,0.8426334,0.7900909,0.8877542308550677,0.8395521646354989
test,"20110929_DLA Piper US LLP_Schwanke, Beth_Short-Form.pdf",foreign_principle_name,0.0,0.0,0.26522994,0.26280156,0.059841754033869626,0.07531796776220219
test,"20110929_DLA Piper US LLP_Schwanke, Beth_Short-Form.pdf",file_date,1.0,1.0,0.6548461,0.73149246,0.740676828522492,0.6624785885798663
test,"20110929_DLA Piper US LLP_Schwanke, Beth_Short-Form.pdf",signer_name,1.0,1.0,0.89700925,0.75518763,0.96060977476402,0.9940702830825555
test,"20110929_DLA Piper US LLP_Schwanke, Beth_Short-Form.pdf",signer_title,0.0,0.0,0.15827309,0.17341158,0.31019764429498986,0.058480903341522165
test,"20150413_Singapore Tourism Board_Krulic, Susan_Short-Form.pdf",registration_num,1.0,1.0,0.9258715,0.96902084,0.9628625817068719,0.9541056012348166
test,"20150413_Singapore Tourism Board_Krulic, Susan_Short-Form.pdf",registrant_name,1.0,1.0,0.7200306,0.85741127,0.759554501112581,0.9079730735747467
test,"20150413_Singapore Tourism Board_Krulic, Susan_Short-Form.pdf",foreign_principle_name,0.0,0.0,0.10751953,0.115224876,0.08130592292752326,0.16754411897366192
test,"20150413_Singapore Tourism Board_Krulic, Susan_Short-Form.pdf",file_date,0.0,0.0,0.8361599,0.88757104,0.7234813405289564,0.7826701682941718
test,"20150413_Singapore Tourism Board_Krulic, Susan_Short-Form.pdf",signer_name,0.0,0.0,0.06820907,0.07053857,0.018644508422927742,0.10265332871898043
test,"20150413_Singapore Tourism Board_Krulic, Susan_Short-Form.pdf",signer_title,0.0,0.0,0.24125883,0.23550005,0.8398024409051685,0.82888349704834
test,"20180322_Definers Corp._Hertenstein, Christian_Short-Form.pdf",registration_num,1.0,1.0,0.7785883,0.75926465,0.7912931796260563,0.6847086994404347
test,"20180322_Definers Corp._Hertenstein, Christian_Short-Form.pdf",registrant_name,0.0,0.0,0.4872973,0.396058,0.8387932023457215,0.07691425800363877
test,"20180322_Definers Corp._Hertenstein, Christian_Short-Form.pdf",foreign_principle_name,0.0,0.0,0.17866349,0.1641633,0.05064462612823489,0.4545217272373046
test,"20180322_Definers Corp._Hertenstein, Christian_Short-Form.pdf",file_date,1.0,1.0,0.53372943,0.48041862,0.8484481195503417,0.47740571943390525
test,"20180322_Definers Corp._Hertenstein, Christian_Short-Form.pdf",signer_name,0.0,0.0,0.15558344,0.11467622,0.33674243503313356,0.10626154037835041
test,"20180322_Definers Corp._Hertenstein, Christian_Short-Form.pdf",signer_title,0.0,0.0,0.031007295,0.030084431,0.058645093775855216,0.020955678346210847
test,"20150831_Quebec Government Office_Cerny, Sophie_Short-Form.pdf",registration_num,1.0,1.0,0.9152261,0.94095355,0.8982990471713489,0.9389620272609123
test,"20150831_Quebec Government Office_Cerny, Sophie_Short-Form.pdf",registrant_name,1.0,1.0,0.889897,0.9500376,0.9002228298326573,0.6917088272998844
test,"20150831_Quebec Government Office_Cerny, Sophie_Short-Form.pdf",foreign_principle_name,1.0,1.0,0.06744051,0.065682605,0.025262098341335828,0.13534682000608964
test,"20150831_Quebec Government Office_Cerny, Sophie_Short-Form.pdf",file_date,0.0,0.0,0.43435544,0.43137342,0.6977284218368085,0.5462720469498519
test,"20150831_Quebec Government Office_Cerny, Sophie_Short-Form.pdf",signer_name,1.0,1.0,0.90348375,0.92895746,0.8964321598668165,0.9778320787046648
test,"20150831_Quebec Government Office_Cerny, Sophie_Short-Form.pdf",signer_title,0.0,0.0,0.5794792,0.6709169,0.06109727075464086,0.4623235269270134
test,"20180411_Mercury Public Affairs, LLC_Toomey, Molly_Short-Form.pdf",registration_num,1.0,1.0,0.9100474,0.9428299,0.8707853253512094,0.9098929477072973
test,"20180411_Mercury Public Affairs, LLC_Toomey, Molly_Short-Form.pdf",registrant_name,1.0,1.0,0.8587419,0.9376596,0.7358633629088834,0.933598482719014
test,"20180411_Mercury Public Affairs, LLC_Toomey, Molly_Short-Form.pdf",foreign_principle_name,0.0,0.0,0.10071858,0.13160613,0.021473795219492265,0.05290738702202238
test,"20180411_Mercury Public Affairs, LLC_Toomey, Molly_Short-Form.pdf",file_date,1.0,1.0,0.8438641,0.85740185,0.5672535002784876,0.9431440754537668
test,"20180411_Mercury Public Affairs, LLC_Toomey, Molly_Short-Form.pdf",signer_name,1.0,1.0,0.9149969,0.9089444,0.9359838166759722,0.9852483975078393
test,"20180411_Mercury Public Affairs, LLC_Toomey, Molly_Short-Form.pdf",signer_title,0.0,0.0,0.061392825,0.061409157,0.01827796577811457,0.08317425408363649
test,"20151027_Representative Office in the USA, China Council for the Promotion of International Trade (CCPIT)_Pei, Xinya_Short-Form.pdf",registration_num,0.0,0.0,0.12949832,0.11467315,0.05455763653365306,0.07502264550985288
test,"20151027_Representative Office in the USA, China Council for the Promotion of International Trade (CCPIT)_Pei, Xinya_Short-Form.pdf",registrant_name,0.0,0.0,0.5987879,0.5943132,0.8931682300165846,0.9049401881233095
test,"20151027_Representative Office in the USA, China Council for the Promotion of International Trade (CCPIT)_Pei, Xinya_Short-Form.pdf",foreign_principle_name,1.0,1.0,0.19388244,0.24200256,0.30491773196887184,0.4518934462776619
test,"20151027_Representative Office in the USA, China Council for the Promotion of International Trade (CCPIT)_Pei, Xinya_Short-Form.pdf",file_date,0.0,0.0,0.45764464,0.54616416,0.8272639422013147,0.6864145786189682
test,"20151027_Representative Office in the USA, China Council for the Promotion of International Trade (CCPIT)_Pei, Xinya_Short-Form.pdf",signer_name,1.0,1.0,0.7293745,0.691975,0.9374819445179016,0.992079536895357
test,"20151027_Representative Office in the USA, China Council for the Promotion of International Trade (CCPIT)_Pei, Xinya_Short-Form.pdf",signer_title,0.0,0.0,0.010645216,0.018245837,0.01827796577811457,0.08317425408363649
test,"20171103_Dentons US LLP_Goldberg, Gary_Short-Form.pdf",registration_num,1.0,1.0,0.8747803,0.9308057,0.9434140560757194,0.9407540607014993
test,"20171103_Dentons US LLP_Goldberg, Gary_Short-Form.pdf",registrant_name,0.0,0.0,0.6820495,0.70005107,0.5993648141685293,0.03954083355900701
test,"20171103_Dentons US LLP_Goldberg, Gary_Short-Form.pdf",foreign_principle_name,1.0,1.0,0.29327253,0.29623842,0.11031159870006,0.3020991328263315
test,"20171103_Dentons US LLP_Goldberg, Gary_Short-Form.pdf",file_date,0.0,0.0,0.91280204,0.9727335,0.7382541804681007,0.9042663089300905
test,"20171103_Dentons US LLP_Goldberg, Gary_Short-Form.pdf",signer_name,0.0,0.0,0.9115961,0.9437501,0.8106733072932141,0.9220358199920418
test,"20171103_Dentons US LLP_Goldberg, Gary_Short-Form.pdf",signer_title,0.0,0.0,0.044623286,0.044218782,0.019464092265564625,0.019431039178807865
test,"20121023_Commonwealth of Dominica Maritime Registry, Inc._McPartland, John_Short-Form.pdf",registration_num,1.0,1.0,0.94593066,0.98455966,0.960032572134357,0.9547544189291868
test,"20121023_Commonwealth of Dominica Maritime Registry, Inc._McPartland, John_Short-Form.pdf",registrant_name,0.0,0.0,0.4432126,0.3306103,0.7026062283568465,0.1927541433782776
test,"20121023_Commonwealth of Dominica Maritime Registry, Inc._McPartland, John_Short-Form.pdf",foreign_principle_name,1.0,1.0,0.1940358,0.21510105,0.16408155524982196,0.21828922564011669
test,"20121023_Commonwealth of Dominica Maritime Registry, Inc._McPartland, John_Short-Form.pdf",file_date,0.0,0.0,0.819582,0.8541953,0.7203352262866785,0.5268413021535983
test,"20121023_Commonwealth of Dominica Maritime Registry, Inc._McPartland, John_Short-Form.pdf",signer_name,0.0,0.0,0.046392728,0.034734283,0.07361149063236748,0.07836506846073484
test,"20121023_Commonwealth of Dominica Maritime Registry, Inc._McPartland, John_Short-Form.pdf",signer_title,0.0,0.0,0.15325046,0.114554,0.49426832184133757,0.17625240851973267
test,"20150708_Urenco, Inc._Wood, John Christopher_Short-Form.pdf",registration_num,1.0,1.0,0.9338821,0.9824109,0.9600908405395433,0.9547544189291868
test,"20150708_Urenco, Inc._Wood, John Christopher_Short-Form.pdf",registrant_name,1.0,1.0,0.88575107,0.883005,0.7379368800276522,0.9430509353899329
test,"20150708_Urenco, Inc._Wood, John Christopher_Short-Form.pdf",foreign_principle_name,1.0,1.0,0.25878426,0.2335262,0.5261978002696459,0.37185757036927125
test,"20150708_Urenco, Inc._Wood, John Christopher_Short-Form.pdf",file_date,0.0,0.0,0.74990594,0.77378595,0.7302236801884544,0.6299825003002288
test,"20150708_Urenco, Inc._Wood, John Christopher_Short-Form.pdf",signer_name,0.0,0.0,0.30939496,0.28482065,0.8088282454886209,0.30085716029274656
test,"20150708_Urenco, Inc._Wood, John Christopher_Short-Form.pdf",signer_title,0.0,0.0,0.2929573,0.24962826,0.49469780944199165,0.1430201959469202
test,"20161031_MSLGROUP Americas, Inc._Robichaud, Holly_Short-Form.pdf",registration_num,0.0,0.0,0.10153727,0.05900724,0.047404766956646895,0.021239933982911734
test,"20161031_MSLGROUP Americas, Inc._Robichaud, Holly_Short-Form.pdf",registrant_name,0.0,0.0,0.6094347,0.5441303,0.32958656438765055,0.7469272643147044
test,"20161031_MSLGROUP Americas, Inc._Robichaud, Holly_Short-Form.pdf",foreign_principle_name,0.0,0.0,0.273301,0.24856362,0.1607552259701567,0.2386950517090603
test,"20161031_MSLGROUP Americas, Inc._Robichaud, Holly_Short-Form.pdf",file_date,0.0,1.0,0.937551,0.97537935,0.8542808887763094,0.9531950888234157
test,"20161031_MSLGROUP Americas, Inc._Robichaud, Holly_Short-Form.pdf",signer_name,0.0,0.0,0.82866925,0.85490197,0.36597963794786503,0.8735753476911212
test,"20161031_MSLGROUP Americas, Inc._Robichaud, Holly_Short-Form.pdf",signer_title,0.0,0.0,0.10515435,0.09332473,0.16662750028125706,0.05381025805093537
test,"20180125_JETRO, Los Angeles_Griffith, Kaori Ozawa_Short-Form.pdf",registration_num,1.0,1.0,0.9310101,0.9833497,0.9633970616162866,0.9547544189291868
test,"20180125_JETRO, Los Angeles_Griffith, Kaori Ozawa_Short-Form.pdf",registrant_name,1.0,1.0,0.7553767,0.81208456,0.5461825527571539,0.44628041126663115
test,"20180125_JETRO, Los Angeles_Griffith, Kaori Ozawa_Short-Form.pdf",foreign_principle_name,1.0,1.0,0.25507572,0.29710543,0.037406327943390626,0.3449259403694633
test,"20180125_JETRO, Los Angeles_Griffith, Kaori Ozawa_Short-Form.pdf",file_date,1.0,1.0,0.86237204,0.93301773,0.6735194081640055,0.9206507346811462
test,"20180125_JETRO, Los Angeles_Griffith, Kaori Ozawa_Short-Form.pdf",signer_name,1.0,1.0,0.9208315,0.96220267,0.9665466352692899,0.9941322829089408
test,"20180125_JETRO, Los Angeles_Griffith, Kaori Ozawa_Short-Form.pdf",signer_title,1.0,1.0,0.44905567,0.27193218,0.9206620491716208,0.7163401865912706
test,"20180501_MSLGROUP Americas, Inc._Keppler, Christopher_Short-Form.pdf",registration_num,1.0,1.0,0.9393343,0.98876697,0.9614817207182607,0.9289275767020715
test,"20180501_MSLGROUP Americas, Inc._Keppler, Christopher_Short-Form.pdf",registrant_name,1.0,1.0,0.73729956,0.78686076,0.5727002151047201,0.31275754557456836
test,"20180501_MSLGROUP Americas, Inc._Keppler, Christopher_Short-Form.pdf",foreign_principle_name,1.0,1.0,0.089122936,0.110643186,0.01945679623349401,0.18264674582754076
test,"20180501_MSLGROUP Americas, Inc._Keppler, Christopher_Short-Form.pdf",file_date,1.0,1.0,0.8945328,0.9308192,0.4852514569292382,0.944774404818899
test,"20180501_MSLGROUP Americas, Inc._Keppler, Christopher_Short-Form.pdf",signer_name,0.0,0.0,0.12140503,0.0785285,0.21901338387175015,0.08357985605402014
test,"20180501_MSLGROUP Americas, Inc._Keppler, Christopher_Short-Form.pdf",signer_title,0.0,0.0,0.16231662,0.21768875,0.26153472697295566,0.158237869996833
test,"20140311_Akin, Gump, Strauss, Hauer _ Feld, LLP_Verhoff, Geoff_Short-Form.pdf",registration_num,1.0,1.0,0.9077902,0.9619714,0.9479223571700653,0.9394668612981689
test,"20140311_Akin, Gump, Strauss, Hauer _ Feld, LLP_Verhoff, Geoff_Short-Form.pdf",registrant_name,1.0,1.0,0.92487776,0.9451679,0.9343143415530001,0.9556784147982071
test,"20140311_Akin, Gump, Strauss, Hauer _ Feld, LLP_Verhoff, Geoff_Short-Form.pdf",foreign_principle_name,1.0,1.0,0.15705737,0.18115076,0.09999001249927274,0.29323166929654104
test,"20140311_Akin, Gump, Strauss, Hauer _ Feld, LLP_Verhoff, Geoff_Short-Form.pdf",file_date,1.0,1.0,0.73311985,0.791149,0.7814086278312002,0.49845576966889593
test,"20140311_Akin, Gump, Strauss, Hauer _ Feld, LLP_Verhoff, Geoff_Short-Form.pdf",signer_name,1.0,1.0,0.89917505,0.8932231,0.9626153265583323,0.9940702830825555
test,"20140311_Akin, Gump, Strauss, Hauer _ Feld, LLP_Verhoff, Geoff_Short-Form.pdf",signer_title,0.0,0.0,0.15864517,0.18775038,0.3310952557815718,0.06438186651288286
test,"20171010_MSLGROUP Americas, Inc._McKay, Gibson_Short-Form.pdf",registration_num,0.0,0.0,0.08641389,0.046885084,0.04585331097573424,0.020387856238656833
test,"20171010_MSLGROUP Americas, Inc._McKay, Gibson_Short-Form.pdf",registrant_name,0.0,0.0,0.65149033,0.590198,0.6620846365662475,0.1078913031330662
test,"20171010_MSLGROUP Americas, Inc._McKay, Gibson_Short-Form.pdf",foreign_principle_name,1.0,1.0,0.28049785,0.28771064,0.07690821198256101,0.4279479609203728
test,"20171010_MSLGROUP Americas, Inc._McKay, Gibson_Short-Form.pdf",file_date,1.0,1.0,0.93832,0.97573394,0.7512784677007004,0.9326823420187907
test,"20171010_MSLGROUP Americas, Inc._McKay, Gibson_Short-Form.pdf",signer_name,0.0,0.0,0.12562439,0.10109677,0.2432043680549351,0.08458876658680944
test,"20171010_MSLGROUP Americas, Inc._McKay, Gibson_Short-Form.pdf",signer_title,0.0,0.0,0.029970983,0.031323288,0.14014700803821697,0.05612712578886607
test,"20161229_Crowell _ Moring International, Ltd._Clemans, Kathryn_Short-Form.pdf",registration_num,1.0,1.0,0.92773706,0.96879834,0.9654570975234427,0.9547544189291868
test,"20161229_Crowell _ Moring International, Ltd._Clemans, Kathryn_Short-Form.pdf",registrant_name,0.0,0.0,0.5011352,0.38189274,0.8280865183848908,0.466285347488704
test,"20161229_Crowell _ Moring International, Ltd._Clemans, Kathryn_Short-Form.pdf",foreign_principle_name,1.0,1.0,0.09348124,0.11665305,0.03694264809191703,0.2875481967138537
test,"20161229_Crowell _ Moring International, Ltd._Clemans, Kathryn_Short-Form.pdf",file_date,1.0,1.0,0.91128314,0.9646231,0.5324857177107979,0.9290564854376336
test,"20161229_Crowell _ Moring International, Ltd._Clemans, Kathryn_Short-Form.pdf",signer_name,1.0,1.0,0.7839409,0.67953336,0.9647149424900239,0.9941322829089408
test,"20161229_Crowell _ Moring International, Ltd._Clemans, Kathryn_Short-Form.pdf",signer_title,1.0,1.0,0.44511375,0.26910192,0.9206620491716208,0.7163401865912706
test,"20131018_Glover Park Group, LLC_Silvers, Curtis M._Short-Form.pdf",registration_num,1.0,1.0,0.82154864,0.8360817,0.5840841533643168,0.6662532147632299
test,"20131018_Glover Park Group, LLC_Silvers, Curtis M._Short-Form.pdf",registrant_name,1.0,1.0,0.89214504,0.93269956,0.7861906276854745,0.6726963848653356
test,"20131018_Glover Park Group, LLC_Silvers, Curtis M._Short-Form.pdf",foreign_principle_name,1.0,1.0,0.27465224,0.34632984,0.17170249996196443,0.3423732129531476
test,"20131018_Glover Park Group, LLC_Silvers, Curtis M._Short-Form.pdf",file_date,1.0,1.0,0.88770497,0.92270374,0.6568488010239445,0.9206507346811462
test,"20131018_Glover Park Group, LLC_Silvers, Curtis M._Short-Form.pdf",signer_name,1.0,1.0,0.8714937,0.84253323,0.9536414887223854,0.9943393303662236
test,"20131018_Glover Park Group, LLC_Silvers, Curtis M._Short-Form.pdf",signer_title,0.0,0.0,0.0758908,0.08534255,0.08072181672397452,0.04540994393774963
test,"20110415_Podesta Group, Inc._Glassco, Timothy_Short-Form.pdf",registration_num,1.0,1.0,0.9412422,0.9764943,0.957955774414467,0.9472534198272722
test,"20110415_Podesta Group, Inc._Glassco, Timothy_Short-Form.pdf",registrant_name,1.0,1.0,0.90817654,0.91463053,0.7185982250280778,0.7322977951406574
test,"20110415_Podesta Group, Inc._Glassco, Timothy_Short-Form.pdf",foreign_principle_name,0.0,0.0,0.18497182,0.1593673,0.24520888289818643,0.4362694742588069
test,"20110415_Podesta Group, Inc._Glassco, Timothy_Short-Form.pdf",file_date,0.0,0.0,0.90983975,0.89463866,0.7954575472209767,0.9126306740270623
test,"20110415_Podesta Group, Inc._Glassco, Timothy_Short-Form.pdf",signer_name,0.0,0.0,0.45477343,0.36896834,0.05993975040873882,0.18382375736748077
test,"20110415_Podesta Group, Inc._Glassco, Timothy_Short-Form.pdf",signer_title,1.0,1.0,0.2971273,0.15206376,0.7129707802908037,0.48277998435164315
test,"20110729_MSLGROUP Americas, Inc._Woods, Laura_Short-Form.pdf",registration_num,1.0,1.0,0.93352413,0.97661716,0.9600908405395433,0.9547544189291868
test,"20110729_MSLGROUP Americas, Inc._Woods, Laura_Short-Form.pdf",registrant_name,0.0,0.0,0.7564761,0.7285782,0.7831491203550094,0.1215800238421819
test,"20110729_MSLGROUP Americas, Inc._Woods, Laura_Short-Form.pdf",foreign_principle_name,1.0,1.0,0.29985896,0.3595341,0.05596966944657194,0.4162590152991101
test,"20110729_MSLGROUP Americas, Inc._Woods, Laura_Short-Form.pdf",file_date,1.0,1.0,0.882304,0.93326885,0.6951197240598093,0.9360870686374294
test,"20110729_MSLGROUP Americas, Inc._Woods, Laura_Short-Form.pdf",signer_name,1.0,1.0,0.91198665,0.9280542,0.9738129135734608,0.9844236770754042
test,"20110729_MSLGROUP Americas, Inc._Woods, Laura_Short-Form.pdf",signer_title,1.0,1.0,0.33900326,0.18650839,0.6251602422598549,0.35014894826471965
test,"20170313_Alston _ Bird, LLP_Jones, Robert C._Short-Form.pdf",registration_num,1.0,1.0,0.9290451,0.97265816,0.9479223571700653,0.9332244511959591
test,"20170313_Alston _ Bird, LLP_Jones, Robert C._Short-Form.pdf",registrant_name,0.0,0.0,0.7496388,0.7545651,0.9111130858817875,0.5286695247013123
test,"20170313_Alston _ Bird, LLP_Jones, Robert C._Short-Form.pdf",foreign_principle_name,0.0,0.0,0.23509511,0.16863397,0.02234657946922272,0.09328412063225767
test,"20170313_Alston _ Bird, LLP_Jones, Robert C._Short-Form.pdf",file_date,1.0,1.0,0.76009,0.7876471,0.7688314879263948,0.6953278636365179
test,"20170313_Alston _ Bird, LLP_Jones, Robert C._Short-Form.pdf",signer_name,1.0,1.0,0.797165,0.7513469,0.8248165982727448,0.9821207932715826
test,"20170313_Alston _ Bird, LLP_Jones, Robert C._Short-Form.pdf",signer_title,1.0,1.0,0.36981446,0.20799275,0.8328144096374782,0.5688580144388238
test,"20090129_Alston _ Bird, LLP_Jones, Robert C._Short-Form.pdf",registration_num,1.0,1.0,0.943872,0.9915179,0.9616767448238007,0.9611424366071641
test,"20090129_Alston _ Bird, LLP_Jones, Robert C._Short-Form.pdf",registrant_name,1.0,1.0,0.8816925,0.94627124,0.823743705919048,0.7822562053663115
test,"20090129_Alston _ Bird, LLP_Jones, Robert C._Short-Form.pdf",foreign_principle_name,1.0,1.0,0.45138803,0.43772942,0.3792278766114107,0.2354986353094116
test,"20090129_Alston _ Bird, LLP_Jones, Robert C._Short-Form.pdf",file_date,0.0,0.0,0.35624155,0.24093318,0.41806807142541574,0.061077026889304956
test,"20090129_Alston _ Bird, LLP_Jones, Robert C._Short-Form.pdf",signer_name,0.0,0.0,0.8770873,0.86834276,0.7545516509688225,0.9271599201745628
test,"20090129_Alston _ Bird, LLP_Jones, Robert C._Short-Form.pdf",signer_title,1.0,1.0,0.4554112,0.24738678,0.9206620491716208,0.7163401865912706
test,"20170516_Fleishman-Hillard, Inc._Moroney, Michael_Short-Form.pdf",registration_num,1.0,1.0,0.92900497,0.97148436,0.9616767448238007,0.9581113553215114
test,"20170516_Fleishman-Hillard, Inc._Moroney, Michael_Short-Form.pdf",registrant_name,1.0,1.0,0.91342485,0.9163718,0.9081068003485229,0.843507317091221
test,"20170516_Fleishman-Hillard, Inc._Moroney, Michael_Short-Form.pdf",foreign_principle_name,1.0,1.0,0.28732792,0.34557855,0.23632260241207265,0.3826119360481519
test,"20170516_Fleishman-Hillard, Inc._Moroney, Michael_Short-Form.pdf",file_date,1.0,1.0,0.41813096,0.38015088,0.7089829921716432,0.8381590370309899
test,"20170516_Fleishman-Hillard, Inc._Moroney, Michael_Short-Form.pdf",signer_name,0.0,0.0,0.12488671,0.1049453,0.49613867274854234,0.09898960532867665
test,"20170516_Fleishman-Hillard, Inc._Moroney, Michael_Short-Form.pdf",signer_title,0.0,0.0,0.01704815,0.021233018,0.11113010391928874,0.04965322515433389
test,"20151119_Capitol Counsel, LLC_Battle, Dena_Short-Form.pdf",registration_num,1.0,1.0,0.9322711,0.9643563,0.9666840237022061,0.6768798635608182
test,"20151119_Capitol Counsel, LLC_Battle, Dena_Short-Form.pdf",registrant_name,1.0,1.0,0.8710001,0.9323042,0.862290959608357,0.6778068195700194
test,"20151119_Capitol Counsel, LLC_Battle, Dena_Short-Form.pdf",foreign_principle_name,0.0,0.0,0.5054453,0.50460577,0.20975920102652904,0.5279296031899917
test,"20151119_Capitol Counsel, LLC_Battle, Dena_Short-Form.pdf",file_date,1.0,1.0,0.89132345,0.9208495,0.6735194081640055,0.9274731405470352
test,"20151119_Capitol Counsel, LLC_Battle, Dena_Short-Form.pdf",signer_name,1.0,1.0,0.8678619,0.8680447,0.9406534691018057,0.9911056965517077
test,"20151119_Capitol Counsel, LLC_Battle, Dena_Short-Form.pdf",signer_title,0.0,0.0,0.033251185,0.039836653,0.01827796577811457,0.08317425408363649
test,"20100218_VisitDenmark_Andersen, Christina_Short-Form.pdf",registration_num,0.0,0.0,0.23698866,0.26941982,0.06519279199161343,0.21240943498783682
test,"20100218_VisitDenmark_Andersen, Christina_Short-Form.pdf",registrant_name,0.0,0.0,0.2479842,0.18529214,0.7159445581107692,0.06522192453616778
test,"20100218_VisitDenmark_Andersen, Christina_Short-Form.pdf",foreign_principle_name,1.0,1.0,0.0752693,0.06891106,0.09486738474029328,0.09424269092889305
test,"20100218_VisitDenmark_Andersen, Christina_Short-Form.pdf",file_date,0.0,0.0,0.10182463,0.07983114,0.2681817838764623,0.06902925048745787
test,"20100218_VisitDenmark_Andersen, Christina_Short-Form.pdf",signer_name,0.0,0.0,0.72215164,0.7103419,0.33408272034416675,0.526405421591363
test,"20100218_VisitDenmark_Andersen, Christina_Short-Form.pdf",signer_title,0.0,0.0,0.10304338,0.08552202,0.1193699502699108,0.16380112178448936
test,"20090414_LeClairRyan, A Professional Corporation_Williams, Krystal J._Short-Form.pdf",registration_num,0.0,0.0,0.11847453,0.09737744,0.24561157870540198,0.3014563813673797
test,"20090414_LeClairRyan, A Professional Corporation_Williams, Krystal J._Short-Form.pdf",registrant_name,1.0,1.0,0.9059631,0.90751314,0.7573647169205513,0.707938258828734
test,"20090414_LeClairRyan, A Professional Corporation_Williams, Krystal J._Short-Form.pdf",foreign_principle_name,1.0,1.0,0.43799478,0.4924141,0.26981905042487947,0.3807912914483629
test,"20090414_LeClairRyan, A Professional Corporation_Williams, Krystal J._Short-Form.pdf",file_date,0.0,0.0,0.26145664,0.15113638,0.3239848885730512,0.12821590380056497
test,"20090414_LeClairRyan, A Professional Corporation_Williams, Krystal J._Short-Form.pdf",signer_name,0.0,0.0,0.16356543,0.13971528,0.10150484194139753,0.5095766519831717
test,"20090414_LeClairRyan, A Professional Corporation_Williams, Krystal J._Short-Form.pdf",signer_title,0.0,0.0,0.1422216,0.11876297,0.5072315145350353,0.4106352688107295
test,"20121214_Ketchum Inc. NY_Conrad, Robert Keenan_Short-Form.pdf",registration_num,1.0,1.0,0.9214462,0.9583807,0.9479223571700653,0.9394668612981689
test,"20121214_Ketchum Inc. NY_Conrad, Robert Keenan_Short-Form.pdf",registrant_name,0.0,0.0,0.6336297,0.55316794,0.862290959608357,0.0883264070644866
test,"20121214_Ketchum Inc. NY_Conrad, Robert Keenan_Short-Form.pdf",foreign_principle_name,0.0,0.0,0.16552177,0.108172454,0.14384338574405747,0.058405373490925214
test,"20121214_Ketchum Inc. NY_Conrad, Robert Keenan_Short-Form.pdf",file_date,0.0,0.0,0.938334,0.9862741,0.8043096915867209,0.9371781347663206
test,"20121214_Ketchum Inc. NY_Conrad, Robert Keenan_Short-Form.pdf",signer_name,0.0,0.0,0.15934962,0.1252628,0.018644508422927742,0.0548199974965387
test,"20121214_Ketchum Inc. NY_Conrad, Robert Keenan_Short-Form.pdf",signer_title,0.0,0.0,0.10182792,0.08710717,0.019464092265564625,0.02283738085652685
test,"20100820_South African Tourism_Jacobberger, Dean_Short-Form.pdf",registration_num,1.0,1.0,0.9256854,0.969515,0.9625828059993543,0.9491827499797282
test,"20100820_South African Tourism_Jacobberger, Dean_Short-Form.pdf",registrant_name,1.0,1.0,0.85315704,0.829272,0.8406090187415932,0.935321565731643
test,"20100820_South African Tourism_Jacobberger, Dean_Short-Form.pdf",foreign_principle_name,1.0,1.0,0.27738208,0.3528533,0.17173581805892477,0.16267083417894862
test,"20100820_South African Tourism_Jacobberger, Dean_Short-Form.pdf",file_date,0.0,0.0,0.05910656,0.052253246,0.061376889406999695,0.2705257013244108
test,"20100820_South African Tourism_Jacobberger, Dean_Short-Form.pdf",signer_name,0.0,0.0,0.8707622,0.86917055,0.3221040195220969,0.4793160214326009
test,"20100820_South African Tourism_Jacobberger, Dean_Short-Form.pdf",signer_title,0.0,0.0,0.08562509,0.07546701,0.028314218614105657,0.031924103580728926
test,"20090424_Raben Group, LLC_Goulart, Kimberly_Short-Form.pdf",registration_num,0.0,0.0,0.10618512,0.10231729,0.24561157870540198,0.3014563813673797
test,"20090424_Raben Group, LLC_Goulart, Kimberly_Short-Form.pdf",registrant_name,1.0,1.0,0.87623197,0.91733277,0.8688896395883297,0.6194854688700699
test,"20090424_Raben Group, LLC_Goulart, Kimberly_Short-Form.pdf",foreign_principle_name,1.0,1.0,0.24222966,0.28148985,0.21225034043193633,0.2567672046985276
test,"20090424_Raben Group, LLC_Goulart, Kimberly_Short-Form.pdf",file_date,1.0,1.0,0.16440448,0.12175453,0.5071478865471654,0.540148689770303
test,"20090424_Raben Group, LLC_Goulart, Kimberly_Short-Form.pdf",signer_name,0.0,0.0,0.041489817,0.03974445,0.17801054147307618,0.0728946950413791
test,"20090424_Raben Group, LLC_Goulart, Kimberly_Short-Form.pdf",signer_title,0.0,0.0,0.062467627,0.05060224,0.1482604199937775,0.04859977735402623
test,"20100730_CMGRP, Inc._Hersh, Sarah Kissko_Short-Form.pdf",registration_num,1.0,1.0,0.9277148,0.970189,0.9600908405395433,0.9477952693734935
test,"20100730_CMGRP, Inc._Hersh, Sarah Kissko_Short-Form.pdf",registrant_name,1.0,1.0,0.9176795,0.9495514,0.586602043392967,0.7865785274821044
test,"20100730_CMGRP, Inc._Hersh, Sarah Kissko_Short-Form.pdf",foreign_principle_name,1.0,1.0,0.4274021,0.5543367,0.90899177794826,0.6615818677998567
test,"20100730_CMGRP, Inc._Hersh, Sarah Kissko_Short-Form.pdf",file_date,0.0,0.0,0.24824485,0.14545056,0.4236316517207963,0.17933445991005798
test,"20100730_CMGRP, Inc._Hersh, Sarah Kissko_Short-Form.pdf",signer_name,0.0,0.0,0.22260924,0.15557268,0.6893058179979195,0.33592626811964477
test,"20100730_CMGRP, Inc._Hersh, Sarah Kissko_Short-Form.pdf",signer_title,0.0,0.0,0.1957701,0.23064873,0.1759183705480013,0.13841951522632165
test,"20171017_Italian Government Travel Office, Chicago_Chillemi, Mina Amendola_Short-Form.pdf",registration_num,1.0,1.0,0.9232918,0.9709296,0.9622847518480496,0.9365719413373216
test,"20171017_Italian Government Travel Office, Chicago_Chillemi, Mina Amendola_Short-Form.pdf",registrant_name,0.0,0.0,0.39153916,0.26113254,0.8416257616093215,0.21055810712798106
test,"20171017_Italian Government Travel Office, Chicago_Chillemi, Mina Amendola_Short-Form.pdf",foreign_principle_name,0.0,0.0,0.29896858,0.34075657,0.4950214240581389,0.2802522963579923
test,"20171017_Italian Government Travel Office, Chicago_Chillemi, Mina Amendola_Short-Form.pdf",file_date,0.0,0.0,0.796919,0.75395596,0.6657304317268232,0.9057096562065713
test,"20171017_Italian Government Travel Office, Chicago_Chillemi, Mina Amendola_Short-Form.pdf",signer_name,0.0,1.0,0.8123366,0.7801705,0.9705249896544897,0.9935144467192044
test,"20171017_Italian Government Travel Office, Chicago_Chillemi, Mina Amendola_Short-Form.pdf",signer_title,1.0,1.0,0.28706896,0.14745902,0.7129707802908037,0.48277998435164315
test,"20131009_VisitBritain_Walsh, Carl_Short-Form.pdf",registration_num,1.0,1.0,0.9371275,0.9836631,0.9631871631903004,0.9524451684610411
test,"20131009_VisitBritain_Walsh, Carl_Short-Form.pdf",registrant_name,0.0,0.0,0.66593975,0.69337904,0.9360954187787602,0.7832623441953478
test,"20131009_VisitBritain_Walsh, Carl_Short-Form.pdf",foreign_principle_name,1.0,1.0,0.26137254,0.31878954,0.726369286789656,0.23607406006871917
test,"20131009_VisitBritain_Walsh, Carl_Short-Form.pdf",file_date,0.0,0.0,0.739037,0.8572461,0.7814086278312002,0.5401064184418867
test,"20131009_VisitBritain_Walsh, Carl_Short-Form.pdf",signer_name,1.0,1.0,0.83346164,0.7843352,0.9107598510085692,0.9824917530809927
test,"20131009_VisitBritain_Walsh, Carl_Short-Form.pdf",signer_title,0.0,0.0,0.015667118,0.021403173,0.1138352831924754,0.024351664990092454
test,"20180629_MMGY Global, LLC_Taylor, Victoria_Short-Form.pdf",registration_num,1.0,1.0,0.91710454,0.9542761,0.9622847518480496,0.9541056012348166
test,"20180629_MMGY Global, LLC_Taylor, Victoria_Short-Form.pdf",registrant_name,0.0,0.0,0.34421524,0.23057267,0.49334763784720537,0.08604496864460401
test,"20180629_MMGY Global, LLC_Taylor, Victoria_Short-Form.pdf",foreign_principle_name,1.0,1.0,0.22283821,0.27079925,0.15473453597613715,0.36378667716497437
test,"20180629_MMGY Global, LLC_Taylor, Victoria_Short-Form.pdf",file_date,1.0,1.0,0.90932924,0.95938796,0.5696619883038574,0.9532582444905291
test,"20180629_MMGY Global, LLC_Taylor, Victoria_Short-Form.pdf",signer_name,1.0,1.0,0.8431002,0.7445944,0.9581779312787817,0.9887095762240525
test,"20180629_MMGY Global, LLC_Taylor, Victoria_Short-Form.pdf",signer_title,1.0,1.0,0.48356467,0.3056817,0.9184906493956815,0.7144251785316367
test,"20140219_Ketchum Inc. NY_Voytek, Alexa_Short-Form.pdf",registration_num,1.0,1.0,0.92218286,0.93283004,0.9622847518480496,0.9394668612981689
test,"20140219_Ketchum Inc. NY_Voytek, Alexa_Short-Form.pdf",registrant_name,1.0,1.0,0.8546856,0.9009956,0.7142673821593641,0.6114975295680429
test,"20140219_Ketchum Inc. NY_Voytek, Alexa_Short-Form.pdf",foreign_principle_name,1.0,1.0,0.22969563,0.2563149,0.10743307570571212,0.3096371476198637
test,"20140219_Ketchum Inc. NY_Voytek, Alexa_Short-Form.pdf",file_date,0.0,0.0,0.8366648,0.82794607,0.7493057076353568,0.7574294140777317
test,"20140219_Ketchum Inc. NY_Voytek, Alexa_Short-Form.pdf",signer_name,0.0,0.0,0.8311639,0.8155314,0.7226117515539813,0.8539658174360426
test,"20140219_Ketchum Inc. NY_Voytek, Alexa_Short-Form.pdf",signer_title,1.0,1.0,0.5080558,0.3225411,0.9184906493956815,0.7144251785316367
test,"20150908_Korea Economic Institute_Ferrier, Kyle_Short-Form.pdf",registration_num,1.0,1.0,0.82742274,0.80560493,0.5840841533643168,0.6891396250153176
test,"20150908_Korea Economic Institute_Ferrier, Kyle_Short-Form.pdf",registrant_name,1.0,1.0,0.8933605,0.95823705,0.9621608687274531,0.9296377770444642
test,"20150908_Korea Economic Institute_Ferrier, Kyle_Short-Form.pdf",foreign_principle_name,1.0,1.0,0.25007084,0.24260922,0.30353094905218386,0.45117422465866275
test,"20150908_Korea Economic Institute_Ferrier, Kyle_Short-Form.pdf",file_date,0.0,0.0,0.58608246,0.6709191,0.5516074694550543,0.652305912866741
test,"20150908_Korea Economic Institute_Ferrier, Kyle_Short-Form.pdf",signer_name,0.0,0.0,0.18388383,0.1275354,0.04147832889958498,0.44782715951433005
test,"20150908_Korea Economic Institute_Ferrier, Kyle_Short-Form.pdf",signer_title,1.0,1.0,0.5934547,0.43679595,0.904921954455299,0.6830596610261267
test,"20110805_Squire Patton Boggs, LLP_Nardotti, Michael J. Jr._Short-Form.pdf",registration_num,1.0,1.0,0.9260804,0.9784713,0.9622847518480496,0.9541056012348166
test,"20110805_Squire Patton Boggs, LLP_Nardotti, Michael J. Jr._Short-Form.pdf",registrant_name,0.0,0.0,0.8152834,0.8565059,0.8434386303492974,0.13979869033582362
test,"20110805_Squire Patton Boggs, LLP_Nardotti, Michael J. Jr._Short-Form.pdf",foreign_principle_name,0.0,1.0,0.2589731,0.23616847,0.2583420148155178,0.4413592100514652
test,"20110805_Squire Patton Boggs, LLP_Nardotti, Michael J. Jr._Short-Form.pdf",file_date,1.0,1.0,0.7703708,0.7608423,0.7036548861780607,0.6444780945852472
test,"20110805_Squire Patton Boggs, LLP_Nardotti, Michael J. Jr._Short-Form.pdf",signer_name,0.0,0.0,0.9283161,0.9513313,0.9746893210956143,0.9921439216885453
test,"20110805_Squire Patton Boggs, LLP_Nardotti, Michael J. Jr._Short-Form.pdf",signer_title,0.0,0.0,0.021561006,0.02890738,0.01827796577811457,0.08317425408363649
test,"20090528_KOTRA_Kim, Joon Kyoo_Short-Form.pdf",registration_num,1.0,1.0,0.9096516,0.9566256,0.9066105783569289,0.8794052516244769
test,"20090528_KOTRA_Kim, Joon Kyoo_Short-Form.pdf",registrant_name,1.0,1.0,0.4311861,0.40465134,0.745278781368187,0.3069527735454482
test,"20090528_KOTRA_Kim, Joon Kyoo_Short-Form.pdf",foreign_principle_name,0.0,0.0,0.2358151,0.18420929,0.1425611307103306,0.08837058117846942
test,"20090528_KOTRA_Kim, Joon Kyoo_Short-Form.pdf",file_date,0.0,0.0,0.8325984,0.88790286,0.7998074201093864,0.9395712997139446
test,"20090528_KOTRA_Kim, Joon Kyoo_Short-Form.pdf",signer_name,0.0,0.0,0.8174659,0.8201501,0.7879868891789651,0.7015115569412728
test,"20090528_KOTRA_Kim, Joon Kyoo_Short-Form.pdf",signer_title,0.0,0.0,0.01963136,0.026241843,0.02335819465889482,0.025162243687344158
test,"20150119_United Lao Council for Peace, Freedom and Reconstruction (ULCPFR)_Vang, Victor_Short-Form.pdf",registration_num,1.0,1.0,0.9378354,0.9774318,0.9600908405395433,0.9541056012348166
test,"20150119_United Lao Council for Peace, Freedom and Reconstruction (ULCPFR)_Vang, Victor_Short-Form.pdf",registrant_name,0.0,0.0,0.8452774,0.87704504,0.8536448630995223,0.2187849734684679
test,"20150119_United Lao Council for Peace, Freedom and Reconstruction (ULCPFR)_Vang, Victor_Short-Form.pdf",foreign_principle_name,0.0,1.0,0.081232436,0.097363494,0.05742296216435712,0.375349446760822
test,"20150119_United Lao Council for Peace, Freedom and Reconstruction (ULCPFR)_Vang, Victor_Short-Form.pdf",file_date,1.0,1.0,0.93257105,0.9480375,0.8471052847601237,0.9520096135456405
test,"20150119_United Lao Council for Peace, Freedom and Reconstruction (ULCPFR)_Vang, Victor_Short-Form.pdf",signer_name,0.0,0.0,0.36161387,0.27278763,0.047619102440822465,0.18859265547077703
test,"20150119_United Lao Council for Peace, Freedom and Reconstruction (ULCPFR)_Vang, Victor_Short-Form.pdf",signer_title,1.0,1.0,0.47607583,0.29705328,0.9184906493956815,0.7144251785316367
test,"20080821_Ketchum Inc. NY_Levinson, Lauren Kerry Glassner_Short-Form.pdf",registration_num,1.0,1.0,0.92761594,0.978549,0.9666840237022061,0.9690384661905536
test,"20080821_Ketchum Inc. NY_Levinson, Lauren Kerry Glassner_Short-Form.pdf",registrant_name,1.0,1.0,0.8796032,0.92572576,0.7306430309534047,0.6907428022054947
test,"20080821_Ketchum Inc. NY_Levinson, Lauren Kerry Glassner_Short-Form.pdf",foreign_principle_name,0.0,0.0,0.14127645,0.15153609,0.2651087964996013,0.132335008861727
test,"20080821_Ketchum Inc. NY_Levinson, Lauren Kerry Glassner_Short-Form.pdf",file_date,0.0,0.0,0.3160549,0.24967039,0.2681213418150068,0.108521331408825
test,"20080821_Ketchum Inc. NY_Levinson, Lauren Kerry Glassner_Short-Form.pdf",signer_name,0.0,0.0,0.5205437,0.55025864,0.049010987276451715,0.4486647283808187
test,"20080821_Ketchum Inc. NY_Levinson, Lauren Kerry Glassner_Short-Form.pdf",signer_title,0.0,0.0,0.048421007,0.04454555,0.1138352831924754,0.016548727785390554
test,"20111103_Barbados Investment _ Development Corp. Barbados Tourism_Franklin, Andrea_Short-Form.pdf",registration_num,1.0,1.0,0.72768474,0.7499682,0.765122379597447,0.6899090742902622
test,"20111103_Barbados Investment _ Development Corp. Barbados Tourism_Franklin, Andrea_Short-Form.pdf",registrant_name,1.0,1.0,0.8156804,0.9120735,0.8451130732450063,0.9622732692810374
test,"20111103_Barbados Investment _ Development Corp. Barbados Tourism_Franklin, Andrea_Short-Form.pdf",foreign_principle_name,1.0,1.0,0.19271259,0.21166341,0.08485465878859833,0.17437390897817134
test,"20111103_Barbados Investment _ Development Corp. Barbados Tourism_Franklin, Andrea_Short-Form.pdf",file_date,0.0,0.0,0.28112766,0.13577655,0.39593182903335833,0.14168268501617176
test,"20111103_Barbados Investment _ Development Corp. Barbados Tourism_Franklin, Andrea_Short-Form.pdf",signer_name,1.0,1.0,0.9112605,0.8742873,0.8742447892172064,0.9750563422405638
test,"20111103_Barbados Investment _ Development Corp. Barbados Tourism_Franklin, Andrea_Short-Form.pdf",signer_title,1.0,1.0,0.43850002,0.23612921,0.9048816497476568,0.7163401865912706
test,"20180504_Mercury Public Affairs, LLC_Vitter, David_Short-Form.pdf",registration_num,1.0,1.0,0.8948122,0.9048225,0.9434140560757194,0.9407540607014993
test,"20180504_Mercury Public Affairs, LLC_Vitter, David_Short-Form.pdf",registrant_name,0.0,0.0,0.6184627,0.5314306,0.753734748658379,0.28288232907255534
test,"20180504_Mercury Public Affairs, LLC_Vitter, David_Short-Form.pdf",foreign_principle_name,0.0,0.0,0.24450663,0.2941567,0.22675593840196573,0.4400738508605767
test,"20180504_Mercury Public Affairs, LLC_Vitter, David_Short-Form.pdf",file_date,1.0,1.0,0.6101399,0.6080719,0.7662326831288931,0.6951978350448267
test,"20180504_Mercury Public Affairs, LLC_Vitter, David_Short-Form.pdf",signer_name,1.0,1.0,0.82110405,0.70595634,0.9532809093683644,0.9911056965517077
test,"20180504_Mercury Public Affairs, LLC_Vitter, David_Short-Form.pdf",signer_title,1.0,1.0,0.3828791,0.21715887,0.8328144096374782,0.5688580144388238
test,"20171031_Prime Policy Group_Colangelo, Lisa_Short-Form.pdf",registration_num,0.0,0.0,0.2169945,0.12021516,0.48773355131552054,0.1635726518722908
test,"20171031_Prime Policy Group_Colangelo, Lisa_Short-Form.pdf",registrant_name,0.0,0.0,0.45821816,0.35119492,0.5344501840035885,0.20160723367220798
test,"20171031_Prime Policy Group_Colangelo, Lisa_Short-Form.pdf",foreign_principle_name,1.0,1.0,0.19991986,0.17283699,0.1314295074627838,0.3830611173953541
test,"20171031_Prime Policy Group_Colangelo, Lisa_Short-Form.pdf",file_date,1.0,1.0,0.90550977,0.91880816,0.5734962553251041,0.9469218908716858
test,"20171031_Prime Policy Group_Colangelo, Lisa_Short-Form.pdf",signer_name,1.0,1.0,0.9190712,0.9240742,0.9684682870709639,0.9944360753305492
test,"20171031_Prime Policy Group_Colangelo, Lisa_Short-Form.pdf",signer_title,0.0,0.0,0.033181578,0.039549768,0.01827796577811457,0.08317425408363649
test,"20171017_Italian Government Tourist Board, New York_Sancilio, Giuseppina Miranda_Short-Form.pdf",registration_num,1.0,1.0,0.9261038,0.94716424,0.9604289905254833,0.9411929256129428
test,"20171017_Italian Government Tourist Board, New York_Sancilio, Giuseppina Miranda_Short-Form.pdf",registrant_name,0.0,0.0,0.5710809,0.38713425,0.8476079713426141,0.4261200775842835
test,"20171017_Italian Government Tourist Board, New York_Sancilio, Giuseppina Miranda_Short-Form.pdf",foreign_principle_name,1.0,1.0,0.15151174,0.1757698,0.20147266846510067,0.5490689142698912
test,"20171017_Italian Government Tourist Board, New York_Sancilio, Giuseppina Miranda_Short-Form.pdf",file_date,0.0,0.0,0.7399166,0.64220816,0.7635717681050145,0.9129672663699891
test,"20171017_Italian Government Tourist Board, New York_Sancilio, Giuseppina Miranda_Short-Form.pdf",signer_name,1.0,1.0,0.7914335,0.71313566,0.9715782577283144,0.9926261692710024
test,"20171017_Italian Government Tourist Board, New York_Sancilio, Giuseppina Miranda_Short-Form.pdf",signer_title,1.0,1.0,0.15237825,0.08249842,0.5988450114197365,0.38995569884103515
test,"20150225_Daniel J. Edelman, Inc._Vance, Samantha_Short-Form.pdf",registration_num,1.0,1.0,0.9054184,0.9298484,0.9531329194158397,0.9407540607014993
test,"20150225_Daniel J. Edelman, Inc._Vance, Samantha_Short-Form.pdf",registrant_name,1.0,1.0,0.91850644,0.95030916,0.8656486088494163,0.6437528563667011
test,"20150225_Daniel J. Edelman, Inc._Vance, Samantha_Short-Form.pdf",foreign_principle_name,1.0,1.0,0.395048,0.4867855,0.7914541331292342,0.7116161195504198
test,"20150225_Daniel J. Edelman, Inc._Vance, Samantha_Short-Form.pdf",file_date,0.0,0.0,0.7074912,0.7976808,0.7688314879263948,0.5705737627955261
test,"20150225_Daniel J. Edelman, Inc._Vance, Samantha_Short-Form.pdf",signer_name,1.0,1.0,0.868183,0.78041947,0.9624899834260613,0.9906929262851787
test,"20150225_Daniel J. Edelman, Inc._Vance, Samantha_Short-Form.pdf",signer_title,0.0,0.0,0.032169353,0.028908957,0.08860615383252252,0.020103336695161712
test,"20170214_Levick Strategic Communications, LP_Madden, Bryant_Short-Form.pdf",registration_num,1.0,1.0,0.9195441,0.97145617,0.9622847518480496,0.9503327717126535
test,"20170214_Levick Strategic Communications, LP_Madden, Bryant_Short-Form.pdf",registrant_name,0.0,0.0,0.4175129,0.37355852,0.7099990428249807,0.2861318003777819
test,"20170214_Levick Strategic Communications, LP_Madden, Bryant_Short-Form.pdf",foreign_principle_name,1.0,1.0,0.08701931,0.107219175,0.14963505899666354,0.4274999898508408
test,"20170214_Levick Strategic Communications, LP_Madden, Bryant_Short-Form.pdf",file_date,1.0,1.0,0.9155078,0.971547,0.4140782102220732,0.9290564854376336
test,"20170214_Levick Strategic Communications, LP_Madden, Bryant_Short-Form.pdf",signer_name,1.0,1.0,0.91022503,0.91871756,0.9626153265583323,0.9940702830825555
test,"20170214_Levick Strategic Communications, LP_Madden, Bryant_Short-Form.pdf",signer_title,1.0,1.0,0.35857427,0.2018203,0.6279884603954717,0.35014894826471965
test,"20180430_Myriad International Marketing, LLC_Petrides, Daniela_Short-Form.pdf",registration_num,1.0,1.0,0.9178904,0.9586527,0.9622847518480496,0.5247940269975272
test,"20180430_Myriad International Marketing, LLC_Petrides, Daniela_Short-Form.pdf",registrant_name,1.0,1.0,0.84888345,0.8718689,0.7819175012159929,0.791233559857172
test,"20180430_Myriad International Marketing, LLC_Petrides, Daniela_Short-Form.pdf",foreign_principle_name,1.0,1.0,0.21616364,0.22332177,0.2971412171879168,0.4245105200361789
test,"20180430_Myriad International Marketing, LLC_Petrides, Daniela_Short-Form.pdf",file_date,1.0,1.0,0.92094266,0.96546173,0.5464671204251674,0.9431440754537668
test,"20180430_Myriad International Marketing, LLC_Petrides, Daniela_Short-Form.pdf",signer_name,1.0,1.0,0.88928163,0.8906251,0.9748776730513201,0.9943662407360734
test,"20180430_Myriad International Marketing, LLC_Petrides, Daniela_Short-Form.pdf",signer_title,1.0,1.0,0.3129639,0.17169663,0.6251602422598549,0.3702211913401709
test,"20160627_Akin, Gump, Strauss, Hauer _ Feld, LLP_Rickhoff, Hans_Short-Form.pdf",registration_num,1.0,1.0,0.89987075,0.95824546,0.9479223571700653,0.9394668612981689
test,"20160627_Akin, Gump, Strauss, Hauer _ Feld, LLP_Rickhoff, Hans_Short-Form.pdf",registrant_name,1.0,1.0,0.90857285,0.9051731,0.8259908729157255,0.9453389648356197
test,"20160627_Akin, Gump, Strauss, Hauer _ Feld, LLP_Rickhoff, Hans_Short-Form.pdf",foreign_principle_name,0.0,0.0,0.10523301,0.10976404,0.10389908188570064,0.24505019033274478
test,"20160627_Akin, Gump, Strauss, Hauer _ Feld, LLP_Rickhoff, Hans_Short-Form.pdf",file_date,1.0,1.0,0.47091055,0.5578879,0.8272639422013147,0.6864145786189682
test,"20160627_Akin, Gump, Strauss, Hauer _ Feld, LLP_Rickhoff, Hans_Short-Form.pdf",signer_name,1.0,1.0,0.8972147,0.88201886,0.9626153265583323,0.9940702830825555
test,"20160627_Akin, Gump, Strauss, Hauer _ Feld, LLP_Rickhoff, Hans_Short-Form.pdf",signer_title,1.0,1.0,0.31681383,0.17265648,0.6251602422598549,0.3702211913401709
test,"20161031_MSLGROUP Americas, Inc._Ibach, Tamara_Short-Form.pdf",registration_num,1.0,1.0,0.9421984,0.98080224,0.9633970616162866,0.9944244593734867
test,"20161031_MSLGROUP Americas, Inc._Ibach, Tamara_Short-Form.pdf",registrant_name,0.0,0.0,0.38147634,0.32874542,0.47459359167052845,0.1219098539022613
test,"20161031_MSLGROUP Americas, Inc._Ibach, Tamara_Short-Form.pdf",foreign_principle_name,1.0,1.0,0.14658962,0.14784804,0.07357179207894642,0.3828719139365346
test,"20161031_MSLGROUP Americas, Inc._Ibach, Tamara_Short-Form.pdf",file_date,0.0,0.0,0.4901844,0.54794073,0.7856557092418385,0.5406989279754895
test,"20161031_MSLGROUP Americas, Inc._Ibach, Tamara_Short-Form.pdf",signer_name,1.0,1.0,0.8735334,0.7367474,0.9525369496764164,0.9846948917802655
test,"20161031_MSLGROUP Americas, Inc._Ibach, Tamara_Short-Form.pdf",signer_title,0.0,0.0,0.01166431,0.018085685,0.01827796577811457,0.08317425408363649
test,"20180307_Brownstein Hyatt Farber Schreck, LLP_Stratton, Michael_Short-Form.pdf",registration_num,1.0,1.0,0.91994125,0.9502001,0.9602621980066656,0.9383885125427411
test,"20180307_Brownstein Hyatt Farber Schreck, LLP_Stratton, Michael_Short-Form.pdf",registrant_name,0.0,0.0,0.6229486,0.4656066,0.4662878638001289,0.029702250120901393
test,"20180307_Brownstein Hyatt Farber Schreck, LLP_Stratton, Michael_Short-Form.pdf",foreign_principle_name,1.0,1.0,0.14889988,0.13248682,0.24520888289818643,0.2524090395829869
test,"20180307_Brownstein Hyatt Farber Schreck, LLP_Stratton, Michael_Short-Form.pdf",file_date,0.0,0.0,0.9061872,0.9755537,0.712478882293448,0.5358644092272034
test,"20180307_Brownstein Hyatt Farber Schreck, LLP_Stratton, Michael_Short-Form.pdf",signer_name,0.0,0.0,0.8621167,0.81855184,0.8483612932272252,0.9736231964240031
test,"20180307_Brownstein Hyatt Farber Schreck, LLP_Stratton, Michael_Short-Form.pdf",signer_title,1.0,1.0,0.26606733,0.13623925,0.7129707802908037,0.48277998435164315
test,"20120313_Podesta Group, Inc._Lawrence-Vaca, Jessica_Short-Form.pdf",registration_num,1.0,1.0,0.9387975,0.9747267,0.957955774414467,0.950004623736324
test,"20120313_Podesta Group, Inc._Lawrence-Vaca, Jessica_Short-Form.pdf",registrant_name,0.0,0.0,0.75528055,0.72944653,0.903661958416968,0.11193540785223652
test,"20120313_Podesta Group, Inc._Lawrence-Vaca, Jessica_Short-Form.pdf",foreign_principle_name,0.0,0.0,0.2844845,0.28086916,0.20984963854165786,0.3648965622544877
test,"20120313_Podesta Group, Inc._Lawrence-Vaca, Jessica_Short-Form.pdf",file_date,0.0,0.0,0.5793196,0.6921959,0.159998404370174,0.026451921080541407
test,"20120313_Podesta Group, Inc._Lawrence-Vaca, Jessica_Short-Form.pdf",signer_name,1.0,1.0,0.661311,0.7514157,0.970095043909493,0.8790972921344584
test,"20120313_Podesta Group, Inc._Lawrence-Vaca, Jessica_Short-Form.pdf",signer_title,1.0,1.0,0.39407286,0.21979263,0.8251106218596748,0.5688580144388238
test,"20170102_BGR Government Affairs, LLC_Barbour, Haley_Short-Form.pdf",registration_num,1.0,1.0,0.92845184,0.9662105,0.9622847518480496,0.9394668612981689
test,"20170102_BGR Government Affairs, LLC_Barbour, Haley_Short-Form.pdf",registrant_name,1.0,1.0,0.86755073,0.94026583,0.8118260801615201,0.6984370999699844
test,"20170102_BGR Government Affairs, LLC_Barbour, Haley_Short-Form.pdf",foreign_principle_name,1.0,1.0,0.24221309,0.2269037,0.22346626363928476,0.35288679052982896
test,"20170102_BGR Government Affairs, LLC_Barbour, Haley_Short-Form.pdf",file_date,1.0,1.0,0.7975636,0.75918835,0.5413196419722094,0.941521327306724
test,"20170102_BGR Government Affairs, LLC_Barbour, Haley_Short-Form.pdf",signer_name,1.0,1.0,0.92998743,0.9331131,0.9626153265583323,0.9940702830825555
test,"20170102_BGR Government Affairs, LLC_Barbour, Haley_Short-Form.pdf",signer_title,1.0,1.0,0.3813197,0.21577647,0.9048816497476568,0.7163401865912706
test,"20100122_Gephardt Group Government Affairs, LLC_Goode, Catherine Ann_Short-Form.pdf",registration_num,1.0,1.0,0.9292954,0.9819401,0.9629951228994087,0.9611424366071641
test,"20100122_Gephardt Group Government Affairs, LLC_Goode, Catherine Ann_Short-Form.pdf",registrant_name,1.0,1.0,0.9283468,0.96027195,0.8235011295262065,0.6575029824830032
test,"20100122_Gephardt Group Government Affairs, LLC_Goode, Catherine Ann_Short-Form.pdf",foreign_principle_name,0.0,0.0,0.43110687,0.39764002,0.20416066552348608,0.23404599550791838
test,"20100122_Gephardt Group Government Affairs, LLC_Goode, Catherine Ann_Short-Form.pdf",file_date,0.0,0.0,0.27595893,0.15626815,0.40490906863212667,0.061077026889304956
test,"20100122_Gephardt Group Government Affairs, LLC_Goode, Catherine Ann_Short-Form.pdf",signer_name,0.0,0.0,0.14820522,0.09850721,0.134325142450733,0.0479828405715835
test,"20100122_Gephardt Group Government Affairs, LLC_Goode, Catherine Ann_Short-Form.pdf",signer_title,0.0,0.0,0.20879404,0.11446259,0.4747753336108524,0.029091052057115662
test,"20090409_Daniel J. Edelman, Inc._Segall, Jules Peter_Short-Form.pdf",registration_num,1.0,1.0,0.78359634,0.87478924,0.7912931796260563,0.6826064740378266
test,"20090409_Daniel J. Edelman, Inc._Segall, Jules Peter_Short-Form.pdf",registrant_name,0.0,0.0,0.56106126,0.5552143,0.837513503320375,0.06970262558778183
test,"20090409_Daniel J. Edelman, Inc._Segall, Jules Peter_Short-Form.pdf",foreign_principle_name,1.0,1.0,0.4596719,0.54151964,0.45353816525039836,0.5341186383685144
test,"20090409_Daniel J. Edelman, Inc._Segall, Jules Peter_Short-Form.pdf",file_date,0.0,1.0,0.72062457,0.6894471,0.08914855587840344,0.5377473587945102
test,"20090409_Daniel J. Edelman, Inc._Segall, Jules Peter_Short-Form.pdf",signer_name,0.0,0.0,0.8912798,0.9193632,0.8425945379329377,0.8897839483516922
test,"20090409_Daniel J. Edelman, Inc._Segall, Jules Peter_Short-Form.pdf",signer_title,1.0,1.0,0.2712809,0.1302551,0.7129707802908037,0.48277998435164315
test,"20101206_India Tourism, New York__Short-Form.pdf",registration_num,1.0,1.0,0.7376729,0.7993652,0.5551963171269652,0.39800954621598805
test,"20101206_India Tourism, New York__Short-Form.pdf",registrant_name,0.0,0.0,0.8586857,0.87075186,0.37125630992081543,0.49017136973542996
test,"20101206_India Tourism, New York__Short-Form.pdf",foreign_principle_name,0.0,0.0,0.26490173,0.32344562,0.14029084465766903,0.07010273724007661
test,"20101206_India Tourism, New York__Short-Form.pdf",file_date,0.0,0.0,0.20924142,0.13502784,0.4236316517207963,0.13838719427661372
test,"20101206_India Tourism, New York__Short-Form.pdf",signer_name,0.0,0.0,0.08958968,0.07363548,0.37471235082889703,0.07339764751632005
test,"20101206_India Tourism, New York__Short-Form.pdf",signer_title,0.0,0.0,0.014719437,0.013690628,0.06932567348853695,0.018714303177682638
test,"20160922_Brownstein Hyatt Farber Schreck, LLP_Lampkin, Marc_Short-Form.pdf",registration_num,1.0,1.0,0.92114055,0.9565261,0.9602621980066656,0.9492913119219373
test,"20160922_Brownstein Hyatt Farber Schreck, LLP_Lampkin, Marc_Short-Form.pdf",registrant_name,0.0,0.0,0.5909853,0.535356,0.5296697726399203,0.05383374079691358
test,"20160922_Brownstein Hyatt Farber Schreck, LLP_Lampkin, Marc_Short-Form.pdf",foreign_principle_name,1.0,1.0,0.27827483,0.28790274,0.019591341980475355,0.33673404530756756
test,"20160922_Brownstein Hyatt Farber Schreck, LLP_Lampkin, Marc_Short-Form.pdf",file_date,1.0,1.0,0.73633665,0.7963058,0.7954575472209767,0.6092274522539578
test,"20160922_Brownstein Hyatt Farber Schreck, LLP_Lampkin, Marc_Short-Form.pdf",signer_name,0.0,0.0,0.6976929,0.69248486,0.03959455749495134,0.4298887731931222
test,"20160922_Brownstein Hyatt Farber Schreck, LLP_Lampkin, Marc_Short-Form.pdf",signer_title,0.0,0.0,0.059399545,0.050478004,0.15674369086252513,0.017505044623832875
test,"20080626_DLA Piper US LLP_Woolley, Jessica S._Short-Form.pdf",registration_num,1.0,1.0,0.6857004,0.57771575,0.5840841533643168,0.6011560077109861
test,"20080626_DLA Piper US LLP_Woolley, Jessica S._Short-Form.pdf",registrant_name,0.0,0.0,0.8588233,0.8566276,0.9356519971461426,0.7717000667449758
test,"20080626_DLA Piper US LLP_Woolley, Jessica S._Short-Form.pdf",foreign_principle_name,1.0,1.0,0.21474841,0.25178218,0.01677692518884397,0.29311424506825867
test,"20080626_DLA Piper US LLP_Woolley, Jessica S._Short-Form.pdf",file_date,0.0,0.0,0.15520635,0.08272366,0.4707737841343797,0.13749917835704767
test,"20080626_DLA Piper US LLP_Woolley, Jessica S._Short-Form.pdf",signer_name,0.0,0.0,0.16438487,0.1026598,0.5071664644304084,0.24950454864372223
test,"20080626_DLA Piper US LLP_Woolley, Jessica S._Short-Form.pdf",signer_title,0.0,0.0,0.38186342,0.3534531,0.7643190700612431,0.6148250092177678
test,"20100715_MSLGROUP Americas, Inc._Lauer, Matthew Jay_Short-Form.pdf",registration_num,1.0,1.0,0.93702954,0.97913915,0.957955774414467,0.846713352608496
test,"20100715_MSLGROUP Americas, Inc._Lauer, Matthew Jay_Short-Form.pdf",registrant_name,0.0,0.0,0.48699075,0.4783047,0.7309133533072278,0.5204066486816609
test,"20100715_MSLGROUP Americas, Inc._Lauer, Matthew Jay_Short-Form.pdf",foreign_principle_name,0.0,0.0,0.03169431,0.0418394,0.013560404679783405,0.06858901432729855
test,"20100715_MSLGROUP Americas, Inc._Lauer, Matthew Jay_Short-Form.pdf",file_date,1.0,1.0,0.204999,0.14431839,0.40599530388563915,0.3258073636824438
test,"20100715_MSLGROUP Americas, Inc._Lauer, Matthew Jay_Short-Form.pdf",signer_name,0.0,0.0,0.11534838,0.07163792,0.19854793592395367,0.21412496013237858
test,"20100715_MSLGROUP Americas, Inc._Lauer, Matthew Jay_Short-Form.pdf",signer_title,0.0,0.0,0.030329237,0.03576036,0.11329367952865928,0.06380984047617308
test,"20170424_Singapore Tourism Board_Yang, Yawen_Short-Form.pdf",registration_num,1.0,1.0,0.931407,0.98076093,0.9628716717265104,0.9091467627330911
test,"20170424_Singapore Tourism Board_Yang, Yawen_Short-Form.pdf",registrant_name,1.0,1.0,0.75702965,0.8319278,0.8447478099840117,0.9525510254206689
test,"20170424_Singapore Tourism Board_Yang, Yawen_Short-Form.pdf",foreign_principle_name,1.0,1.0,0.10578207,0.13854611,0.013847064338329228,0.19711905964582346
test,"20170424_Singapore Tourism Board_Yang, Yawen_Short-Form.pdf",file_date,0.0,0.0,0.48493046,0.5547641,0.8272639422013147,0.6864145786189682
test,"20170424_Singapore Tourism Board_Yang, Yawen_Short-Form.pdf",signer_name,1.0,1.0,0.85754204,0.8700894,0.7751718651982624,0.9691226648907135
test,"20170424_Singapore Tourism Board_Yang, Yawen_Short-Form.pdf",signer_title,0.0,0.0,0.15682754,0.14178397,0.06789740844995718,0.36171351066207774
test,"20111114_MSLGROUP Americas, Inc._Squitieri, Tom_Short-Form.pdf",registration_num,1.0,1.0,0.9502764,0.9844719,0.9670929278149728,0.9438891832219682
test,"20111114_MSLGROUP Americas, Inc._Squitieri, Tom_Short-Form.pdf",registrant_name,0.0,0.0,0.6819733,0.6565314,0.8667929518681486,0.34097896077856843
test,"20111114_MSLGROUP Americas, Inc._Squitieri, Tom_Short-Form.pdf",foreign_principle_name,1.0,1.0,0.30951723,0.3332906,0.2011080842101805,0.4375951882956807
test,"20111114_MSLGROUP Americas, Inc._Squitieri, Tom_Short-Form.pdf",file_date,0.0,0.0,0.8220733,0.90291244,0.7556831955747677,0.6051569181773848
test,"20111114_MSLGROUP Americas, Inc._Squitieri, Tom_Short-Form.pdf",signer_name,0.0,0.0,0.14159483,0.082102776,0.8065174131960545,0.37204384056218687
test,"20111114_MSLGROUP Americas, Inc._Squitieri, Tom_Short-Form.pdf",signer_title,0.0,0.0,0.29528204,0.3484155,0.0670877455523154,0.2654473063447205
test,"20110506_Ketchum Inc. NY_Hart, Brian Christopher_Short-Form.pdf",registration_num,1.0,1.0,0.9253596,0.9708989,0.9622847518480496,0.9394668612981689
test,"20110506_Ketchum Inc. NY_Hart, Brian Christopher_Short-Form.pdf",registrant_name,1.0,1.0,0.84571284,0.87321365,0.7218180560044881,0.6405241422271871
test,"20110506_Ketchum Inc. NY_Hart, Brian Christopher_Short-Form.pdf",foreign_principle_name,1.0,1.0,0.27876955,0.25351244,0.3131267523490277,0.18308860745953187
test,"20110506_Ketchum Inc. NY_Hart, Brian Christopher_Short-Form.pdf",file_date,0.0,0.0,0.096168116,0.068802364,0.19467089175186994,0.05150574314126401
test,"20110506_Ketchum Inc. NY_Hart, Brian Christopher_Short-Form.pdf",signer_name,0.0,0.0,0.7123221,0.60246676,0.8486098473484448,0.40439234147949626
test,"20110506_Ketchum Inc. NY_Hart, Brian Christopher_Short-Form.pdf",signer_title,0.0,0.0,0.07972195,0.080957204,0.16955302974963862,0.12400811292902483
test,"20140224_Ketchum Inc. NY_Kontesi, Amalia_Short-Form.pdf",registration_num,1.0,1.0,0.9300726,0.96860254,0.9600908405395433,0.9547544189291868
test,"20140224_Ketchum Inc. NY_Kontesi, Amalia_Short-Form.pdf",registrant_name,0.0,0.0,0.590197,0.4799127,0.6681526292670302,0.09550971165283816
test,"20140224_Ketchum Inc. NY_Kontesi, Amalia_Short-Form.pdf",foreign_principle_name,1.0,1.0,0.20391795,0.21996129,0.028243727617768777,0.35948310976972936
test,"20140224_Ketchum Inc. NY_Kontesi, Amalia_Short-Form.pdf",file_date,0.0,1.0,0.9496272,0.9866756,0.751101540603618,0.9326823420187907
test,"20140224_Ketchum Inc. NY_Kontesi, Amalia_Short-Form.pdf",signer_name,0.0,0.0,0.039209194,0.036879264,0.0709675396678356,0.07675330838628686
test,"20140224_Ketchum Inc. NY_Kontesi, Amalia_Short-Form.pdf",signer_title,0.0,0.0,0.049743112,0.039437417,0.07954113976904922,0.13746636526248607
test,"20170720_JWI, LLC_Schumacher, Lauren_Short-Form.pdf",registration_num,1.0,1.0,0.937784,0.9735966,0.9628625817068719,0.9541056012348166
test,"20170720_JWI, LLC_Schumacher, Lauren_Short-Form.pdf",registrant_name,0.0,0.0,0.52809554,0.42649165,0.9466382414808046,0.4831201179635997
test,"20170720_JWI, LLC_Schumacher, Lauren_Short-Form.pdf",foreign_principle_name,1.0,1.0,0.23488835,0.26512247,0.12980040699642037,0.26968400705667184
test,"20170720_JWI, LLC_Schumacher, Lauren_Short-Form.pdf",file_date,1.0,1.0,0.60417795,0.55134755,0.8272639422013147,0.716187365925561
test,"20170720_JWI, LLC_Schumacher, Lauren_Short-Form.pdf",signer_name,1.0,1.0,0.8104528,0.73054534,0.9719023334651076,0.9945472535434634
test,"20170720_JWI, LLC_Schumacher, Lauren_Short-Form.pdf",signer_title,1.0,1.0,0.23608932,0.12573917,0.7129707802908037,0.48277998435164315
test,"20150702_Greenberg Traurig, LLP_Yonkman, David_Short-Form.pdf",registration_num,1.0,1.0,0.9276322,0.9686888,0.9622847518480496,0.9394668612981689
test,"20150702_Greenberg Traurig, LLP_Yonkman, David_Short-Form.pdf",registrant_name,0.0,0.0,0.6581463,0.64093935,0.7171794449199558,0.11165229810843182
test,"20150702_Greenberg Traurig, LLP_Yonkman, David_Short-Form.pdf",foreign_principle_name,0.0,0.0,0.09464172,0.10711495,0.04243228573078087,0.2061036620375254
test,"20150702_Greenberg Traurig, LLP_Yonkman, David_Short-Form.pdf",file_date,0.0,0.0,0.6449436,0.67453456,0.762785489964044,0.5929442666020589
test,"20150702_Greenberg Traurig, LLP_Yonkman, David_Short-Form.pdf",signer_name,1.0,1.0,0.89297867,0.9002161,0.9609460010698518,0.9874317191477412
test,"20150702_Greenberg Traurig, LLP_Yonkman, David_Short-Form.pdf",signer_title,0.0,0.0,0.03473867,0.04211681,0.01827796577811457,0.08317425408363649
test,"20130423_JETRO, Houston_Shimada, Aki_Short-Form.pdf",registration_num,1.0,1.0,0.94124764,0.986502,0.960032572134357,0.9547544189291868
test,"20130423_JETRO, Houston_Shimada, Aki_Short-Form.pdf",registrant_name,0.0,0.0,0.6546577,0.6916064,0.8037150817266151,0.26264215441899813
test,"20130423_JETRO, Houston_Shimada, Aki_Short-Form.pdf",foreign_principle_name,1.0,1.0,0.2636488,0.3706785,0.06462978156602091,0.23797039631888803
test,"20130423_JETRO, Houston_Shimada, Aki_Short-Form.pdf",file_date,1.0,1.0,0.9435018,0.98369014,0.7918847919429518,0.9569957923882805
test,"20130423_JETRO, Houston_Shimada, Aki_Short-Form.pdf",signer_name,1.0,1.0,0.8961121,0.8811682,0.9442326242365551,0.9915542489032422
test,"20130423_JETRO, Houston_Shimada, Aki_Short-Form.pdf",signer_title,0.0,0.0,0.46512413,0.42296633,0.8239904649770776,0.672909522053015
test,"20120725_Friends of Sinn Fein, Inc._Duffy, Conor_Short-Form.pdf",registration_num,1.0,1.0,0.93242586,0.96705854,0.9600908405395433,0.9541056012348166
test,"20120725_Friends of Sinn Fein, Inc._Duffy, Conor_Short-Form.pdf",registrant_name,0.0,0.0,0.54568857,0.50033337,0.7184547690543628,0.21519054246597427
test,"20120725_Friends of Sinn Fein, Inc._Duffy, Conor_Short-Form.pdf",foreign_principle_name,1.0,1.0,0.41596556,0.38918987,0.30450000477793426,0.07810539788762248
test,"20120725_Friends of Sinn Fein, Inc._Duffy, Conor_Short-Form.pdf",file_date,1.0,1.0,0.90055627,0.9454061,0.5868489712576271,0.9212580659624277
test,"20120725_Friends of Sinn Fein, Inc._Duffy, Conor_Short-Form.pdf",signer_name,1.0,1.0,0.8287997,0.6655718,0.9406534691018057,0.9911056965517077
test,"20120725_Friends of Sinn Fein, Inc._Duffy, Conor_Short-Form.pdf",signer_title,0.0,0.0,0.10100623,0.13907221,0.16765303248139643,0.05835981623543797
test,"20130108_Invest Northern Ireland_Hendrie, Karen_Short-Form.pdf",registration_num,1.0,1.0,0.9212017,0.95967567,0.9600908405395433,0.9541056012348166
test,"20130108_Invest Northern Ireland_Hendrie, Karen_Short-Form.pdf",registrant_name,0.0,0.0,0.6147923,0.57018536,0.8550512315722547,0.4991726705240508
test,"20130108_Invest Northern Ireland_Hendrie, Karen_Short-Form.pdf",foreign_principle_name,0.0,0.0,0.26265797,0.24300727,0.13958724596982766,0.04473037230511002
test,"20130108_Invest Northern Ireland_Hendrie, Karen_Short-Form.pdf",file_date,1.0,1.0,0.57303244,0.63705933,0.8272639422013147,0.6960042871612141
test,"20130108_Invest Northern Ireland_Hendrie, Karen_Short-Form.pdf",signer_name,1.0,1.0,0.7696363,0.6598889,0.9601662032049012,0.9937545151941422
test,"20130108_Invest Northern Ireland_Hendrie, Karen_Short-Form.pdf",signer_title,0.0,0.0,0.08722827,0.07532476,0.01827796577811457,0.08317425408363649
test,"20170228_BGR Government Affairs, LLC_Vajdich, Daniel_Short-Form.pdf",registration_num,1.0,1.0,0.92714417,0.96024954,0.9670046365095685,0.9394668612981689
test,"20170228_BGR Government Affairs, LLC_Vajdich, Daniel_Short-Form.pdf",registrant_name,0.0,0.0,0.61970615,0.55617034,0.7432229977530861,0.23635771294065738
test,"20170228_BGR Government Affairs, LLC_Vajdich, Daniel_Short-Form.pdf",foreign_principle_name,1.0,1.0,0.112700656,0.11856518,0.06116641122200688,0.23847398478119577
test,"20170228_BGR Government Affairs, LLC_Vajdich, Daniel_Short-Form.pdf",file_date,1.0,1.0,0.92466486,0.97676545,0.4140782102220732,0.9290564854376336
test,"20170228_BGR Government Affairs, LLC_Vajdich, Daniel_Short-Form.pdf",signer_name,1.0,1.0,0.9026025,0.86409634,0.9618873721489393,0.9943393303662236
test,"20170228_BGR Government Affairs, LLC_Vajdich, Daniel_Short-Form.pdf",signer_title,0.0,0.0,0.07105925,0.06626998,0.01827796577811457,0.08317425408363649
test,"20100517_MSLGROUP Americas, Inc._Swift, Arthur_Short-Form.pdf",registration_num,1.0,1.0,0.91836625,0.95746386,0.9622847518480496,0.9437678857330052
test,"20100517_MSLGROUP Americas, Inc._Swift, Arthur_Short-Form.pdf",registrant_name,0.0,0.0,0.5952245,0.529748,0.5949680400336472,0.05097249870256965
test,"20100517_MSLGROUP Americas, Inc._Swift, Arthur_Short-Form.pdf",foreign_principle_name,1.0,1.0,0.3457109,0.3856767,0.15087333811284506,0.24093442652122293
test,"20100517_MSLGROUP Americas, Inc._Swift, Arthur_Short-Form.pdf",file_date,0.0,0.0,0.42846528,0.31728122,0.5193845715344783,0.07463844179304298
test,"20100517_MSLGROUP Americas, Inc._Swift, Arthur_Short-Form.pdf",signer_name,0.0,0.0,0.12157997,0.07380821,0.23432686453168508,0.048077187676176275
test,"20100517_MSLGROUP Americas, Inc._Swift, Arthur_Short-Form.pdf",signer_title,0.0,0.0,0.29421887,0.3452817,0.3401282277354003,0.14055561905249211
test,"20121119_Commonwealth of Dominica Maritime Registry, Inc._Burton, William Arthur_Short-Form.pdf",registration_num,1.0,1.0,0.93645036,0.9824482,0.9622847518480496,0.9541056012348166
test,"20121119_Commonwealth of Dominica Maritime Registry, Inc._Burton, William Arthur_Short-Form.pdf",registrant_name,0.0,0.0,0.6604519,0.5616699,0.907368938318964,0.17862712688847376
test,"20121119_Commonwealth of Dominica Maritime Registry, Inc._Burton, William Arthur_Short-Form.pdf",foreign_principle_name,1.0,1.0,0.20169619,0.22849214,0.16408155524982196,0.23409108851831353
test,"20121119_Commonwealth of Dominica Maritime Registry, Inc._Burton, William Arthur_Short-Form.pdf",file_date,0.0,0.0,0.62580454,0.74744093,0.6385998162413666,0.4588918813982032
test,"20121119_Commonwealth of Dominica Maritime Registry, Inc._Burton, William Arthur_Short-Form.pdf",signer_name,1.0,1.0,0.8757013,0.842636,0.9732373213659281,0.9905446515169988
test,"20121119_Commonwealth of Dominica Maritime Registry, Inc._Burton, William Arthur_Short-Form.pdf",signer_title,0.0,0.0,0.010241462,0.013577454,0.1138352831924754,0.024351664990092454
test,"20130513_Commonwealth of Dominica Maritime Registry, Inc._Mirahor, Ibrahim_Short-Form.pdf",registration_num,0.0,0.0,0.067595094,0.041658383,0.07182900865808602,0.0165706358471405
test,"20130513_Commonwealth of Dominica Maritime Registry, Inc._Mirahor, Ibrahim_Short-Form.pdf",registrant_name,0.0,0.0,0.7961294,0.7954998,0.7360044138925381,0.1786342419758089
test,"20130513_Commonwealth of Dominica Maritime Registry, Inc._Mirahor, Ibrahim_Short-Form.pdf",foreign_principle_name,1.0,1.0,0.18886694,0.21435118,0.5683560545267974,0.4219945836251023
test,"20130513_Commonwealth of Dominica Maritime Registry, Inc._Mirahor, Ibrahim_Short-Form.pdf",file_date,0.0,0.0,0.82851505,0.8722385,0.8552840361267263,0.6889135680838928
test,"20130513_Commonwealth of Dominica Maritime Registry, Inc._Mirahor, Ibrahim_Short-Form.pdf",signer_name,0.0,0.0,0.033720165,0.043905545,0.025408732296833717,0.1053665396457466
test,"20130513_Commonwealth of Dominica Maritime Registry, Inc._Mirahor, Ibrahim_Short-Form.pdf",signer_title,1.0,1.0,0.7814561,0.8764912,0.935550344714912,0.7072059765401775
test,"20180426_Andreae _ Associates_Kelley, Robert K_Short-Form.pdf",registration_num,1.0,1.0,0.9258523,0.9618058,0.9622847518480496,0.9541056012348166
test,"20180426_Andreae _ Associates_Kelley, Robert K_Short-Form.pdf",registrant_name,0.0,0.0,0.50026894,0.48354238,0.6361936641097324,0.1931614844848703
test,"20180426_Andreae _ Associates_Kelley, Robert K_Short-Form.pdf",foreign_principle_name,0.0,0.0,0.32071254,0.27679688,0.125046412103219,0.04193990500732762
test,"20180426_Andreae _ Associates_Kelley, Robert K_Short-Form.pdf",file_date,1.0,1.0,0.9168499,0.9720478,0.4686184805442169,0.957915256905091
test,"20180426_Andreae _ Associates_Kelley, Robert K_Short-Form.pdf",signer_name,1.0,1.0,0.77871835,0.7690816,0.9698588058977667,0.986883366971119
test,"20180426_Andreae _ Associates_Kelley, Robert K_Short-Form.pdf",signer_title,1.0,1.0,0.2959219,0.16060339,0.7129707802908037,0.4585472091502042
test,"20090623_Fleishman-Hillard, Inc._Dinagan, John_Short-Form.pdf",registration_num,1.0,1.0,0.7589822,0.8453374,0.7912931796260563,0.6972160547520934
test,"20090623_Fleishman-Hillard, Inc._Dinagan, John_Short-Form.pdf",registrant_name,1.0,1.0,0.8071451,0.8060297,0.8821192292344271,0.7745800957187727
test,"20090623_Fleishman-Hillard, Inc._Dinagan, John_Short-Form.pdf",foreign_principle_name,0.0,0.0,0.40392646,0.49320412,0.450993642894724,0.594949395526751
test,"20090623_Fleishman-Hillard, Inc._Dinagan, John_Short-Form.pdf",file_date,0.0,0.0,0.3225078,0.16134712,0.8272639422013147,0.6110793697837773
test,"20090623_Fleishman-Hillard, Inc._Dinagan, John_Short-Form.pdf",signer_name,0.0,0.0,0.15249182,0.12017654,0.29262227525539847,0.10709866271937685
test,"20090623_Fleishman-Hillard, Inc._Dinagan, John_Short-Form.pdf",signer_title,0.0,0.0,0.116698526,0.14322035,0.1255055570067921,0.04647253396345378
test,"20171103_Hogan Lovells US LLP_Coleman Jr, Norman B._Short-Form.pdf",registration_num,1.0,1.0,0.93758076,0.9874899,0.9633970616162866,0.9547544189291868
test,"20171103_Hogan Lovells US LLP_Coleman Jr, Norman B._Short-Form.pdf",registrant_name,0.0,0.0,0.7809925,0.72207177,0.9282556584920716,0.4100835910304552
test,"20171103_Hogan Lovells US LLP_Coleman Jr, Norman B._Short-Form.pdf",foreign_principle_name,1.0,1.0,0.17539626,0.20773296,0.014367367300418236,0.28388209339112813
test,"20171103_Hogan Lovells US LLP_Coleman Jr, Norman B._Short-Form.pdf",file_date,0.0,0.0,0.8318826,0.8983658,0.7382541804681007,0.7142295207181463
test,"20171103_Hogan Lovells US LLP_Coleman Jr, Norman B._Short-Form.pdf",signer_name,0.0,0.0,0.1268742,0.07860166,0.4026392350442608,0.12052152590392025
test,"20171103_Hogan Lovells US LLP_Coleman Jr, Norman B._Short-Form.pdf",signer_title,0.0,0.0,0.026734889,0.029308204,0.1138352831924754,0.04387946131275768
test,"20180427_Daniel J. Edelman, Inc._Kirschenbaum, Elizabeth Kubo_Short-Form.pdf",registration_num,1.0,1.0,0.8701925,0.8779604,0.9099815198021014,0.8361026274050176
test,"20180427_Daniel J. Edelman, Inc._Kirschenbaum, Elizabeth Kubo_Short-Form.pdf",registrant_name,1.0,1.0,0.89036494,0.9207778,0.8475190523898263,0.6636864477470071
test,"20180427_Daniel J. Edelman, Inc._Kirschenbaum, Elizabeth Kubo_Short-Form.pdf",foreign_principle_name,1.0,1.0,0.45523232,0.49076343,0.8343742147565681,0.9009084381491373
test,"20180427_Daniel J. Edelman, Inc._Kirschenbaum, Elizabeth Kubo_Short-Form.pdf",file_date,1.0,1.0,0.91628027,0.9715077,0.5464671204251674,0.9431440754537668
test,"20180427_Daniel J. Edelman, Inc._Kirschenbaum, Elizabeth Kubo_Short-Form.pdf",signer_name,1.0,1.0,0.88080615,0.8688833,0.9715782577283144,0.9931668810576628
test,"20180427_Daniel J. Edelman, Inc._Kirschenbaum, Elizabeth Kubo_Short-Form.pdf",signer_title,0.0,0.0,0.025706315,0.033389833,0.01827796577811457,0.08317425408363649
test,"20180321_Yorktown Solutions, LLC_Yajdich, Daniel_Short-Form.pdf",registration_num,1.0,1.0,0.9144417,0.9547941,0.9670046365095685,0.9394668612981689
test,"20180321_Yorktown Solutions, LLC_Yajdich, Daniel_Short-Form.pdf",registrant_name,1.0,1.0,0.75833166,0.877694,0.8155830551423213,0.8050017930357553
test,"20180321_Yorktown Solutions, LLC_Yajdich, Daniel_Short-Form.pdf",foreign_principle_name,1.0,1.0,0.3817513,0.43815446,0.716501024646019,0.6666008143318949
test,"20180321_Yorktown Solutions, LLC_Yajdich, Daniel_Short-Form.pdf",file_date,1.0,1.0,0.56836164,0.45635304,0.8495019191682222,0.5673330817230893
test,"20180321_Yorktown Solutions, LLC_Yajdich, Daniel_Short-Form.pdf",signer_name,0.0,0.0,0.1383532,0.108150795,0.16903676242789256,0.16850603393484845
test,"20180321_Yorktown Solutions, LLC_Yajdich, Daniel_Short-Form.pdf",signer_title,1.0,1.0,0.66742957,0.6996257,0.9048816497476568,0.7163401865912706
test,"20130513_Commonwealth of Dominica Maritime Registry, Inc._Ottaviano, Pasquale Diego_Short-Form.pdf",registration_num,0.0,0.0,0.02951343,0.031761188,0.006953370971711849,0.013247151399987882
test,"20130513_Commonwealth of Dominica Maritime Registry, Inc._Ottaviano, Pasquale Diego_Short-Form.pdf",registrant_name,0.0,0.0,0.5851954,0.4369952,0.8500167303558384,0.13671077449938235
test,"20130513_Commonwealth of Dominica Maritime Registry, Inc._Ottaviano, Pasquale Diego_Short-Form.pdf",foreign_principle_name,1.0,1.0,0.20252737,0.22914281,0.4701986808330217,0.4061033746713615
test,"20130513_Commonwealth of Dominica Maritime Registry, Inc._Ottaviano, Pasquale Diego_Short-Form.pdf",file_date,0.0,0.0,0.7245321,0.8225085,0.7814086278312002,0.49189258426822685
test,"20130513_Commonwealth of Dominica Maritime Registry, Inc._Ottaviano, Pasquale Diego_Short-Form.pdf",signer_name,0.0,0.0,0.6998233,0.5600158,0.4421084745187349,0.9573556403083737
test,"20130513_Commonwealth of Dominica Maritime Registry, Inc._Ottaviano, Pasquale Diego_Short-Form.pdf",signer_title,0.0,0.0,0.010515446,0.016157553,0.09148718796815787,0.02036700187033471
test,"20110128_Podesta Group, Inc._Clark, Christine_Short-Form.pdf",registration_num,1.0,1.0,0.9383071,0.9792598,0.9612293369252185,0.9399931756040509
test,"20110128_Podesta Group, Inc._Clark, Christine_Short-Form.pdf",registrant_name,1.0,1.0,0.93670654,0.9623486,0.8287956610397307,0.7468686156485048
test,"20110128_Podesta Group, Inc._Clark, Christine_Short-Form.pdf",foreign_principle_name,0.0,0.0,0.5257014,0.59439343,0.10230990316847234,0.29902106239895115
test,"20110128_Podesta Group, Inc._Clark, Christine_Short-Form.pdf",file_date,0.0,0.0,0.49150366,0.5713736,0.5058084085736309,0.1355638001526072
test,"20110128_Podesta Group, Inc._Clark, Christine_Short-Form.pdf",signer_name,0.0,0.0,0.858132,0.7905445,0.5914929369777386,0.8520792591203982
test,"20110128_Podesta Group, Inc._Clark, Christine_Short-Form.pdf",signer_title,0.0,0.0,0.620914,0.60768855,0.3473133359183902,0.47317762389918544
test,"20160722_Mercury Public Affairs, LLC_Braden, Mark_Short-Form.pdf",registration_num,1.0,1.0,0.92990255,0.96673995,0.9622847518480496,0.9503327717126535
test,"20160722_Mercury Public Affairs, LLC_Braden, Mark_Short-Form.pdf",registrant_name,1.0,1.0,0.5944605,0.6449502,0.21013571512006876,0.6177221474508259
test,"20160722_Mercury Public Affairs, LLC_Braden, Mark_Short-Form.pdf",foreign_principle_name,0.0,0.0,0.12510844,0.14869273,0.06981605973861882,0.43276917693238065
test,"20160722_Mercury Public Affairs, LLC_Braden, Mark_Short-Form.pdf",file_date,1.0,1.0,0.7591318,0.8039743,0.7814086278312002,0.8028151320766213
test,"20160722_Mercury Public Affairs, LLC_Braden, Mark_Short-Form.pdf",signer_name,1.0,1.0,0.9067384,0.887071,0.7160522189619137,0.9617261182073475
test,"20160722_Mercury Public Affairs, LLC_Braden, Mark_Short-Form.pdf",signer_title,0.0,0.0,0.073213,0.08193119,0.08121624094509444,0.043610778488476915
test,"20170203_Gephardt Group Government Affairs, LLC_O_Connell, Janice M._Short-Form.pdf",registration_num,1.0,1.0,0.92172843,0.94548094,0.9622847518480496,0.9451454691999689
test,"20170203_Gephardt Group Government Affairs, LLC_O_Connell, Janice M._Short-Form.pdf",registrant_name,0.0,0.0,0.5223761,0.39068204,0.7514651683022818,0.33200430150580396
test,"20170203_Gephardt Group Government Affairs, LLC_O_Connell, Janice M._Short-Form.pdf",foreign_principle_name,1.0,1.0,0.22013788,0.26033777,0.04965197526345586,0.30142810576937773
test,"20170203_Gephardt Group Government Affairs, LLC_O_Connell, Janice M._Short-Form.pdf",file_date,1.0,1.0,0.9242956,0.9653529,0.4140782102220732,0.9290564854376336
test,"20170203_Gephardt Group Government Affairs, LLC_O_Connell, Janice M._Short-Form.pdf",signer_name,1.0,1.0,0.784792,0.6767663,0.9595359055091196,0.9941322829089408
test,"20170203_Gephardt Group Government Affairs, LLC_O_Connell, Janice M._Short-Form.pdf",signer_title,1.0,1.0,0.54965615,0.37474826,0.9161953353825549,0.7049520104791043
test,"20180626_Felipe Carlos Benitez Rojas_Fitzgibbon, Blair_Short-Form.pdf",registration_num,1.0,1.0,0.93529034,0.9738425,0.9669453340980543,0.7770183939567549
test,"20180626_Felipe Carlos Benitez Rojas_Fitzgibbon, Blair_Short-Form.pdf",registrant_name,1.0,1.0,0.9325329,0.962829,0.9380729157828098,0.9042503992971352
test,"20180626_Felipe Carlos Benitez Rojas_Fitzgibbon, Blair_Short-Form.pdf",foreign_principle_name,1.0,1.0,0.20660198,0.18458988,0.013760966861769358,0.387535385800612
test,"20180626_Felipe Carlos Benitez Rojas_Fitzgibbon, Blair_Short-Form.pdf",file_date,0.0,0.0,0.60821927,0.64771956,0.6958725012036899,0.5917022411215617
test,"20180626_Felipe Carlos Benitez Rojas_Fitzgibbon, Blair_Short-Form.pdf",signer_name,0.0,0.0,0.5462905,0.4757,0.46544392872018747,0.5986388742800295
test,"20180626_Felipe Carlos Benitez Rojas_Fitzgibbon, Blair_Short-Form.pdf",signer_title,1.0,1.0,0.56598455,0.399024,0.9239581566390989,0.7222921267902268
test,"20090624_MSLGROUP Americas, Inc._Pietras, Seth Thomas_Short-Form.pdf",registration_num,0.0,0.0,0.9371918,0.98420346,0.6951786819814825,0.882590113792012
test,"20090624_MSLGROUP Americas, Inc._Pietras, Seth Thomas_Short-Form.pdf",registrant_name,1.0,1.0,0.88588697,0.9115712,0.8779095742982798,0.7343445349479741
test,"20090624_MSLGROUP Americas, Inc._Pietras, Seth Thomas_Short-Form.pdf",foreign_principle_name,1.0,1.0,0.049554557,0.04841005,0.03694264809191703,0.2133229292283918
test,"20090624_MSLGROUP Americas, Inc._Pietras, Seth Thomas_Short-Form.pdf",file_date,1.0,1.0,0.8372609,0.8181957,0.2366176303596707,0.8832468476411721
test,"20090624_MSLGROUP Americas, Inc._Pietras, Seth Thomas_Short-Form.pdf",signer_name,0.0,0.0,0.18938507,0.18873504,0.3936179998976294,0.10869484556193867
test,"20090624_MSLGROUP Americas, Inc._Pietras, Seth Thomas_Short-Form.pdf",signer_title,0.0,0.0,0.10284463,0.10491012,0.1630215405767204,0.05777267925145339
test,"20150916_Friends of Sinn Fein, Inc._Duffy, Emmet_Short-Form.pdf",registration_num,1.0,1.0,0.92747575,0.9547676,0.9639476226847532,0.9624090058836994
test,"20150916_Friends of Sinn Fein, Inc._Duffy, Emmet_Short-Form.pdf",registrant_name,0.0,0.0,0.49807423,0.3975548,0.7746298397382172,0.11009011755185721
test,"20150916_Friends of Sinn Fein, Inc._Duffy, Emmet_Short-Form.pdf",foreign_principle_name,1.0,1.0,0.28089276,0.21913794,0.2787067973195015,0.09036413212991176
test,"20150916_Friends of Sinn Fein, Inc._Duffy, Emmet_Short-Form.pdf",file_date,0.0,0.0,0.23628417,0.16380337,0.6434971698981949,0.8165747154606938
test,"20150916_Friends of Sinn Fein, Inc._Duffy, Emmet_Short-Form.pdf",signer_name,0.0,0.0,0.18795621,0.08539118,0.6322168169402834,0.28199306452750655
test,"20150916_Friends of Sinn Fein, Inc._Duffy, Emmet_Short-Form.pdf",signer_title,0.0,0.0,0.8888909,0.9609947,0.8544965603181206,0.9485768746167689
test,"20180514_Reputation Partners, LLC_Griffith, Brendan_Short-Form.pdf",registration_num,1.0,1.0,0.9174325,0.9439573,0.9622847518480496,0.3606121625772776
test,"20180514_Reputation Partners, LLC_Griffith, Brendan_Short-Form.pdf",registrant_name,0.0,0.0,0.8335463,0.84404916,0.8289966172682266,0.10228328028374499
test,"20180514_Reputation Partners, LLC_Griffith, Brendan_Short-Form.pdf",foreign_principle_name,0.0,0.0,0.107264556,0.062443715,0.1285329603442916,0.03288979848930656
test,"20180514_Reputation Partners, LLC_Griffith, Brendan_Short-Form.pdf",file_date,1.0,1.0,0.9262325,0.9536703,0.5624496280233838,0.9476867512836045
test,"20180514_Reputation Partners, LLC_Griffith, Brendan_Short-Form.pdf",signer_name,1.0,1.0,0.9342364,0.93044055,0.9606222998737809,0.9898574142679839
test,"20180514_Reputation Partners, LLC_Griffith, Brendan_Short-Form.pdf",signer_title,1.0,1.0,0.3511765,0.19667897,0.6279884603954717,0.35014894826471965
test,"20150119_Rogich Communications Group_Rogich, Sigmund_Short-Form.pdf",registration_num,0.0,0.0,0.023600837,0.024016801,0.17014681955690503,0.03002046544849957
test,"20150119_Rogich Communications Group_Rogich, Sigmund_Short-Form.pdf",registrant_name,1.0,1.0,0.9158144,0.93847764,0.7141377410885896,0.741714792744169
test,"20150119_Rogich Communications Group_Rogich, Sigmund_Short-Form.pdf",foreign_principle_name,1.0,1.0,0.3313165,0.3849535,0.28278761000785646,0.5037465226073492
test,"20150119_Rogich Communications Group_Rogich, Sigmund_Short-Form.pdf",file_date,0.0,1.0,0.28622133,0.19857708,0.7296858527114337,0.4673860456644344
test,"20150119_Rogich Communications Group_Rogich, Sigmund_Short-Form.pdf",signer_name,0.0,0.0,0.36193106,0.42491943,0.043470282730569215,0.0337769080183177
test,"20150119_Rogich Communications Group_Rogich, Sigmund_Short-Form.pdf",signer_title,0.0,0.0,0.09933109,0.07374348,0.08655927149758175,0.02252973563514875
test,"20140924_Kemp Goldberg Partners, LLC_Philbrook, Christopher_Short-Form.pdf",registration_num,0.0,0.0,0.19983551,0.108135745,0.33344687764503084,0.13953983266832354
test,"20140924_Kemp Goldberg Partners, LLC_Philbrook, Christopher_Short-Form.pdf",registrant_name,1.0,1.0,0.91399705,0.9495392,0.9032320349679204,0.8175870598914864
test,"20140924_Kemp Goldberg Partners, LLC_Philbrook, Christopher_Short-Form.pdf",foreign_principle_name,1.0,1.0,0.10735662,0.11861978,0.03970045200744045,0.23375297336932713
test,"20140924_Kemp Goldberg Partners, LLC_Philbrook, Christopher_Short-Form.pdf",file_date,0.0,0.0,0.7352873,0.78851336,0.7505926868706615,0.6299825003002288
test,"20140924_Kemp Goldberg Partners, LLC_Philbrook, Christopher_Short-Form.pdf",signer_name,0.0,0.0,0.2524748,0.1560701,0.5436868826720592,0.18491852269376366
test,"20140924_Kemp Goldberg Partners, LLC_Philbrook, Christopher_Short-Form.pdf",signer_title,0.0,0.0,0.023031492,0.028155934,0.127886703944784,0.04303485806016909
test,"20150831_Ketchum Inc. NY_Brandon, Emily Keiko_Short-Form.pdf",registration_num,0.0,0.0,0.07770387,0.047199894,0.0556400606538251,0.022217196702460487
test,"20150831_Ketchum Inc. NY_Brandon, Emily Keiko_Short-Form.pdf",registrant_name,1.0,1.0,0.92734563,0.96784526,0.8772381031376927,0.7580196493539064
test,"20150831_Ketchum Inc. NY_Brandon, Emily Keiko_Short-Form.pdf",foreign_principle_name,1.0,1.0,0.35715908,0.3564448,0.12350392791296563,0.2684584162617086
test,"20150831_Ketchum Inc. NY_Brandon, Emily Keiko_Short-Form.pdf",file_date,0.0,0.0,0.45766932,0.48168707,0.5725685198900087,0.6196531155526599
test,"20150831_Ketchum Inc. NY_Brandon, Emily Keiko_Short-Form.pdf",signer_name,0.0,0.0,0.81562644,0.63090074,0.16253021435833087,0.7559361158833539
test,"20150831_Ketchum Inc. NY_Brandon, Emily Keiko_Short-Form.pdf",signer_title,1.0,1.0,0.56450474,0.5212743,0.7129707802908037,0.48277998435164315
test,"20101208_Squire Patton Boggs, LLP_Oresman, Matthew S._Short-Form.pdf",registration_num,1.0,1.0,0.88502103,0.952983,0.9434140560757194,0.9449689838941943
test,"20101208_Squire Patton Boggs, LLP_Oresman, Matthew S._Short-Form.pdf",registrant_name,1.0,1.0,0.8059217,0.807474,0.6660576348869937,0.6707135323187287
test,"20101208_Squire Patton Boggs, LLP_Oresman, Matthew S._Short-Form.pdf",foreign_principle_name,0.0,0.0,0.19670056,0.19595356,0.04272930636056127,0.38600057852655023
test,"20101208_Squire Patton Boggs, LLP_Oresman, Matthew S._Short-Form.pdf",file_date,0.0,0.0,0.22349632,0.12969546,0.40342595152905136,0.07765487198100807
test,"20101208_Squire Patton Boggs, LLP_Oresman, Matthew S._Short-Form.pdf",signer_name,0.0,0.0,0.24767828,0.11794887,0.03941476672813764,0.19852671107555392
test,"20101208_Squire Patton Boggs, LLP_Oresman, Matthew S._Short-Form.pdf",signer_title,1.0,1.0,0.34005576,0.16827402,0.6251602422598549,0.35014894826471965
test,"20150331_DLA Piper US LLP_Boyd, Thomas_Short-Form.pdf",registration_num,1.0,1.0,0.83654004,0.8616581,0.601346599870765,0.6382897545392513
test,"20150331_DLA Piper US LLP_Boyd, Thomas_Short-Form.pdf",registrant_name,0.0,0.0,0.81731874,0.81130725,0.7650683606823031,0.4021139587007447
test,"20150331_DLA Piper US LLP_Boyd, Thomas_Short-Form.pdf",foreign_principle_name,1.0,1.0,0.33072868,0.39679995,0.8585458649059234,0.708355134809007
test,"20150331_DLA Piper US LLP_Boyd, Thomas_Short-Form.pdf",file_date,1.0,1.0,0.5245962,0.5971536,0.7856557092418385,0.6374261926994729
test,"20150331_DLA Piper US LLP_Boyd, Thomas_Short-Form.pdf",signer_name,1.0,1.0,0.8942566,0.8516134,0.911791230406223,0.9763026012405059
test,"20150331_DLA Piper US LLP_Boyd, Thomas_Short-Form.pdf",signer_title,1.0,1.0,0.389277,0.21514726,0.6264349010125185,0.35014894826471965
test,"20161031_MSLGROUP Americas, Inc._Kukowski, Kirsten_Short-Form.pdf",registration_num,1.0,1.0,0.9293081,0.97130316,0.9622847518480496,0.9541056012348166
test,"20161031_MSLGROUP Americas, Inc._Kukowski, Kirsten_Short-Form.pdf",registrant_name,0.0,0.0,0.7157297,0.6850327,0.7827286948492923,0.1018440807504876
test,"20161031_MSLGROUP Americas, Inc._Kukowski, Kirsten_Short-Form.pdf",foreign_principle_name,1.0,1.0,0.32018948,0.36445308,0.15989240145791572,0.38148053292538386
test,"20161031_MSLGROUP Americas, Inc._Kukowski, Kirsten_Short-Form.pdf",file_date,1.0,1.0,0.93872213,0.9834684,0.774344777097815,0.9684613228942784
test,"20161031_MSLGROUP Americas, Inc._Kukowski, Kirsten_Short-Form.pdf",signer_name,1.0,1.0,0.90136147,0.9170558,0.8867876604983551,0.9647313611799215
test,"20161031_MSLGROUP Americas, Inc._Kukowski, Kirsten_Short-Form.pdf",signer_title,1.0,1.0,0.5983067,0.58556265,0.7129707802908037,0.4585472091502042
test,"20180601_Blueprint Advisors LLC_Carbonetti, Anthony_Short-Form.pdf",registration_num,1.0,1.0,0.90997905,0.9380277,0.9654570975234427,0.8234414337022292
test,"20180601_Blueprint Advisors LLC_Carbonetti, Anthony_Short-Form.pdf",registrant_name,0.0,0.0,0.5826461,0.6224248,0.9552601492774775,0.21637695206964921
test,"20180601_Blueprint Advisors LLC_Carbonetti, Anthony_Short-Form.pdf",foreign_principle_name,0.0,0.0,0.11103185,0.1000561,0.12900569495390826,0.030773646426200226
test,"20180601_Blueprint Advisors LLC_Carbonetti, Anthony_Short-Form.pdf",file_date,1.0,1.0,0.76807714,0.81405705,0.7814086278312002,0.7574294140777317
test,"20180601_Blueprint Advisors LLC_Carbonetti, Anthony_Short-Form.pdf",signer_name,0.0,0.0,0.033717323,0.030636895,0.11025552574930646,0.038520278703011696
test,"20180601_Blueprint Advisors LLC_Carbonetti, Anthony_Short-Form.pdf",signer_title,0.0,0.0,0.35363245,0.46402088,0.3541284730409663,0.15323484768618698
test,"20151113_Greenberg Traurig, LLP_Bacchus, James_Short-Form.pdf",registration_num,1.0,1.0,0.9268131,0.96774656,0.9670046365095685,0.9394668612981689
test,"20151113_Greenberg Traurig, LLP_Bacchus, James_Short-Form.pdf",registrant_name,0.0,0.0,0.6165764,0.5820971,0.8117717203881201,0.26264215441899813
test,"20151113_Greenberg Traurig, LLP_Bacchus, James_Short-Form.pdf",foreign_principle_name,1.0,1.0,0.13599652,0.15952343,0.014326863414824425,0.13922143029864498
test,"20151113_Greenberg Traurig, LLP_Bacchus, James_Short-Form.pdf",file_date,1.0,1.0,0.90380335,0.9077484,0.4140782102220732,0.9290564854376336
test,"20151113_Greenberg Traurig, LLP_Bacchus, James_Short-Form.pdf",signer_name,1.0,1.0,0.8485819,0.7701651,0.9626153265583323,0.9940702830825555
test,"20151113_Greenberg Traurig, LLP_Bacchus, James_Short-Form.pdf",signer_title,0.0,0.0,0.04290623,0.047185577,0.01827796577811457,0.08317425408363649
test,"20160731_Burson-Marsteller, LLC (Washington, DC)_Jarnagan, Stephanie_Short-Form.pdf",registration_num,0.0,0.0,0.15464772,0.06996454,0.48773355131552054,0.15052328226189265
test,"20160731_Burson-Marsteller, LLC (Washington, DC)_Jarnagan, Stephanie_Short-Form.pdf",registrant_name,1.0,1.0,0.9029894,0.9629218,0.9340152261778172,0.9444444211255401
test,"20160731_Burson-Marsteller, LLC (Washington, DC)_Jarnagan, Stephanie_Short-Form.pdf",foreign_principle_name,1.0,1.0,0.3335861,0.40761533,0.047051891267853564,0.32404812727948806
test,"20160731_Burson-Marsteller, LLC (Washington, DC)_Jarnagan, Stephanie_Short-Form.pdf",file_date,0.0,0.0,0.5898964,0.6236008,0.702795479942919,0.6220516634787657
test,"20160731_Burson-Marsteller, LLC (Washington, DC)_Jarnagan, Stephanie_Short-Form.pdf",signer_name,0.0,0.0,0.16112974,0.0785558,0.04147832889958498,0.4036731268177831
test,"20160731_Burson-Marsteller, LLC (Washington, DC)_Jarnagan, Stephanie_Short-Form.pdf",signer_title,0.0,0.0,0.17893542,0.14569095,0.2597845000450325,0.09435840997724401
test,"20180425_Policy Impact Strategic Communications, Inc._Schrade, Jeff_Short-Form.pdf",registration_num,1.0,1.0,0.9363987,0.963977,0.9600908405395433,0.8036838552032196
test,"20180425_Policy Impact Strategic Communications, Inc._Schrade, Jeff_Short-Form.pdf",registrant_name,0.0,0.0,0.83670986,0.8911589,0.8794393141905167,0.29075665461473144
test,"20180425_Policy Impact Strategic Communications, Inc._Schrade, Jeff_Short-Form.pdf",foreign_principle_name,1.0,1.0,0.22207007,0.23879933,0.13959519913521226,0.3597450079766916
test,"20180425_Policy Impact Strategic Communications, Inc._Schrade, Jeff_Short-Form.pdf",file_date,1.0,1.0,0.9155308,0.9560005,0.5805414959347764,0.9431440754537668
test,"20180425_Policy Impact Strategic Communications, Inc._Schrade, Jeff_Short-Form.pdf",signer_name,1.0,1.0,0.8854284,0.84643507,0.8352377858533573,0.9822707613065266
test,"20180425_Policy Impact Strategic Communications, Inc._Schrade, Jeff_Short-Form.pdf",signer_title,0.0,0.0,0.14522775,0.12614593,0.03929459734133557,0.27793119964466184
test,"20111114_MSLGROUP Americas, Inc._Flint, Erica_Short-Form.pdf",registration_num,1.0,1.0,0.9383782,0.98350143,0.9633970616162866,0.9547544189291868
test,"20111114_MSLGROUP Americas, Inc._Flint, Erica_Short-Form.pdf",registrant_name,0.0,0.0,0.7204811,0.733003,0.8418482043551458,0.19567179968596274
test,"20111114_MSLGROUP Americas, Inc._Flint, Erica_Short-Form.pdf",foreign_principle_name,1.0,1.0,0.108316205,0.10307189,0.05942704112438627,0.04290596973541245
test,"20111114_MSLGROUP Americas, Inc._Flint, Erica_Short-Form.pdf",file_date,0.0,0.0,0.41063857,0.3625961,0.3145324411857789,0.4345501816883619
test,"20111114_MSLGROUP Americas, Inc._Flint, Erica_Short-Form.pdf",signer_name,0.0,0.0,0.12745942,0.07716613,0.3231705072937329,0.10234444664204796
test,"20111114_MSLGROUP Americas, Inc._Flint, Erica_Short-Form.pdf",signer_title,0.0,0.0,0.19359954,0.23694305,0.4216819673084306,0.08538033323012716
test,"20171103_FTI Consulting (SC), Inc._Broder, Adam_Short-Form.pdf",registration_num,1.0,1.0,0.88109875,0.93053186,0.9622847518480496,0.7843569928626186
test,"20171103_FTI Consulting (SC), Inc._Broder, Adam_Short-Form.pdf",registrant_name,1.0,1.0,0.9284426,0.970024,0.8656486088494163,0.6246821861536412
test,"20171103_FTI Consulting (SC), Inc._Broder, Adam_Short-Form.pdf",foreign_principle_name,1.0,1.0,0.29015025,0.32606462,0.43727520826180893,0.4297968602864239
test,"20171103_FTI Consulting (SC), Inc._Broder, Adam_Short-Form.pdf",file_date,0.0,0.0,0.49830613,0.5461607,0.6977284218368085,0.510848737583544
test,"20171103_FTI Consulting (SC), Inc._Broder, Adam_Short-Form.pdf",signer_name,1.0,1.0,0.9102125,0.92312926,0.9406534691018057,0.9911056965517077
test,"20171103_FTI Consulting (SC), Inc._Broder, Adam_Short-Form.pdf",signer_title,0.0,0.0,0.45666188,0.53549767,0.7509140874097553,0.3630858486139402
test,"20100723_Japan National Tourism Organization_Yamashita, Taeko_Short-Form.pdf",registration_num,1.0,1.0,0.37394828,0.28765503,0.5388431675987515,0.39800954621598805
test,"20100723_Japan National Tourism Organization_Yamashita, Taeko_Short-Form.pdf",registrant_name,0.0,0.0,0.5843103,0.5836845,0.8381268256336792,0.3194882595844307
test,"20100723_Japan National Tourism Organization_Yamashita, Taeko_Short-Form.pdf",foreign_principle_name,1.0,1.0,0.39624953,0.50060976,0.43378665009971956,0.1294026596838319
test,"20100723_Japan National Tourism Organization_Yamashita, Taeko_Short-Form.pdf",file_date,0.0,0.0,0.11021718,0.19503112,0.18217335215923358,0.15977900593710648
test,"20100723_Japan National Tourism Organization_Yamashita, Taeko_Short-Form.pdf",signer_name,0.0,0.0,0.20538828,0.22300348,0.7574218451193049,0.3623195936785794
test,"20100723_Japan National Tourism Organization_Yamashita, Taeko_Short-Form.pdf",signer_title,1.0,1.0,0.54643226,0.33175087,0.8809072736674449,0.7049520104791043
test,"20100625_Fleishman-Hillard, Inc._Vellozzi, Sarah M._Short-Form.pdf",registration_num,1.0,1.0,0.7944634,0.7496334,0.7912931796260563,0.7353930183728168
test,"20100625_Fleishman-Hillard, Inc._Vellozzi, Sarah M._Short-Form.pdf",registrant_name,1.0,1.0,0.8092434,0.75672174,0.7964632280864155,0.9412828894241724
test,"20100625_Fleishman-Hillard, Inc._Vellozzi, Sarah M._Short-Form.pdf",foreign_principle_name,1.0,1.0,0.35088527,0.3654482,0.04965197526345586,0.29221505337253123
test,"20100625_Fleishman-Hillard, Inc._Vellozzi, Sarah M._Short-Form.pdf",file_date,0.0,0.0,0.5461811,0.41117755,0.5193845715344783,0.1355638001526072
test,"20100625_Fleishman-Hillard, Inc._Vellozzi, Sarah M._Short-Form.pdf",signer_name,0.0,0.0,0.23151319,0.14814706,0.6320815793722,0.33003782163497647
test,"20100625_Fleishman-Hillard, Inc._Vellozzi, Sarah M._Short-Form.pdf",signer_title,0.0,0.0,0.33813646,0.27288705,0.757031950668062,0.42904388386732945
test,"20140924_Kemp Goldberg Partners, LLC_LaVallee, Derek_Short-Form.pdf",registration_num,1.0,1.0,0.92805463,0.96819526,0.9702140047205979,0.8803799964723563
test,"20140924_Kemp Goldberg Partners, LLC_LaVallee, Derek_Short-Form.pdf",registrant_name,1.0,1.0,0.9263569,0.9678608,0.9167187033069621,0.8704687749516135
test,"20140924_Kemp Goldberg Partners, LLC_LaVallee, Derek_Short-Form.pdf",foreign_principle_name,0.0,0.0,0.27330863,0.29821563,0.034853353627970075,0.09571693440805255
test,"20140924_Kemp Goldberg Partners, LLC_LaVallee, Derek_Short-Form.pdf",file_date,0.0,0.0,0.7977415,0.8448359,0.768623486372956,0.6575307706666134
test,"20140924_Kemp Goldberg Partners, LLC_LaVallee, Derek_Short-Form.pdf",signer_name,0.0,0.0,0.7656076,0.6032309,0.14709330430555473,0.8825752702792347
test,"20140924_Kemp Goldberg Partners, LLC_LaVallee, Derek_Short-Form.pdf",signer_title,1.0,1.0,0.23816712,0.121455684,0.7129707802908037,0.5039901386341258
test,"20160419_Podesta Group, Inc._Chandra, Tara_Short-Form.pdf",registration_num,1.0,1.0,0.93873423,0.98008966,0.9622847518480496,0.9394668612981689
test,"20160419_Podesta Group, Inc._Chandra, Tara_Short-Form.pdf",registrant_name,1.0,1.0,0.90319264,0.94207704,0.7232472931170998,0.5336185464162381
test,"20160419_Podesta Group, Inc._Chandra, Tara_Short-Form.pdf",foreign_principle_name,0.0,0.0,0.25336656,0.25132608,0.25818621941957415,0.39720629409552527
test,"20160419_Podesta Group, Inc._Chandra, Tara_Short-Form.pdf",file_date,1.0,1.0,0.5198759,0.45400605,0.8495019191682222,0.5673330817230893
test,"20160419_Podesta Group, Inc._Chandra, Tara_Short-Form.pdf",signer_name,0.0,0.0,0.2046102,0.20190887,0.5430202586501728,0.11602380134278907
test,"20160419_Podesta Group, Inc._Chandra, Tara_Short-Form.pdf",signer_title,0.0,0.0,0.10520594,0.12086086,0.23002107801749014,0.12122076771155939
test,"20151005_Scottish Enterprise_Sim, Michelle_Short-Form.pdf",registration_num,1.0,1.0,0.9361968,0.9801205,0.9666840237022061,0.955931238818658
test,"20151005_Scottish Enterprise_Sim, Michelle_Short-Form.pdf",registrant_name,1.0,1.0,0.85998887,0.92969495,0.9425853495194716,0.966790343398878
test,"20151005_Scottish Enterprise_Sim, Michelle_Short-Form.pdf",foreign_principle_name,0.0,0.0,0.5200316,0.5539854,0.39781486805040583,0.3042615145488373
test,"20151005_Scottish Enterprise_Sim, Michelle_Short-Form.pdf",file_date,0.0,0.0,0.22692594,0.243748,0.17927901332051643,0.13708348430340367
test,"20151005_Scottish Enterprise_Sim, Michelle_Short-Form.pdf",signer_name,0.0,0.0,0.9142906,0.88822347,0.9045605964930956,0.9667867240044162
test,"20151005_Scottish Enterprise_Sim, Michelle_Short-Form.pdf",signer_title,0.0,0.0,0.2960607,0.1725418,0.7713668932395633,0.2028448940930154
test,"20110727_MSLGROUP Americas, Inc._Levine, Solomon A._Short-Form.pdf",registration_num,1.0,1.0,0.90667075,0.923303,0.9434140560757194,0.9407540607014993
test,"20110727_MSLGROUP Americas, Inc._Levine, Solomon A._Short-Form.pdf",registrant_name,0.0,0.0,0.81505334,0.7535859,0.8538748787207083,0.1751948275548955
test,"20110727_MSLGROUP Americas, Inc._Levine, Solomon A._Short-Form.pdf",foreign_principle_name,1.0,1.0,0.19050479,0.16827711,0.01880144671091475,0.31017029930778917
test,"20110727_MSLGROUP Americas, Inc._Levine, Solomon A._Short-Form.pdf",file_date,0.0,0.0,0.7427672,0.79358476,0.7493057076353568,0.6425119680438224
test,"20110727_MSLGROUP Americas, Inc._Levine, Solomon A._Short-Form.pdf",signer_name,1.0,1.0,0.81598777,0.7955439,0.8363845694956886,0.9206196536788906
test,"20110727_MSLGROUP Americas, Inc._Levine, Solomon A._Short-Form.pdf",signer_title,0.0,0.0,0.14636952,0.08282395,0.23141547218712916,0.03140273871206275
test,"20150226_Myrmidon Group, LLC_Sarcevich, George_Short-Form.pdf",registration_num,1.0,1.0,0.9102885,0.959715,0.9622847518480496,0.8342239372233318
test,"20150226_Myrmidon Group, LLC_Sarcevich, George_Short-Form.pdf",registrant_name,0.0,0.0,0.83189744,0.8629508,0.8825076277871475,0.12211941353695463
test,"20150226_Myrmidon Group, LLC_Sarcevich, George_Short-Form.pdf",foreign_principle_name,0.0,0.0,0.09551601,0.12083225,0.031470087022641285,0.17614875315536127
test,"20150226_Myrmidon Group, LLC_Sarcevich, George_Short-Form.pdf",file_date,0.0,0.0,0.5195583,0.5193333,0.8272639422013147,0.7873190487517664
test,"20150226_Myrmidon Group, LLC_Sarcevich, George_Short-Form.pdf",signer_name,0.0,0.0,0.25578362,0.13344261,0.23889498002750165,0.17858630363459138
test,"20150226_Myrmidon Group, LLC_Sarcevich, George_Short-Form.pdf",signer_title,0.0,0.0,0.002925634,0.006398468,0.06915816500180326,0.018206964477671395
test,"20140416_Ketchum Inc. NY_Crimmins, Julie Sarah_Short-Form.pdf",registration_num,0.0,0.0,0.0365747,0.035780948,0.006953370971711849,0.00977486449980966
test,"20140416_Ketchum Inc. NY_Crimmins, Julie Sarah_Short-Form.pdf",registrant_name,1.0,1.0,0.9119754,0.9538926,0.7903208286206581,0.5928796967521213
test,"20140416_Ketchum Inc. NY_Crimmins, Julie Sarah_Short-Form.pdf",foreign_principle_name,1.0,1.0,0.31308177,0.28998813,0.10650584081271001,0.27869471962348696
test,"20140416_Ketchum Inc. NY_Crimmins, Julie Sarah_Short-Form.pdf",file_date,0.0,0.0,0.92934084,0.9672039,0.907432137676168,0.9492356587450363
test,"20140416_Ketchum Inc. NY_Crimmins, Julie Sarah_Short-Form.pdf",signer_name,1.0,1.0,0.23141876,0.12474942,0.5912967318234382,0.4255165364472591
test,"20140416_Ketchum Inc. NY_Crimmins, Julie Sarah_Short-Form.pdf",signer_title,1.0,1.0,0.78957725,0.7839791,0.9478499516329357,0.9615696762497535
test,"20080910_VisitDenmark_Nordenbaek, Susanne_Short-Form.pdf",registration_num,0.0,0.0,0.13203958,0.06995855,0.03723472156895887,0.02619218629913462
test,"20080910_VisitDenmark_Nordenbaek, Susanne_Short-Form.pdf",registrant_name,0.0,0.0,0.5575799,0.6008458,0.8846398667455627,0.1469338926295335
test,"20080910_VisitDenmark_Nordenbaek, Susanne_Short-Form.pdf",foreign_principle_name,0.0,0.0,0.19926229,0.13960415,0.06739827427733887,0.05159416888933047
test,"20080910_VisitDenmark_Nordenbaek, Susanne_Short-Form.pdf",file_date,0.0,0.0,0.090551,0.061015207,0.090346471452705,0.08048762558810384
test,"20080910_VisitDenmark_Nordenbaek, Susanne_Short-Form.pdf",signer_name,0.0,0.0,0.0496263,0.04290148,0.569214688191873,0.17028869137995115
test,"20080910_VisitDenmark_Nordenbaek, Susanne_Short-Form.pdf",signer_title,0.0,0.0,0.89025104,0.9379104,0.6272812462723659,0.4378937861025521
test,"20170130_Burson-Marsteller, LLC (Washington, DC)_Pruitt, David_Short-Form.pdf",registration_num,1.0,1.0,0.9154698,0.95573676,0.9622847518480496,0.8803799964723563
test,"20170130_Burson-Marsteller, LLC (Washington, DC)_Pruitt, David_Short-Form.pdf",registrant_name,1.0,1.0,0.8478878,0.92197263,0.8401022350352723,0.6311496002152591
test,"20170130_Burson-Marsteller, LLC (Washington, DC)_Pruitt, David_Short-Form.pdf",foreign_principle_name,1.0,1.0,0.2153618,0.2408019,0.145770944368264,0.472634186620002
test,"20170130_Burson-Marsteller, LLC (Washington, DC)_Pruitt, David_Short-Form.pdf",file_date,0.0,0.0,0.3581402,0.31262374,0.4537031341370707,0.4621142491961051
test,"20170130_Burson-Marsteller, LLC (Washington, DC)_Pruitt, David_Short-Form.pdf",signer_name,1.0,1.0,0.890289,0.85962135,0.9591404976325667,0.983978990638075
test,"20170130_Burson-Marsteller, LLC (Washington, DC)_Pruitt, David_Short-Form.pdf",signer_title,1.0,1.0,0.33516353,0.18519813,0.6251602422598549,0.35014894826471965
test,"20170413_JETRO, New York_Yamamoto, Reiko_Short-Form.pdf",registration_num,1.0,1.0,0.90368354,0.95533705,0.9670046365095685,0.9394668612981689
test,"20170413_JETRO, New York_Yamamoto, Reiko_Short-Form.pdf",registrant_name,0.0,0.0,0.3417331,0.20130214,0.5544125744338411,0.042418863113960786
test,"20170413_JETRO, New York_Yamamoto, Reiko_Short-Form.pdf",foreign_principle_name,0.0,0.0,0.11656402,0.11217264,0.027030309214964923,0.14438686073643658
test,"20170413_JETRO, New York_Yamamoto, Reiko_Short-Form.pdf",file_date,1.0,1.0,0.79898655,0.88865423,0.7382541804681007,0.6843418721209573
test,"20170413_JETRO, New York_Yamamoto, Reiko_Short-Form.pdf",signer_name,0.0,0.0,0.13786596,0.10108292,0.7884594630187741,0.3449937867532934
test,"20170413_JETRO, New York_Yamamoto, Reiko_Short-Form.pdf",signer_title,0.0,0.0,0.1605283,0.118376754,0.15689876934124805,0.12387556250780765
test,"20090414_DLA Piper US LLP_Shimberg, Steven_Short-Form.pdf",registration_num,1.0,1.0,0.93345433,0.97344285,0.9506447528710464,0.9318273430819719
test,"20090414_DLA Piper US LLP_Shimberg, Steven_Short-Form.pdf",registrant_name,0.0,0.0,0.87560236,0.8850641,0.8271765608383619,0.8341873521989746
test,"20090414_DLA Piper US LLP_Shimberg, Steven_Short-Form.pdf",foreign_principle_name,0.0,1.0,0.47679073,0.6333314,0.1787373813385885,0.28140463349264117
test,"20090414_DLA Piper US LLP_Shimberg, Steven_Short-Form.pdf",file_date,0.0,0.0,0.38012505,0.4966434,0.2509336932315773,0.12437629731155564
test,"20090414_DLA Piper US LLP_Shimberg, Steven_Short-Form.pdf",signer_name,0.0,0.0,0.19343983,0.17497599,0.4193305822012787,0.18265728809158258
test,"20090414_DLA Piper US LLP_Shimberg, Steven_Short-Form.pdf",signer_title,0.0,0.0,0.18722388,0.191228,0.07656081422118823,0.0952733572974092
test,"20130307_Squire Patton Boggs, LLP_Gewargis, Natalie_Short-Form.pdf",registration_num,1.0,1.0,0.9365746,0.9797683,0.9628625817068719,0.9541056012348166
test,"20130307_Squire Patton Boggs, LLP_Gewargis, Natalie_Short-Form.pdf",registrant_name,0.0,0.0,0.4632705,0.3519056,0.6162803945300438,0.23635771294065738
test,"20130307_Squire Patton Boggs, LLP_Gewargis, Natalie_Short-Form.pdf",foreign_principle_name,1.0,1.0,0.43201312,0.549851,0.16557316933141192,0.2689931026067543
test,"20130307_Squire Patton Boggs, LLP_Gewargis, Natalie_Short-Form.pdf",file_date,1.0,1.0,0.8992082,0.91503096,0.6951197240598093,0.9300138081404529
test,"20130307_Squire Patton Boggs, LLP_Gewargis, Natalie_Short-Form.pdf",signer_name,1.0,1.0,0.8307196,0.7660271,0.9595359055091196,0.9941322829089408
test,"20130307_Squire Patton Boggs, LLP_Gewargis, Natalie_Short-Form.pdf",signer_title,1.0,1.0,0.48562354,0.30277938,0.9184906493956815,0.7144251785316367
test,"20180530_Prime Policy Group_Colangelo, Lisa_Short-Form.pdf",registration_num,1.0,1.0,0.9222616,0.9479998,0.9622847518480496,0.9541056012348166
test,"20180530_Prime Policy Group_Colangelo, Lisa_Short-Form.pdf",registrant_name,0.0,0.0,0.7620765,0.7214779,0.7616375198417904,0.10057381268759323
test,"20180530_Prime Policy Group_Colangelo, Lisa_Short-Form.pdf",foreign_principle_name,0.0,0.0,0.2629037,0.27108073,0.2292225188674388,0.24238146583697762
test,"20180530_Prime Policy Group_Colangelo, Lisa_Short-Form.pdf",file_date,1.0,1.0,0.89903766,0.9508049,0.5660308136875755,0.9532582444905291
test,"20180530_Prime Policy Group_Colangelo, Lisa_Short-Form.pdf",signer_name,1.0,1.0,0.8738758,0.81364906,0.673219912301831,0.9705632659596832
test,"20180530_Prime Policy Group_Colangelo, Lisa_Short-Form.pdf",signer_title,0.0,0.0,0.154326,0.13934195,0.06350877885731282,0.36171351066207774
test,"20160919_Prime Policy Group_Taylor, Owen_Short-Form.pdf",registration_num,0.0,0.0,0.93661594,0.9780526,0.7346406849497557,0.902366282574049
test,"20160919_Prime Policy Group_Taylor, Owen_Short-Form.pdf",registrant_name,0.0,0.0,0.7384995,0.69549936,0.7903208286206581,0.1262691639113989
test,"20160919_Prime Policy Group_Taylor, Owen_Short-Form.pdf",foreign_principle_name,1.0,1.0,0.20053098,0.19696188,0.35326422703742716,0.45343214361528733
test,"20160919_Prime Policy Group_Taylor, Owen_Short-Form.pdf",file_date,1.0,1.0,0.7807089,0.80480605,0.8041575066203902,0.7574294140777317
test,"20160919_Prime Policy Group_Taylor, Owen_Short-Form.pdf",signer_name,1.0,1.0,0.9103764,0.94409907,0.9692979312726775,0.9839565968652617
test,"20160919_Prime Policy Group_Taylor, Owen_Short-Form.pdf",signer_title,1.0,1.0,0.45702997,0.2793744,0.9184906493956815,0.7144251785316367
test,"20140429_Lubanovici, Mircea_Lubanovici, Mircea_Short-Form.pdf",registration_num,1.0,1.0,0.93047506,0.9649612,0.9600908405395433,0.9541056012348166
test,"20140429_Lubanovici, Mircea_Lubanovici, Mircea_Short-Form.pdf",registrant_name,0.0,0.0,0.62497216,0.4490904,0.8427118895281132,0.22043483550048068
test,"20140429_Lubanovici, Mircea_Lubanovici, Mircea_Short-Form.pdf",foreign_principle_name,0.0,0.0,0.15045054,0.15426841,0.13141187316802236,0.029269320549544408
test,"20140429_Lubanovici, Mircea_Lubanovici, Mircea_Short-Form.pdf",file_date,1.0,1.0,0.9075581,0.94177425,0.5486179890913577,0.9532582444905291
test,"20140429_Lubanovici, Mircea_Lubanovici, Mircea_Short-Form.pdf",signer_name,1.0,1.0,0.7967392,0.7454109,0.8860909690582013,0.9838807695408418
test,"20140429_Lubanovici, Mircea_Lubanovici, Mircea_Short-Form.pdf",signer_title,0.0,0.0,0.07131568,0.068786874,0.028715541525406067,0.11697549849834202
test,"20150317_Squire Patton Boggs, LLP_McGrain, Erin_Short-Form.pdf",registration_num,1.0,1.0,0.9397047,0.9867817,0.9600908405395433,0.9541056012348166
test,"20150317_Squire Patton Boggs, LLP_McGrain, Erin_Short-Form.pdf",registrant_name,0.0,0.0,0.7427684,0.7378211,0.7803297933487306,0.10365502181544106
test,"20150317_Squire Patton Boggs, LLP_McGrain, Erin_Short-Form.pdf",foreign_principle_name,0.0,0.0,0.45313716,0.48481482,0.2304921836204861,0.3826119360481519
test,"20150317_Squire Patton Boggs, LLP_McGrain, Erin_Short-Form.pdf",file_date,1.0,1.0,0.92636526,0.97780067,0.5018562594708489,0.9431440754537668
test,"20150317_Squire Patton Boggs, LLP_McGrain, Erin_Short-Form.pdf",signer_name,1.0,1.0,0.8875807,0.9180473,0.9700992945005896,0.9941322829089408
test,"20150317_Squire Patton Boggs, LLP_McGrain, Erin_Short-Form.pdf",signer_title,1.0,1.0,0.3906621,0.2248331,0.9048816497476568,0.7163401865912706
test,"20100125_BGR Government Affairs, LLC_Turenne, William Joseph Jr._Short-Form.pdf",registration_num,1.0,1.0,0.92430866,0.97192705,0.9648836645444822,0.9221413722706867
test,"20100125_BGR Government Affairs, LLC_Turenne, William Joseph Jr._Short-Form.pdf",registrant_name,1.0,1.0,0.9223364,0.95926106,0.9033872832782724,0.7208090600709863
test,"20100125_BGR Government Affairs, LLC_Turenne, William Joseph Jr._Short-Form.pdf",foreign_principle_name,0.0,0.0,0.51701707,0.62428033,0.17492438977636898,0.38807077685122054
test,"20100125_BGR Government Affairs, LLC_Turenne, William Joseph Jr._Short-Form.pdf",file_date,0.0,0.0,0.18790066,0.11571304,0.20056640891612673,0.044519327049702836
test,"20100125_BGR Government Affairs, LLC_Turenne, William Joseph Jr._Short-Form.pdf",signer_name,0.0,0.0,0.41043544,0.3740716,0.049010987276451715,0.2075424811930041
test,"20100125_BGR Government Affairs, LLC_Turenne, William Joseph Jr._Short-Form.pdf",signer_title,1.0,1.0,0.5639969,0.35009652,0.8809072736674449,0.7049520104791043
test,"20120726_JETRO, New York_Kawada, Mio_Short-Form.pdf",registration_num,1.0,1.0,0.9207179,0.96396124,0.9622847518480496,0.9541056012348166
test,"20120726_JETRO, New York_Kawada, Mio_Short-Form.pdf",registrant_name,0.0,0.0,0.6406151,0.58046615,0.6711563560770373,0.12328580645483464
test,"20120726_JETRO, New York_Kawada, Mio_Short-Form.pdf",foreign_principle_name,0.0,0.0,0.12675706,0.14768557,0.04004300609226639,0.34938308792447953
test,"20120726_JETRO, New York_Kawada, Mio_Short-Form.pdf",file_date,1.0,1.0,0.94162065,0.98875105,0.7674608014611042,0.9522559549761165
test,"20120726_JETRO, New York_Kawada, Mio_Short-Form.pdf",signer_name,0.0,0.0,0.93362844,0.947821,0.7531022672910783,0.9596670456790414
test,"20120726_JETRO, New York_Kawada, Mio_Short-Form.pdf",signer_title,1.0,1.0,0.33862823,0.18625657,0.6251602422598549,0.35014894826471965
test,"20130513_Commonwealth of Dominica Maritime Registry, Inc._Gamal, Islam_Short-Form.pdf",registration_num,1.0,1.0,0.93829024,0.9809311,0.9622847518480496,0.9541056012348166
test,"20130513_Commonwealth of Dominica Maritime Registry, Inc._Gamal, Islam_Short-Form.pdf",registrant_name,0.0,0.0,0.6820637,0.6755562,0.4128047244199562,0.03531758693696672
test,"20130513_Commonwealth of Dominica Maritime Registry, Inc._Gamal, Islam_Short-Form.pdf",foreign_principle_name,1.0,1.0,0.19933677,0.2225931,0.16408155524982196,0.23015000582888484
test,"20130513_Commonwealth of Dominica Maritime Registry, Inc._Gamal, Islam_Short-Form.pdf",file_date,1.0,1.0,0.9133574,0.972659,0.18900843190167652,0.9539483162108451
test,"20130513_Commonwealth of Dominica Maritime Registry, Inc._Gamal, Islam_Short-Form.pdf",signer_name,0.0,0.0,0.86053056,0.9258339,0.9080500703844498,0.9702105826813274
test,"20130513_Commonwealth of Dominica Maritime Registry, Inc._Gamal, Islam_Short-Form.pdf",signer_title,0.0,0.0,0.030263633,0.037079655,0.01827796577811457,0.08317425408363649
test,"20170831_JETRO, New York_Sakado, Shunsuke_Short-Form.pdf",registration_num,1.0,1.0,0.8761751,0.92141074,0.8710585358096593,0.8894341882276512
test,"20170831_JETRO, New York_Sakado, Shunsuke_Short-Form.pdf",registrant_name,1.0,1.0,0.74198663,0.77872473,0.2836889669136636,0.5289389659772017
test,"20170831_JETRO, New York_Sakado, Shunsuke_Short-Form.pdf",foreign_principle_name,0.0,0.0,0.18455866,0.24170983,0.06981720720994321,0.3269617446815911
test,"20170831_JETRO, New York_Sakado, Shunsuke_Short-Form.pdf",file_date,0.0,0.0,0.43402424,0.41327643,0.787449825668374,0.8497535538353398
test,"20170831_JETRO, New York_Sakado, Shunsuke_Short-Form.pdf",signer_name,0.0,0.0,0.7063338,0.64784116,0.8139570517859877,0.9564009987258775
test,"20170831_JETRO, New York_Sakado, Shunsuke_Short-Form.pdf",signer_title,1.0,1.0,0.5634995,0.39071578,0.9161953353825549,0.7049520104791043
test,"20150908_Grieboski Global Strategies, LLC_Garrett-Glaser, Brian_Short-Form.pdf",registration_num,1.0,1.0,0.92990696,0.94584274,0.9633970616162866,0.4642406204946111
test,"20150908_Grieboski Global Strategies, LLC_Garrett-Glaser, Brian_Short-Form.pdf",registrant_name,0.0,0.0,0.51882344,0.45915636,0.9284044933569605,0.43119991465323165
test,"20150908_Grieboski Global Strategies, LLC_Garrett-Glaser, Brian_Short-Form.pdf",foreign_principle_name,0.0,0.0,0.07163706,0.06375708,0.034536058416507975,0.1851761564945633
test,"20150908_Grieboski Global Strategies, LLC_Garrett-Glaser, Brian_Short-Form.pdf",file_date,1.0,1.0,0.91897666,0.9610351,0.47940881433637195,0.9394930169581918
test,"20150908_Grieboski Global Strategies, LLC_Garrett-Glaser, Brian_Short-Form.pdf",signer_name,1.0,1.0,0.78584087,0.6954064,0.9764418198217808,0.9941322829089408
test,"20150908_Grieboski Global Strategies, LLC_Garrett-Glaser, Brian_Short-Form.pdf",signer_title,0.0,0.0,0.023485506,0.020490833,0.044289340310265414,0.04537825689636968
test,"20180313_JETRO, Houston_Hirai, Toshinaga_Short-Form.pdf",registration_num,1.0,1.0,0.93836004,0.9825881,0.9600908405395433,0.9541056012348166
test,"20180313_JETRO, Houston_Hirai, Toshinaga_Short-Form.pdf",registrant_name,1.0,1.0,0.79482174,0.8531435,0.6979335659733126,0.944642440699073
test,"20180313_JETRO, Houston_Hirai, Toshinaga_Short-Form.pdf",foreign_principle_name,1.0,1.0,0.33076903,0.47471976,0.1792054957379063,0.31143611062387616
test,"20180313_JETRO, Houston_Hirai, Toshinaga_Short-Form.pdf",file_date,0.0,0.0,0.8041005,0.8771017,0.7493057076353568,0.6092274522539578
test,"20180313_JETRO, Houston_Hirai, Toshinaga_Short-Form.pdf",signer_name,1.0,1.0,0.89048815,0.9487556,0.9559855743163059,0.9943393303662236
test,"20180313_JETRO, Houston_Hirai, Toshinaga_Short-Form.pdf",signer_title,0.0,0.0,0.58236766,0.5267422,0.8659596765807734,0.5875540247790099
test,"20170221_K_L Gates, LLP_O_Neil, Michael James_Short-Form.pdf",registration_num,1.0,1.0,0.93657714,0.96119195,0.9670046365095685,0.9394668612981689
test,"20170221_K_L Gates, LLP_O_Neil, Michael James_Short-Form.pdf",registrant_name,0.0,0.0,0.7417967,0.6980859,0.8769610587463217,0.09386916597284391
test,"20170221_K_L Gates, LLP_O_Neil, Michael James_Short-Form.pdf",foreign_principle_name,0.0,0.0,0.16726339,0.16243368,0.06691520113453601,0.14871541442897637
test,"20170221_K_L Gates, LLP_O_Neil, Michael James_Short-Form.pdf",file_date,1.0,1.0,0.5702778,0.55173075,0.8272639422013147,0.716187365925561
test,"20170221_K_L Gates, LLP_O_Neil, Michael James_Short-Form.pdf",signer_name,1.0,1.0,0.9237565,0.9297713,0.9537592978975314,0.9906486348694219
test,"20170221_K_L Gates, LLP_O_Neil, Michael James_Short-Form.pdf",signer_title,0.0,0.0,0.03492832,0.041017137,0.01827796577811457,0.08317425408363649
test,"20130322_Manufactured Imports and Investment Promotion Organization (MIPRO)_Maeda, Jun_Short-Form.pdf",registration_num,1.0,1.0,0.6949763,0.7330159,0.5840841533643168,0.6891396250153176
test,"20130322_Manufactured Imports and Investment Promotion Organization (MIPRO)_Maeda, Jun_Short-Form.pdf",registrant_name,0.0,0.0,0.48911095,0.39219332,0.6278687533392934,0.24801237412185806
test,"20130322_Manufactured Imports and Investment Promotion Organization (MIPRO)_Maeda, Jun_Short-Form.pdf",foreign_principle_name,0.0,0.0,0.1894528,0.20332953,0.017837238292384445,0.3184626248646684
test,"20130322_Manufactured Imports and Investment Promotion Organization (MIPRO)_Maeda, Jun_Short-Form.pdf",file_date,1.0,1.0,0.9149601,0.9731334,0.5464671204251674,0.937495034894369
test,"20130322_Manufactured Imports and Investment Promotion Organization (MIPRO)_Maeda, Jun_Short-Form.pdf",signer_name,1.0,1.0,0.80642307,0.6820212,0.9367950676829004,0.9911056965517077
test,"20130322_Manufactured Imports and Investment Promotion Organization (MIPRO)_Maeda, Jun_Short-Form.pdf",signer_title,1.0,1.0,0.3818804,0.21924694,0.9048816497476568,0.7163401865912706
test,"20110908_Squire Patton Boggs, LLP_Waltz, Daniel E._Short-Form.pdf",registration_num,1.0,1.0,0.9361221,0.98446304,0.9633970616162866,0.9547544189291868
test,"20110908_Squire Patton Boggs, LLP_Waltz, Daniel E._Short-Form.pdf",registrant_name,1.0,1.0,0.81093025,0.82512915,0.6849062415643922,0.549699806158863
test,"20110908_Squire Patton Boggs, LLP_Waltz, Daniel E._Short-Form.pdf",foreign_principle_name,0.0,0.0,0.25271243,0.29220054,0.3601940383904768,0.516204555142268
test,"20110908_Squire Patton Boggs, LLP_Waltz, Daniel E._Short-Form.pdf",file_date,1.0,1.0,0.7541464,0.7415446,0.7662326831288931,0.7087409408454745
test,"20110908_Squire Patton Boggs, LLP_Waltz, Daniel E._Short-Form.pdf",signer_name,1.0,1.0,0.84237814,0.7549778,0.9576429692996763,0.9839281057263731
test,"20110908_Squire Patton Boggs, LLP_Waltz, Daniel E._Short-Form.pdf",signer_title,0.0,0.0,0.048228163,0.039463297,0.14014700803821697,0.05534645658762859
test,"20090522_Invest Northern Ireland_Murray, Aengus_Short-Form.pdf",registration_num,1.0,1.0,0.931682,0.9829937,0.9648836645444822,0.9611424366071641
test,"20090522_Invest Northern Ireland_Murray, Aengus_Short-Form.pdf",registrant_name,1.0,1.0,0.9076338,0.9467679,0.9449774570338764,0.9539643351168581
test,"20090522_Invest Northern Ireland_Murray, Aengus_Short-Form.pdf",foreign_principle_name,1.0,1.0,0.081482664,0.09440028,0.03694264809191703,0.3630799291536027
test,"20090522_Invest Northern Ireland_Murray, Aengus_Short-Form.pdf",file_date,0.0,0.0,0.26442686,0.1642708,0.47380565275803244,0.14168268501617176
test,"20090522_Invest Northern Ireland_Murray, Aengus_Short-Form.pdf",signer_name,0.0,0.0,0.7133302,0.56649876,0.08979981368733383,0.4084747705514274
test,"20090522_Invest Northern Ireland_Murray, Aengus_Short-Form.pdf",signer_title,1.0,1.0,0.31237602,0.15227018,0.7129707802908037,0.4585472091502042
test,"20090624_Akin, Gump, Strauss, Hauer _ Feld, LLP_Davis, Smith W._Short-Form.pdf",registration_num,1.0,1.0,0.9249317,0.9724426,0.957955774414467,0.9478201629315292
test,"20090624_Akin, Gump, Strauss, Hauer _ Feld, LLP_Davis, Smith W._Short-Form.pdf",registrant_name,0.0,0.0,0.79397285,0.8369738,0.8603924052949811,0.48803047431459473
test,"20090624_Akin, Gump, Strauss, Hauer _ Feld, LLP_Davis, Smith W._Short-Form.pdf",foreign_principle_name,1.0,1.0,0.207915,0.23434865,0.03714541135491928,0.2196177686133109
test,"20090624_Akin, Gump, Strauss, Hauer _ Feld, LLP_Davis, Smith W._Short-Form.pdf",file_date,0.0,0.0,0.48717242,0.34068188,0.1400366501482821,0.04975456693698589
test,"20090624_Akin, Gump, Strauss, Hauer _ Feld, LLP_Davis, Smith W._Short-Form.pdf",signer_name,0.0,0.0,0.7225567,0.81767464,0.7790266367160626,0.9229885933420299
test,"20090624_Akin, Gump, Strauss, Hauer _ Feld, LLP_Davis, Smith W._Short-Form.pdf",signer_title,0.0,0.0,0.015223786,0.022732232,0.01827796577811457,0.02445784913801425
test,"20101029_Muttahida Quami Movement USA_Siddiqui, Ajaz H._Short-Form.pdf",registration_num,1.0,1.0,0.8330387,0.9205233,0.9170535990593724,0.7922526064133105
test,"20101029_Muttahida Quami Movement USA_Siddiqui, Ajaz H._Short-Form.pdf",registrant_name,0.0,0.0,0.64097464,0.7149041,0.6972408003893965,0.09630218440784429
test,"20101029_Muttahida Quami Movement USA_Siddiqui, Ajaz H._Short-Form.pdf",foreign_principle_name,1.0,1.0,0.17384395,0.24744305,0.09170681244635172,0.33175717115670966
test,"20101029_Muttahida Quami Movement USA_Siddiqui, Ajaz H._Short-Form.pdf",file_date,0.0,0.0,0.13082246,0.078523,0.3393521899598184,0.04948368386695534
test,"20101029_Muttahida Quami Movement USA_Siddiqui, Ajaz H._Short-Form.pdf",signer_name,0.0,0.0,0.080862395,0.069525465,0.40889965638398457,0.12722888096694224
test,"20101029_Muttahida Quami Movement USA_Siddiqui, Ajaz H._Short-Form.pdf",signer_title,0.0,0.0,0.015013588,0.016286798,0.058645093775855216,0.018198183076286983
test,"20110729_Podesta Group, Inc._Rademaker, Stephen_Short-Form.pdf",registration_num,1.0,1.0,0.9270443,0.96952933,0.9476345462232921,0.9296182590091263
test,"20110729_Podesta Group, Inc._Rademaker, Stephen_Short-Form.pdf",registrant_name,0.0,0.0,0.62282497,0.57138455,0.8711919658284641,0.18745075792192412
test,"20110729_Podesta Group, Inc._Rademaker, Stephen_Short-Form.pdf",foreign_principle_name,0.0,0.0,0.2991507,0.36119288,0.09107289289339747,0.2618142791955823
test,"20110729_Podesta Group, Inc._Rademaker, Stephen_Short-Form.pdf",file_date,1.0,1.0,0.8298998,0.8146666,0.7477228414806444,0.8342810609694252
test,"20110729_Podesta Group, Inc._Rademaker, Stephen_Short-Form.pdf",signer_name,1.0,1.0,0.882242,0.87927264,0.9771235851290181,0.9934582244907345
test,"20110729_Podesta Group, Inc._Rademaker, Stephen_Short-Form.pdf",signer_title,0.0,0.0,0.090059176,0.095761076,0.08072181672397452,0.04011831114654086
test,"20080305_Public Strategies Washington, Inc._D_Alessandro, Alicia_Short-Form.pdf",registration_num,1.0,1.0,0.9345125,0.9647597,0.9164589858351244,0.941910424557597
test,"20080305_Public Strategies Washington, Inc._D_Alessandro, Alicia_Short-Form.pdf",registrant_name,0.0,0.0,0.7922537,0.82195884,0.916383797860019,0.3876324546070005
test,"20080305_Public Strategies Washington, Inc._D_Alessandro, Alicia_Short-Form.pdf",foreign_principle_name,0.0,0.0,0.42652208,0.53836316,0.18502067033751673,0.2694006162376815
test,"20080305_Public Strategies Washington, Inc._D_Alessandro, Alicia_Short-Form.pdf",file_date,0.0,0.0,0.81634796,0.86214364,0.4194614875580665,0.5111954016601994
test,"20080305_Public Strategies Washington, Inc._D_Alessandro, Alicia_Short-Form.pdf",signer_name,0.0,0.0,0.86335886,0.8743224,0.3300555405529602,0.9018901678170721
test,"20080305_Public Strategies Washington, Inc._D_Alessandro, Alicia_Short-Form.pdf",signer_title,1.0,1.0,0.33214134,0.1820918,0.6251602422598549,0.3702211913401709
test,"20130528_JETRO, New York_Horita, Noriyasu_Short-Form.pdf",registration_num,1.0,1.0,0.9313282,0.9695824,0.9622847518480496,0.9541056012348166
test,"20130528_JETRO, New York_Horita, Noriyasu_Short-Form.pdf",registrant_name,0.0,0.0,0.7307847,0.6323422,0.7990529416365756,0.2819804543641973
test,"20130528_JETRO, New York_Horita, Noriyasu_Short-Form.pdf",foreign_principle_name,0.0,0.0,0.10957482,0.10378753,0.013660453416160859,0.025352345977169295
test,"20130528_JETRO, New York_Horita, Noriyasu_Short-Form.pdf",file_date,1.0,1.0,0.9409771,0.98205936,0.807162875047515,0.9693772433973469
test,"20130528_JETRO, New York_Horita, Noriyasu_Short-Form.pdf",signer_name,0.0,0.0,0.08213403,0.08720868,0.45461747624804916,0.09266836510742699
test,"20130528_JETRO, New York_Horita, Noriyasu_Short-Form.pdf",signer_title,0.0,0.0,0.30415404,0.34792674,0.19574978100073642,0.13586911051850636
test,"20090722_BGR Government Affairs, LLC_Turenne, William Joseph_Short-Form.pdf",registration_num,1.0,1.0,0.9256007,0.97120446,0.9596229535334637,0.9516423792309445
test,"20090722_BGR Government Affairs, LLC_Turenne, William Joseph_Short-Form.pdf",registrant_name,1.0,1.0,0.8962576,0.9335992,0.7987351411861191,0.6872241540659885
test,"20090722_BGR Government Affairs, LLC_Turenne, William Joseph_Short-Form.pdf",foreign_principle_name,0.0,1.0,0.089277744,0.101034425,0.013756218037156143,0.1624966749407969
test,"20090722_BGR Government Affairs, LLC_Turenne, William Joseph_Short-Form.pdf",file_date,0.0,0.0,0.47158393,0.37068403,0.44531819040569987,0.10222886911732568
test,"20090722_BGR Government Affairs, LLC_Turenne, William Joseph_Short-Form.pdf",signer_name,0.0,0.0,0.7046769,0.68081826,0.13513485849183962,0.4609521900343774
test,"20090722_BGR Government Affairs, LLC_Turenne, William Joseph_Short-Form.pdf",signer_title,1.0,1.0,0.5417162,0.31876546,0.8750871816747993,0.7049520104791043
test,"20150707_Glover Park Group, LLC_Pike, Jill_Short-Form.pdf",registration_num,0.0,0.0,0.105964795,0.06446023,0.04585331097573424,0.015242890574086326
test,"20150707_Glover Park Group, LLC_Pike, Jill_Short-Form.pdf",registrant_name,1.0,1.0,0.86727774,0.9244898,0.724287032039216,0.6574136235852185
test,"20150707_Glover Park Group, LLC_Pike, Jill_Short-Form.pdf",foreign_principle_name,0.0,0.0,0.09276417,0.121150136,0.07377930382126395,0.0567668273122712
test,"20150707_Glover Park Group, LLC_Pike, Jill_Short-Form.pdf",file_date,1.0,1.0,0.5489451,0.62482107,0.7590324751348229,0.6953278636365179
test,"20150707_Glover Park Group, LLC_Pike, Jill_Short-Form.pdf",signer_name,1.0,1.0,0.90506256,0.8287097,0.9335000435287614,0.9916586478076898
test,"20150707_Glover Park Group, LLC_Pike, Jill_Short-Form.pdf",signer_title,1.0,1.0,0.747543,0.7973697,0.8750871816747993,0.7049520104791043
test,"20160920_Squire Patton Boggs, LLP_Newberry, Edward J._Short-Form.pdf",registration_num,1.0,1.0,0.93210685,0.97957516,0.9628625817068719,0.9541056012348166
test,"20160920_Squire Patton Boggs, LLP_Newberry, Edward J._Short-Form.pdf",registrant_name,0.0,0.0,0.6397283,0.7181173,0.8921682903490832,0.5057087236113464
test,"20160920_Squire Patton Boggs, LLP_Newberry, Edward J._Short-Form.pdf",foreign_principle_name,0.0,0.0,0.23139901,0.21311224,0.013760966861769358,0.3081532443503629
test,"20160920_Squire Patton Boggs, LLP_Newberry, Edward J._Short-Form.pdf",file_date,1.0,1.0,0.84557104,0.7927675,0.4830449751759483,0.9516860955079305
test,"20160920_Squire Patton Boggs, LLP_Newberry, Edward J._Short-Form.pdf",signer_name,1.0,1.0,0.90009964,0.9038873,0.6972968584754418,0.9572365253317389
test,"20160920_Squire Patton Boggs, LLP_Newberry, Edward J._Short-Form.pdf",signer_title,1.0,1.0,0.39565843,0.22801177,0.9048816497476568,0.7163401865912706
test,"20140905_Taiwan Trade Center New York Inc._Su, Cherng-Chuan_Short-Form.pdf",registration_num,1.0,1.0,0.8585488,0.8502306,0.921094651190524,0.9382699885347867
test,"20140905_Taiwan Trade Center New York Inc._Su, Cherng-Chuan_Short-Form.pdf",registrant_name,1.0,1.0,0.8241434,0.91990745,0.7368947311922707,0.8005331991781807
test,"20140905_Taiwan Trade Center New York Inc._Su, Cherng-Chuan_Short-Form.pdf",foreign_principle_name,1.0,1.0,0.19480658,0.262878,0.8343742147565681,0.8630184470619878
test,"20140905_Taiwan Trade Center New York Inc._Su, Cherng-Chuan_Short-Form.pdf",file_date,0.0,0.0,0.5824576,0.625198,0.8272639422013147,0.6960042871612141
test,"20140905_Taiwan Trade Center New York Inc._Su, Cherng-Chuan_Short-Form.pdf",signer_name,1.0,1.0,0.9037533,0.9371306,0.9516042558089508,0.9884099519924512
test,"20140905_Taiwan Trade Center New York Inc._Su, Cherng-Chuan_Short-Form.pdf",signer_title,1.0,1.0,0.67021704,0.7089857,0.9048816497476568,0.7163401865912706
test,"20101105_Podesta Group, Inc._Shagabutdinova, Ella_Short-Form.pdf",registration_num,1.0,1.0,0.9446931,0.9818424,0.9629951228994087,0.9516655318665997
test,"20101105_Podesta Group, Inc._Shagabutdinova, Ella_Short-Form.pdf",registrant_name,1.0,1.0,0.9380866,0.96710855,0.8287956610397307,0.7468686156485048
test,"20101105_Podesta Group, Inc._Shagabutdinova, Ella_Short-Form.pdf",foreign_principle_name,1.0,1.0,0.37033188,0.34574836,0.2518600615116758,0.24201113090801538
test,"20101105_Podesta Group, Inc._Shagabutdinova, Ella_Short-Form.pdf",file_date,1.0,1.0,0.93444777,0.9666208,0.7846724035541949,0.9784808850393627
test,"20101105_Podesta Group, Inc._Shagabutdinova, Ella_Short-Form.pdf",signer_name,0.0,0.0,0.051930368,0.047337305,0.08418491865185107,0.048282958204206076
test,"20101105_Podesta Group, Inc._Shagabutdinova, Ella_Short-Form.pdf",signer_title,0.0,0.0,0.053180493,0.050481714,0.07656081422118823,0.04724139487310684
test,"20120917_Singapore Economic Development Board_Choo, Xing Jie_Short-Form.pdf",registration_num,1.0,1.0,0.43658477,0.4323937,0.5840841533643168,0.39800954621598805
test,"20120917_Singapore Economic Development Board_Choo, Xing Jie_Short-Form.pdf",registrant_name,1.0,1.0,0.74916106,0.88340074,0.8442100690542759,0.9540768583645909
test,"20120917_Singapore Economic Development Board_Choo, Xing Jie_Short-Form.pdf",foreign_principle_name,1.0,1.0,0.23482005,0.2204076,0.18267818227682006,0.4064375027276621
test,"20120917_Singapore Economic Development Board_Choo, Xing Jie_Short-Form.pdf",file_date,0.0,0.0,0.9106663,0.95213926,0.44042907292525585,0.49822655254412423
test,"20120917_Singapore Economic Development Board_Choo, Xing Jie_Short-Form.pdf",signer_name,0.0,0.0,0.3912606,0.2874065,0.04611667984611472,0.2585742718384201
test,"20120917_Singapore Economic Development Board_Choo, Xing Jie_Short-Form.pdf",signer_title,1.0,1.0,0.4790396,0.29417253,0.9206620491716208,0.7163401865912706
test,"20100129_Hill and Knowlton Strategies, LLC_Truskey, Vanessa L._Short-Form.pdf",registration_num,1.0,1.0,0.92759246,0.9834037,0.9654570975234427,0.9580177659190234
test,"20100129_Hill and Knowlton Strategies, LLC_Truskey, Vanessa L._Short-Form.pdf",registrant_name,1.0,1.0,0.8017105,0.8443098,0.7547260305301461,0.7722221591859841
test,"20100129_Hill and Knowlton Strategies, LLC_Truskey, Vanessa L._Short-Form.pdf",foreign_principle_name,1.0,1.0,0.37158152,0.35532817,0.3960817120237995,0.5905049219244368
test,"20100129_Hill and Knowlton Strategies, LLC_Truskey, Vanessa L._Short-Form.pdf",file_date,0.0,0.0,0.37778404,0.24524887,0.4394329515310096,0.14168268501617176
test,"20100129_Hill and Knowlton Strategies, LLC_Truskey, Vanessa L._Short-Form.pdf",signer_name,0.0,0.0,0.8986181,0.88998497,0.9020026672636716,0.9767025847513513
test,"20100129_Hill and Knowlton Strategies, LLC_Truskey, Vanessa L._Short-Form.pdf",signer_title,1.0,1.0,0.6778373,0.5265588,0.908564965331439,0.6830596610261267
test,"20180330_PASS LLC_Goff, Mark_Short-Form.pdf",registration_num,1.0,1.0,0.7119377,0.6407911,0.601346599870765,0.6891396250153176
test,"20180330_PASS LLC_Goff, Mark_Short-Form.pdf",registrant_name,0.0,0.0,0.59382,0.491047,0.6931624358427849,0.07927121829321253
test,"20180330_PASS LLC_Goff, Mark_Short-Form.pdf",foreign_principle_name,1.0,1.0,0.059185397,0.06956388,0.023949281778692006,0.13534682000608964
test,"20180330_PASS LLC_Goff, Mark_Short-Form.pdf",file_date,1.0,1.0,0.3563463,0.27847832,0.7970518738274833,0.8566630754675782
test,"20180330_PASS LLC_Goff, Mark_Short-Form.pdf",signer_name,0.0,0.0,0.028187564,0.03167275,0.011823010281984844,0.07265012443271716
test,"20180330_PASS LLC_Goff, Mark_Short-Form.pdf",signer_title,0.0,0.0,0.18466859,0.19385819,0.8169627520696918,0.8463766988093047
test,"20121129_Commonwealth of Dominica Maritime Registry, Inc._Jamal, Shahid_Short-Form.pdf",registration_num,1.0,1.0,0.9390687,0.9793218,0.9622847518480496,0.9394668612981689
test,"20121129_Commonwealth of Dominica Maritime Registry, Inc._Jamal, Shahid_Short-Form.pdf",registrant_name,0.0,0.0,0.6926342,0.6101964,0.7878683082977632,0.27309757724609174
test,"20121129_Commonwealth of Dominica Maritime Registry, Inc._Jamal, Shahid_Short-Form.pdf",foreign_principle_name,1.0,1.0,0.19893457,0.22352906,0.4628083157607437,0.3861114931849948
test,"20121129_Commonwealth of Dominica Maritime Registry, Inc._Jamal, Shahid_Short-Form.pdf",file_date,1.0,1.0,0.9235635,0.9684061,0.4140782102220732,0.9342881652472788
test,"20121129_Commonwealth of Dominica Maritime Registry, Inc._Jamal, Shahid_Short-Form.pdf",signer_name,1.0,1.0,0.8664196,0.8524559,0.9561340247675042,0.992079536895357
test,"20121129_Commonwealth of Dominica Maritime Registry, Inc._Jamal, Shahid_Short-Form.pdf",signer_title,0.0,0.0,0.065051086,0.061491393,0.01827796577811457,0.08317425408363649
test,"20180413_ThirdCircle, Inc._Smotkin, Richard_Short-Form.pdf",registration_num,1.0,1.0,0.87923753,0.9219081,0.9702140047205979,0.3525193386652423
test,"20180413_ThirdCircle, Inc._Smotkin, Richard_Short-Form.pdf",registrant_name,0.0,0.0,0.6702937,0.5809335,0.831312372996827,0.311511948598393
test,"20180413_ThirdCircle, Inc._Smotkin, Richard_Short-Form.pdf",foreign_principle_name,0.0,0.0,0.21545434,0.15368477,0.18395601721472715,0.061297614084335074
test,"20180413_ThirdCircle, Inc._Smotkin, Richard_Short-Form.pdf",file_date,1.0,1.0,0.86048996,0.9267653,0.6951197240598093,0.9505773507956535
test,"20180413_ThirdCircle, Inc._Smotkin, Richard_Short-Form.pdf",signer_name,1.0,1.0,0.80532885,0.7878793,0.9753107403378316,0.995420486098823
test,"20180413_ThirdCircle, Inc._Smotkin, Richard_Short-Form.pdf",signer_title,1.0,1.0,0.3499695,0.19663793,0.6279884603954717,0.36969713014094835
test,"20140310_Daniel J. Edelman, Inc._Beebe, Christianna_Short-Form.pdf",registration_num,1.0,1.0,0.8967329,0.9256511,0.9531329194158397,0.9407540607014993
test,"20140310_Daniel J. Edelman, Inc._Beebe, Christianna_Short-Form.pdf",registrant_name,1.0,1.0,0.9079472,0.9361038,0.7816535818255694,0.7777169383012466
test,"20140310_Daniel J. Edelman, Inc._Beebe, Christianna_Short-Form.pdf",foreign_principle_name,1.0,1.0,0.43883452,0.5471002,0.75599281445087,0.6848054356787127
test,"20140310_Daniel J. Edelman, Inc._Beebe, Christianna_Short-Form.pdf",file_date,1.0,1.0,0.91861403,0.9054858,0.7216032092182737,0.9332682660442454
test,"20140310_Daniel J. Edelman, Inc._Beebe, Christianna_Short-Form.pdf",signer_name,0.0,0.0,0.8832642,0.9221932,0.7139844050778307,0.9185709637485214
test,"20140310_Daniel J. Edelman, Inc._Beebe, Christianna_Short-Form.pdf",signer_title,1.0,1.0,0.10461672,0.059228517,0.5988450114197365,0.38995569884103515
test,"20080918_Squire Patton Boggs, LLP_Boggs, Thomas Hale , Jr._Short-Form.pdf",registration_num,1.0,1.0,0.93726426,0.99290943,0.9629951228994087,0.9546501665255875
test,"20080918_Squire Patton Boggs, LLP_Boggs, Thomas Hale , Jr._Short-Form.pdf",registrant_name,1.0,1.0,0.81535816,0.81463754,0.4911801479063982,0.5668124039511672
test,"20080918_Squire Patton Boggs, LLP_Boggs, Thomas Hale , Jr._Short-Form.pdf",foreign_principle_name,0.0,0.0,0.038957797,0.047148723,0.025921997915330237,0.13534682000608964
test,"20080918_Squire Patton Boggs, LLP_Boggs, Thomas Hale , Jr._Short-Form.pdf",file_date,1.0,1.0,0.9248886,0.9508158,0.8022422638791165,0.9586032439608944
test,"20080918_Squire Patton Boggs, LLP_Boggs, Thomas Hale , Jr._Short-Form.pdf",signer_name,0.0,0.0,0.21882817,0.16184327,0.47226092752227594,0.17822945029594411
test,"20080918_Squire Patton Boggs, LLP_Boggs, Thomas Hale , Jr._Short-Form.pdf",signer_title,0.0,0.0,0.43861142,0.49384958,0.08072181672397452,0.09057754658466756
test,"20160727_Gallagher Group, LLC_Gallagher, James P._Short-Form.pdf",registration_num,1.0,1.0,0.9087742,0.9661271,0.9670046365095685,0.9394668612981689
test,"20160727_Gallagher Group, LLC_Gallagher, James P._Short-Form.pdf",registrant_name,1.0,1.0,0.8768695,0.8916608,0.9284044933569605,0.958148778579279
test,"20160727_Gallagher Group, LLC_Gallagher, James P._Short-Form.pdf",foreign_principle_name,1.0,1.0,0.32102448,0.37539116,0.1596338085437977,0.42134251355988894
test,"20160727_Gallagher Group, LLC_Gallagher, James P._Short-Form.pdf",file_date,1.0,1.0,0.60998046,0.64377606,0.7489741218851057,0.5929442666020589
test,"20160727_Gallagher Group, LLC_Gallagher, James P._Short-Form.pdf",signer_name,1.0,1.0,0.91150653,0.94105643,0.9710374006664216,0.9899054150013984
test,"20160727_Gallagher Group, LLC_Gallagher, James P._Short-Form.pdf",signer_title,1.0,1.0,0.46952724,0.29049984,0.9184906493956815,0.7144251785316367
test,"20180525_KOTRA_Koo, Hyunmo_Short-Form.pdf",registration_num,1.0,1.0,0.9278887,0.974216,0.9600908405395433,0.9547544189291868
test,"20180525_KOTRA_Koo, Hyunmo_Short-Form.pdf",registrant_name,0.0,0.0,0.62573516,0.62852323,0.7978221306496046,0.47487869278492134
test,"20180525_KOTRA_Koo, Hyunmo_Short-Form.pdf",foreign_principle_name,0.0,0.0,0.2999644,0.23001143,0.06804259606122462,0.062227619991225176
test,"20180525_KOTRA_Koo, Hyunmo_Short-Form.pdf",file_date,0.0,0.0,0.6740961,0.7199526,0.680265254855546,0.6425119680438224
test,"20180525_KOTRA_Koo, Hyunmo_Short-Form.pdf",signer_name,1.0,1.0,0.77544165,0.74864435,0.9205590370091663,0.9807166593818424
test,"20180525_KOTRA_Koo, Hyunmo_Short-Form.pdf",signer_title,1.0,1.0,0.22156854,0.11738287,0.7129707802908037,0.48277998435164315
test,"20130226_Lloyd_s of London Market Representatives_Miesowitz, Sabrina Ariel_Short-Form.pdf",registration_num,1.0,1.0,0.9267541,0.97518843,0.9622847518480496,0.9541056012348166
test,"20130226_Lloyd_s of London Market Representatives_Miesowitz, Sabrina Ariel_Short-Form.pdf",registrant_name,1.0,1.0,0.68052477,0.7252413,0.35845779569819397,0.2904203874900774
test,"20130226_Lloyd_s of London Market Representatives_Miesowitz, Sabrina Ariel_Short-Form.pdf",foreign_principle_name,0.0,0.0,0.08313741,0.07624519,0.04060021039797124,0.028915140982273033
test,"20130226_Lloyd_s of London Market Representatives_Miesowitz, Sabrina Ariel_Short-Form.pdf",file_date,1.0,1.0,0.9244755,0.9636103,0.5667777762012892,0.9290564854376336
test,"20130226_Lloyd_s of London Market Representatives_Miesowitz, Sabrina Ariel_Short-Form.pdf",signer_name,1.0,1.0,0.83732396,0.781175,0.9724984452071777,0.9935144467192044
test,"20130226_Lloyd_s of London Market Representatives_Miesowitz, Sabrina Ariel_Short-Form.pdf",signer_title,0.0,0.0,0.15877315,0.18519408,0.17610700480400596,0.050684260231288664
test,"20090609_Tourism Ireland Limited_Metcalfe, Alison_Short-Form.pdf",registration_num,1.0,1.0,0.89015615,0.9064492,0.9518036917964942,0.9262660180968876
test,"20090609_Tourism Ireland Limited_Metcalfe, Alison_Short-Form.pdf",registrant_name,0.0,0.0,0.68654114,0.6341175,0.7398836553052178,0.14810827825724596
test,"20090609_Tourism Ireland Limited_Metcalfe, Alison_Short-Form.pdf",foreign_principle_name,1.0,1.0,0.3784723,0.39127198,0.3423906052881678,0.46693051324710944
test,"20090609_Tourism Ireland Limited_Metcalfe, Alison_Short-Form.pdf",file_date,0.0,0.0,0.64194274,0.59110546,0.07081680704894097,0.05436447558473289
test,"20090609_Tourism Ireland Limited_Metcalfe, Alison_Short-Form.pdf",signer_name,0.0,0.0,0.048017103,0.046574175,0.012595624607904476,0.06720452400712831
test,"20090609_Tourism Ireland Limited_Metcalfe, Alison_Short-Form.pdf",signer_title,0.0,0.0,0.02771849,0.027362267,0.06915816500180326,0.018458604590184002
test,"20090424_Raben Group, LLC_Huffman, Katharine_Short-Form.pdf",registration_num,0.0,0.0,0.40969104,0.19642627,0.48773355131552054,0.2759395439679651
test,"20090424_Raben Group, LLC_Huffman, Katharine_Short-Form.pdf",registrant_name,1.0,1.0,0.81262225,0.8591671,0.7350056932054396,0.6355914965899523
test,"20090424_Raben Group, LLC_Huffman, Katharine_Short-Form.pdf",foreign_principle_name,1.0,1.0,0.19656524,0.21050493,0.24712596781656113,0.2567672046985276
test,"20090424_Raben Group, LLC_Huffman, Katharine_Short-Form.pdf",file_date,0.0,0.0,0.10632273,0.07963731,0.19375814328284474,0.36295281460862877
test,"20090424_Raben Group, LLC_Huffman, Katharine_Short-Form.pdf",signer_name,0.0,0.0,0.4538339,0.39563346,0.32066311924293356,0.49914394302963644
test,"20090424_Raben Group, LLC_Huffman, Katharine_Short-Form.pdf",signer_title,1.0,1.0,0.3765022,0.19101317,0.6279884603954717,0.3787160794310707
test,"20170606_Sonoran Policy Group, LLC_Stryk, Robert Daniel_Short-Form.pdf",registration_num,0.0,0.0,0.044590287,0.038415782,0.17014681955690503,0.6193001688461267
test,"20170606_Sonoran Policy Group, LLC_Stryk, Robert Daniel_Short-Form.pdf",registrant_name,0.0,0.0,0.689076,0.64949906,0.8313091092745236,0.09151775527380368
test,"20170606_Sonoran Policy Group, LLC_Stryk, Robert Daniel_Short-Form.pdf",foreign_principle_name,0.0,0.0,0.21889985,0.22923212,0.06437932509029899,0.04699450243309348
test,"20170606_Sonoran Policy Group, LLC_Stryk, Robert Daniel_Short-Form.pdf",file_date,1.0,1.0,0.89940006,0.89551866,0.5601541700705936,0.9517627929846613
test,"20170606_Sonoran Policy Group, LLC_Stryk, Robert Daniel_Short-Form.pdf",signer_name,0.0,1.0,0.94396496,0.9567874,0.953247725116853,0.9940419675036859
test,"20170606_Sonoran Policy Group, LLC_Stryk, Robert Daniel_Short-Form.pdf",signer_title,1.0,1.0,0.32989794,0.17923088,0.6236019510726366,0.35014894826471965
test,"20170906_Akin, Gump, Strauss, Hauer _ Feld, LLP_Green, Karen Goldmeier_Short-Form.pdf",registration_num,1.0,1.0,0.9296114,0.96381617,0.847998447916176,0.9877909186968521
test,"20170906_Akin, Gump, Strauss, Hauer _ Feld, LLP_Green, Karen Goldmeier_Short-Form.pdf",registrant_name,0.0,0.0,0.5393913,0.41749316,0.943825594847558,0.4702706681239801
test,"20170906_Akin, Gump, Strauss, Hauer _ Feld, LLP_Green, Karen Goldmeier_Short-Form.pdf",foreign_principle_name,1.0,1.0,0.20830536,0.20225362,0.09933761158703865,0.31337753152342496
test,"20170906_Akin, Gump, Strauss, Hauer _ Feld, LLP_Green, Karen Goldmeier_Short-Form.pdf",file_date,1.0,1.0,0.7950936,0.832166,0.7719846346749863,0.6425119680438224
test,"20170906_Akin, Gump, Strauss, Hauer _ Feld, LLP_Green, Karen Goldmeier_Short-Form.pdf",signer_name,1.0,1.0,0.73436534,0.55344415,0.9751588678371435,0.9935144467192044
test,"20170906_Akin, Gump, Strauss, Hauer _ Feld, LLP_Green, Karen Goldmeier_Short-Form.pdf",signer_title,1.0,1.0,0.47730666,0.28929806,0.9143286400973806,0.7144251785316367
test,"20100602_Ketchum Inc. NY_Avgerinos, Katherine Pembrook_Short-Form.pdf",registration_num,0.0,0.0,0.03105903,0.04298142,0.025599023526744633,0.010973496864697277
test,"20100602_Ketchum Inc. NY_Avgerinos, Katherine Pembrook_Short-Form.pdf",registrant_name,1.0,1.0,0.8915035,0.95825386,0.48793682424470425,0.6857445540119438
test,"20100602_Ketchum Inc. NY_Avgerinos, Katherine Pembrook_Short-Form.pdf",foreign_principle_name,1.0,1.0,0.41708645,0.3918686,0.25195745099316025,0.1974977888504466
test,"20100602_Ketchum Inc. NY_Avgerinos, Katherine Pembrook_Short-Form.pdf",file_date,0.0,0.0,0.29012382,0.15319577,0.3239848885730512,0.12821590380056497
test,"20100602_Ketchum Inc. NY_Avgerinos, Katherine Pembrook_Short-Form.pdf",signer_name,0.0,0.0,0.8347082,0.8960576,0.6818998679141071,0.8040465450929647
test,"20100602_Ketchum Inc. NY_Avgerinos, Katherine Pembrook_Short-Form.pdf",signer_title,0.0,0.0,0.035318747,0.037180364,0.06542011597963927,0.010039879158626277
test,"20180308_Akin, Gump, Strauss, Hauer _ Feld, LLP_Mehta, Prakash_Short-Form.pdf",registration_num,1.0,1.0,0.9176587,0.9589645,0.9622847518480496,0.9394668612981689
test,"20180308_Akin, Gump, Strauss, Hauer _ Feld, LLP_Mehta, Prakash_Short-Form.pdf",registrant_name,1.0,1.0,0.9011057,0.892039,0.8450202694006528,0.9453389648356197
test,"20180308_Akin, Gump, Strauss, Hauer _ Feld, LLP_Mehta, Prakash_Short-Form.pdf",foreign_principle_name,1.0,1.0,0.3597431,0.3303432,0.8703318372178285,0.8302812674345134
test,"20180308_Akin, Gump, Strauss, Hauer _ Feld, LLP_Mehta, Prakash_Short-Form.pdf",file_date,1.0,1.0,0.5847211,0.62036073,0.6385998162413666,0.5929442666020589
test,"20180308_Akin, Gump, Strauss, Hauer _ Feld, LLP_Mehta, Prakash_Short-Form.pdf",signer_name,1.0,1.0,0.92909753,0.96669674,0.9626153265583323,0.9940702830825555
test,"20180308_Akin, Gump, Strauss, Hauer _ Feld, LLP_Mehta, Prakash_Short-Form.pdf",signer_title,1.0,1.0,0.32549712,0.17865203,0.6251602422598549,0.35014894826471965
test,"20140528_KOTRA_Lee, Taisik_Short-Form.pdf",registration_num,1.0,1.0,0.9338929,0.98129016,0.9669453340980543,0.9629449957947378
test,"20140528_KOTRA_Lee, Taisik_Short-Form.pdf",registrant_name,0.0,0.0,0.6153658,0.5921725,0.7746298397382172,0.12466098404177685
test,"20140528_KOTRA_Lee, Taisik_Short-Form.pdf",foreign_principle_name,0.0,0.0,0.2619468,0.21196035,0.3985935912222558,0.10167638729688518
test,"20140528_KOTRA_Lee, Taisik_Short-Form.pdf",file_date,1.0,1.0,0.9294921,0.96915597,0.572497560352816,0.9498230343949682
test,"20140528_KOTRA_Lee, Taisik_Short-Form.pdf",signer_name,1.0,1.0,0.83196604,0.79067814,0.6680050377890294,0.9639735952638313
test,"20140528_KOTRA_Lee, Taisik_Short-Form.pdf",signer_title,0.0,0.0,0.06862203,0.053371213,0.1255055570067921,0.08206727697679357
test,"20160930_MWW Group, LLC_Riedinger, Jennifer_Short-Form.pdf",registration_num,1.0,1.0,0.9067367,0.9176502,0.9476345462232921,0.8118757154774846
test,"20160930_MWW Group, LLC_Riedinger, Jennifer_Short-Form.pdf",registrant_name,0.0,0.0,0.8271434,0.7673594,0.9496950657347857,0.3887706350144656
test,"20160930_MWW Group, LLC_Riedinger, Jennifer_Short-Form.pdf",foreign_principle_name,0.0,0.0,0.38218588,0.44783306,0.12617744182611948,0.48984929365533003
test,"20160930_MWW Group, LLC_Riedinger, Jennifer_Short-Form.pdf",file_date,1.0,1.0,0.2850477,0.24323535,0.48904690960599456,0.2687368177021847
test,"20160930_MWW Group, LLC_Riedinger, Jennifer_Short-Form.pdf",signer_name,0.0,0.0,0.31262285,0.17372647,0.15836377918331845,0.12660032504780197
test,"20160930_MWW Group, LLC_Riedinger, Jennifer_Short-Form.pdf",signer_title,1.0,1.0,0.5097332,0.32216448,0.9143286400973806,0.7144251785316367
test,"20160720_Adams Jones Law Firm, P.A._Hughes, Patrick B._Short-Form.pdf",registration_num,0.0,0.0,0.2280403,0.2185313,0.8972351724170426,0.07737465165685714
test,"20160720_Adams Jones Law Firm, P.A._Hughes, Patrick B._Short-Form.pdf",registrant_name,1.0,1.0,0.90594196,0.9704243,0.8759357198917752,0.9297682088672945
test,"20160720_Adams Jones Law Firm, P.A._Hughes, Patrick B._Short-Form.pdf",foreign_principle_name,0.0,0.0,0.21379085,0.28779638,0.08409524683095168,0.0884616556622994
test,"20160720_Adams Jones Law Firm, P.A._Hughes, Patrick B._Short-Form.pdf",file_date,1.0,1.0,0.45002127,0.43721217,0.8272639422013147,0.716187365925561
test,"20160720_Adams Jones Law Firm, P.A._Hughes, Patrick B._Short-Form.pdf",signer_name,1.0,1.0,0.8921901,0.8686817,0.963406138234185,0.9888290789124489
test,"20160720_Adams Jones Law Firm, P.A._Hughes, Patrick B._Short-Form.pdf",signer_title,0.0,0.0,0.29104748,0.29800242,0.07656081422118823,0.21770155154026827
test,"20160601_Manatos _ Manatos_Manatos, Emanuel A. _Mike__Short-Form.pdf",registration_num,0.0,0.0,0.09121477,0.055336565,0.03533488023431487,0.021239933982911734
test,"20160601_Manatos _ Manatos_Manatos, Emanuel A. _Mike__Short-Form.pdf",registrant_name,1.0,1.0,0.8732341,0.92145264,0.754366777611856,0.9363684927528863
test,"20160601_Manatos _ Manatos_Manatos, Emanuel A. _Mike__Short-Form.pdf",foreign_principle_name,1.0,1.0,0.42587942,0.46029383,0.39975828679463044,0.27403356663581946
test,"20160601_Manatos _ Manatos_Manatos, Emanuel A. _Mike__Short-Form.pdf",file_date,0.0,0.0,0.75499135,0.7903645,0.7231297466928496,0.8505973505429237
test,"20160601_Manatos _ Manatos_Manatos, Emanuel A. _Mike__Short-Form.pdf",signer_name,1.0,1.0,0.49329844,0.42183542,0.8399440626922318,0.6585249290258826
test,"20160601_Manatos _ Manatos_Manatos, Emanuel A. _Mike__Short-Form.pdf",signer_title,1.0,1.0,0.8757906,0.95789796,0.9446499726254702,0.9371168218405282
test,"20120412_JETRO, New York_Wakisaka, Michihiro_Short-Form.pdf",registration_num,1.0,1.0,0.882098,0.9358835,0.9283830320936384,0.9394668612981689
test,"20120412_JETRO, New York_Wakisaka, Michihiro_Short-Form.pdf",registrant_name,0.0,0.0,0.5414613,0.4361093,0.8434386303492974,0.09050056497019268
test,"20120412_JETRO, New York_Wakisaka, Michihiro_Short-Form.pdf",foreign_principle_name,0.0,0.0,0.15435998,0.1343334,0.13352735259726398,0.07109030401546929
test,"20120412_JETRO, New York_Wakisaka, Michihiro_Short-Form.pdf",file_date,1.0,1.0,0.70481575,0.7724576,0.7814086278312002,0.7574294140777317
test,"20120412_JETRO, New York_Wakisaka, Michihiro_Short-Form.pdf",signer_name,0.0,0.0,0.07422591,0.058525514,0.28921693992217057,0.09078183767762624
test,"20120412_JETRO, New York_Wakisaka, Michihiro_Short-Form.pdf",signer_title,0.0,0.0,0.19426844,0.164582,0.11365106478306981,0.15008434422333722
test,"20110722_BGR Government Affairs, LLC_Patten, William Samuel Jr._Short-Form.pdf",registration_num,1.0,1.0,0.9404048,0.9757509,0.957955774414467,0.950004623736324
test,"20110722_BGR Government Affairs, LLC_Patten, William Samuel Jr._Short-Form.pdf",registrant_name,0.0,0.0,0.83642614,0.7623703,0.7725120646748718,0.9409386656442846
test,"20110722_BGR Government Affairs, LLC_Patten, William Samuel Jr._Short-Form.pdf",foreign_principle_name,1.0,1.0,0.1477327,0.15388402,0.03960145001189806,0.057705090082147074
test,"20110722_BGR Government Affairs, LLC_Patten, William Samuel Jr._Short-Form.pdf",file_date,1.0,1.0,0.6549702,0.6252373,0.7617285363019217,0.6953278636365179
test,"20110722_BGR Government Affairs, LLC_Patten, William Samuel Jr._Short-Form.pdf",signer_name,1.0,1.0,0.82357347,0.735752,0.9710071179686517,0.9934010645781236
test,"20110722_BGR Government Affairs, LLC_Patten, William Samuel Jr._Short-Form.pdf",signer_title,0.0,0.0,0.06633141,0.06381713,0.01827796577811457,0.08317425408363649
test,"20130110_Dilenschneider Group, Inc._Dilenschneider, Robert L._Short-Form.pdf",registration_num,1.0,1.0,0.91234463,0.9378376,0.9670046365095685,0.3525193386652423
test,"20130110_Dilenschneider Group, Inc._Dilenschneider, Robert L._Short-Form.pdf",registrant_name,1.0,1.0,0.8340068,0.7956899,0.6853969215609762,0.81515958872205
test,"20130110_Dilenschneider Group, Inc._Dilenschneider, Robert L._Short-Form.pdf",foreign_principle_name,1.0,1.0,0.15391517,0.18088673,0.039192665280772435,0.28398013256241816
test,"20130110_Dilenschneider Group, Inc._Dilenschneider, Robert L._Short-Form.pdf",file_date,1.0,1.0,0.8615041,0.9133426,0.6735194081640055,0.9206507346811462
test,"20130110_Dilenschneider Group, Inc._Dilenschneider, Robert L._Short-Form.pdf",signer_name,1.0,1.0,0.8837269,0.8467454,0.9724984452071777,0.9935144467192044
test,"20130110_Dilenschneider Group, Inc._Dilenschneider, Robert L._Short-Form.pdf",signer_title,0.0,0.0,0.17955112,0.22295764,0.31921136087715524,0.06438186651288286
test,"20100720_Daniel J. Edelman, Inc._Dolezal, Ashley_Short-Form.pdf",registration_num,1.0,1.0,0.9192049,0.9391099,0.9600908405395433,0.9477952693734935
test,"20100720_Daniel J. Edelman, Inc._Dolezal, Ashley_Short-Form.pdf",registrant_name,1.0,1.0,0.8879906,0.9208468,0.5264548277588778,0.29524358222366187
test,"20100720_Daniel J. Edelman, Inc._Dolezal, Ashley_Short-Form.pdf",foreign_principle_name,1.0,1.0,0.3510034,0.4554718,0.4143491771013435,0.47593035979044396
test,"20100720_Daniel J. Edelman, Inc._Dolezal, Ashley_Short-Form.pdf",file_date,0.0,0.0,0.10334772,0.083387196,0.1587831804615306,0.3598739930312141
test,"20100720_Daniel J. Edelman, Inc._Dolezal, Ashley_Short-Form.pdf",signer_name,0.0,0.0,0.66083175,0.6412449,0.22364579015634484,0.7949436437081413
test,"20100720_Daniel J. Edelman, Inc._Dolezal, Ashley_Short-Form.pdf",signer_title,1.0,1.0,0.7128056,0.7308501,0.9184906493956815,0.7144251785316367
test,"20180210_Forbes Tate Partners LLC_Tate Jr., Daniel Clyde_Short-Form.pdf",registration_num,0.0,0.0,0.07465722,0.04279577,0.04829038346789627,0.015242890574086326
test,"20180210_Forbes Tate Partners LLC_Tate Jr., Daniel Clyde_Short-Form.pdf",registrant_name,1.0,1.0,0.832283,0.85404235,0.8620933908636009,0.8079356788173535
test,"20180210_Forbes Tate Partners LLC_Tate Jr., Daniel Clyde_Short-Form.pdf",foreign_principle_name,1.0,1.0,0.32845145,0.37274605,0.48119774082406824,0.5556377003659861
test,"20180210_Forbes Tate Partners LLC_Tate Jr., Daniel Clyde_Short-Form.pdf",file_date,0.0,0.0,0.6767514,0.7974703,0.7814086278312002,0.7325379373083452
test,"20180210_Forbes Tate Partners LLC_Tate Jr., Daniel Clyde_Short-Form.pdf",signer_name,0.0,0.0,0.24052222,0.13931444,0.7667517747285542,0.4948558276293608
test,"20180210_Forbes Tate Partners LLC_Tate Jr., Daniel Clyde_Short-Form.pdf",signer_title,1.0,1.0,0.822604,0.9157938,0.9244530324436474,0.7570325335443393
test,"20171218_Livingston Group, LLC_Robinson, John Bernard_Short-Form.pdf",registration_num,0.0,0.0,0.07867163,0.04417298,0.04499014715516828,0.02693359018670435
test,"20171218_Livingston Group, LLC_Robinson, John Bernard_Short-Form.pdf",registrant_name,1.0,1.0,0.92683375,0.96536446,0.9145962862145641,0.7060095484008561
test,"20171218_Livingston Group, LLC_Robinson, John Bernard_Short-Form.pdf",foreign_principle_name,1.0,1.0,0.23431435,0.2564792,0.0296865412686115,0.24843324787887555
test,"20171218_Livingston Group, LLC_Robinson, John Bernard_Short-Form.pdf",file_date,1.0,1.0,0.5687421,0.64865243,0.7856557092418385,0.6146557157488177
test,"20171218_Livingston Group, LLC_Robinson, John Bernard_Short-Form.pdf",signer_name,1.0,1.0,0.8983903,0.903199,0.9744266425757822,0.9940661390378207
test,"20171218_Livingston Group, LLC_Robinson, John Bernard_Short-Form.pdf",signer_title,1.0,1.0,0.79569423,0.8746103,0.9001424291191251,0.6830596610261267
test,"20150416_Daschle Group, LLC_Daschle, Nathan_Short-Form.pdf",registration_num,1.0,1.0,0.9207409,0.96353036,0.9506447528710464,0.926683971474851
test,"20150416_Daschle Group, LLC_Daschle, Nathan_Short-Form.pdf",registrant_name,1.0,1.0,0.87599915,0.9144681,0.8480269035366154,0.651406527810526
test,"20150416_Daschle Group, LLC_Daschle, Nathan_Short-Form.pdf",foreign_principle_name,0.0,1.0,0.07588555,0.12797348,0.013212559258280427,0.29844083356277484
test,"20150416_Daschle Group, LLC_Daschle, Nathan_Short-Form.pdf",file_date,1.0,1.0,0.50939316,0.5775663,0.6726873630004786,0.6513451987206414
test,"20150416_Daschle Group, LLC_Daschle, Nathan_Short-Form.pdf",signer_name,1.0,1.0,0.909073,0.9058186,0.9598443973103876,0.9943393303662236
test,"20150416_Daschle Group, LLC_Daschle, Nathan_Short-Form.pdf",signer_title,1.0,1.0,0.58388555,0.3895433,0.8750871816747993,0.7049520104791043
test,"20120606_Daniel J. Edelman, Inc._Dreyer, Kate_Short-Form.pdf",registration_num,1.0,1.0,0.8315474,0.8827499,0.831587155145521,0.4019261460347939
test,"20120606_Daniel J. Edelman, Inc._Dreyer, Kate_Short-Form.pdf",registrant_name,1.0,1.0,0.9277919,0.96211326,0.8914714968760706,0.6643982165377008
test,"20120606_Daniel J. Edelman, Inc._Dreyer, Kate_Short-Form.pdf",foreign_principle_name,1.0,1.0,0.24311323,0.31437787,0.10790053551644195,0.3269791471294305
test,"20120606_Daniel J. Edelman, Inc._Dreyer, Kate_Short-Form.pdf",file_date,1.0,1.0,0.8358747,0.92288876,0.6951197240598093,0.9489196893221964
test,"20120606_Daniel J. Edelman, Inc._Dreyer, Kate_Short-Form.pdf",signer_name,1.0,1.0,0.8741821,0.89393634,0.9377860518406697,0.9860071773407678
test,"20120606_Daniel J. Edelman, Inc._Dreyer, Kate_Short-Form.pdf",signer_title,1.0,1.0,0.3507784,0.20250838,0.6279884603954717,0.3817788817523431
test,"20110210_Korea National Tourism Organization, New Jersey_Kim, Jeongah_Short-Form.pdf",registration_num,1.0,1.0,0.91823035,0.96708333,0.9648836645444822,0.9516423792309445
test,"20110210_Korea National Tourism Organization, New Jersey_Kim, Jeongah_Short-Form.pdf",registrant_name,1.0,1.0,0.67312706,0.74500626,0.8339795073192824,0.9514675044375224
test,"20110210_Korea National Tourism Organization, New Jersey_Kim, Jeongah_Short-Form.pdf",foreign_principle_name,1.0,1.0,0.1003931,0.11706928,0.03434464780315983,0.13250442811277835
test,"20110210_Korea National Tourism Organization, New Jersey_Kim, Jeongah_Short-Form.pdf",file_date,0.0,0.0,0.13529965,0.08400312,0.4707737841343797,0.13749917835704767
test,"20110210_Korea National Tourism Organization, New Jersey_Kim, Jeongah_Short-Form.pdf",signer_name,0.0,0.0,0.09257898,0.06797521,0.3961328357699017,0.1354186316660363
test,"20110210_Korea National Tourism Organization, New Jersey_Kim, Jeongah_Short-Form.pdf",signer_title,0.0,0.0,0.06468043,0.04196949,0.01827796577811457,0.024444586346464847
test,"20141016_Podesta Group, Inc._Tavlarides, Mark_Short-Form.pdf",registration_num,1.0,1.0,0.9357557,0.96943694,0.965226048990588,0.9251154133256699
test,"20141016_Podesta Group, Inc._Tavlarides, Mark_Short-Form.pdf",registrant_name,1.0,1.0,0.9120639,0.926239,0.6277611835050823,0.7146826113868666
test,"20141016_Podesta Group, Inc._Tavlarides, Mark_Short-Form.pdf",foreign_principle_name,0.0,0.0,0.06665303,0.07821105,0.020103411511004247,0.13534682000608964
test,"20141016_Podesta Group, Inc._Tavlarides, Mark_Short-Form.pdf",file_date,0.0,0.0,0.8561037,0.8909954,0.7858717059510315,0.6620892355391016
test,"20141016_Podesta Group, Inc._Tavlarides, Mark_Short-Form.pdf",signer_name,0.0,0.0,0.84155285,0.86067486,0.7135380069416589,0.926493962872614
test,"20141016_Podesta Group, Inc._Tavlarides, Mark_Short-Form.pdf",signer_title,0.0,0.0,0.24497695,0.28477654,0.07059414811491578,0.3942576845008832
test,"20090402_JETRO, New York_Hikino, Teruki_Short-Form.pdf",registration_num,1.0,1.0,0.93280184,0.9792698,0.9614817207182607,0.9186304297454583
test,"20090402_JETRO, New York_Hikino, Teruki_Short-Form.pdf",registrant_name,1.0,1.0,0.80812025,0.9175824,0.7824058603257874,0.9060922091360998
test,"20090402_JETRO, New York_Hikino, Teruki_Short-Form.pdf",foreign_principle_name,0.0,0.0,0.25643662,0.3082785,0.029110649527312907,0.31222312108836664
test,"20090402_JETRO, New York_Hikino, Teruki_Short-Form.pdf",file_date,0.0,0.0,0.14317201,0.10501854,0.13194676809883257,0.042837865080501414
test,"20090402_JETRO, New York_Hikino, Teruki_Short-Form.pdf",signer_name,0.0,0.0,0.0949634,0.09721061,0.39891162488840093,0.22427840582500996
test,"20090402_JETRO, New York_Hikino, Teruki_Short-Form.pdf",signer_title,0.0,0.0,0.1908361,0.2475144,0.18248143240624107,0.14878512106169822
test,"20180112_RunSwitch PR, LLC_Carnahan, Kaylee_Short-Form.pdf",registration_num,1.0,1.0,0.69953364,0.75496674,0.9009320152926436,0.42246445573938757
test,"20180112_RunSwitch PR, LLC_Carnahan, Kaylee_Short-Form.pdf",registrant_name,1.0,1.0,0.8393242,0.8710388,0.8008732276757952,0.933734549241893
test,"20180112_RunSwitch PR, LLC_Carnahan, Kaylee_Short-Form.pdf",foreign_principle_name,0.0,0.0,0.22312328,0.26695427,0.1212337045194901,0.21953029946883568
test,"20180112_RunSwitch PR, LLC_Carnahan, Kaylee_Short-Form.pdf",file_date,0.0,1.0,0.8563733,0.94092286,0.3901616968314001,0.9187969025236062
test,"20180112_RunSwitch PR, LLC_Carnahan, Kaylee_Short-Form.pdf",signer_name,0.0,0.0,0.18507223,0.13335724,0.625721771190047,0.47964388166076194
test,"20180112_RunSwitch PR, LLC_Carnahan, Kaylee_Short-Form.pdf",signer_title,1.0,1.0,0.32143396,0.17759599,0.6251602422598549,0.35014894826471965
test,"20180131_BGR Government Affairs, LLC_Osborne, Jason_Short-Form.pdf",registration_num,1.0,1.0,0.9393533,0.9784025,0.9600908405395433,0.9541056012348166
test,"20180131_BGR Government Affairs, LLC_Osborne, Jason_Short-Form.pdf",registrant_name,0.0,0.0,0.4390932,0.45403355,0.41725943530878384,0.08229720727971872
test,"20180131_BGR Government Affairs, LLC_Osborne, Jason_Short-Form.pdf",foreign_principle_name,0.0,0.0,0.18462029,0.17030421,0.07852015373396448,0.04320364213355279
test,"20180131_BGR Government Affairs, LLC_Osborne, Jason_Short-Form.pdf",file_date,1.0,1.0,0.89502907,0.9585004,0.5377010854097471,0.9346467376879726
test,"20180131_BGR Government Affairs, LLC_Osborne, Jason_Short-Form.pdf",signer_name,1.0,1.0,0.88708335,0.8834547,0.943173993112603,0.9876739921948984
test,"20180131_BGR Government Affairs, LLC_Osborne, Jason_Short-Form.pdf",signer_title,0.0,0.0,0.07160863,0.06599655,0.01827796577811457,0.08317425408363649
test,"20121023_Commonwealth of Dominica Maritime Registry, Inc._Kikvadze, Zurab_Short-Form.pdf",registration_num,1.0,1.0,0.9323284,0.9701623,0.9670046365095685,0.9394668612981689
test,"20121023_Commonwealth of Dominica Maritime Registry, Inc._Kikvadze, Zurab_Short-Form.pdf",registrant_name,0.0,0.0,0.650816,0.5639268,0.7016922526023164,0.3003959305166364
test,"20121023_Commonwealth of Dominica Maritime Registry, Inc._Kikvadze, Zurab_Short-Form.pdf",foreign_principle_name,1.0,1.0,0.20482287,0.23635364,0.4701986808330217,0.4280561220652813
test,"20121023_Commonwealth of Dominica Maritime Registry, Inc._Kikvadze, Zurab_Short-Form.pdf",file_date,0.0,0.0,0.49244076,0.5423562,0.8171832068049207,0.6774531410602015
test,"20121023_Commonwealth of Dominica Maritime Registry, Inc._Kikvadze, Zurab_Short-Form.pdf",signer_name,1.0,1.0,0.80190766,0.71564615,0.9587346183296475,0.9947397358826265
test,"20121023_Commonwealth of Dominica Maritime Registry, Inc._Kikvadze, Zurab_Short-Form.pdf",signer_title,0.0,0.0,0.42523068,0.38302764,0.6846404580733261,0.32820751461509334
test,"20100909_Gephardt Group Government Affairs, LLC_Messmer, Michael_Short-Form.pdf",registration_num,1.0,1.0,0.9430572,0.990606,0.9616767448238007,0.9570330641946919
test,"20100909_Gephardt Group Government Affairs, LLC_Messmer, Michael_Short-Form.pdf",registrant_name,1.0,1.0,0.85894614,0.90087795,0.7664928928913606,0.6127536910191462
test,"20100909_Gephardt Group Government Affairs, LLC_Messmer, Michael_Short-Form.pdf",foreign_principle_name,0.0,0.0,0.35516128,0.3911713,0.2622370052543222,0.24664586827793247
test,"20100909_Gephardt Group Government Affairs, LLC_Messmer, Michael_Short-Form.pdf",file_date,0.0,1.0,0.15815133,0.13253747,0.5141763165129138,0.4843015631838542
test,"20100909_Gephardt Group Government Affairs, LLC_Messmer, Michael_Short-Form.pdf",signer_name,0.0,0.0,0.91023314,0.909434,0.6940316534107073,0.9037306186057005
test,"20100909_Gephardt Group Government Affairs, LLC_Messmer, Michael_Short-Form.pdf",signer_title,0.0,0.0,0.052219976,0.044334475,0.15674369086252513,0.01966768391996771
test,"20180710_LGND, LLC_Clements, Molly_Short-Form.pdf",registration_num,1.0,1.0,0.80064785,0.7747035,0.9404421577758387,0.7493204611356511
test,"20180710_LGND, LLC_Clements, Molly_Short-Form.pdf",registrant_name,1.0,1.0,0.8957822,0.946792,0.7298564502636256,0.5999395984378731
test,"20180710_LGND, LLC_Clements, Molly_Short-Form.pdf",foreign_principle_name,1.0,1.0,0.23320162,0.2717494,0.023386217740270523,0.19440506919940131
test,"20180710_LGND, LLC_Clements, Molly_Short-Form.pdf",file_date,0.0,0.0,0.6634051,0.68068457,0.6286712020894638,0.6092274522539578
test,"20180710_LGND, LLC_Clements, Molly_Short-Form.pdf",signer_name,0.0,0.0,0.85803145,0.858373,0.9604779835035163,0.9847290586178674
test,"20180710_LGND, LLC_Clements, Molly_Short-Form.pdf",signer_title,0.0,0.0,0.0900657,0.08246963,0.07656081422118823,0.2645532310090394
test,"20150925_DCI Group AZ, LLC_Horrell, Chad_Short-Form.pdf",registration_num,1.0,1.0,0.89630145,0.9362342,0.9434140560757194,0.9407540607014993
test,"20150925_DCI Group AZ, LLC_Horrell, Chad_Short-Form.pdf",registrant_name,0.0,0.0,0.44979668,0.35126096,0.6782932706849222,0.2861318003777819
test,"20150925_DCI Group AZ, LLC_Horrell, Chad_Short-Form.pdf",foreign_principle_name,0.0,0.0,0.13570006,0.14859605,0.0706632425208055,0.21179179327627204
test,"20150925_DCI Group AZ, LLC_Horrell, Chad_Short-Form.pdf",file_date,1.0,1.0,0.6691608,0.72004956,0.6385998162413666,0.5929442666020589
test,"20150925_DCI Group AZ, LLC_Horrell, Chad_Short-Form.pdf",signer_name,0.0,1.0,0.8379717,0.721853,0.9561340247675042,0.9915542489032422
test,"20150925_DCI Group AZ, LLC_Horrell, Chad_Short-Form.pdf",signer_title,0.0,0.0,0.04824401,0.052554213,0.07656081422118823,0.2645532310090394
test,"20110913_MSLGROUP Americas, Inc._Dealey, Sam_Short-Form.pdf",registration_num,1.0,1.0,0.9217326,0.95843446,0.9009320152926436,0.8784710649203733
test,"20110913_MSLGROUP Americas, Inc._Dealey, Sam_Short-Form.pdf",registrant_name,0.0,0.0,0.630555,0.6826137,0.8517864765145754,0.12157075948470958
test,"20110913_MSLGROUP Americas, Inc._Dealey, Sam_Short-Form.pdf",foreign_principle_name,1.0,1.0,0.22179464,0.26153833,0.27264623948218153,0.23626403561710188
test,"20110913_MSLGROUP Americas, Inc._Dealey, Sam_Short-Form.pdf",file_date,0.0,0.0,0.8323201,0.8739055,0.7493057076353568,0.8505973505429237
test,"20110913_MSLGROUP Americas, Inc._Dealey, Sam_Short-Form.pdf",signer_name,0.0,0.0,0.1395252,0.10087784,0.4820008337096324,0.10234444664204796
test,"20110913_MSLGROUP Americas, Inc._Dealey, Sam_Short-Form.pdf",signer_title,0.0,0.0,0.0305708,0.037226506,0.01827796577811457,0.08317425408363649
test,"20180418_Akin, Gump, Strauss, Hauer _ Feld, LLP_McCarthy, Justin_Short-Form.pdf",registration_num,1.0,1.0,0.9066044,0.95503366,0.9622847518480496,0.9541056012348166
test,"20180418_Akin, Gump, Strauss, Hauer _ Feld, LLP_McCarthy, Justin_Short-Form.pdf",registrant_name,1.0,1.0,0.9111263,0.91601735,0.7987491288744687,0.9337950539530839
test,"20180418_Akin, Gump, Strauss, Hauer _ Feld, LLP_McCarthy, Justin_Short-Form.pdf",foreign_principle_name,0.0,0.0,0.2397748,0.32675287,0.26527789345244285,0.32945679255263866
test,"20180418_Akin, Gump, Strauss, Hauer _ Feld, LLP_McCarthy, Justin_Short-Form.pdf",file_date,1.0,1.0,0.88348025,0.9344822,0.6951197240598093,0.9360870686374294
test,"20180418_Akin, Gump, Strauss, Hauer _ Feld, LLP_McCarthy, Justin_Short-Form.pdf",signer_name,1.0,1.0,0.8963917,0.89756,0.9581779312787817,0.9887095762240525
test,"20180418_Akin, Gump, Strauss, Hauer _ Feld, LLP_McCarthy, Justin_Short-Form.pdf",signer_title,0.0,0.0,0.2953754,0.2805972,0.7502697186862152,0.3630858486139402
test,"20170830_SAPRAC, Inc._Daffa, Reem_Short-Form.pdf",registration_num,1.0,1.0,0.8740797,0.92269766,0.9479223571700653,0.3525193386652423
test,"20170830_SAPRAC, Inc._Daffa, Reem_Short-Form.pdf",registrant_name,0.0,0.0,0.4694829,0.33874038,0.727732957495731,0.2617151242034064
test,"20170830_SAPRAC, Inc._Daffa, Reem_Short-Form.pdf",foreign_principle_name,0.0,0.0,0.2467792,0.36228824,0.15087051575078134,0.26463095654307356
test,"20170830_SAPRAC, Inc._Daffa, Reem_Short-Form.pdf",file_date,1.0,1.0,0.83637047,0.8278664,0.7814086278312002,0.9057096562065713
test,"20170830_SAPRAC, Inc._Daffa, Reem_Short-Form.pdf",signer_name,1.0,1.0,0.78488845,0.6675545,0.9241216253540572,0.9920417912107642
test,"20170830_SAPRAC, Inc._Daffa, Reem_Short-Form.pdf",signer_title,0.0,0.0,0.041010205,0.046105385,0.01827796577811457,0.08317425408363649
test,"20160914_kglobal LLC_Pikulsky III, Theodore T._Short-Form.pdf",registration_num,1.0,1.0,0.908473,0.95021963,0.9639476226847532,0.4217304490441416
test,"20160914_kglobal LLC_Pikulsky III, Theodore T._Short-Form.pdf",registrant_name,1.0,1.0,0.81406754,0.89228946,0.5256861162514599,0.11088808295040002
test,"20160914_kglobal LLC_Pikulsky III, Theodore T._Short-Form.pdf",foreign_principle_name,1.0,1.0,0.2692417,0.3002239,0.8299531064228,0.6600862594357012
test,"20160914_kglobal LLC_Pikulsky III, Theodore T._Short-Form.pdf",file_date,0.0,0.0,0.87849474,0.91610277,0.8304353668314688,0.897436396147116
test,"20160914_kglobal LLC_Pikulsky III, Theodore T._Short-Form.pdf",signer_name,0.0,0.0,0.14692605,0.10772701,0.2601237275845102,0.13336594997180673
test,"20160914_kglobal LLC_Pikulsky III, Theodore T._Short-Form.pdf",signer_title,0.0,0.0,0.086440325,0.09508836,0.06030738710385113,0.03788080999736766
test,"20170519_Ballard Partners_Wexler, Robert_Short-Form.pdf",registration_num,1.0,1.0,0.9164983,0.94264305,0.9434140560757194,0.9407540607014993
test,"20170519_Ballard Partners_Wexler, Robert_Short-Form.pdf",registrant_name,0.0,0.0,0.7038986,0.66701645,0.8262266928862048,0.31229722738059873
test,"20170519_Ballard Partners_Wexler, Robert_Short-Form.pdf",foreign_principle_name,0.0,0.0,0.22484007,0.2165157,0.21313220827879398,0.046610465333887297
test,"20170519_Ballard Partners_Wexler, Robert_Short-Form.pdf",file_date,1.0,1.0,0.9159886,0.96721953,0.5660308136875755,0.9532582444905291
test,"20170519_Ballard Partners_Wexler, Robert_Short-Form.pdf",signer_name,1.0,1.0,0.9102828,0.88260573,0.9626153265583323,0.9940702830825555
test,"20170519_Ballard Partners_Wexler, Robert_Short-Form.pdf",signer_title,1.0,1.0,0.4042755,0.23404439,0.9048816497476568,0.7163401865912706
test,"20140418_Sorini, Samet _ Associates, LLC_Kingery, John_Short-Form.pdf",registration_num,1.0,1.0,0.9364545,0.98170644,0.9628625817068719,0.9541056012348166
test,"20140418_Sorini, Samet _ Associates, LLC_Kingery, John_Short-Form.pdf",registrant_name,1.0,1.0,0.8875834,0.9216531,0.7937144586003957,0.800099360149882
test,"20140418_Sorini, Samet _ Associates, LLC_Kingery, John_Short-Form.pdf",foreign_principle_name,0.0,0.0,0.36231,0.37386388,0.21136711243561251,0.30486141140385786
test,"20140418_Sorini, Samet _ Associates, LLC_Kingery, John_Short-Form.pdf",file_date,0.0,0.0,0.82159615,0.89000976,0.8150364149637571,0.6341443649886312
test,"20140418_Sorini, Samet _ Associates, LLC_Kingery, John_Short-Form.pdf",signer_name,0.0,0.0,0.8535948,0.7702863,0.7432578608286914,0.9229238526799147
test,"20140418_Sorini, Samet _ Associates, LLC_Kingery, John_Short-Form.pdf",signer_title,0.0,0.0,0.1622084,0.11034404,0.2886927644546709,0.05752505687719421
test,"20180202_Husch Blackwell Strategies, LLC_Ariale, John Michael_Short-Form.pdf",registration_num,1.0,1.0,0.81009567,0.9000729,0.9145195276492079,0.16595427281891365
test,"20180202_Husch Blackwell Strategies, LLC_Ariale, John Michael_Short-Form.pdf",registrant_name,1.0,1.0,0.9198437,0.96004885,0.7368947311922707,0.8184473888565399
test,"20180202_Husch Blackwell Strategies, LLC_Ariale, John Michael_Short-Form.pdf",foreign_principle_name,1.0,1.0,0.10100051,0.11982286,0.07236681924597452,0.4682771410105578
test,"20180202_Husch Blackwell Strategies, LLC_Ariale, John Michael_Short-Form.pdf",file_date,1.0,1.0,0.9101116,0.9632282,0.435154491074081,0.9415430767859082
test,"20180202_Husch Blackwell Strategies, LLC_Ariale, John Michael_Short-Form.pdf",signer_name,0.0,0.0,0.8240129,0.9081445,0.722946583511578,0.8682973955946586
test,"20180202_Husch Blackwell Strategies, LLC_Ariale, John Michael_Short-Form.pdf",signer_title,0.0,0.0,0.27892214,0.20478883,0.5848840976948602,0.15071594265749763
test,"20170731_Alston _ Bird, LLP_Feddo, Thomas_Short-Form.pdf",registration_num,0.0,0.0,0.05006074,0.041925125,0.17014681955690503,0.6193001688461267
test,"20170731_Alston _ Bird, LLP_Feddo, Thomas_Short-Form.pdf",registrant_name,0.0,0.0,0.5094419,0.49065417,0.6015102042218853,0.07773261488572418
test,"20170731_Alston _ Bird, LLP_Feddo, Thomas_Short-Form.pdf",foreign_principle_name,0.0,0.0,0.09734001,0.10932555,0.041389271882129035,0.24294273133797897
test,"20170731_Alston _ Bird, LLP_Feddo, Thomas_Short-Form.pdf",file_date,1.0,1.0,0.9045781,0.9463495,0.4125925154186877,0.9147020385169492
test,"20170731_Alston _ Bird, LLP_Feddo, Thomas_Short-Form.pdf",signer_name,1.0,1.0,0.9095852,0.92125064,0.9691185738198406,0.9887970380508291
test,"20170731_Alston _ Bird, LLP_Feddo, Thomas_Short-Form.pdf",signer_title,1.0,1.0,0.53032875,0.34013027,0.8750871816747993,0.7049520104791043
test,"20140730_Mercury Public Affairs, LLC_Fay, Chapin_Short-Form.pdf",registration_num,1.0,1.0,0.8408278,0.86859167,0.7912931796260563,0.8084806092311929
test,"20140730_Mercury Public Affairs, LLC_Fay, Chapin_Short-Form.pdf",registrant_name,0.0,0.0,0.64204395,0.54520494,0.8908600554451329,0.540736535711894
test,"20140730_Mercury Public Affairs, LLC_Fay, Chapin_Short-Form.pdf",foreign_principle_name,1.0,1.0,0.14098044,0.15611811,0.013952626101074828,0.216509017398241
test,"20140730_Mercury Public Affairs, LLC_Fay, Chapin_Short-Form.pdf",file_date,1.0,1.0,0.89144915,0.931126,0.5868489712576271,0.9147020385169492
test,"20140730_Mercury Public Affairs, LLC_Fay, Chapin_Short-Form.pdf",signer_name,1.0,1.0,0.797586,0.6942261,0.9405922245478081,0.9915542489032422
test,"20140730_Mercury Public Affairs, LLC_Fay, Chapin_Short-Form.pdf",signer_title,0.0,0.0,0.07074548,0.064660914,0.01827796577811457,0.08317425408363649
test,"20111028_Scottish Enterprise_Hamilton, Sharon Elizabeth_Short-Form.pdf",registration_num,1.0,1.0,0.9269751,0.9714736,0.9633970616162866,0.9580177659190234
test,"20111028_Scottish Enterprise_Hamilton, Sharon Elizabeth_Short-Form.pdf",registrant_name,0.0,1.0,0.8657311,0.93903667,0.9425853495194716,0.966790343398878
test,"20111028_Scottish Enterprise_Hamilton, Sharon Elizabeth_Short-Form.pdf",foreign_principle_name,0.0,0.0,0.49798384,0.5411322,0.8417885917052889,0.7616812452789722
test,"20111028_Scottish Enterprise_Hamilton, Sharon Elizabeth_Short-Form.pdf",file_date,0.0,0.0,0.17039129,0.12311238,0.4495814112157373,0.15545631760833828
test,"20111028_Scottish Enterprise_Hamilton, Sharon Elizabeth_Short-Form.pdf",signer_name,1.0,1.0,0.72491425,0.6578223,0.08979981368733383,0.39984854795571195
test,"20111028_Scottish Enterprise_Hamilton, Sharon Elizabeth_Short-Form.pdf",signer_title,1.0,1.0,0.5259156,0.4569736,0.6986497133813799,0.4372223122886677
test,"20090609_JETRO, San Francisco_Shelton, Douglas_Short-Form.pdf",registration_num,1.0,1.0,0.9362739,0.9883014,0.9616767448238007,0.9611424366071641
test,"20090609_JETRO, San Francisco_Shelton, Douglas_Short-Form.pdf",registrant_name,1.0,1.0,0.8882388,0.94591063,0.9522287033628695,0.7922805655912681
test,"20090609_JETRO, San Francisco_Shelton, Douglas_Short-Form.pdf",foreign_principle_name,0.0,0.0,0.25329348,0.28748718,0.027142979612344395,0.3098565194671037
test,"20090609_JETRO, San Francisco_Shelton, Douglas_Short-Form.pdf",file_date,0.0,0.0,0.2506191,0.17940074,0.39593182903335833,0.14168268501617176
test,"20090609_JETRO, San Francisco_Shelton, Douglas_Short-Form.pdf",signer_name,0.0,0.0,0.0440881,0.034343984,0.11276865562499362,0.0395813613407488
test,"20090609_JETRO, San Francisco_Shelton, Douglas_Short-Form.pdf",signer_title,0.0,0.0,0.1023646,0.11721631,0.08836236178004103,0.03790408061262906
test,"20100929_JETRO, New York_Mizutani, Koichi_Short-Form.pdf",registration_num,1.0,1.0,0.9226044,0.9680339,0.9614817207182607,0.9493887360902394
test,"20100929_JETRO, New York_Mizutani, Koichi_Short-Form.pdf",registrant_name,0.0,0.0,0.31590635,0.21366546,0.8848094450582206,0.08008693448452775
test,"20100929_JETRO, New York_Mizutani, Koichi_Short-Form.pdf",foreign_principle_name,0.0,0.0,0.18675256,0.21675777,0.022036280033429615,0.37709171341275877
test,"20100929_JETRO, New York_Mizutani, Koichi_Short-Form.pdf",file_date,0.0,0.0,0.37683937,0.40047866,0.3391697557035164,0.08487036188775608
test,"20100929_JETRO, New York_Mizutani, Koichi_Short-Form.pdf",signer_name,0.0,0.0,0.07194119,0.07111746,0.36056380447107006,0.10869484556193867
test,"20100929_JETRO, New York_Mizutani, Koichi_Short-Form.pdf",signer_title,0.0,0.0,0.475066,0.4283592,0.2138512390684459,0.29173956931626854
stage4-qwen2b,"20120913_Daniel J. Edelman, Inc._Naple, Michael Anthony_Short-Form.pdf",registration_num,1.0,1.0,0.9471334,0.9843308,0.9699314726208982,0.9461911203820702
stage4-qwen2b,"20120913_Daniel J. Edelman, Inc._Naple, Michael Anthony_Short-Form.pdf",registrant_name,0.0,0.0,0.23262402,0.17605937,0.6412458415179458,0.08134981469015302
stage4-qwen2b,"20120913_Daniel J. Edelman, Inc._Naple, Michael Anthony_Short-Form.pdf",foreign_principle_name,1.0,1.0,0.359307,0.45651484,0.07356718485668431,0.22154721311524117
stage4-qwen2b,"20120913_Daniel J. Edelman, Inc._Naple, Michael Anthony_Short-Form.pdf",file_date,1.0,1.0,0.9320342,0.9867757,0.8609817441893013,0.9608396100947506
stage4-qwen2b,"20120913_Daniel J. Edelman, Inc._Naple, Michael Anthony_Short-Form.pdf",signer_name,0.0,0.0,0.33839786,0.34234512,0.9759799431763382,0.9264408338876009
stage4-qwen2b,"20120913_Daniel J. Edelman, Inc._Naple, Michael Anthony_Short-Form.pdf",signer_title,1.0,1.0,0.84735554,0.94032127,0.9505109207715255,0.9096513721177683
stage4-qwen2b,"20120521_General Delegation of the PLO to the US_Farsakh, Nizar H._Short-Form.pdf",registration_num,1.0,1.0,0.94561565,0.98883784,0.9647043121525283,0.9552350807615005
stage4-qwen2b,"20120521_General Delegation of the PLO to the US_Farsakh, Nizar H._Short-Form.pdf",registrant_name,0.0,0.0,0.40296596,0.28201145,0.49189033218403666,0.18545859037069445
stage4-qwen2b,"20120521_General Delegation of the PLO to the US_Farsakh, Nizar H._Short-Form.pdf",foreign_principle_name,0.0,0.0,0.123570964,0.12863943,0.0724038489784031,0.04195650854847791
stage4-qwen2b,"20120521_General Delegation of the PLO to the US_Farsakh, Nizar H._Short-Form.pdf",file_date,1.0,1.0,0.9455738,0.982659,0.7918847919429518,0.9569957923882805
stage4-qwen2b,"20120521_General Delegation of the PLO to the US_Farsakh, Nizar H._Short-Form.pdf",signer_name,1.0,1.0,0.7941259,0.77474564,0.7108869581690672,0.9623539073432892
stage4-qwen2b,"20120521_General Delegation of the PLO to the US_Farsakh, Nizar H._Short-Form.pdf",signer_title,1.0,1.0,0.8365822,0.93009025,0.9573475652146184,0.8901628434707238
stage4-qwen2b,"20130408_Karv Communications, Inc._Frank, Andrew D._Short-Form.pdf",registration_num,1.0,1.0,0.6362325,0.3774167,0.8642800556608823,0.18587774499884205
stage4-qwen2b,"20130408_Karv Communications, Inc._Frank, Andrew D._Short-Form.pdf",registrant_name,1.0,1.0,0.9356122,0.9647211,0.9229404429271129,0.9616750106420363
stage4-qwen2b,"20130408_Karv Communications, Inc._Frank, Andrew D._Short-Form.pdf",foreign_principle_name,1.0,1.0,0.25791597,0.3456815,0.31804046908488487,0.4414517391057149
stage4-qwen2b,"20130408_Karv Communications, Inc._Frank, Andrew D._Short-Form.pdf",file_date,1.0,1.0,0.93632543,0.96939373,0.9044580565856993,0.9445619289528333
stage4-qwen2b,"20130408_Karv Communications, Inc._Frank, Andrew D._Short-Form.pdf",signer_name,0.0,0.0,0.019689897,0.022198975,0.011823010281984844,0.07265012443271716
stage4-qwen2b,"20130408_Karv Communications, Inc._Frank, Andrew D._Short-Form.pdf",signer_title,0.0,0.0,0.26669675,0.26966053,0.36074099400784354,0.508687075387159
stage4-qwen2b,"20180626_Daniel J. Edelman, Inc._Brown, Rebecca_Short-Form.pdf",registration_num,1.0,1.0,0.9419791,0.983977,0.9699528430561973,0.9490225407250655
stage4-qwen2b,"20180626_Daniel J. Edelman, Inc._Brown, Rebecca_Short-Form.pdf",registrant_name,0.0,0.0,0.5809124,0.6247546,0.78043056481775,0.26914644194500037
stage4-qwen2b,"20180626_Daniel J. Edelman, Inc._Brown, Rebecca_Short-Form.pdf",foreign_principle_name,0.0,0.0,0.20710671,0.17487137,0.03202003869556932,0.1354510631728294
stage4-qwen2b,"20180626_Daniel J. Edelman, Inc._Brown, Rebecca_Short-Form.pdf",file_date,1.0,1.0,0.38317686,0.2863047,0.8395203049753183,0.4888877754238795
stage4-qwen2b,"20180626_Daniel J. Edelman, Inc._Brown, Rebecca_Short-Form.pdf",signer_name,0.0,0.0,0.02469274,0.021612708,0.10400072061743124,0.12186958652302482
stage4-qwen2b,"20180626_Daniel J. Edelman, Inc._Brown, Rebecca_Short-Form.pdf",signer_title,1.0,1.0,0.7922295,0.8840664,0.908564965331439,0.6830596610261267
stage4-qwen2b,"20130917_Daniel J. Edelman, Inc._Lau, Timothy C_Short-Form.pdf",registration_num,1.0,1.0,0.9391924,0.9801893,0.9696798980843085,0.9732671486364853
stage4-qwen2b,"20130917_Daniel J. Edelman, Inc._Lau, Timothy C_Short-Form.pdf",registrant_name,1.0,1.0,0.92479736,0.9640104,0.8904206348707443,0.7724949198697435
stage4-qwen2b,"20130917_Daniel J. Edelman, Inc._Lau, Timothy C_Short-Form.pdf",foreign_principle_name,1.0,1.0,0.2338643,0.29369426,0.3174185370345654,0.4014996581491413
stage4-qwen2b,"20130917_Daniel J. Edelman, Inc._Lau, Timothy C_Short-Form.pdf",file_date,1.0,1.0,0.93437463,0.96478397,0.5015868926245105,0.9396741296496331
stage4-qwen2b,"20130917_Daniel J. Edelman, Inc._Lau, Timothy C_Short-Form.pdf",signer_name,1.0,1.0,0.9340483,0.9074522,0.8215533274172597,0.9627417175629727
stage4-qwen2b,"20130917_Daniel J. Edelman, Inc._Lau, Timothy C_Short-Form.pdf",signer_title,1.0,1.0,0.8567174,0.9468096,0.9546081025572302,0.9191024634671036
stage4-qwen2b,"20091127_Korea National Tourism Organization, New Jersey_Park, Younghee_Short-Form.pdf",registration_num,1.0,1.0,0.9265462,0.98738205,0.9723262916414984,0.9529584382052549
stage4-qwen2b,"20091127_Korea National Tourism Organization, New Jersey_Park, Younghee_Short-Form.pdf",registrant_name,1.0,1.0,0.8443996,0.8885349,0.7077390242778372,0.9546463887962812
stage4-qwen2b,"20091127_Korea National Tourism Organization, New Jersey_Park, Younghee_Short-Form.pdf",foreign_principle_name,0.0,0.0,0.20824122,0.18481198,0.07767956967693836,0.19682470484254994
stage4-qwen2b,"20091127_Korea National Tourism Organization, New Jersey_Park, Younghee_Short-Form.pdf",file_date,1.0,1.0,0.9275924,0.9602863,0.8148557520588946,0.9543582787494599
stage4-qwen2b,"20091127_Korea National Tourism Organization, New Jersey_Park, Younghee_Short-Form.pdf",signer_name,0.0,1.0,0.8862139,0.9299594,0.32659798380823823,0.8870726937301631
stage4-qwen2b,"20091127_Korea National Tourism Organization, New Jersey_Park, Younghee_Short-Form.pdf",signer_title,1.0,1.0,0.79793036,0.8671009,0.904921954455299,0.6830596610261267
stage4-qwen2b,"20180703_BerlinRosen Ltd._Blenner, Michael_Short-Form.pdf",registration_num,1.0,1.0,0.9372364,0.9753927,0.9723262916414984,0.9470236505432162
stage4-qwen2b,"20180703_BerlinRosen Ltd._Blenner, Michael_Short-Form.pdf",registrant_name,1.0,1.0,0.83983433,0.899156,0.6354594904635426,0.3490908301561365
stage4-qwen2b,"20180703_BerlinRosen Ltd._Blenner, Michael_Short-Form.pdf",foreign_principle_name,1.0,1.0,0.16678505,0.1593223,0.06061680259661001,0.37097286611174807
stage4-qwen2b,"20180703_BerlinRosen Ltd._Blenner, Michael_Short-Form.pdf",file_date,1.0,1.0,0.9359132,0.9831427,0.5734962553251041,0.9517627929846613
stage4-qwen2b,"20180703_BerlinRosen Ltd._Blenner, Michael_Short-Form.pdf",signer_name,1.0,1.0,0.932954,0.9415933,0.959268195435767,0.9854047861028701
stage4-qwen2b,"20180703_BerlinRosen Ltd._Blenner, Michael_Short-Form.pdf",signer_title,1.0,1.0,0.853996,0.9434673,0.9505109207715255,0.8977990803580062
stage4-qwen2b,"20161229_Crowell _ Moring International, Ltd._Beukman, Willem Danie_Short-Form.pdf",registration_num,1.0,1.0,0.9384801,0.98671186,0.9754853049697422,0.9683476304216023
stage4-qwen2b,"20161229_Crowell _ Moring International, Ltd._Beukman, Willem Danie_Short-Form.pdf",registrant_name,0.0,0.0,0.37843674,0.26387724,0.845500393670687,0.23671463588557579
stage4-qwen2b,"20161229_Crowell _ Moring International, Ltd._Beukman, Willem Danie_Short-Form.pdf",foreign_principle_name,1.0,1.0,0.13375986,0.15170293,0.018208261506205144,0.25898775912761535
stage4-qwen2b,"20161229_Crowell _ Moring International, Ltd._Beukman, Willem Danie_Short-Form.pdf",file_date,1.0,1.0,0.92314804,0.9767429,0.7644148748352402,0.9440909074509145
stage4-qwen2b,"20161229_Crowell _ Moring International, Ltd._Beukman, Willem Danie_Short-Form.pdf",signer_name,1.0,1.0,0.83247995,0.74258524,0.8916074336189671,0.9800314358023848
stage4-qwen2b,"20161229_Crowell _ Moring International, Ltd._Beukman, Willem Danie_Short-Form.pdf",signer_title,1.0,1.0,0.84368354,0.9367754,0.9553473442712682,0.8977990803580062
stage4-qwen2b,"20150831_Quebec Government Office_Lauzon, Jean-Claude_Short-Form.pdf",registration_num,1.0,1.0,0.93328893,0.97348917,0.9487936105649799,0.9494673207332893
stage4-qwen2b,"20150831_Quebec Government Office_Lauzon, Jean-Claude_Short-Form.pdf",registrant_name,1.0,1.0,0.8048299,0.8494439,0.740307732793877,0.7415966157036665
stage4-qwen2b,"20150831_Quebec Government Office_Lauzon, Jean-Claude_Short-Form.pdf",foreign_principle_name,0.0,0.0,0.11786015,0.11947505,0.028687333594042134,0.18320714570061755
stage4-qwen2b,"20150831_Quebec Government Office_Lauzon, Jean-Claude_Short-Form.pdf",file_date,1.0,1.0,0.9102043,0.9496161,0.2350156713869922,0.932548756649608
stage4-qwen2b,"20150831_Quebec Government Office_Lauzon, Jean-Claude_Short-Form.pdf",signer_name,1.0,1.0,0.9048853,0.89544,0.9286719295630278,0.9838807695408418
stage4-qwen2b,"20150831_Quebec Government Office_Lauzon, Jean-Claude_Short-Form.pdf",signer_title,1.0,1.0,0.75938684,0.84089565,0.9161953353825549,0.7049520104791043
stage4-qwen2b,"20180308_Akin, Gump, Strauss, Hauer _ Feld, LLP_Verhoff, Geoff_Short-Form.pdf",registration_num,1.0,1.0,0.9368416,0.98555136,0.9680407522790151,0.9704005340586835
stage4-qwen2b,"20180308_Akin, Gump, Strauss, Hauer _ Feld, LLP_Verhoff, Geoff_Short-Form.pdf",registrant_name,1.0,1.0,0.92490226,0.94099206,0.8993084629484714,0.9574575228032236
stage4-qwen2b,"20180308_Akin, Gump, Strauss, Hauer _ Feld, LLP_Verhoff, Geoff_Short-Form.pdf",foreign_principle_name,1.0,1.0,0.36170322,0.33259487,0.8332256707439152,0.7843941273286866
stage4-qwen2b,"20180308_Akin, Gump, Strauss, Hauer _ Feld, LLP_Verhoff, Geoff_Short-Form.pdf",file_date,1.0,1.0,0.9393843,0.976919,0.5500601117259349,0.9469218908716858
stage4-qwen2b,"20180308_Akin, Gump, Strauss, Hauer _ Feld, LLP_Verhoff, Geoff_Short-Form.pdf",signer_name,1.0,1.0,0.90579927,0.8948118,0.8672331943575442,0.9709823772372355
stage4-qwen2b,"20180308_Akin, Gump, Strauss, Hauer _ Feld, LLP_Verhoff, Geoff_Short-Form.pdf",signer_title,1.0,1.0,0.85596895,0.9421226,0.9478911629995661,0.8977990803580062
stage4-qwen2b,"20080502_Daniel J. Edelman, Inc._Domingo, Roquena_Short-Form.pdf",registration_num,1.0,1.0,0.9351522,0.9764597,0.9770443367507238,0.9421009210561251
stage4-qwen2b,"20080502_Daniel J. Edelman, Inc._Domingo, Roquena_Short-Form.pdf",registrant_name,0.0,0.0,0.7558881,0.7157996,0.7716875623750049,0.10656004019878662
stage4-qwen2b,"20080502_Daniel J. Edelman, Inc._Domingo, Roquena_Short-Form.pdf",foreign_principle_name,1.0,1.0,0.1507309,0.1543087,0.22534784590647208,0.20616751173884576
stage4-qwen2b,"20080502_Daniel J. Edelman, Inc._Domingo, Roquena_Short-Form.pdf",file_date,0.0,0.0,0.26931316,0.18391176,0.8484481195503417,0.47740571943390525
stage4-qwen2b,"20080502_Daniel J. Edelman, Inc._Domingo, Roquena_Short-Form.pdf",signer_name,0.0,0.0,0.09857391,0.06337114,0.2524532999862031,0.20649705450137845
stage4-qwen2b,"20080502_Daniel J. Edelman, Inc._Domingo, Roquena_Short-Form.pdf",signer_title,0.0,0.0,0.40924507,0.4546114,0.6267724478714418,0.493003781350317
stage4-qwen2b,"20141204_Commonwealth of Dominica Maritime Registry, Inc._Kumari, Jyotsna_Short-Form.pdf",registration_num,1.0,1.0,0.9427409,0.98327273,0.9668715723094613,0.9542049629067547
stage4-qwen2b,"20141204_Commonwealth of Dominica Maritime Registry, Inc._Kumari, Jyotsna_Short-Form.pdf",registrant_name,1.0,1.0,0.77802646,0.8637611,0.7819175012159929,0.8525251422824212
stage4-qwen2b,"20141204_Commonwealth of Dominica Maritime Registry, Inc._Kumari, Jyotsna_Short-Form.pdf",foreign_principle_name,1.0,1.0,0.18897244,0.20850213,0.16956852614028775,0.21750416814630466
stage4-qwen2b,"20141204_Commonwealth of Dominica Maritime Registry, Inc._Kumari, Jyotsna_Short-Form.pdf",file_date,1.0,1.0,0.9105498,0.84848994,0.45232176418574244,0.9457311394570169
stage4-qwen2b,"20141204_Commonwealth of Dominica Maritime Registry, Inc._Kumari, Jyotsna_Short-Form.pdf",signer_name,0.0,0.0,0.058276333,0.04662711,0.04147832889958498,0.030132819508964365
stage4-qwen2b,"20141204_Commonwealth of Dominica Maritime Registry, Inc._Kumari, Jyotsna_Short-Form.pdf",signer_title,1.0,1.0,0.69080055,0.735788,0.9206620491716208,0.7163401865912706
stage4-qwen2b,"20110826_Raben Group, LLC_Goulart, Kimberly_Short-Form.pdf",registration_num,1.0,1.0,0.93255126,0.9634166,0.9723262916414984,0.9529584382052549
stage4-qwen2b,"20110826_Raben Group, LLC_Goulart, Kimberly_Short-Form.pdf",registrant_name,0.0,0.0,0.7032607,0.634728,0.9786283506599153,0.8014060726966317
stage4-qwen2b,"20110826_Raben Group, LLC_Goulart, Kimberly_Short-Form.pdf",foreign_principle_name,1.0,1.0,0.1654611,0.16453747,0.18596643190459403,0.3049203661688774
stage4-qwen2b,"20110826_Raben Group, LLC_Goulart, Kimberly_Short-Form.pdf",file_date,1.0,1.0,0.9417383,0.98514384,0.9042111727770306,0.9775364728358678
stage4-qwen2b,"20110826_Raben Group, LLC_Goulart, Kimberly_Short-Form.pdf",signer_name,0.0,0.0,0.1367009,0.090595916,0.44100490519879715,0.14591076014221976
stage4-qwen2b,"20110826_Raben Group, LLC_Goulart, Kimberly_Short-Form.pdf",signer_title,1.0,1.0,0.8350007,0.9163807,0.9413647595545988,0.7957451056034474
stage4-qwen2b,"20160427_DCI Group AZ, LLC_Stevens, Craig_Short-Form.pdf",registration_num,1.0,1.0,0.95054114,0.99200565,0.9683963706300108,0.9597715239297934
stage4-qwen2b,"20160427_DCI Group AZ, LLC_Stevens, Craig_Short-Form.pdf",registrant_name,1.0,1.0,0.9192025,0.96552914,0.8195796359715041,0.6595270077044562
stage4-qwen2b,"20160427_DCI Group AZ, LLC_Stevens, Craig_Short-Form.pdf",foreign_principle_name,0.0,0.0,0.1112193,0.11883368,0.010126118179485496,0.14907786662919847
stage4-qwen2b,"20160427_DCI Group AZ, LLC_Stevens, Craig_Short-Form.pdf",file_date,1.0,1.0,0.9318368,0.9850876,0.8609817441893013,0.9644588121317322
stage4-qwen2b,"20160427_DCI Group AZ, LLC_Stevens, Craig_Short-Form.pdf",signer_name,0.0,1.0,0.9294836,0.9530798,0.9390758292739139,0.9637531799057368
stage4-qwen2b,"20160427_DCI Group AZ, LLC_Stevens, Craig_Short-Form.pdf",signer_title,1.0,1.0,0.8331593,0.92595035,0.9582739438108062,0.8510188646561161
stage4-qwen2b,"20100506_JETRO, San Francisco_Lampe, Sean_Short-Form.pdf",registration_num,1.0,1.0,0.9358452,0.9902774,0.9723262916414984,0.9455363863898057
stage4-qwen2b,"20100506_JETRO, San Francisco_Lampe, Sean_Short-Form.pdf",registrant_name,0.0,0.0,0.3377507,0.36662483,0.5678597761248294,0.037311256093110666
stage4-qwen2b,"20100506_JETRO, San Francisco_Lampe, Sean_Short-Form.pdf",foreign_principle_name,0.0,0.0,0.23841405,0.27890387,0.029952101136196674,0.4052981395420647
stage4-qwen2b,"20100506_JETRO, San Francisco_Lampe, Sean_Short-Form.pdf",file_date,1.0,1.0,0.94188404,0.9664235,0.7362695205228682,0.9709730651725357
stage4-qwen2b,"20100506_JETRO, San Francisco_Lampe, Sean_Short-Form.pdf",signer_name,0.0,0.0,0.19066766,0.18295935,0.7058284647916601,0.18783721329018066
stage4-qwen2b,"20100506_JETRO, San Francisco_Lampe, Sean_Short-Form.pdf",signer_title,1.0,1.0,0.8234045,0.90044737,0.9143351547554273,0.7557740826152164
stage4-qwen2b,"20160330_VisitBritain_Ruttle, Courtney_Short-Form.pdf",registration_num,1.0,1.0,0.939901,0.9798837,0.9738564137714053,0.9718749200530594
stage4-qwen2b,"20160330_VisitBritain_Ruttle, Courtney_Short-Form.pdf",registrant_name,1.0,1.0,0.8551305,0.8998786,0.8050800613245092,0.9210971728966587
stage4-qwen2b,"20160330_VisitBritain_Ruttle, Courtney_Short-Form.pdf",foreign_principle_name,1.0,1.0,0.25283444,0.25660262,0.14430237531044007,0.2098415493274597
stage4-qwen2b,"20160330_VisitBritain_Ruttle, Courtney_Short-Form.pdf",file_date,1.0,1.0,0.9342858,0.9793938,0.806440280017192,0.9526539295120302
stage4-qwen2b,"20160330_VisitBritain_Ruttle, Courtney_Short-Form.pdf",signer_name,1.0,1.0,0.8779975,0.86963195,0.9494309904333345,0.9834702263190703
stage4-qwen2b,"20160330_VisitBritain_Ruttle, Courtney_Short-Form.pdf",signer_title,1.0,1.0,0.8372548,0.93204296,0.9593512651878773,0.8901628434707238
stage4-qwen2b,"20171127_MMGY Global, LLC_O_Neal, Leslie_Short-Form.pdf",registration_num,0.0,0.0,0.570714,0.3848527,0.9622847518480496,0.2950700929300321
stage4-qwen2b,"20171127_MMGY Global, LLC_O_Neal, Leslie_Short-Form.pdf",registrant_name,1.0,1.0,0.8817274,0.9340369,0.6418255096711433,0.5505707724141023
stage4-qwen2b,"20171127_MMGY Global, LLC_O_Neal, Leslie_Short-Form.pdf",foreign_principle_name,1.0,1.0,0.24570544,0.3110857,0.7883339586561395,0.6936407744620188
stage4-qwen2b,"20171127_MMGY Global, LLC_O_Neal, Leslie_Short-Form.pdf",file_date,1.0,1.0,0.9302412,0.97827464,0.5495804947322301,0.9396741296496331
stage4-qwen2b,"20171127_MMGY Global, LLC_O_Neal, Leslie_Short-Form.pdf",signer_name,1.0,1.0,0.90552425,0.9204273,0.9155283233076893,0.9843676901264721
stage4-qwen2b,"20171127_MMGY Global, LLC_O_Neal, Leslie_Short-Form.pdf",signer_title,1.0,1.0,0.8400118,0.93026865,0.9582739438108062,0.8510188646561161
stage4-qwen2b,"20130212_Squire Patton Boggs, LLP_Wisner, Graham G._Short-Form.pdf",registration_num,1.0,1.0,0.9417553,0.9888035,0.9754853049697422,0.9717308926339806
stage4-qwen2b,"20130212_Squire Patton Boggs, LLP_Wisner, Graham G._Short-Form.pdf",registrant_name,1.0,1.0,0.86906224,0.8827721,0.7339051531728604,0.5505707724141023
stage4-qwen2b,"20130212_Squire Patton Boggs, LLP_Wisner, Graham G._Short-Form.pdf",foreign_principle_name,0.0,1.0,0.32777837,0.3584343,0.465727010707215,0.4088834936007693
stage4-qwen2b,"20130212_Squire Patton Boggs, LLP_Wisner, Graham G._Short-Form.pdf",file_date,1.0,1.0,0.9167631,0.9487711,0.9164145710995887,0.979297554102559
stage4-qwen2b,"20130212_Squire Patton Boggs, LLP_Wisner, Graham G._Short-Form.pdf",signer_name,1.0,1.0,0.934814,0.9780804,0.8228365122431872,0.9662307576157487
stage4-qwen2b,"20130212_Squire Patton Boggs, LLP_Wisner, Graham G._Short-Form.pdf",signer_title,1.0,1.0,0.84795254,0.9407331,0.9505109207715255,0.8977990803580062
stage4-qwen2b,"20130603_Squire Patton Boggs, LLP_Mirijanian, Peter_Short-Form.pdf",registration_num,1.0,1.0,0.94563025,0.99069977,0.9683963706300108,0.955523879834052
stage4-qwen2b,"20130603_Squire Patton Boggs, LLP_Mirijanian, Peter_Short-Form.pdf",registrant_name,1.0,1.0,0.86798114,0.88764083,0.7339051531728604,0.5505707724141023
stage4-qwen2b,"20130603_Squire Patton Boggs, LLP_Mirijanian, Peter_Short-Form.pdf",foreign_principle_name,0.0,0.0,0.5932065,0.6596084,0.44444418245865325,0.4108088484526934
stage4-qwen2b,"20130603_Squire Patton Boggs, LLP_Mirijanian, Peter_Short-Form.pdf",file_date,1.0,1.0,0.9309597,0.98160255,0.7878682116356774,0.9492073847789197
stage4-qwen2b,"20130603_Squire Patton Boggs, LLP_Mirijanian, Peter_Short-Form.pdf",signer_name,1.0,1.0,0.91320974,0.93765354,0.9648711952653021,0.9861161398913113
stage4-qwen2b,"20130603_Squire Patton Boggs, LLP_Mirijanian, Peter_Short-Form.pdf",signer_title,1.0,1.0,0.8482016,0.9373687,0.9579104782185585,0.8977990803580062
stage4-qwen2b,"20080725_Van Scoyoc Associates, Inc._Van Scoyoc, H. Stewart_Short-Form.pdf",registration_num,1.0,1.0,0.9416011,0.9909948,0.965086071048419,0.960419395084237
stage4-qwen2b,"20080725_Van Scoyoc Associates, Inc._Van Scoyoc, H. Stewart_Short-Form.pdf",registrant_name,1.0,1.0,0.38070947,0.36202434,0.7683357589119125,0.1479067235760324
stage4-qwen2b,"20080725_Van Scoyoc Associates, Inc._Van Scoyoc, H. Stewart_Short-Form.pdf",foreign_principle_name,0.0,0.0,0.34739068,0.44445735,0.22524864621948334,0.2719278072624702
stage4-qwen2b,"20080725_Van Scoyoc Associates, Inc._Van Scoyoc, H. Stewart_Short-Form.pdf",file_date,1.0,1.0,0.9445151,0.98742354,0.827860876245862,0.9377530029163377
stage4-qwen2b,"20080725_Van Scoyoc Associates, Inc._Van Scoyoc, H. Stewart_Short-Form.pdf",signer_name,0.0,0.0,0.32421213,0.17553383,0.6716610635234364,0.4424308816144725
stage4-qwen2b,"20080725_Van Scoyoc Associates, Inc._Van Scoyoc, H. Stewart_Short-Form.pdf",signer_title,1.0,1.0,0.85604304,0.91696656,0.9039491341524605,0.6830596610261267
stage4-qwen2b,"20110218_Ketchum Inc. NY_Wiltz, Marie_Short-Form.pdf",registration_num,1.0,1.0,0.94076586,0.9875771,0.9614817207182607,0.9415792332709386
stage4-qwen2b,"20110218_Ketchum Inc. NY_Wiltz, Marie_Short-Form.pdf",registrant_name,0.0,1.0,0.82850134,0.8910171,0.707392067444834,0.608417061338848
stage4-qwen2b,"20110218_Ketchum Inc. NY_Wiltz, Marie_Short-Form.pdf",foreign_principle_name,1.0,1.0,0.21893072,0.23803747,0.03768214317879985,0.21137148269830844
stage4-qwen2b,"20110218_Ketchum Inc. NY_Wiltz, Marie_Short-Form.pdf",file_date,0.0,0.0,0.67065156,0.6605192,0.774344777097815,0.9287467043462401
stage4-qwen2b,"20110218_Ketchum Inc. NY_Wiltz, Marie_Short-Form.pdf",signer_name,0.0,0.0,0.18900426,0.12408261,0.10890228607376672,0.10084933369479336
stage4-qwen2b,"20110218_Ketchum Inc. NY_Wiltz, Marie_Short-Form.pdf",signer_title,1.0,1.0,0.83186674,0.9126024,0.9231134495035529,0.7570325335443393
stage4-qwen2b,"20150723_Korea Economic Institute_Leipziger, Danny_Short-Form.pdf",registration_num,1.0,1.0,0.9441,0.989425,0.9773443565946611,0.9621096982508327
stage4-qwen2b,"20150723_Korea Economic Institute_Leipziger, Danny_Short-Form.pdf",registrant_name,1.0,1.0,0.83695525,0.9140452,0.586602043392967,0.7444123908666672
stage4-qwen2b,"20150723_Korea Economic Institute_Leipziger, Danny_Short-Form.pdf",foreign_principle_name,1.0,1.0,0.13680252,0.15210854,0.018821474524937067,0.2538455809340113
stage4-qwen2b,"20150723_Korea Economic Institute_Leipziger, Danny_Short-Form.pdf",file_date,1.0,1.0,0.93574774,0.9661295,0.856328758482097,0.9341381821967524
stage4-qwen2b,"20150723_Korea Economic Institute_Leipziger, Danny_Short-Form.pdf",signer_name,0.0,0.0,0.01660823,0.016689569,0.075986734417032,0.05178107347260886
stage4-qwen2b,"20150723_Korea Economic Institute_Leipziger, Danny_Short-Form.pdf",signer_title,1.0,1.0,0.73323834,0.7976548,0.8809072736674449,0.7049520104791043
stage4-qwen2b,"20111101_Quebec Government Office_Rivard, Nathalie_Short-Form.pdf",registration_num,1.0,1.0,0.93850404,0.9830249,0.9487936105649799,0.9441949372928511
stage4-qwen2b,"20111101_Quebec Government Office_Rivard, Nathalie_Short-Form.pdf",registrant_name,1.0,1.0,0.84705913,0.8920291,0.8776758690119232,0.829744162092948
stage4-qwen2b,"20111101_Quebec Government Office_Rivard, Nathalie_Short-Form.pdf",foreign_principle_name,1.0,1.0,0.07127185,0.06775204,0.014326863414824425,0.1551266353278991
stage4-qwen2b,"20111101_Quebec Government Office_Rivard, Nathalie_Short-Form.pdf",file_date,0.0,0.0,0.24988878,0.16444103,0.559676699661745,0.7781825689135523
stage4-qwen2b,"20111101_Quebec Government Office_Rivard, Nathalie_Short-Form.pdf",signer_name,1.0,1.0,0.77637935,0.71238446,0.31954130341317466,0.9445465760289742
stage4-qwen2b,"20111101_Quebec Government Office_Rivard, Nathalie_Short-Form.pdf",signer_title,1.0,1.0,0.8277977,0.92057693,0.9231134495035529,0.7570325335443393
stage4-qwen2b,"20171030_JETRO, Houston_Uchida, Kaori_Short-Form.pdf",registration_num,1.0,1.0,0.94188416,0.98687714,0.973855142476573,0.9782421719869232
stage4-qwen2b,"20171030_JETRO, Houston_Uchida, Kaori_Short-Form.pdf",registrant_name,1.0,1.0,0.61744565,0.63947994,0.5718921988279221,0.22875778442269912
stage4-qwen2b,"20171030_JETRO, Houston_Uchida, Kaori_Short-Form.pdf",foreign_principle_name,1.0,1.0,0.35747942,0.5107094,0.9087113242394715,0.692356449960067
stage4-qwen2b,"20171030_JETRO, Houston_Uchida, Kaori_Short-Form.pdf",file_date,1.0,1.0,0.9443695,0.97696334,0.7375990862824577,0.9719064783262413
stage4-qwen2b,"20171030_JETRO, Houston_Uchida, Kaori_Short-Form.pdf",signer_name,0.0,0.0,0.793382,0.7834668,0.3788472055731906,0.9504911567100309
stage4-qwen2b,"20171030_JETRO, Houston_Uchida, Kaori_Short-Form.pdf",signer_title,1.0,1.0,0.7295183,0.79632264,0.8809072736674449,0.7049520104791043
stage4-qwen2b,"20140625_Levick Strategic Communications, LP_Smith, Erin Christy_Short-Form.pdf",registration_num,1.0,1.0,0.902572,0.95808446,0.9628625817068719,0.4217304490441416
stage4-qwen2b,"20140625_Levick Strategic Communications, LP_Smith, Erin Christy_Short-Form.pdf",registrant_name,0.0,0.0,0.41066295,0.3398896,0.8229795027833733,0.24138538581212002
stage4-qwen2b,"20140625_Levick Strategic Communications, LP_Smith, Erin Christy_Short-Form.pdf",foreign_principle_name,1.0,1.0,0.29451555,0.35802707,0.13617237194803894,0.31984035439642405
stage4-qwen2b,"20140625_Levick Strategic Communications, LP_Smith, Erin Christy_Short-Form.pdf",file_date,1.0,1.0,0.93013763,0.98315525,0.8609817441893013,0.9608396100947506
stage4-qwen2b,"20140625_Levick Strategic Communications, LP_Smith, Erin Christy_Short-Form.pdf",signer_name,1.0,1.0,0.9027999,0.8608494,0.7025262958402565,0.9623539073432892
stage4-qwen2b,"20140625_Levick Strategic Communications, LP_Smith, Erin Christy_Short-Form.pdf",signer_title,1.0,1.0,0.84241617,0.93665916,0.9553473442712682,0.8977990803580062
stage4-qwen2b,"20170907_Taiwan Trade Center New York Inc._Lung Cheng, Pao_Short-Form.pdf",registration_num,1.0,1.0,0.93519896,0.9633018,0.9773443565946611,0.9621096982508327
stage4-qwen2b,"20170907_Taiwan Trade Center New York Inc._Lung Cheng, Pao_Short-Form.pdf",registrant_name,0.0,1.0,0.8855813,0.9546463,0.8858654004694342,0.8660149632787291
stage4-qwen2b,"20170907_Taiwan Trade Center New York Inc._Lung Cheng, Pao_Short-Form.pdf",foreign_principle_name,1.0,1.0,0.33716866,0.46577778,0.8343742147565681,0.9009084381491373
stage4-qwen2b,"20170907_Taiwan Trade Center New York Inc._Lung Cheng, Pao_Short-Form.pdf",file_date,1.0,1.0,0.9475198,0.98908246,0.730039036121337,0.978054370300029
stage4-qwen2b,"20170907_Taiwan Trade Center New York Inc._Lung Cheng, Pao_Short-Form.pdf",signer_name,0.0,0.0,0.012574156,0.015455949,0.056111399805229625,0.05178107347260886
stage4-qwen2b,"20170907_Taiwan Trade Center New York Inc._Lung Cheng, Pao_Short-Form.pdf",signer_title,1.0,1.0,0.80878305,0.90512353,0.9143351547554273,0.7557740826152164
stage4-qwen2b,"20080603_Fratelli Group_Cox, Frances K._Short-Form.pdf",registration_num,1.0,1.0,0.92899144,0.9789074,0.9628016457149503,0.8234649427416152
stage4-qwen2b,"20080603_Fratelli Group_Cox, Frances K._Short-Form.pdf",registrant_name,0.0,0.0,0.7207461,0.8037918,0.7903208286206581,0.2803237115366195
stage4-qwen2b,"20080603_Fratelli Group_Cox, Frances K._Short-Form.pdf",foreign_principle_name,0.0,0.0,0.35521406,0.32941622,0.19213032977371095,0.07800399186255574
stage4-qwen2b,"20080603_Fratelli Group_Cox, Frances K._Short-Form.pdf",file_date,1.0,1.0,0.9494923,0.9855717,0.8170596082948037,0.9703536566978878
stage4-qwen2b,"20080603_Fratelli Group_Cox, Frances K._Short-Form.pdf",signer_name,1.0,1.0,0.27089912,0.17619005,0.46508868303133405,0.3585936551713524
stage4-qwen2b,"20080603_Fratelli Group_Cox, Frances K._Short-Form.pdf",signer_title,1.0,1.0,0.8796433,0.9593542,0.946500404047249,0.9122823730869747
stage4-qwen2b,"20160922_Squire Patton Boggs, LLP_Boyles, Bret K._Short-Form.pdf",registration_num,1.0,1.0,0.93957555,0.98883784,0.9773443565946611,0.9621096982508327
stage4-qwen2b,"20160922_Squire Patton Boggs, LLP_Boyles, Bret K._Short-Form.pdf",registrant_name,1.0,1.0,0.8252314,0.8237851,0.7820637855944684,0.8138324228242213
stage4-qwen2b,"20160922_Squire Patton Boggs, LLP_Boyles, Bret K._Short-Form.pdf",foreign_principle_name,0.0,0.0,0.24892168,0.27454334,0.026607673532996968,0.4201234549390788
stage4-qwen2b,"20160922_Squire Patton Boggs, LLP_Boyles, Bret K._Short-Form.pdf",file_date,1.0,1.0,0.92695063,0.9761999,0.760323701775133,0.9461443564286639
stage4-qwen2b,"20160922_Squire Patton Boggs, LLP_Boyles, Bret K._Short-Form.pdf",signer_name,1.0,1.0,0.87553436,0.8580923,0.7305854395686494,0.9780890362133134
stage4-qwen2b,"20160922_Squire Patton Boggs, LLP_Boyles, Bret K._Short-Form.pdf",signer_title,1.0,1.0,0.84999865,0.94174796,0.9505109207715255,0.8977990803580062
stage4-qwen2b,"20100120_Squire Patton Boggs, LLP_Deschauer, John J._Short-Form.pdf",registration_num,1.0,1.0,0.94117546,0.98896486,0.9708259090818383,0.8870420991017796
stage4-qwen2b,"20100120_Squire Patton Boggs, LLP_Deschauer, John J._Short-Form.pdf",registrant_name,1.0,1.0,0.8615066,0.8886282,0.7231587434424369,0.6610359877440284
stage4-qwen2b,"20100120_Squire Patton Boggs, LLP_Deschauer, John J._Short-Form.pdf",foreign_principle_name,0.0,0.0,0.4113566,0.4393134,0.09933786060884506,0.36777981186279013
stage4-qwen2b,"20100120_Squire Patton Boggs, LLP_Deschauer, John J._Short-Form.pdf",file_date,0.0,0.0,0.17822325,0.1381921,0.03715891506792489,0.030046589402086238
stage4-qwen2b,"20100120_Squire Patton Boggs, LLP_Deschauer, John J._Short-Form.pdf",signer_name,0.0,0.0,0.044982083,0.035578914,0.10400072061743124,0.08329103865489847
stage4-qwen2b,"20100120_Squire Patton Boggs, LLP_Deschauer, John J._Short-Form.pdf",signer_title,1.0,1.0,0.7464944,0.77080625,0.9143286400973806,0.7144251785316367
stage4-qwen2b,"20150403_Glover Park Group, LLC_Hughes, John_Short-Form.pdf",registration_num,1.0,1.0,0.9433149,0.9875946,0.9723262916414984,0.9484890083113637
stage4-qwen2b,"20150403_Glover Park Group, LLC_Hughes, John_Short-Form.pdf",registrant_name,1.0,1.0,0.86520195,0.9130174,0.8375944613246143,0.5330393090131145
stage4-qwen2b,"20150403_Glover Park Group, LLC_Hughes, John_Short-Form.pdf",foreign_principle_name,1.0,1.0,0.20108609,0.20688315,0.04965197526345586,0.22359104659673887
stage4-qwen2b,"20150403_Glover Park Group, LLC_Hughes, John_Short-Form.pdf",file_date,1.0,1.0,0.9338374,0.9842211,0.8114835922335952,0.9532637503985728
stage4-qwen2b,"20150403_Glover Park Group, LLC_Hughes, John_Short-Form.pdf",signer_name,1.0,1.0,0.91560996,0.9403782,0.8804661734489433,0.9691701739167762
stage4-qwen2b,"20150403_Glover Park Group, LLC_Hughes, John_Short-Form.pdf",signer_title,1.0,1.0,0.8306276,0.92517316,0.9582739438108062,0.8510188646561161
stage4-qwen2b,"20150220_Squire Patton Boggs, LLP_Savelieff, Ludmilla Lydia_Short-Form.pdf",registration_num,1.0,1.0,0.93978024,0.9789033,0.9723262916414984,0.9484890083113637
stage4-qwen2b,"20150220_Squire Patton Boggs, LLP_Savelieff, Ludmilla Lydia_Short-Form.pdf",registrant_name,0.0,0.0,0.46687108,0.3464545,0.6846887041591329,0.05504297938772703
stage4-qwen2b,"20150220_Squire Patton Boggs, LLP_Savelieff, Ludmilla Lydia_Short-Form.pdf",foreign_principle_name,0.0,0.0,0.12255491,0.12152164,0.032973948151339805,0.3402730601138262
stage4-qwen2b,"20150220_Squire Patton Boggs, LLP_Savelieff, Ludmilla Lydia_Short-Form.pdf",file_date,1.0,1.0,0.93674994,0.96766424,0.7910784270112702,0.9445732771807004
stage4-qwen2b,"20150220_Squire Patton Boggs, LLP_Savelieff, Ludmilla Lydia_Short-Form.pdf",signer_name,1.0,1.0,0.80559206,0.68127334,0.6284552591982232,0.9636438234090338
stage4-qwen2b,"20150220_Squire Patton Boggs, LLP_Savelieff, Ludmilla Lydia_Short-Form.pdf",signer_title,1.0,1.0,0.83837235,0.92961454,0.9573475652146184,0.8901628434707238
stage4-qwen2b,"20090105_Van Scoyoc Associates, Inc._Shupp, Michael A._Short-Form.pdf",registration_num,1.0,1.0,0.9413212,0.98938954,0.9773443565946611,0.9720242523918432
stage4-qwen2b,"20090105_Van Scoyoc Associates, Inc._Shupp, Michael A._Short-Form.pdf",registrant_name,1.0,1.0,0.9161976,0.94296324,0.855960914549283,0.6139791607323114
stage4-qwen2b,"20090105_Van Scoyoc Associates, Inc._Shupp, Michael A._Short-Form.pdf",foreign_principle_name,1.0,1.0,0.30078045,0.2425479,0.20177911905333087,0.38737079335540653
stage4-qwen2b,"20090105_Van Scoyoc Associates, Inc._Shupp, Michael A._Short-Form.pdf",file_date,0.0,0.0,0.7096452,0.6199997,0.7795282839416768,0.5569061100372672
stage4-qwen2b,"20090105_Van Scoyoc Associates, Inc._Shupp, Michael A._Short-Form.pdf",signer_name,0.0,1.0,0.8198967,0.8500177,0.533040222791881,0.9548536099741237
stage4-qwen2b,"20090105_Van Scoyoc Associates, Inc._Shupp, Michael A._Short-Form.pdf",signer_title,1.0,1.0,0.8437301,0.9333475,0.9582739438108062,0.8510188646561161
stage4-qwen2b,"20150102_Mercury Public Affairs, LLC_Weber, John Vincent_Short-Form.pdf",registration_num,1.0,1.0,0.937225,0.9650669,0.8963773195054027,0.9111703874900952
stage4-qwen2b,"20150102_Mercury Public Affairs, LLC_Weber, John Vincent_Short-Form.pdf",registrant_name,0.0,0.0,0.5311919,0.51891565,0.7981631820542798,0.1580136898291682
stage4-qwen2b,"20150102_Mercury Public Affairs, LLC_Weber, John Vincent_Short-Form.pdf",foreign_principle_name,1.0,1.0,0.0879061,0.11852205,0.040901071078500786,0.39915379218736413
stage4-qwen2b,"20150102_Mercury Public Affairs, LLC_Weber, John Vincent_Short-Form.pdf",file_date,1.0,1.0,0.91877556,0.96224993,0.5189368596947321,0.9290564854376336
stage4-qwen2b,"20150102_Mercury Public Affairs, LLC_Weber, John Vincent_Short-Form.pdf",signer_name,1.0,1.0,0.8864319,0.8650082,0.8245923061705623,0.9657387387344584
stage4-qwen2b,"20150102_Mercury Public Affairs, LLC_Weber, John Vincent_Short-Form.pdf",signer_title,1.0,1.0,0.8405355,0.92928827,0.9560461270118829,0.8510188646561161
stage4-qwen2b,"20080822_Ketchum Inc. NY_Cohen, Paul Douglas_Short-Form.pdf",registration_num,1.0,1.0,0.94183475,0.98363525,0.9723262916414984,0.9275961012474184
stage4-qwen2b,"20080822_Ketchum Inc. NY_Cohen, Paul Douglas_Short-Form.pdf",registrant_name,1.0,1.0,0.87564003,0.93307745,0.7306430309534047,0.7636016550745441
stage4-qwen2b,"20080822_Ketchum Inc. NY_Cohen, Paul Douglas_Short-Form.pdf",foreign_principle_name,1.0,1.0,0.3317135,0.30943006,0.16557316933141192,0.18456060709720604
stage4-qwen2b,"20080822_Ketchum Inc. NY_Cohen, Paul Douglas_Short-Form.pdf",file_date,0.0,0.0,0.3437901,0.28858852,0.26343925020935255,0.4271547053532675
stage4-qwen2b,"20080822_Ketchum Inc. NY_Cohen, Paul Douglas_Short-Form.pdf",signer_name,0.0,0.0,0.28724065,0.26990685,0.37436083182198915,0.0593800507999342
stage4-qwen2b,"20080822_Ketchum Inc. NY_Cohen, Paul Douglas_Short-Form.pdf",signer_title,1.0,1.0,0.84715176,0.9348706,0.9582739438108062,0.8510188646561161
stage4-qwen2b,"20150407_Daschle Group, LLC_Rodriguez, Ilia_Short-Form.pdf",registration_num,1.0,1.0,0.942412,0.98524505,0.9628064968180378,0.9552350807615005
stage4-qwen2b,"20150407_Daschle Group, LLC_Rodriguez, Ilia_Short-Form.pdf",registrant_name,1.0,1.0,0.85733205,0.90515745,0.8517725126023977,0.6778046565500958
stage4-qwen2b,"20150407_Daschle Group, LLC_Rodriguez, Ilia_Short-Form.pdf",foreign_principle_name,1.0,1.0,0.13450088,0.16847225,0.047051891267853564,0.23783054353520555
stage4-qwen2b,"20150407_Daschle Group, LLC_Rodriguez, Ilia_Short-Form.pdf",file_date,1.0,1.0,0.9295724,0.97486293,0.5601541700705936,0.9517627929846613
stage4-qwen2b,"20150407_Daschle Group, LLC_Rodriguez, Ilia_Short-Form.pdf",signer_name,1.0,1.0,0.9114026,0.93599415,0.7411700800067691,0.9598984134472852
stage4-qwen2b,"20150407_Daschle Group, LLC_Rodriguez, Ilia_Short-Form.pdf",signer_title,1.0,1.0,0.8268175,0.9174684,0.9205691440657559,0.7570325335443393
stage4-qwen2b,"20120215_Quebec Government Office_Hould, Jean-Francois_Short-Form.pdf",registration_num,1.0,1.0,0.93462276,0.9734205,0.9378538661241562,0.9381647610473732
stage4-qwen2b,"20120215_Quebec Government Office_Hould, Jean-Francois_Short-Form.pdf",registrant_name,1.0,1.0,0.8829796,0.9349197,0.8069905738530804,0.8013190474456616
stage4-qwen2b,"20120215_Quebec Government Office_Hould, Jean-Francois_Short-Form.pdf",foreign_principle_name,1.0,1.0,0.069449395,0.06727147,0.014165204885209594,0.1624966749407969
stage4-qwen2b,"20120215_Quebec Government Office_Hould, Jean-Francois_Short-Form.pdf",file_date,0.0,0.0,0.25595078,0.19330536,0.559676699661745,0.6539621560785442
stage4-qwen2b,"20120215_Quebec Government Office_Hould, Jean-Francois_Short-Form.pdf",signer_name,1.0,1.0,0.9224291,0.91324675,0.7462025693985893,0.9668300661060671
stage4-qwen2b,"20120215_Quebec Government Office_Hould, Jean-Francois_Short-Form.pdf",signer_title,1.0,1.0,0.834173,0.928661,0.9573475652146184,0.8901628434707238
stage4-qwen2b,"20180202_Quebec Government Office_Briand Fortin, Anne Catherine_Short-Form.pdf",registration_num,1.0,1.0,0.92539275,0.9695326,0.9378538661241562,0.9223559628080825
stage4-qwen2b,"20180202_Quebec Government Office_Briand Fortin, Anne Catherine_Short-Form.pdf",registrant_name,1.0,1.0,0.9220691,0.9663776,0.9002228298326573,0.7274269543368242
stage4-qwen2b,"20180202_Quebec Government Office_Briand Fortin, Anne Catherine_Short-Form.pdf",foreign_principle_name,0.0,0.0,0.120521426,0.12119435,0.024334057780442148,0.1660090992551297
stage4-qwen2b,"20180202_Quebec Government Office_Briand Fortin, Anne Catherine_Short-Form.pdf",file_date,0.0,0.0,0.57279116,0.5659684,0.8272639422013147,0.716187365925561
stage4-qwen2b,"20180202_Quebec Government Office_Briand Fortin, Anne Catherine_Short-Form.pdf",signer_name,1.0,1.0,0.80763924,0.65712756,0.5165125125816521,0.9421449268462829
stage4-qwen2b,"20180202_Quebec Government Office_Briand Fortin, Anne Catherine_Short-Form.pdf",signer_title,1.0,1.0,0.82711,0.92111504,0.9231134495035529,0.7570325335443393
stage4-qwen2b,"20110411_BGR Government Affairs, LLC_Birnbaum, Jeffrey_Short-Form.pdf",registration_num,1.0,1.0,0.94106877,0.9877288,0.9723262916414984,0.9484890083113637
stage4-qwen2b,"20110411_BGR Government Affairs, LLC_Birnbaum, Jeffrey_Short-Form.pdf",registrant_name,1.0,1.0,0.919195,0.9687151,0.8779095742982798,0.8308046463191848
stage4-qwen2b,"20110411_BGR Government Affairs, LLC_Birnbaum, Jeffrey_Short-Form.pdf",foreign_principle_name,0.0,0.0,0.17130946,0.16340487,0.020848459736915823,0.05311439545369013
stage4-qwen2b,"20110411_BGR Government Affairs, LLC_Birnbaum, Jeffrey_Short-Form.pdf",file_date,0.0,0.0,0.56235933,0.62349355,0.8401209467541192,0.7676295717380365
stage4-qwen2b,"20110411_BGR Government Affairs, LLC_Birnbaum, Jeffrey_Short-Form.pdf",signer_name,0.0,0.0,0.12219141,0.10708674,0.3454868131529297,0.24652999271830475
stage4-qwen2b,"20110411_BGR Government Affairs, LLC_Birnbaum, Jeffrey_Short-Form.pdf",signer_title,1.0,1.0,0.7086455,0.75643826,0.9184906493956815,0.7144251785316367
stage4-qwen2b,"20180629_MMGY Global, LLC_McDonough, Leslie_Short-Form.pdf",registration_num,1.0,1.0,0.9323057,0.9755713,0.9795692573192072,0.9690120018795375
stage4-qwen2b,"20180629_MMGY Global, LLC_McDonough, Leslie_Short-Form.pdf",registrant_name,1.0,1.0,0.9148553,0.961256,0.9356676413242607,0.888993584905421
stage4-qwen2b,"20180629_MMGY Global, LLC_McDonough, Leslie_Short-Form.pdf",foreign_principle_name,1.0,1.0,0.2447083,0.30898657,0.8384479291587906,0.796224392879143
stage4-qwen2b,"20180629_MMGY Global, LLC_McDonough, Leslie_Short-Form.pdf",file_date,1.0,1.0,0.90959835,0.933154,0.8867277708313965,0.9653580106949617
stage4-qwen2b,"20180629_MMGY Global, LLC_McDonough, Leslie_Short-Form.pdf",signer_name,1.0,1.0,0.92713225,0.9437947,0.9682812707678694,0.9869332011008252
stage4-qwen2b,"20180629_MMGY Global, LLC_McDonough, Leslie_Short-Form.pdf",signer_title,1.0,1.0,0.85024846,0.94301796,0.9552503459069688,0.9242873681556716
stage4-qwen2b,"20140610_Greenberg Traurig, LLP_Barron, Edward_Short-Form.pdf",registration_num,1.0,1.0,0.9458102,0.98649395,0.974151641207666,0.9605558721565443
stage4-qwen2b,"20140610_Greenberg Traurig, LLP_Barron, Edward_Short-Form.pdf",registrant_name,1.0,1.0,0.94123286,0.961592,0.9182287227074996,0.764792919022464
stage4-qwen2b,"20140610_Greenberg Traurig, LLP_Barron, Edward_Short-Form.pdf",foreign_principle_name,1.0,1.0,0.49771738,0.4961899,0.117350128404127,0.332062500537635
stage4-qwen2b,"20140610_Greenberg Traurig, LLP_Barron, Edward_Short-Form.pdf",file_date,1.0,1.0,0.93329394,0.9700143,0.5500601117259349,0.9469218908716858
stage4-qwen2b,"20140610_Greenberg Traurig, LLP_Barron, Edward_Short-Form.pdf",signer_name,1.0,1.0,0.9043105,0.918345,0.794764929225141,0.9762758152684804
stage4-qwen2b,"20140610_Greenberg Traurig, LLP_Barron, Edward_Short-Form.pdf",signer_title,1.0,1.0,0.85061204,0.9334549,0.9550726065722361,0.8901628434707238
stage4-qwen2b,"20140321_Squire Patton Boggs, LLP_Goggins, Melanie C._Short-Form.pdf",registration_num,1.0,1.0,0.94521445,0.98620194,0.9754853049697422,0.9683476304216023
stage4-qwen2b,"20140321_Squire Patton Boggs, LLP_Goggins, Melanie C._Short-Form.pdf",registrant_name,1.0,1.0,0.9150678,0.93825406,0.8498789527699928,0.935489887822581
stage4-qwen2b,"20140321_Squire Patton Boggs, LLP_Goggins, Melanie C._Short-Form.pdf",foreign_principle_name,0.0,1.0,0.51756585,0.56774205,0.08254539786118435,0.3244738830338472
stage4-qwen2b,"20140321_Squire Patton Boggs, LLP_Goggins, Melanie C._Short-Form.pdf",file_date,1.0,1.0,0.93624055,0.98488843,0.9172372109523083,0.965426165407994
stage4-qwen2b,"20140321_Squire Patton Boggs, LLP_Goggins, Melanie C._Short-Form.pdf",signer_name,1.0,1.0,0.92975056,0.9426835,0.7980476676750498,0.9745517559830864
stage4-qwen2b,"20140321_Squire Patton Boggs, LLP_Goggins, Melanie C._Short-Form.pdf",signer_title,1.0,1.0,0.85228336,0.9415482,0.9505109207715255,0.8977990803580062
stage4-qwen2b,"20080616_Brownstein Hyatt Farber Schreck, LLP_Flood, James G._Short-Form.pdf",registration_num,1.0,1.0,0.9318892,0.98473036,0.9696798980843085,0.8996373580494184
stage4-qwen2b,"20080616_Brownstein Hyatt Farber Schreck, LLP_Flood, James G._Short-Form.pdf",registrant_name,0.0,0.0,0.64211005,0.6633654,0.8772381031376927,0.2651328811572292
stage4-qwen2b,"20080616_Brownstein Hyatt Farber Schreck, LLP_Flood, James G._Short-Form.pdf",foreign_principle_name,1.0,1.0,0.45226923,0.5105873,0.2419379621283026,0.4139448382649393
stage4-qwen2b,"20080616_Brownstein Hyatt Farber Schreck, LLP_Flood, James G._Short-Form.pdf",file_date,1.0,1.0,0.9049202,0.9369817,0.5018562594708489,0.9407281638514102
stage4-qwen2b,"20080616_Brownstein Hyatt Farber Schreck, LLP_Flood, James G._Short-Form.pdf",signer_name,0.0,0.0,0.16388778,0.12110553,0.8546156181860779,0.5218347456541084
stage4-qwen2b,"20080616_Brownstein Hyatt Farber Schreck, LLP_Flood, James G._Short-Form.pdf",signer_title,1.0,1.0,0.8396929,0.9168623,0.9413647595545988,0.7724516405407149
stage4-qwen2b,"20100105_Akin, Gump, Strauss, Hauer _ Feld, LLP_Spillman, Catherine Fairley_Short-Form.pdf",registration_num,1.0,1.0,0.91051257,0.97010916,0.9650333771884635,0.9717162219277263
stage4-qwen2b,"20100105_Akin, Gump, Strauss, Hauer _ Feld, LLP_Spillman, Catherine Fairley_Short-Form.pdf",registrant_name,0.0,0.0,0.6441183,0.6023878,0.8401513673455748,0.08957833970664833
stage4-qwen2b,"20100105_Akin, Gump, Strauss, Hauer _ Feld, LLP_Spillman, Catherine Fairley_Short-Form.pdf",foreign_principle_name,1.0,1.0,0.11304198,0.11121243,0.10032829695845047,0.10270490686318073
stage4-qwen2b,"20100105_Akin, Gump, Strauss, Hauer _ Feld, LLP_Spillman, Catherine Fairley_Short-Form.pdf",file_date,0.0,0.0,0.5020573,0.46550632,0.866376123229781,0.5673330817230893
stage4-qwen2b,"20100105_Akin, Gump, Strauss, Hauer _ Feld, LLP_Spillman, Catherine Fairley_Short-Form.pdf",signer_name,0.0,0.0,0.05398313,0.0571311,0.023604860207782106,0.015168078129455911
stage4-qwen2b,"20100105_Akin, Gump, Strauss, Hauer _ Feld, LLP_Spillman, Catherine Fairley_Short-Form.pdf",signer_title,1.0,1.0,0.77214366,0.82087505,0.9161953353825549,0.7049520104791043
stage4-qwen2b,"20131211_Dickens _ Madson Canada Inc._Ben-Menashe, Ari_Short-Form.pdf",registration_num,0.0,0.0,0.59972715,0.4945057,0.908746899240895,0.682090074216304
stage4-qwen2b,"20131211_Dickens _ Madson Canada Inc._Ben-Menashe, Ari_Short-Form.pdf",registrant_name,1.0,1.0,0.8269703,0.89902556,0.6798963019086152,0.5631700879832342
stage4-qwen2b,"20131211_Dickens _ Madson Canada Inc._Ben-Menashe, Ari_Short-Form.pdf",foreign_principle_name,0.0,0.0,0.19212738,0.14032885,0.0944363124847913,0.15601094997715909
stage4-qwen2b,"20131211_Dickens _ Madson Canada Inc._Ben-Menashe, Ari_Short-Form.pdf",file_date,1.0,1.0,0.94056004,0.9856122,0.8744964252120649,0.9649690860397322
stage4-qwen2b,"20131211_Dickens _ Madson Canada Inc._Ben-Menashe, Ari_Short-Form.pdf",signer_name,1.0,1.0,0.8897468,0.85647935,0.8034011246878044,0.9779488789805252
stage4-qwen2b,"20131211_Dickens _ Madson Canada Inc._Ben-Menashe, Ari_Short-Form.pdf",signer_title,1.0,1.0,0.8548352,0.94298667,0.9505109207715255,0.8977990803580062
stage4-qwen2b,"20110411_BGR Government Affairs, LLC_Turenne, William Joseph_Short-Form.pdf",registration_num,1.0,1.0,0.93577147,0.9856186,0.974151641207666,0.9358004652148775
stage4-qwen2b,"20110411_BGR Government Affairs, LLC_Turenne, William Joseph_Short-Form.pdf",registrant_name,1.0,1.0,0.813731,0.9195301,0.7701012154709598,0.8256528142663875
stage4-qwen2b,"20110411_BGR Government Affairs, LLC_Turenne, William Joseph_Short-Form.pdf",foreign_principle_name,0.0,0.0,0.28836012,0.3320436,0.015180625409206507,0.08141865024793675
stage4-qwen2b,"20110411_BGR Government Affairs, LLC_Turenne, William Joseph_Short-Form.pdf",file_date,0.0,0.0,0.5423013,0.62462014,0.8383036186070616,0.7676295717380365
stage4-qwen2b,"20110411_BGR Government Affairs, LLC_Turenne, William Joseph_Short-Form.pdf",signer_name,0.0,0.0,0.14807735,0.13081029,0.1216594798196834,0.2020579372882348
stage4-qwen2b,"20110411_BGR Government Affairs, LLC_Turenne, William Joseph_Short-Form.pdf",signer_title,0.0,0.0,0.24632049,0.23746538,0.5798083182635612,0.48494600794697046
stage4-qwen2b,"20141006_Sorini, Samet _ Associates, LLC_Costello, Megan_Short-Form.pdf",registration_num,1.0,1.0,0.94071686,0.9755648,0.9754853049697422,0.9683476304216023
stage4-qwen2b,"20141006_Sorini, Samet _ Associates, LLC_Costello, Megan_Short-Form.pdf",registrant_name,0.0,0.0,0.7305546,0.6299758,0.8711467657566911,0.3223822056621389
stage4-qwen2b,"20141006_Sorini, Samet _ Associates, LLC_Costello, Megan_Short-Form.pdf",foreign_principle_name,0.0,0.0,0.6185025,0.714398,0.881524001372922,0.8363628467668286
stage4-qwen2b,"20141006_Sorini, Samet _ Associates, LLC_Costello, Megan_Short-Form.pdf",file_date,1.0,1.0,0.92345333,0.9730736,0.800265966740905,0.9461443564286639
stage4-qwen2b,"20141006_Sorini, Samet _ Associates, LLC_Costello, Megan_Short-Form.pdf",signer_name,0.0,0.0,0.77294624,0.77514756,0.4241927959875819,0.939420918047416
stage4-qwen2b,"20141006_Sorini, Samet _ Associates, LLC_Costello, Megan_Short-Form.pdf",signer_title,1.0,1.0,0.8580762,0.9479424,0.9489550201698199,0.9042974130269464
stage4-qwen2b,"20160429_MSLGROUP Americas, Inc._Shahbandar, Oubai_Short-Form.pdf",registration_num,1.0,1.0,0.94304144,0.9926467,0.9754853049697422,0.9683476304216023
stage4-qwen2b,"20160429_MSLGROUP Americas, Inc._Shahbandar, Oubai_Short-Form.pdf",registrant_name,1.0,1.0,0.91374457,0.9401845,0.8378612375617952,0.7416638091481287
stage4-qwen2b,"20160429_MSLGROUP Americas, Inc._Shahbandar, Oubai_Short-Form.pdf",foreign_principle_name,1.0,1.0,0.21542235,0.24588749,0.3960817120237995,0.4940099322774083
stage4-qwen2b,"20160429_MSLGROUP Americas, Inc._Shahbandar, Oubai_Short-Form.pdf",file_date,1.0,1.0,0.9516608,0.9816185,0.8358117610647533,0.9716588291485925
stage4-qwen2b,"20160429_MSLGROUP Americas, Inc._Shahbandar, Oubai_Short-Form.pdf",signer_name,0.0,0.0,0.021543156,0.025784403,0.011823010281984844,0.07265012443271716
stage4-qwen2b,"20160429_MSLGROUP Americas, Inc._Shahbandar, Oubai_Short-Form.pdf",signer_title,0.0,0.0,0.27939686,0.25583038,0.36074099400784354,0.508687075387159
stage4-qwen2b,"20100222_Daniel J. Edelman, Inc._Moeenziai, Ladan_Short-Form.pdf",registration_num,1.0,1.0,0.921945,0.9586774,0.9377635697283353,0.9440372472696131
stage4-qwen2b,"20100222_Daniel J. Edelman, Inc._Moeenziai, Ladan_Short-Form.pdf",registrant_name,0.0,0.0,0.06952825,0.053753532,0.2751032606300991,0.10046650130517545
stage4-qwen2b,"20100222_Daniel J. Edelman, Inc._Moeenziai, Ladan_Short-Form.pdf",foreign_principle_name,0.0,0.0,0.036766313,0.048029162,0.022951238295034954,0.04499374928208903
stage4-qwen2b,"20100222_Daniel J. Edelman, Inc._Moeenziai, Ladan_Short-Form.pdf",file_date,0.0,0.0,0.2699731,0.18323466,0.3382467274099961,0.500636255393793
stage4-qwen2b,"20100222_Daniel J. Edelman, Inc._Moeenziai, Ladan_Short-Form.pdf",signer_name,0.0,0.0,0.0106714275,0.012723389,0.04595874131296615,0.05154627639819721
stage4-qwen2b,"20100222_Daniel J. Edelman, Inc._Moeenziai, Ladan_Short-Form.pdf",signer_title,1.0,1.0,0.64461577,0.61578715,0.6279884603954717,0.35014894826471965
stage4-qwen2b,"20160208_Ketchum Inc. NY_Mann, Nicole_Short-Form.pdf",registration_num,1.0,1.0,0.9433422,0.9841267,0.9754853049697422,0.9717308926339806
stage4-qwen2b,"20160208_Ketchum Inc. NY_Mann, Nicole_Short-Form.pdf",registrant_name,1.0,1.0,0.9256576,0.9651083,0.8904206348707443,0.7724949198697435
stage4-qwen2b,"20160208_Ketchum Inc. NY_Mann, Nicole_Short-Form.pdf",foreign_principle_name,1.0,1.0,0.37330937,0.37521353,0.12350392791296563,0.2684584162617086
stage4-qwen2b,"20160208_Ketchum Inc. NY_Mann, Nicole_Short-Form.pdf",file_date,0.0,0.0,0.72401863,0.76223135,0.6412659493697775,0.7686776663586595
stage4-qwen2b,"20160208_Ketchum Inc. NY_Mann, Nicole_Short-Form.pdf",signer_name,0.0,0.0,0.032152016,0.031638503,0.011823010281984844,0.07265012443271716
stage4-qwen2b,"20160208_Ketchum Inc. NY_Mann, Nicole_Short-Form.pdf",signer_title,0.0,0.0,0.29096973,0.29462966,0.36938644156086836,0.6526615963740607
stage4-qwen2b,"20170601_Squire Patton Boggs, LLP_Norman, W. Caffey_Short-Form.pdf",registration_num,1.0,1.0,0.9392282,0.9859873,0.9696798980843085,0.9732671486364853
stage4-qwen2b,"20170601_Squire Patton Boggs, LLP_Norman, W. Caffey_Short-Form.pdf",registrant_name,1.0,1.0,0.903615,0.9171637,0.9148024400330715,0.8736161360055011
stage4-qwen2b,"20170601_Squire Patton Boggs, LLP_Norman, W. Caffey_Short-Form.pdf",foreign_principle_name,0.0,0.0,0.50997066,0.53335065,0.3601940383904768,0.5925517318304155
stage4-qwen2b,"20170601_Squire Patton Boggs, LLP_Norman, W. Caffey_Short-Form.pdf",file_date,1.0,1.0,0.90617293,0.91010416,0.7010426572709677,0.9576204484884864
stage4-qwen2b,"20170601_Squire Patton Boggs, LLP_Norman, W. Caffey_Short-Form.pdf",signer_name,1.0,1.0,0.9291151,0.9353441,0.7426811244414404,0.9743293506852628
stage4-qwen2b,"20170601_Squire Patton Boggs, LLP_Norman, W. Caffey_Short-Form.pdf",signer_title,1.0,1.0,0.80415136,0.89635324,0.908564965331439,0.6830596610261267
stage4-qwen2b,"20121119_Commonwealth of Dominica Maritime Registry, Inc._Hang, Sui Yan_Short-Form.pdf",registration_num,1.0,1.0,0.9439724,0.98056394,0.9750314024091615,0.9577636060226149
stage4-qwen2b,"20121119_Commonwealth of Dominica Maritime Registry, Inc._Hang, Sui Yan_Short-Form.pdf",registrant_name,0.0,0.0,0.8764869,0.93907946,0.8259734120696695,0.7969671344152757
stage4-qwen2b,"20121119_Commonwealth of Dominica Maritime Registry, Inc._Hang, Sui Yan_Short-Form.pdf",foreign_principle_name,1.0,1.0,0.19207144,0.21477263,0.17908994885502877,0.25858578857524894
stage4-qwen2b,"20121119_Commonwealth of Dominica Maritime Registry, Inc._Hang, Sui Yan_Short-Form.pdf",file_date,0.0,0.0,0.23195836,0.14671095,0.4942167222380681,0.7433102926526083
stage4-qwen2b,"20121119_Commonwealth of Dominica Maritime Registry, Inc._Hang, Sui Yan_Short-Form.pdf",signer_name,0.0,0.0,0.026595715,0.028945375,0.10400072061743124,0.07398241855092418
stage4-qwen2b,"20121119_Commonwealth of Dominica Maritime Registry, Inc._Hang, Sui Yan_Short-Form.pdf",signer_title,1.0,1.0,0.8173974,0.905956,0.9315081259567329,0.7723004895856104
stage4-qwen2b,"20171220_Ballard Partners_San Pedro, Katherine_Short-Form.pdf",registration_num,1.0,1.0,0.9451852,0.98041743,0.9723262916414984,0.9470236505432162
stage4-qwen2b,"20171220_Ballard Partners_San Pedro, Katherine_Short-Form.pdf",registrant_name,1.0,1.0,0.7804537,0.8828823,0.6659842258991653,0.4023112972775596
stage4-qwen2b,"20171220_Ballard Partners_San Pedro, Katherine_Short-Form.pdf",foreign_principle_name,1.0,1.0,0.34177208,0.33467227,0.38648181627015465,0.19205250147864678
stage4-qwen2b,"20171220_Ballard Partners_San Pedro, Katherine_Short-Form.pdf",file_date,0.0,0.0,0.44908482,0.47455898,0.8214574680934762,0.5226752850366316
stage4-qwen2b,"20171220_Ballard Partners_San Pedro, Katherine_Short-Form.pdf",signer_name,0.0,0.0,0.018268608,0.018758982,0.08905330584694965,0.05232671833401012
stage4-qwen2b,"20171220_Ballard Partners_San Pedro, Katherine_Short-Form.pdf",signer_title,1.0,1.0,0.8050235,0.9000656,0.9143351547554273,0.7444247616368284
stage4-qwen2b,"20091120_BGR Government Affairs, LLC_Hoy, Jessica_Short-Form.pdf",registration_num,1.0,1.0,0.9451745,0.9829329,0.9612293369252185,0.9593126018969623
stage4-qwen2b,"20091120_BGR Government Affairs, LLC_Hoy, Jessica_Short-Form.pdf",registrant_name,0.0,0.0,0.77430165,0.7230302,0.8087866614501837,0.7573727388825559
stage4-qwen2b,"20091120_BGR Government Affairs, LLC_Hoy, Jessica_Short-Form.pdf",foreign_principle_name,0.0,0.0,0.33608302,0.266612,0.04013357531532704,0.06418083548578853
stage4-qwen2b,"20091120_BGR Government Affairs, LLC_Hoy, Jessica_Short-Form.pdf",file_date,0.0,0.0,0.31577727,0.26219204,0.7443369228764324,0.7870431939201368
stage4-qwen2b,"20091120_BGR Government Affairs, LLC_Hoy, Jessica_Short-Form.pdf",signer_name,0.0,0.0,0.09344542,0.07482238,0.1864480609730031,0.039331208962476626
stage4-qwen2b,"20091120_BGR Government Affairs, LLC_Hoy, Jessica_Short-Form.pdf",signer_title,1.0,1.0,0.80555886,0.8632704,0.9001424291191251,0.6830596610261267
stage4-qwen2b,"20151030_JETRO, San Francisco_Hunter, Naoco_Short-Form.pdf",registration_num,1.0,1.0,0.9361231,0.9893309,0.9754853049697422,0.9732671486364853
stage4-qwen2b,"20151030_JETRO, San Francisco_Hunter, Naoco_Short-Form.pdf",registrant_name,0.0,0.0,0.6417578,0.6974081,0.7101815626372001,0.09128337193707974
stage4-qwen2b,"20151030_JETRO, San Francisco_Hunter, Naoco_Short-Form.pdf",foreign_principle_name,0.0,0.0,0.18510869,0.14132997,0.19965675534299474,0.049908483365510514
stage4-qwen2b,"20151030_JETRO, San Francisco_Hunter, Naoco_Short-Form.pdf",file_date,1.0,1.0,0.9299162,0.98321545,0.800265966740905,0.9461443564286639
stage4-qwen2b,"20151030_JETRO, San Francisco_Hunter, Naoco_Short-Form.pdf",signer_name,1.0,1.0,0.91057414,0.92388916,0.8746732295875856,0.9784850869306784
stage4-qwen2b,"20151030_JETRO, San Francisco_Hunter, Naoco_Short-Form.pdf",signer_title,1.0,1.0,0.8154831,0.9117853,0.9244530324436474,0.7570325335443393
stage4-qwen2b,"20130131_Podesta Group, Inc._Dyer, James_Short-Form.pdf",registration_num,1.0,1.0,0.9557656,0.98950255,0.9776765775040108,0.9444007833058928
stage4-qwen2b,"20130131_Podesta Group, Inc._Dyer, James_Short-Form.pdf",registrant_name,1.0,1.0,0.91661435,0.93037623,0.7573990068755756,0.5505707724141023
stage4-qwen2b,"20130131_Podesta Group, Inc._Dyer, James_Short-Form.pdf",foreign_principle_name,0.0,0.0,0.12869345,0.13788244,0.021819152963236194,0.34938308792447953
stage4-qwen2b,"20130131_Podesta Group, Inc._Dyer, James_Short-Form.pdf",file_date,0.0,0.0,0.40860677,0.30162412,0.7793662787542313,0.4911855526539501
stage4-qwen2b,"20130131_Podesta Group, Inc._Dyer, James_Short-Form.pdf",signer_name,0.0,0.0,0.015004845,0.018827043,0.050094370265742164,0.05154627639819721
stage4-qwen2b,"20130131_Podesta Group, Inc._Dyer, James_Short-Form.pdf",signer_title,1.0,1.0,0.79402053,0.8504335,0.9119273617431676,0.7049520104791043
stage4-qwen2b,"20170509_Burson-Marsteller, LLC (Washington, DC)_Christman, Rita Elizabeth_Short-Form.pdf",registration_num,1.0,1.0,0.93478125,0.9785072,0.9632658163788295,0.8049640421475959
stage4-qwen2b,"20170509_Burson-Marsteller, LLC (Washington, DC)_Christman, Rita Elizabeth_Short-Form.pdf",registrant_name,1.0,1.0,0.716478,0.7709301,0.8587670731521081,0.6514087769075053
stage4-qwen2b,"20170509_Burson-Marsteller, LLC (Washington, DC)_Christman, Rita Elizabeth_Short-Form.pdf",foreign_principle_name,1.0,1.0,0.32446814,0.36276308,0.3295484809035342,0.367249222141277
stage4-qwen2b,"20170509_Burson-Marsteller, LLC (Washington, DC)_Christman, Rita Elizabeth_Short-Form.pdf",file_date,1.0,1.0,0.9264879,0.9376415,0.1898143459727733,0.7440338840999852
stage4-qwen2b,"20170509_Burson-Marsteller, LLC (Washington, DC)_Christman, Rita Elizabeth_Short-Form.pdf",signer_name,0.0,0.0,0.010855357,0.014075542,0.061467611238100885,0.10722618103258433
stage4-qwen2b,"20170509_Burson-Marsteller, LLC (Washington, DC)_Christman, Rita Elizabeth_Short-Form.pdf",signer_title,1.0,1.0,0.74560565,0.81773806,0.9161953353825549,0.7049520104791043
stage4-qwen2b,"20160107_Daschle Group, LLC_Daschle, Thomas_Short-Form.pdf",registration_num,1.0,1.0,0.9489255,0.99094677,0.9650740931235746,0.9444007833058928
stage4-qwen2b,"20160107_Daschle Group, LLC_Daschle, Thomas_Short-Form.pdf",registrant_name,1.0,1.0,0.87697685,0.9260491,0.8369736923120183,0.8115246257407346
stage4-qwen2b,"20160107_Daschle Group, LLC_Daschle, Thomas_Short-Form.pdf",foreign_principle_name,1.0,1.0,0.08274053,0.10893263,0.02603021128657028,0.2703889170617146
stage4-qwen2b,"20160107_Daschle Group, LLC_Daschle, Thomas_Short-Form.pdf",file_date,1.0,1.0,0.9473213,0.9827213,0.8802881755043922,0.9688388276189345
stage4-qwen2b,"20160107_Daschle Group, LLC_Daschle, Thomas_Short-Form.pdf",signer_name,0.0,0.0,0.37484664,0.40855232,0.7817666234272982,0.2834854601871686
stage4-qwen2b,"20160107_Daschle Group, LLC_Daschle, Thomas_Short-Form.pdf",signer_title,1.0,1.0,0.7636262,0.79983556,0.9143286400973806,0.7144251785316367
stage4-qwen2b,"20171115_Cornerstone Government Affairs_Hinch, Matthew_Short-Form.pdf",registration_num,1.0,1.0,0.9463561,0.9881457,0.9683963706300108,0.857696655938414
stage4-qwen2b,"20171115_Cornerstone Government Affairs_Hinch, Matthew_Short-Form.pdf",registrant_name,1.0,1.0,0.92870206,0.9702433,0.9239045926772819,0.8600267885350276
stage4-qwen2b,"20171115_Cornerstone Government Affairs_Hinch, Matthew_Short-Form.pdf",foreign_principle_name,0.0,0.0,0.115959525,0.14069957,0.054308278478844174,0.4081451349738091
stage4-qwen2b,"20171115_Cornerstone Government Affairs_Hinch, Matthew_Short-Form.pdf",file_date,1.0,1.0,0.9276745,0.9816958,0.454632249766965,0.9396741296496331
stage4-qwen2b,"20171115_Cornerstone Government Affairs_Hinch, Matthew_Short-Form.pdf",signer_name,0.0,1.0,0.9264504,0.94964236,0.9594149559056353,0.9896864813794335
stage4-qwen2b,"20171115_Cornerstone Government Affairs_Hinch, Matthew_Short-Form.pdf",signer_title,1.0,1.0,0.84846497,0.9379078,0.9579104782185585,0.8977990803580062
stage4-qwen2b,"20180403_Singapore Economic Development Board_Yeo, Aaron_Short-Form.pdf",registration_num,1.0,1.0,0.9452241,0.98880255,0.9641540684825266,0.8991336531516736
stage4-qwen2b,"20180403_Singapore Economic Development Board_Yeo, Aaron_Short-Form.pdf",registrant_name,1.0,1.0,0.87434655,0.85676086,0.5109635714624783,0.4285758774027005
stage4-qwen2b,"20180403_Singapore Economic Development Board_Yeo, Aaron_Short-Form.pdf",foreign_principle_name,0.0,0.0,0.21188998,0.2660542,0.24155879943266634,0.33662734772558334
stage4-qwen2b,"20180403_Singapore Economic Development Board_Yeo, Aaron_Short-Form.pdf",file_date,1.0,1.0,0.9508635,0.9900772,0.8162692429145019,0.9699168256256192
stage4-qwen2b,"20180403_Singapore Economic Development Board_Yeo, Aaron_Short-Form.pdf",signer_name,0.0,0.0,0.00240636,0.0056333966,0.011823010281984844,0.05942018164628285
stage4-qwen2b,"20180403_Singapore Economic Development Board_Yeo, Aaron_Short-Form.pdf",signer_title,1.0,1.0,0.7919141,0.8853634,0.908564965331439,0.6830596610261267
stage4-qwen2b,"20140812_Greenberg Traurig, LLP_Schwartz, Allison Shulman_Short-Form.pdf",registration_num,1.0,1.0,0.94064903,0.98525363,0.9773443565946611,0.9621096982508327
stage4-qwen2b,"20140812_Greenberg Traurig, LLP_Schwartz, Allison Shulman_Short-Form.pdf",registrant_name,1.0,1.0,0.93251574,0.95627004,0.9215023605211606,0.7301456729810192
stage4-qwen2b,"20140812_Greenberg Traurig, LLP_Schwartz, Allison Shulman_Short-Form.pdf",foreign_principle_name,1.0,1.0,0.17330535,0.16877398,0.0396538996979291,0.3272738942537492
stage4-qwen2b,"20140812_Greenberg Traurig, LLP_Schwartz, Allison Shulman_Short-Form.pdf",file_date,1.0,1.0,0.93238384,0.98278606,0.8173238964959991,0.9526539295120302
stage4-qwen2b,"20140812_Greenberg Traurig, LLP_Schwartz, Allison Shulman_Short-Form.pdf",signer_name,1.0,1.0,0.89893544,0.8906883,0.8532261259837859,0.9648755574444488
stage4-qwen2b,"20140812_Greenberg Traurig, LLP_Schwartz, Allison Shulman_Short-Form.pdf",signer_title,1.0,1.0,0.8463804,0.93774164,0.9553473442712682,0.8977990803580062
stage4-qwen2b,"20110817_BLJ Worldwide LTD_Van Wagenen, Matthew_Short-Form.pdf",registration_num,1.0,1.0,0.94440186,0.9882127,0.9632623166892581,0.9888919352085862
stage4-qwen2b,"20110817_BLJ Worldwide LTD_Van Wagenen, Matthew_Short-Form.pdf",registrant_name,1.0,1.0,0.8015456,0.8076458,0.6804001737599152,0.5579897070214985
stage4-qwen2b,"20110817_BLJ Worldwide LTD_Van Wagenen, Matthew_Short-Form.pdf",foreign_principle_name,1.0,1.0,0.09263344,0.097454906,0.049150001667159056,0.28374267727583985
stage4-qwen2b,"20110817_BLJ Worldwide LTD_Van Wagenen, Matthew_Short-Form.pdf",file_date,1.0,1.0,0.93399525,0.9808194,0.809069960334188,0.9526539295120302
stage4-qwen2b,"20110817_BLJ Worldwide LTD_Van Wagenen, Matthew_Short-Form.pdf",signer_name,1.0,1.0,0.88984555,0.8711931,0.6352251542839036,0.9604484674716334
stage4-qwen2b,"20110817_BLJ Worldwide LTD_Van Wagenen, Matthew_Short-Form.pdf",signer_title,1.0,1.0,0.8434433,0.93228084,0.9550726065722361,0.8901628434707238
stage4-qwen2b,"20170404_Sonoran Policy Group, LLC_Daniels, Jacob G._Short-Form.pdf",registration_num,1.0,1.0,0.9508417,0.9875401,0.9641540684825266,0.951199902896638
stage4-qwen2b,"20170404_Sonoran Policy Group, LLC_Daniels, Jacob G._Short-Form.pdf",registrant_name,0.0,0.0,0.39295936,0.3599096,0.5614027618200629,0.15537609725929188
stage4-qwen2b,"20170404_Sonoran Policy Group, LLC_Daniels, Jacob G._Short-Form.pdf",foreign_principle_name,0.0,0.0,0.108090624,0.108232185,0.07074908302321484,0.023162033373145013
stage4-qwen2b,"20170404_Sonoran Policy Group, LLC_Daniels, Jacob G._Short-Form.pdf",file_date,1.0,1.0,0.93763113,0.9796916,0.5634697716696142,0.9517627929846613
stage4-qwen2b,"20170404_Sonoran Policy Group, LLC_Daniels, Jacob G._Short-Form.pdf",signer_name,1.0,1.0,0.88744795,0.83091193,0.7988050563419539,0.9733180983374888
stage4-qwen2b,"20170404_Sonoran Policy Group, LLC_Daniels, Jacob G._Short-Form.pdf",signer_title,1.0,1.0,0.83667296,0.9312,0.9593512651878773,0.8901628434707238
stage4-qwen2b,"20080825_Ketchum Inc. NY_Goldstein, Benjamin Jacob_Short-Form.pdf",registration_num,1.0,1.0,0.94009364,0.98459816,0.9795692573192072,0.9771633362513441
stage4-qwen2b,"20080825_Ketchum Inc. NY_Goldstein, Benjamin Jacob_Short-Form.pdf",registrant_name,1.0,1.0,0.8803525,0.9361285,0.7539088215792977,0.8200099399452478
stage4-qwen2b,"20080825_Ketchum Inc. NY_Goldstein, Benjamin Jacob_Short-Form.pdf",foreign_principle_name,1.0,1.0,0.3222941,0.42327294,0.25825926003920535,0.2814571541859107
stage4-qwen2b,"20080825_Ketchum Inc. NY_Goldstein, Benjamin Jacob_Short-Form.pdf",file_date,1.0,1.0,0.943693,0.98403466,0.8709638645737491,0.9500319173321052
stage4-qwen2b,"20080825_Ketchum Inc. NY_Goldstein, Benjamin Jacob_Short-Form.pdf",signer_name,0.0,0.0,0.13123767,0.08701055,0.12267960187365858,0.09090661477906646
stage4-qwen2b,"20080825_Ketchum Inc. NY_Goldstein, Benjamin Jacob_Short-Form.pdf",signer_title,1.0,1.0,0.8440418,0.9334995,0.9622994143289672,0.875540205461158
stage4-qwen2b,"20100525_Akin, Gump, Strauss, Hauer _ Feld, LLP_Lapp, Alixandria_Short-Form.pdf",registration_num,1.0,1.0,0.9303676,0.9764002,0.9708259090818383,0.9465526972401853
stage4-qwen2b,"20100525_Akin, Gump, Strauss, Hauer _ Feld, LLP_Lapp, Alixandria_Short-Form.pdf",registrant_name,1.0,1.0,0.92168796,0.94784707,0.7472351465068193,0.9565553275031897
stage4-qwen2b,"20100525_Akin, Gump, Strauss, Hauer _ Feld, LLP_Lapp, Alixandria_Short-Form.pdf",foreign_principle_name,1.0,1.0,0.1282842,0.1383981,0.039148499996034355,0.40069865674383276
stage4-qwen2b,"20100525_Akin, Gump, Strauss, Hauer _ Feld, LLP_Lapp, Alixandria_Short-Form.pdf",file_date,0.0,0.0,0.32342267,0.27780455,0.5370458263348566,0.49232081398014543
stage4-qwen2b,"20100525_Akin, Gump, Strauss, Hauer _ Feld, LLP_Lapp, Alixandria_Short-Form.pdf",signer_name,0.0,0.0,0.5129212,0.61007476,0.1925731153695305,0.07210675125549655
stage4-qwen2b,"20100525_Akin, Gump, Strauss, Hauer _ Feld, LLP_Lapp, Alixandria_Short-Form.pdf",signer_title,1.0,1.0,0.804741,0.8612156,0.9001424291191251,0.6830596610261267
stage4-qwen2b,"20170127_S.G.R. LLC Government Relations and Lobbying_Lowman, Greg_Short-Form.pdf",registration_num,1.0,1.0,0.9412832,0.98401946,0.9614817207182607,0.9371219585900273
stage4-qwen2b,"20170127_S.G.R. LLC Government Relations and Lobbying_Lowman, Greg_Short-Form.pdf",registrant_name,0.0,0.0,0.44782263,0.47546944,0.502573605341012,0.29775269227104767
stage4-qwen2b,"20170127_S.G.R. LLC Government Relations and Lobbying_Lowman, Greg_Short-Form.pdf",foreign_principle_name,1.0,1.0,0.25935435,0.2850173,0.29186031581111044,0.4588988393441786
stage4-qwen2b,"20170127_S.G.R. LLC Government Relations and Lobbying_Lowman, Greg_Short-Form.pdf",file_date,1.0,1.0,0.93045175,0.98736525,0.725292655045118,0.9003624326422157
stage4-qwen2b,"20170127_S.G.R. LLC Government Relations and Lobbying_Lowman, Greg_Short-Form.pdf",signer_name,0.0,0.0,0.014273329,0.015173884,0.07399246228666115,0.02193794271760601
stage4-qwen2b,"20170127_S.G.R. LLC Government Relations and Lobbying_Lowman, Greg_Short-Form.pdf",signer_title,1.0,1.0,0.8236883,0.9182574,0.9244530324436474,0.7570325335443393
stage4-qwen2b,"20170426_Department of Culture Tourism - Abu Dhabi (New York Branch)_Carreiro, Paula_Short-Form.pdf",registration_num,1.0,1.0,0.9471291,0.98861396,0.9723262916414984,0.9470236505432162
stage4-qwen2b,"20170426_Department of Culture Tourism - Abu Dhabi (New York Branch)_Carreiro, Paula_Short-Form.pdf",registrant_name,1.0,1.0,0.8059866,0.85933924,0.6871598064485993,0.9522256339945915
stage4-qwen2b,"20170426_Department of Culture Tourism - Abu Dhabi (New York Branch)_Carreiro, Paula_Short-Form.pdf",foreign_principle_name,0.0,0.0,0.20082422,0.19706884,0.21569677417489894,0.17619750166292777
stage4-qwen2b,"20170426_Department of Culture Tourism - Abu Dhabi (New York Branch)_Carreiro, Paula_Short-Form.pdf",file_date,1.0,1.0,0.93388784,0.9798622,0.8091100226301569,0.9569957923882805
stage4-qwen2b,"20170426_Department of Culture Tourism - Abu Dhabi (New York Branch)_Carreiro, Paula_Short-Form.pdf",signer_name,1.0,1.0,0.8885314,0.8581753,0.9587168940955193,0.9852012567932928
stage4-qwen2b,"20170426_Department of Culture Tourism - Abu Dhabi (New York Branch)_Carreiro, Paula_Short-Form.pdf",signer_title,1.0,1.0,0.84226924,0.934799,0.9588502562021358,0.8977990803580062
stage4-qwen2b,"20131203_Commonwealth of Dominica Maritime Registry, Inc._Xiaodong, Hu_Short-Form.pdf",registration_num,1.0,1.0,0.9501203,0.98755616,0.9635211550571686,0.9544997807699207
stage4-qwen2b,"20131203_Commonwealth of Dominica Maritime Registry, Inc._Xiaodong, Hu_Short-Form.pdf",registrant_name,1.0,1.0,0.90862495,0.9511299,0.9216845479261483,0.9573825912338872
stage4-qwen2b,"20131203_Commonwealth of Dominica Maritime Registry, Inc._Xiaodong, Hu_Short-Form.pdf",foreign_principle_name,1.0,1.0,0.17247786,0.18669076,0.13504915400492254,0.21750416814630466
stage4-qwen2b,"20131203_Commonwealth of Dominica Maritime Registry, Inc._Xiaodong, Hu_Short-Form.pdf",file_date,0.0,0.0,0.6095355,0.6793574,0.7518396555939884,0.6504064606689598
stage4-qwen2b,"20131203_Commonwealth of Dominica Maritime Registry, Inc._Xiaodong, Hu_Short-Form.pdf",signer_name,0.0,0.0,0.04170782,0.03481255,0.05912885876193175,0.05178107347260886
stage4-qwen2b,"20131203_Commonwealth of Dominica Maritime Registry, Inc._Xiaodong, Hu_Short-Form.pdf",signer_title,1.0,1.0,0.7740658,0.8547813,0.904921954455299,0.6830596610261267
stage4-qwen2b,"20100901_Daniel J. Edelman, Inc._Gutman, Beata_Short-Form.pdf",registration_num,1.0,1.0,0.9218569,0.97560006,0.9614817207182607,0.9201370103609211
stage4-qwen2b,"20100901_Daniel J. Edelman, Inc._Gutman, Beata_Short-Form.pdf",registrant_name,0.0,0.0,0.7558981,0.7110044,0.5324087623674264,0.06332330530561826
stage4-qwen2b,"20100901_Daniel J. Edelman, Inc._Gutman, Beata_Short-Form.pdf",foreign_principle_name,0.0,0.0,0.09819488,0.082784675,0.08600710997738553,0.06411487032313005
stage4-qwen2b,"20100901_Daniel J. Edelman, Inc._Gutman, Beata_Short-Form.pdf",file_date,0.0,0.0,0.15458329,0.12616639,0.6394200178863283,0.20007257255304142
stage4-qwen2b,"20100901_Daniel J. Edelman, Inc._Gutman, Beata_Short-Form.pdf",signer_name,0.0,0.0,0.15910459,0.087633386,0.08610877847003888,0.03953472616464469
stage4-qwen2b,"20100901_Daniel J. Edelman, Inc._Gutman, Beata_Short-Form.pdf",signer_title,1.0,1.0,0.7119439,0.7294601,0.9184906493956815,0.7144251785316367
stage4-qwen2b,"20170301_Mercury Public Affairs, LLC_Reid, Morris_Short-Form.pdf",registration_num,1.0,1.0,0.9403006,0.9810686,0.9778886437141198,0.9741441364046397
stage4-qwen2b,"20170301_Mercury Public Affairs, LLC_Reid, Morris_Short-Form.pdf",registrant_name,0.0,0.0,0.72354543,0.7124155,0.961955124363531,0.8887365882585134
stage4-qwen2b,"20170301_Mercury Public Affairs, LLC_Reid, Morris_Short-Form.pdf",foreign_principle_name,0.0,0.0,0.17666703,0.18696319,0.09484761836663,0.47641823347797047
stage4-qwen2b,"20170301_Mercury Public Affairs, LLC_Reid, Morris_Short-Form.pdf",file_date,1.0,1.0,0.93571025,0.98011625,0.808758945825195,0.9582651844431085
stage4-qwen2b,"20170301_Mercury Public Affairs, LLC_Reid, Morris_Short-Form.pdf",signer_name,1.0,1.0,0.8431776,0.7340697,0.9323281519090332,0.9880612486326578
stage4-qwen2b,"20170301_Mercury Public Affairs, LLC_Reid, Morris_Short-Form.pdf",signer_title,1.0,1.0,0.85164845,0.9440268,0.958972089019312,0.9242873681556716
stage4-qwen2b,"20160210_Squire Patton Boggs, LLP_Garrett, John C._Short-Form.pdf",registration_num,1.0,1.0,0.942649,0.98745537,0.9723262916414984,0.9534963409649133
stage4-qwen2b,"20160210_Squire Patton Boggs, LLP_Garrett, John C._Short-Form.pdf",registrant_name,0.0,1.0,0.87734,0.87851083,0.8525812709846413,0.8138324228242213
stage4-qwen2b,"20160210_Squire Patton Boggs, LLP_Garrett, John C._Short-Form.pdf",foreign_principle_name,0.0,0.0,0.18143663,0.16496292,0.14807396463180802,0.4448192360297422
stage4-qwen2b,"20160210_Squire Patton Boggs, LLP_Garrett, John C._Short-Form.pdf",file_date,1.0,1.0,0.925937,0.967436,0.9164145710995887,0.9760975194738079
stage4-qwen2b,"20160210_Squire Patton Boggs, LLP_Garrett, John C._Short-Form.pdf",signer_name,1.0,1.0,0.93567306,0.9559823,0.9396420656618443,0.9676280579363776
stage4-qwen2b,"20160210_Squire Patton Boggs, LLP_Garrett, John C._Short-Form.pdf",signer_title,1.0,1.0,0.843114,0.93631476,0.9579104782185585,0.8977990803580062
stage4-qwen2b,"20121129_Commonwealth of Dominica Maritime Registry, Inc._Glover, Robert C._Short-Form.pdf",registration_num,1.0,1.0,0.95133334,0.99207175,0.9722998978732197,0.9577636060226149
stage4-qwen2b,"20121129_Commonwealth of Dominica Maritime Registry, Inc._Glover, Robert C._Short-Form.pdf",registrant_name,1.0,1.0,0.8874553,0.93963164,0.9490328701840369,0.9647146377697713
stage4-qwen2b,"20121129_Commonwealth of Dominica Maritime Registry, Inc._Glover, Robert C._Short-Form.pdf",foreign_principle_name,1.0,1.0,0.19979993,0.22445472,0.3536550028187102,0.3468381811477689
stage4-qwen2b,"20121129_Commonwealth of Dominica Maritime Registry, Inc._Glover, Robert C._Short-Form.pdf",file_date,1.0,1.0,0.93783647,0.96938837,0.7439970012345855,0.9382262442417015
stage4-qwen2b,"20121129_Commonwealth of Dominica Maritime Registry, Inc._Glover, Robert C._Short-Form.pdf",signer_name,0.0,0.0,0.014069065,0.016041802,0.050094370265742164,0.055856892881966144
stage4-qwen2b,"20121129_Commonwealth of Dominica Maritime Registry, Inc._Glover, Robert C._Short-Form.pdf",signer_title,1.0,1.0,0.73804134,0.81326914,0.8915519133204803,0.7222921267902268
stage4-qwen2b,"20120423_United Lao Council for Peace, Freedom and Reconstruction (ULCPFR)_Vang, Chong_Short-Form.pdf",registration_num,1.0,1.0,0.9065102,0.94866955,0.9503958142373977,0.47250581638947203
stage4-qwen2b,"20120423_United Lao Council for Peace, Freedom and Reconstruction (ULCPFR)_Vang, Chong_Short-Form.pdf",registrant_name,0.0,0.0,0.7655746,0.8198385,0.7306430309534047,0.11494248679868978
stage4-qwen2b,"20120423_United Lao Council for Peace, Freedom and Reconstruction (ULCPFR)_Vang, Chong_Short-Form.pdf",foreign_principle_name,0.0,0.0,0.141336,0.1323646,0.03294273358487705,0.14204347920649224
stage4-qwen2b,"20120423_United Lao Council for Peace, Freedom and Reconstruction (ULCPFR)_Vang, Chong_Short-Form.pdf",file_date,1.0,1.0,0.93534166,0.9724658,0.8354676742679642,0.9358742622316517
stage4-qwen2b,"20120423_United Lao Council for Peace, Freedom and Reconstruction (ULCPFR)_Vang, Chong_Short-Form.pdf",signer_name,1.0,1.0,0.31799868,0.2089806,0.5912967318234382,0.44945271646148494
stage4-qwen2b,"20120423_United Lao Council for Peace, Freedom and Reconstruction (ULCPFR)_Vang, Chong_Short-Form.pdf",signer_title,1.0,1.0,0.8726532,0.9570314,0.9547053579096753,0.9668764951980974
stage4-qwen2b,"20100319_Podesta Group, Inc._Northrup, Stephen James_Short-Form.pdf",registration_num,1.0,1.0,0.94481486,0.99213946,0.9594179188911871,0.9550187721430501
stage4-qwen2b,"20100319_Podesta Group, Inc._Northrup, Stephen James_Short-Form.pdf",registrant_name,1.0,1.0,0.93202287,0.95062673,0.7310353402259195,0.6510756313068201
stage4-qwen2b,"20100319_Podesta Group, Inc._Northrup, Stephen James_Short-Form.pdf",foreign_principle_name,1.0,1.0,0.36530912,0.42201248,0.7058972117985775,0.7964697501847272
stage4-qwen2b,"20100319_Podesta Group, Inc._Northrup, Stephen James_Short-Form.pdf",file_date,1.0,1.0,0.9284736,0.95851743,0.40488020699587296,0.9389420921944496
stage4-qwen2b,"20100319_Podesta Group, Inc._Northrup, Stephen James_Short-Form.pdf",signer_name,0.0,0.0,0.15293479,0.11620939,0.289174001860181,0.0861597329438251
stage4-qwen2b,"20100319_Podesta Group, Inc._Northrup, Stephen James_Short-Form.pdf",signer_title,1.0,1.0,0.7537005,0.77715605,0.8750871816747993,0.7049520104791043
stage4-qwen2b,"20170522_Nelson Mullins Riley _ Scarborough, LLP_Cox, Christy_Short-Form.pdf",registration_num,1.0,1.0,0.93962467,0.98384017,0.9683963706300108,0.9597715239297934
stage4-qwen2b,"20170522_Nelson Mullins Riley _ Scarborough, LLP_Cox, Christy_Short-Form.pdf",registrant_name,0.0,0.0,0.4144426,0.3581891,0.707392067444834,0.09506766232022573
stage4-qwen2b,"20170522_Nelson Mullins Riley _ Scarborough, LLP_Cox, Christy_Short-Form.pdf",foreign_principle_name,0.0,0.0,0.29056075,0.24534044,0.057243818003818184,0.06011499538192905
stage4-qwen2b,"20170522_Nelson Mullins Riley _ Scarborough, LLP_Cox, Christy_Short-Form.pdf",file_date,0.0,0.0,0.19642188,0.12849778,0.5670811141966497,0.6489000979927215
stage4-qwen2b,"20170522_Nelson Mullins Riley _ Scarborough, LLP_Cox, Christy_Short-Form.pdf",signer_name,0.0,0.0,0.056635667,0.039450996,0.17829756843432193,0.06231237266466594
stage4-qwen2b,"20170522_Nelson Mullins Riley _ Scarborough, LLP_Cox, Christy_Short-Form.pdf",signer_title,1.0,1.0,0.7189186,0.7831731,0.9184906493956815,0.7144251785316367
stage4-qwen2b,"20150516_Greenfield Law, LLC_Kress, William A._Short-Form.pdf",registration_num,1.0,1.0,0.92454225,0.976593,0.9660622206028919,0.7258054269477339
stage4-qwen2b,"20150516_Greenfield Law, LLC_Kress, William A._Short-Form.pdf",registrant_name,0.0,0.0,0.5729223,0.49005646,0.7231587434424369,0.09795263083592426
stage4-qwen2b,"20150516_Greenfield Law, LLC_Kress, William A._Short-Form.pdf",foreign_principle_name,0.0,0.0,0.13119511,0.10722723,0.1315840513450054,0.056998508149215726
stage4-qwen2b,"20150516_Greenfield Law, LLC_Kress, William A._Short-Form.pdf",file_date,0.0,0.0,0.5352702,0.58344996,0.7856557092418385,0.7533509070730094
stage4-qwen2b,"20150516_Greenfield Law, LLC_Kress, William A._Short-Form.pdf",signer_name,0.0,0.0,0.22589533,0.13206127,0.7322264634006762,0.3439116576419523
stage4-qwen2b,"20150516_Greenfield Law, LLC_Kress, William A._Short-Form.pdf",signer_title,1.0,1.0,0.787286,0.8706811,0.9001424291191251,0.6830596610261267
stage4-qwen2b,"20160622_Raben Group, LLC_Soto, Eduardo_Short-Form.pdf",registration_num,1.0,1.0,0.9437631,0.9888242,0.9723262916414984,0.9484890083113637
stage4-qwen2b,"20160622_Raben Group, LLC_Soto, Eduardo_Short-Form.pdf",registrant_name,1.0,1.0,0.88092756,0.91311646,0.8401022350352723,0.6118110885799042
stage4-qwen2b,"20160622_Raben Group, LLC_Soto, Eduardo_Short-Form.pdf",foreign_principle_name,1.0,1.0,0.18703566,0.21389914,0.21900238063499786,0.2646670857209702
stage4-qwen2b,"20160622_Raben Group, LLC_Soto, Eduardo_Short-Form.pdf",file_date,1.0,1.0,0.93936586,0.9817418,0.806440280017192,0.9569957923882805
stage4-qwen2b,"20160622_Raben Group, LLC_Soto, Eduardo_Short-Form.pdf",signer_name,1.0,1.0,0.91263914,0.94926846,0.8332269496701559,0.9658315768215541
stage4-qwen2b,"20160622_Raben Group, LLC_Soto, Eduardo_Short-Form.pdf",signer_title,1.0,1.0,0.8408109,0.93466854,0.9579104782185585,0.8977990803580062
stage4-qwen2b,"20120606_Daniel J. Edelman, Inc._Holloway, Michael_Short-Form.pdf",registration_num,1.0,1.0,0.9341361,0.9855734,0.9756719671178533,0.9103706743790368
stage4-qwen2b,"20120606_Daniel J. Edelman, Inc._Holloway, Michael_Short-Form.pdf",registrant_name,0.0,0.0,0.75820065,0.6799966,0.8665927615923217,0.3771133872453414
stage4-qwen2b,"20120606_Daniel J. Edelman, Inc._Holloway, Michael_Short-Form.pdf",foreign_principle_name,1.0,1.0,0.21936345,0.28306347,0.07356718485668431,0.28696781722519665
stage4-qwen2b,"20120606_Daniel J. Edelman, Inc._Holloway, Michael_Short-Form.pdf",file_date,1.0,1.0,0.92648107,0.9836968,0.8091100226301569,0.9569957923882805
stage4-qwen2b,"20120606_Daniel J. Edelman, Inc._Holloway, Michael_Short-Form.pdf",signer_name,1.0,1.0,0.88699245,0.90155745,0.9691962886929265,0.9893702321417808
stage4-qwen2b,"20120606_Daniel J. Edelman, Inc._Holloway, Michael_Short-Form.pdf",signer_title,1.0,1.0,0.8490524,0.9424704,0.9505109207715255,0.9096513721177683
stage4-qwen2b,"20150303_DCI Group AZ, LLC_Olson, Grant A._Short-Form.pdf",registration_num,1.0,1.0,0.9308832,0.98676026,0.9668715723094613,0.6061305577505136
stage4-qwen2b,"20150303_DCI Group AZ, LLC_Olson, Grant A._Short-Form.pdf",registrant_name,0.0,0.0,0.45236045,0.48019546,0.42853166267505666,0.2017233435822967
stage4-qwen2b,"20150303_DCI Group AZ, LLC_Olson, Grant A._Short-Form.pdf",foreign_principle_name,0.0,0.0,0.16975914,0.18790576,0.1457192079362709,0.32401000420789283
stage4-qwen2b,"20150303_DCI Group AZ, LLC_Olson, Grant A._Short-Form.pdf",file_date,1.0,1.0,0.9322401,0.9785117,0.7824165475068695,0.9557264587874786
stage4-qwen2b,"20150303_DCI Group AZ, LLC_Olson, Grant A._Short-Form.pdf",signer_name,1.0,1.0,0.67829245,0.7612326,0.7817509216254884,0.96495235060123
stage4-qwen2b,"20150303_DCI Group AZ, LLC_Olson, Grant A._Short-Form.pdf",signer_title,1.0,1.0,0.8115789,0.9072687,0.9143351547554273,0.7557740826152164
stage4-qwen2b,"20100128_Squire Patton Boggs, LLP_Boggs, Thomas Hale Jr._Short-Form.pdf",registration_num,1.0,1.0,0.9367054,0.99074346,0.9708259090818383,0.9228775248902198
stage4-qwen2b,"20100128_Squire Patton Boggs, LLP_Boggs, Thomas Hale Jr._Short-Form.pdf",registrant_name,1.0,1.0,0.9186592,0.9424459,0.8701650687954109,0.8554558192688662
stage4-qwen2b,"20100128_Squire Patton Boggs, LLP_Boggs, Thomas Hale Jr._Short-Form.pdf",foreign_principle_name,0.0,0.0,0.38552204,0.43462157,0.14390220081422206,0.4457236590240625
stage4-qwen2b,"20100128_Squire Patton Boggs, LLP_Boggs, Thomas Hale Jr._Short-Form.pdf",file_date,1.0,1.0,0.8861515,0.8979704,0.2517095876809368,0.7641553548372899
stage4-qwen2b,"20100128_Squire Patton Boggs, LLP_Boggs, Thomas Hale Jr._Short-Form.pdf",signer_name,0.0,0.0,0.09016474,0.05031086,0.035014725630450244,0.015973293550320015
stage4-qwen2b,"20100128_Squire Patton Boggs, LLP_Boggs, Thomas Hale Jr._Short-Form.pdf",signer_title,1.0,1.0,0.7547902,0.76793313,0.9143286400973806,0.7144251785316367
stage4-qwen2b,"20161031_MSLGROUP Americas, Inc._Phillips, Bruceanne_Short-Form.pdf",registration_num,1.0,1.0,0.9394566,0.98768175,0.9792980768771571,0.9633419867024804
stage4-qwen2b,"20161031_MSLGROUP Americas, Inc._Phillips, Bruceanne_Short-Form.pdf",registrant_name,0.0,0.0,0.58339405,0.6101316,0.9333034127408829,0.18109709929081494
stage4-qwen2b,"20161031_MSLGROUP Americas, Inc._Phillips, Bruceanne_Short-Form.pdf",foreign_principle_name,1.0,1.0,0.2432929,0.26211473,0.4595023451023049,0.5352498441800313
stage4-qwen2b,"20161031_MSLGROUP Americas, Inc._Phillips, Bruceanne_Short-Form.pdf",file_date,0.0,1.0,0.947975,0.9885335,0.9429455521840152,0.9870819089770719
stage4-qwen2b,"20161031_MSLGROUP Americas, Inc._Phillips, Bruceanne_Short-Form.pdf",signer_name,0.0,0.0,0.16788022,0.15623109,0.8816157000865755,0.6101038650387045
stage4-qwen2b,"20161031_MSLGROUP Americas, Inc._Phillips, Bruceanne_Short-Form.pdf",signer_title,1.0,1.0,0.8137579,0.9126035,0.9207664343267941,0.7710972076604173
stage4-qwen2b,"20140416_Ketchum Inc. NY_Jeavons, Kathleen Stone_Short-Form.pdf",registration_num,1.0,1.0,0.9245545,0.9660223,0.9622847518480496,0.9541056012348166
stage4-qwen2b,"20140416_Ketchum Inc. NY_Jeavons, Kathleen Stone_Short-Form.pdf",registrant_name,0.0,0.0,0.9139474,0.9543231,0.7938699765001183,0.6208345506422956
stage4-qwen2b,"20140416_Ketchum Inc. NY_Jeavons, Kathleen Stone_Short-Form.pdf",foreign_principle_name,1.0,1.0,0.34257665,0.30645278,0.04391572673945948,0.276280323892788
stage4-qwen2b,"20140416_Ketchum Inc. NY_Jeavons, Kathleen Stone_Short-Form.pdf",file_date,1.0,1.0,0.94304055,0.9809601,0.8628532564925895,0.9531950888234157
stage4-qwen2b,"20140416_Ketchum Inc. NY_Jeavons, Kathleen Stone_Short-Form.pdf",signer_name,0.0,0.0,0.02629364,0.027018245,0.08508147469584013,0.030090547942494612
stage4-qwen2b,"20140416_Ketchum Inc. NY_Jeavons, Kathleen Stone_Short-Form.pdf",signer_title,1.0,1.0,0.7979869,0.8913395,0.908564965331439,0.6830596610261267
stage4-qwen2b,"20090507_Ketchum Inc. NY_Reynolds, John Alan_Short-Form.pdf",registration_num,1.0,1.0,0.92504215,0.9788457,0.9770443367507238,0.9544073427514282
stage4-qwen2b,"20090507_Ketchum Inc. NY_Reynolds, John Alan_Short-Form.pdf",registrant_name,0.0,0.0,0.78962076,0.74100447,0.9484154705505139,0.22656711478453123
stage4-qwen2b,"20090507_Ketchum Inc. NY_Reynolds, John Alan_Short-Form.pdf",foreign_principle_name,1.0,1.0,0.35376906,0.314961,0.18635029928551458,0.2995453844808348
stage4-qwen2b,"20090507_Ketchum Inc. NY_Reynolds, John Alan_Short-Form.pdf",file_date,0.0,0.0,0.34793064,0.19840816,0.7372681864644255,0.7922191092145687
stage4-qwen2b,"20090507_Ketchum Inc. NY_Reynolds, John Alan_Short-Form.pdf",signer_name,0.0,0.0,0.030954257,0.029844165,0.11025552574930646,0.03628497042726057
stage4-qwen2b,"20090507_Ketchum Inc. NY_Reynolds, John Alan_Short-Form.pdf",signer_title,1.0,1.0,0.70600283,0.7182976,0.9206620491716208,0.7163401865912706
stage4-qwen2b,"20160516_Hogan Lovells US LLP_Stanton, John S._Short-Form.pdf",registration_num,1.0,1.0,0.9413182,0.9885057,0.8951201452978477,0.9894246284755789
stage4-qwen2b,"20160516_Hogan Lovells US LLP_Stanton, John S._Short-Form.pdf",registrant_name,0.0,0.0,0.79566854,0.79969734,0.8007807911219008,0.7896339581893647
stage4-qwen2b,"20160516_Hogan Lovells US LLP_Stanton, John S._Short-Form.pdf",foreign_principle_name,0.0,0.0,0.5702706,0.64755476,0.8560998815860922,0.843774963923059
stage4-qwen2b,"20160516_Hogan Lovells US LLP_Stanton, John S._Short-Form.pdf",file_date,1.0,1.0,0.93242675,0.97644997,0.8005755101727831,0.9569957923882805
stage4-qwen2b,"20160516_Hogan Lovells US LLP_Stanton, John S._Short-Form.pdf",signer_name,1.0,1.0,0.84355813,0.7790101,0.9501803301582578,0.9909361285174095
stage4-qwen2b,"20160516_Hogan Lovells US LLP_Stanton, John S._Short-Form.pdf",signer_title,1.0,1.0,0.8697425,0.95254576,0.944567438444161,0.906193985347536
stage4-qwen2b,"20100825_JETRO, New York_Sato, Tomoya_Short-Form.pdf",registration_num,1.0,1.0,0.9320396,0.9852139,0.9696798980843085,0.9431610943087767
stage4-qwen2b,"20100825_JETRO, New York_Sato, Tomoya_Short-Form.pdf",registrant_name,1.0,1.0,0.8563002,0.9401041,0.9111130858817875,0.9569119439376366
stage4-qwen2b,"20100825_JETRO, New York_Sato, Tomoya_Short-Form.pdf",foreign_principle_name,0.0,0.0,0.33367208,0.39494854,0.34631667454061993,0.6764316616897398
stage4-qwen2b,"20100825_JETRO, New York_Sato, Tomoya_Short-Form.pdf",file_date,0.0,0.0,0.5524681,0.6614677,0.8026485499242312,0.5673330817230893
stage4-qwen2b,"20100825_JETRO, New York_Sato, Tomoya_Short-Form.pdf",signer_name,0.0,0.0,0.0044985022,0.010043389,0.011823010281984844,0.015670790905172326
stage4-qwen2b,"20100825_JETRO, New York_Sato, Tomoya_Short-Form.pdf",signer_title,1.0,1.0,0.7474284,0.8068081,0.9184906493956815,0.7144251785316367
stage4-qwen2b,"20080630_Hill and Knowlton Strategies, LLC_Gunst, Jennifer_Short-Form.pdf",registration_num,1.0,1.0,0.9379457,0.9853269,0.9788323217142747,0.945838176320149
stage4-qwen2b,"20080630_Hill and Knowlton Strategies, LLC_Gunst, Jennifer_Short-Form.pdf",registrant_name,0.0,0.0,0.48044223,0.4133653,0.669098955405791,0.07748445078421433
stage4-qwen2b,"20080630_Hill and Knowlton Strategies, LLC_Gunst, Jennifer_Short-Form.pdf",foreign_principle_name,0.0,0.0,0.16017404,0.12531781,0.13145881287321556,0.33584773524462064
stage4-qwen2b,"20080630_Hill and Knowlton Strategies, LLC_Gunst, Jennifer_Short-Form.pdf",file_date,0.0,0.0,0.611349,0.59942186,0.6430911137821327,0.3325721105783341
stage4-qwen2b,"20080630_Hill and Knowlton Strategies, LLC_Gunst, Jennifer_Short-Form.pdf",signer_name,0.0,0.0,0.13690177,0.08067869,0.5015249400043036,0.11671793256918936
stage4-qwen2b,"20080630_Hill and Knowlton Strategies, LLC_Gunst, Jennifer_Short-Form.pdf",signer_title,1.0,1.0,0.8398982,0.9130846,0.9244530324436474,0.7570325335443393
stage4-qwen2b,"20100519_Akin, Gump, Strauss, Hauer _ Feld, LLP_Lapp, Alixandria_Short-Form.pdf",registration_num,1.0,1.0,0.9270266,0.9755414,0.9708259090818383,0.9465526972401853
stage4-qwen2b,"20100519_Akin, Gump, Strauss, Hauer _ Feld, LLP_Lapp, Alixandria_Short-Form.pdf",registrant_name,1.0,1.0,0.9008169,0.90519446,0.8186044178148474,0.9621215365655365
stage4-qwen2b,"20100519_Akin, Gump, Strauss, Hauer _ Feld, LLP_Lapp, Alixandria_Short-Form.pdf",foreign_principle_name,1.0,1.0,0.19978838,0.21689853,0.03714541135491928,0.2196177686133109
stage4-qwen2b,"20100519_Akin, Gump, Strauss, Hauer _ Feld, LLP_Lapp, Alixandria_Short-Form.pdf",file_date,0.0,0.0,0.14765887,0.090897225,0.469546382219848,0.6012269249865131
stage4-qwen2b,"20100519_Akin, Gump, Strauss, Hauer _ Feld, LLP_Lapp, Alixandria_Short-Form.pdf",signer_name,0.0,0.0,0.045199607,0.053657018,0.03055789139961029,0.15681230537505517
stage4-qwen2b,"20100519_Akin, Gump, Strauss, Hauer _ Feld, LLP_Lapp, Alixandria_Short-Form.pdf",signer_title,1.0,1.0,0.80501384,0.8638922,0.9001424291191251,0.6830596610261267
stage4-qwen2b,"20100610_Daniel J. Edelman, Inc._Suzuki, Eiko_Short-Form.pdf",registration_num,1.0,1.0,0.9256786,0.96566904,0.9629951228994087,0.9516423792309445
stage4-qwen2b,"20100610_Daniel J. Edelman, Inc._Suzuki, Eiko_Short-Form.pdf",registrant_name,1.0,1.0,0.7593408,0.8009731,0.45122066848792614,0.10693614736528849
stage4-qwen2b,"20100610_Daniel J. Edelman, Inc._Suzuki, Eiko_Short-Form.pdf",foreign_principle_name,1.0,1.0,0.44347534,0.49460855,0.2442280471149881,0.35217952747760356
stage4-qwen2b,"20100610_Daniel J. Edelman, Inc._Suzuki, Eiko_Short-Form.pdf",file_date,1.0,1.0,0.927965,0.9738286,0.8077878845451573,0.9521061142229968
stage4-qwen2b,"20100610_Daniel J. Edelman, Inc._Suzuki, Eiko_Short-Form.pdf",signer_name,0.0,0.0,0.02067321,0.023232847,0.05359059604808609,0.016421093027027014
stage4-qwen2b,"20100610_Daniel J. Edelman, Inc._Suzuki, Eiko_Short-Form.pdf",signer_title,1.0,1.0,0.8094519,0.87485105,0.9001424291191251,0.6830596610261267
stage4-qwen2b,"20121119_Commonwealth of Dominica Maritime Registry, Inc._Radchenko, Alexander B._Short-Form.pdf",registration_num,1.0,1.0,0.94187576,0.9819649,0.9683963706300108,0.9597715239297934
stage4-qwen2b,"20121119_Commonwealth of Dominica Maritime Registry, Inc._Radchenko, Alexander B._Short-Form.pdf",registrant_name,0.0,1.0,0.8441175,0.9038116,0.7368947311922707,0.8664568061422885
stage4-qwen2b,"20121119_Commonwealth of Dominica Maritime Registry, Inc._Radchenko, Alexander B._Short-Form.pdf",foreign_principle_name,0.0,0.0,0.09740796,0.10820323,0.0952943512329409,0.09743245318936142
stage4-qwen2b,"20121119_Commonwealth of Dominica Maritime Registry, Inc._Radchenko, Alexander B._Short-Form.pdf",file_date,1.0,1.0,0.92973155,0.96578294,0.7332152520640337,0.9610476699152125
stage4-qwen2b,"20121119_Commonwealth of Dominica Maritime Registry, Inc._Radchenko, Alexander B._Short-Form.pdf",signer_name,0.0,0.0,0.15311757,0.1483901,0.22073269900315928,0.10972514562682262
stage4-qwen2b,"20121119_Commonwealth of Dominica Maritime Registry, Inc._Radchenko, Alexander B._Short-Form.pdf",signer_title,1.0,1.0,0.8307308,0.9256399,0.9582739438108062,0.8510188646561161
stage4-qwen2b,"20171010_MSLGROUP Americas, Inc._Beck, Emma_Short-Form.pdf",registration_num,1.0,1.0,0.939878,0.98437035,0.9726364143456521,0.9781830397182258
stage4-qwen2b,"20171010_MSLGROUP Americas, Inc._Beck, Emma_Short-Form.pdf",registrant_name,1.0,1.0,0.8991736,0.9502228,0.8638023502121218,0.8552380510144133
stage4-qwen2b,"20171010_MSLGROUP Americas, Inc._Beck, Emma_Short-Form.pdf",foreign_principle_name,1.0,1.0,0.3530256,0.40835333,0.1262149195762233,0.46582094614354097
stage4-qwen2b,"20171010_MSLGROUP Americas, Inc._Beck, Emma_Short-Form.pdf",file_date,0.0,0.0,0.41207394,0.5286453,0.6950311340480579,0.5642206749433357
stage4-qwen2b,"20171010_MSLGROUP Americas, Inc._Beck, Emma_Short-Form.pdf",signer_name,0.0,0.0,0.010790552,0.013892001,0.04327211286573357,0.055856892881966144
stage4-qwen2b,"20171010_MSLGROUP Americas, Inc._Beck, Emma_Short-Form.pdf",signer_title,1.0,1.0,0.6829089,0.73105305,0.9280436143046086,0.733264255837956
stage4-qwen2b,"20180129_FTI Consulting (SC), Inc._Blakeslee, James A._Short-Form.pdf",registration_num,1.0,1.0,0.7712782,0.8404697,0.7455817737181359,0.4019261460347939
stage4-qwen2b,"20180129_FTI Consulting (SC), Inc._Blakeslee, James A._Short-Form.pdf",registrant_name,1.0,1.0,0.9168951,0.93485135,0.9529381750493667,0.978151173931905
stage4-qwen2b,"20180129_FTI Consulting (SC), Inc._Blakeslee, James A._Short-Form.pdf",foreign_principle_name,1.0,1.0,0.1680844,0.17474934,0.18789382902105897,0.4301320327431904
stage4-qwen2b,"20180129_FTI Consulting (SC), Inc._Blakeslee, James A._Short-Form.pdf",file_date,1.0,1.0,0.9332029,0.9801482,0.8166179365594609,0.9524886221804918
stage4-qwen2b,"20180129_FTI Consulting (SC), Inc._Blakeslee, James A._Short-Form.pdf",signer_name,1.0,1.0,0.8990181,0.8715269,0.9760148626928401,0.9919445049517384
stage4-qwen2b,"20180129_FTI Consulting (SC), Inc._Blakeslee, James A._Short-Form.pdf",signer_title,1.0,1.0,0.8199085,0.91698444,0.9315081259567329,0.7723004895856104
stage4-qwen2b,"20090710_Harbour Group, LLC_Alkhatib, Firas_Short-Form.pdf",registration_num,1.0,1.0,0.94854563,0.9920019,0.9645190587792929,0.9228963168097825
stage4-qwen2b,"20090710_Harbour Group, LLC_Alkhatib, Firas_Short-Form.pdf",registrant_name,0.0,0.0,0.41555008,0.43988618,0.27111472228483946,0.031313604216691084
stage4-qwen2b,"20090710_Harbour Group, LLC_Alkhatib, Firas_Short-Form.pdf",foreign_principle_name,0.0,0.0,0.045219008,0.043256354,0.03994178186641741,0.04481305615309875
stage4-qwen2b,"20090710_Harbour Group, LLC_Alkhatib, Firas_Short-Form.pdf",file_date,1.0,1.0,0.93575937,0.9628685,0.7545323070564601,0.9579883292736068
stage4-qwen2b,"20090710_Harbour Group, LLC_Alkhatib, Firas_Short-Form.pdf",signer_name,0.0,0.0,0.039759472,0.041133706,0.047429916677732956,0.03406983216463325
stage4-qwen2b,"20090710_Harbour Group, LLC_Alkhatib, Firas_Short-Form.pdf",signer_title,1.0,1.0,0.7785703,0.8379105,0.904921954455299,0.6830596610261267
stage4-qwen2b,"20160421_Arnold, Jim_Arnold, Jim_Short-Form.pdf",registration_num,1.0,1.0,0.95442086,0.9859266,0.9594179188911871,0.6860686688467696
stage4-qwen2b,"20160421_Arnold, Jim_Arnold, Jim_Short-Form.pdf",registrant_name,1.0,1.0,0.9217966,0.9574596,0.8017694645747303,0.8804395237903989
stage4-qwen2b,"20160421_Arnold, Jim_Arnold, Jim_Short-Form.pdf",foreign_principle_name,0.0,0.0,0.16353145,0.15701152,0.051314902203833335,0.43333056610964765
stage4-qwen2b,"20160421_Arnold, Jim_Arnold, Jim_Short-Form.pdf",file_date,1.0,1.0,0.8139378,0.8420248,0.7489828435998794,0.6620892355391016
stage4-qwen2b,"20160421_Arnold, Jim_Arnold, Jim_Short-Form.pdf",signer_name,0.0,0.0,0.06303382,0.05318892,0.028597564902337,0.2323636619844369
stage4-qwen2b,"20160421_Arnold, Jim_Arnold, Jim_Short-Form.pdf",signer_title,1.0,1.0,0.7033398,0.6928464,0.8251106218596748,0.5688580144388238
stage4-qwen2b,"20100325_Thomas Capitol Partners, Inc._Kim, Thomas S._Short-Form.pdf",registration_num,1.0,1.0,0.9357627,0.9783602,0.955921881833522,0.8052555625390138
stage4-qwen2b,"20100325_Thomas Capitol Partners, Inc._Kim, Thomas S._Short-Form.pdf",registrant_name,0.0,0.0,0.64476717,0.6663968,0.857011924678486,0.22477303181474886
stage4-qwen2b,"20100325_Thomas Capitol Partners, Inc._Kim, Thomas S._Short-Form.pdf",foreign_principle_name,1.0,1.0,0.1575316,0.15994993,0.03827744975989171,0.3113794803054846
stage4-qwen2b,"20100325_Thomas Capitol Partners, Inc._Kim, Thomas S._Short-Form.pdf",file_date,0.0,0.0,0.499077,0.45189014,0.375976593971881,0.08441959625413485
stage4-qwen2b,"20100325_Thomas Capitol Partners, Inc._Kim, Thomas S._Short-Form.pdf",signer_name,0.0,0.0,0.11633535,0.0837111,0.1262278038277758,0.029425374274229605
stage4-qwen2b,"20100325_Thomas Capitol Partners, Inc._Kim, Thomas S._Short-Form.pdf",signer_title,1.0,1.0,0.8252922,0.8960475,0.9099817543974791,0.7444247616368284
stage4-qwen2b,"20150319_Gallagher Group, LLC_Gallagher, James P._Short-Form.pdf",registration_num,1.0,1.0,0.9353281,0.9852072,0.9723262916414984,0.9430409859600246
stage4-qwen2b,"20150319_Gallagher Group, LLC_Gallagher, James P._Short-Form.pdf",registrant_name,1.0,1.0,0.89958775,0.9339272,0.8769610587463217,0.6687628471070041
stage4-qwen2b,"20150319_Gallagher Group, LLC_Gallagher, James P._Short-Form.pdf",foreign_principle_name,1.0,1.0,0.33522263,0.40179497,0.14717227495749374,0.40970477101555386
stage4-qwen2b,"20150319_Gallagher Group, LLC_Gallagher, James P._Short-Form.pdf",file_date,1.0,1.0,0.92594546,0.9851893,0.9164145710995887,0.9758178846558944
stage4-qwen2b,"20150319_Gallagher Group, LLC_Gallagher, James P._Short-Form.pdf",signer_name,1.0,1.0,0.91666615,0.94862926,0.9822489410494288,0.9903151422703624
stage4-qwen2b,"20150319_Gallagher Group, LLC_Gallagher, James P._Short-Form.pdf",signer_title,1.0,1.0,0.8172868,0.91316146,0.9244530324436474,0.7570325335443393
stage4-qwen2b,"20170729_StrateVarious LLC_Portale, Elizabeth M._Short-Form.pdf",registration_num,1.0,1.0,0.93431485,0.9719578,0.9622615190593394,0.6522187751752263
stage4-qwen2b,"20170729_StrateVarious LLC_Portale, Elizabeth M._Short-Form.pdf",registrant_name,0.0,1.0,0.90965396,0.9478555,0.9552601492774775,0.7347128530117149
stage4-qwen2b,"20170729_StrateVarious LLC_Portale, Elizabeth M._Short-Form.pdf",foreign_principle_name,1.0,1.0,0.13508226,0.15623957,0.014165204885209594,0.22923340125317695
stage4-qwen2b,"20170729_StrateVarious LLC_Portale, Elizabeth M._Short-Form.pdf",file_date,1.0,1.0,0.91300946,0.92291564,0.806440280017192,0.9569957923882805
stage4-qwen2b,"20170729_StrateVarious LLC_Portale, Elizabeth M._Short-Form.pdf",signer_name,0.0,1.0,0.9122707,0.89781743,0.7678762870495466,0.9484211670181786
stage4-qwen2b,"20170729_StrateVarious LLC_Portale, Elizabeth M._Short-Form.pdf",signer_title,1.0,1.0,0.8342223,0.925382,0.9413647595545988,0.7957451056034474
stage4-qwen2b,"20080721_Gephardt Group Government Affairs, LLC_Messmer, Michael_Short-Form.pdf",registration_num,1.0,1.0,0.9455945,0.9905818,0.9626336876988592,0.6241568016516327
stage4-qwen2b,"20080721_Gephardt Group Government Affairs, LLC_Messmer, Michael_Short-Form.pdf",registrant_name,0.0,0.0,0.76430184,0.8290194,0.7023603409431892,0.07614976748489052
stage4-qwen2b,"20080721_Gephardt Group Government Affairs, LLC_Messmer, Michael_Short-Form.pdf",foreign_principle_name,1.0,1.0,0.21876879,0.18426742,0.24520888289818643,0.18821583579482756
stage4-qwen2b,"20080721_Gephardt Group Government Affairs, LLC_Messmer, Michael_Short-Form.pdf",file_date,1.0,1.0,0.94053257,0.97619456,0.827860876245862,0.9358982579081172
stage4-qwen2b,"20080721_Gephardt Group Government Affairs, LLC_Messmer, Michael_Short-Form.pdf",signer_name,0.0,0.0,0.38140523,0.31009927,0.07068829885717934,0.10691364550343317
stage4-qwen2b,"20080721_Gephardt Group Government Affairs, LLC_Messmer, Michael_Short-Form.pdf",signer_title,1.0,1.0,0.8298478,0.88568354,0.9039491341524605,0.6830596610261267
stage4-qwen2b,"20180227_Sonoran Policy Group, LLC_Nehring, Andrew Philip_Short-Form.pdf",registration_num,1.0,1.0,0.94357413,0.98829365,0.8757063349404143,0.9379403421483199
stage4-qwen2b,"20180227_Sonoran Policy Group, LLC_Nehring, Andrew Philip_Short-Form.pdf",registrant_name,1.0,1.0,0.9415922,0.98137647,0.9424568862429517,0.857389562319853
stage4-qwen2b,"20180227_Sonoran Policy Group, LLC_Nehring, Andrew Philip_Short-Form.pdf",foreign_principle_name,0.0,0.0,0.067404635,0.059127696,0.014747476468283428,0.1624966749407969
stage4-qwen2b,"20180227_Sonoran Policy Group, LLC_Nehring, Andrew Philip_Short-Form.pdf",file_date,1.0,1.0,0.93471897,0.98435724,0.8530013370884264,0.9554027935634052
stage4-qwen2b,"20180227_Sonoran Policy Group, LLC_Nehring, Andrew Philip_Short-Form.pdf",signer_name,1.0,1.0,0.92299306,0.9468067,0.9780929677483062,0.9889299432064753
stage4-qwen2b,"20180227_Sonoran Policy Group, LLC_Nehring, Andrew Philip_Short-Form.pdf",signer_title,1.0,1.0,0.8209467,0.9059334,0.9039491341524605,0.711821811944842
stage4-qwen2b,"20170222_Squire Patton Boggs, LLP_Savelieff, Ludmilla Lydia_Short-Form.pdf",registration_num,1.0,1.0,0.9385834,0.9787018,0.9723262916414984,0.9470236505432162
stage4-qwen2b,"20170222_Squire Patton Boggs, LLP_Savelieff, Ludmilla Lydia_Short-Form.pdf",registrant_name,0.0,0.0,0.42527708,0.29997867,0.520896036783334,0.04978039663678896
stage4-qwen2b,"20170222_Squire Patton Boggs, LLP_Savelieff, Ludmilla Lydia_Short-Form.pdf",foreign_principle_name,0.0,0.0,0.203432,0.22685869,0.034605846332814126,0.14775690378028794
stage4-qwen2b,"20170222_Squire Patton Boggs, LLP_Savelieff, Ludmilla Lydia_Short-Form.pdf",file_date,1.0,1.0,0.93602145,0.97152555,0.9233005659539867,0.9825443873039843
stage4-qwen2b,"20170222_Squire Patton Boggs, LLP_Savelieff, Ludmilla Lydia_Short-Form.pdf",signer_name,1.0,1.0,0.89802915,0.86933243,0.8793537652748696,0.9783734413582361
stage4-qwen2b,"20170222_Squire Patton Boggs, LLP_Savelieff, Ludmilla Lydia_Short-Form.pdf",signer_title,1.0,1.0,0.83869773,0.93231773,0.9593512651878773,0.8901628434707238
stage4-qwen2b,"20180503_VisitBritain_Nemeth, Erin_Short-Form.pdf",registration_num,1.0,1.0,0.9414773,0.9850167,0.9799396902136672,0.9770407879932986
stage4-qwen2b,"20180503_VisitBritain_Nemeth, Erin_Short-Form.pdf",registrant_name,1.0,1.0,0.8578728,0.87562,0.8817745959164625,0.9406997824503261
stage4-qwen2b,"20180503_VisitBritain_Nemeth, Erin_Short-Form.pdf",foreign_principle_name,1.0,1.0,0.30058262,0.35958704,0.36365670323115346,0.2453181226090925
stage4-qwen2b,"20180503_VisitBritain_Nemeth, Erin_Short-Form.pdf",file_date,1.0,1.0,0.943601,0.98750937,0.8674872162583531,0.9732817681677401
stage4-qwen2b,"20180503_VisitBritain_Nemeth, Erin_Short-Form.pdf",signer_name,0.0,0.0,0.013865816,0.014759658,0.05491072101743548,0.061797758510342415
stage4-qwen2b,"20180503_VisitBritain_Nemeth, Erin_Short-Form.pdf",signer_title,1.0,1.0,0.80348605,0.90130806,0.9421251185483427,0.7655009434161282
stage4-qwen2b,"20151208_Ketchum Inc. NY_Pelofsky, Jeremy L._Short-Form.pdf",registration_num,1.0,1.0,0.9386576,0.9791028,0.9696798980843085,0.9732671486364853
stage4-qwen2b,"20151208_Ketchum Inc. NY_Pelofsky, Jeremy L._Short-Form.pdf",registrant_name,1.0,1.0,0.9146212,0.95738256,0.8460771639354796,0.7571395275404758
stage4-qwen2b,"20151208_Ketchum Inc. NY_Pelofsky, Jeremy L._Short-Form.pdf",foreign_principle_name,1.0,1.0,0.41813272,0.40842634,0.29585950128345007,0.24260077382473116
stage4-qwen2b,"20151208_Ketchum Inc. NY_Pelofsky, Jeremy L._Short-Form.pdf",file_date,1.0,1.0,0.9331788,0.98497677,0.9130565114668939,0.9806217995397766
stage4-qwen2b,"20151208_Ketchum Inc. NY_Pelofsky, Jeremy L._Short-Form.pdf",signer_name,0.0,0.0,0.0049324064,0.008336805,0.09800909469667396,0.09514661918720485
stage4-qwen2b,"20151208_Ketchum Inc. NY_Pelofsky, Jeremy L._Short-Form.pdf",signer_title,1.0,1.0,0.79167414,0.8848159,0.908564965331439,0.6830596610261267
stage4-qwen9b,"20130408_Karv Communications, Inc._Frank, Andrew D._Short-Form.pdf",registration_num,1.0,1.0,0.6477111,0.4070019,0.8326675941049243,0.1866487848621264
stage4-qwen9b,"20130408_Karv Communications, Inc._Frank, Andrew D._Short-Form.pdf",registrant_name,1.0,1.0,0.9140867,0.9363929,0.8800180094145427,0.9498294708927433
stage4-qwen9b,"20130408_Karv Communications, Inc._Frank, Andrew D._Short-Form.pdf",foreign_principle_name,1.0,1.0,0.26608378,0.35703295,0.8254526733168904,0.7739656705428671
stage4-qwen9b,"20130408_Karv Communications, Inc._Frank, Andrew D._Short-Form.pdf",file_date,1.0,1.0,0.9111401,0.9325188,0.9015291701466858,0.9338073506468044
stage4-qwen9b,"20130408_Karv Communications, Inc._Frank, Andrew D._Short-Form.pdf",signer_name,0.0,0.0,0.21346375,0.14500386,0.8140032416168255,0.35341566808966096
stage4-qwen9b,"20130408_Karv Communications, Inc._Frank, Andrew D._Short-Form.pdf",signer_title,1.0,1.0,0.86159915,0.94994724,0.9473450132700353,0.906193985347536
stage4-qwen9b,"20180626_Daniel J. Edelman, Inc._Brown, Rebecca_Short-Form.pdf",registration_num,1.0,1.0,0.94262254,0.98457396,0.9704559016946949,0.9471436126540334
stage4-qwen9b,"20180626_Daniel J. Edelman, Inc._Brown, Rebecca_Short-Form.pdf",registrant_name,0.0,0.0,0.56961286,0.6040294,0.7274607025643257,0.40245883069092636
stage4-qwen9b,"20180626_Daniel J. Edelman, Inc._Brown, Rebecca_Short-Form.pdf",foreign_principle_name,0.0,0.0,0.19452605,0.1651933,0.02686073112851619,0.12993667324593294
stage4-qwen9b,"20180626_Daniel J. Edelman, Inc._Brown, Rebecca_Short-Form.pdf",file_date,1.0,1.0,0.5582472,0.48519593,0.8266743719537749,0.6019593986527115
stage4-qwen9b,"20180626_Daniel J. Edelman, Inc._Brown, Rebecca_Short-Form.pdf",signer_name,0.0,0.0,0.029183745,0.023016067,0.04147832889958498,0.05477962931814164
stage4-qwen9b,"20180626_Daniel J. Edelman, Inc._Brown, Rebecca_Short-Form.pdf",signer_title,0.0,0.0,0.6125341,0.34723943,0.9224790330262571,0.9042964297681798
stage4-qwen9b,"20180703_BerlinRosen Ltd._Blenner, Michael_Short-Form.pdf",registration_num,1.0,1.0,0.9375459,0.97583616,0.973855142476573,0.9782421719869232
stage4-qwen9b,"20180703_BerlinRosen Ltd._Blenner, Michael_Short-Form.pdf",registrant_name,1.0,1.0,0.9283773,0.96852845,0.8641517096408534,0.7063679234055604
stage4-qwen9b,"20180703_BerlinRosen Ltd._Blenner, Michael_Short-Form.pdf",foreign_principle_name,1.0,1.0,0.20013027,0.19711545,0.6307281487398912,0.6334020537966737
stage4-qwen9b,"20180703_BerlinRosen Ltd._Blenner, Michael_Short-Form.pdf",file_date,1.0,1.0,0.9369463,0.9841312,0.7788892664131845,0.9557264587874786
stage4-qwen9b,"20180703_BerlinRosen Ltd._Blenner, Michael_Short-Form.pdf",signer_name,1.0,1.0,0.9348076,0.94452846,0.8037515322963065,0.9694863893507117
stage4-qwen9b,"20180703_BerlinRosen Ltd._Blenner, Michael_Short-Form.pdf",signer_title,1.0,1.0,0.8717427,0.95709026,0.9632425650086376,0.9668764951980974
stage4-qwen9b,"20161229_Crowell _ Moring International, Ltd._Beukman, Willem Danie_Short-Form.pdf",registration_num,1.0,1.0,0.9386689,0.9868406,0.973855142476573,0.9782421719869232
stage4-qwen9b,"20161229_Crowell _ Moring International, Ltd._Beukman, Willem Danie_Short-Form.pdf",registrant_name,1.0,1.0,0.9221082,0.9606093,0.9899418162160215,0.9796707106509267
stage4-qwen9b,"20161229_Crowell _ Moring International, Ltd._Beukman, Willem Danie_Short-Form.pdf",foreign_principle_name,1.0,1.0,0.28402603,0.3093471,0.6956649587702274,0.7918829366894239
stage4-qwen9b,"20161229_Crowell _ Moring International, Ltd._Beukman, Willem Danie_Short-Form.pdf",file_date,1.0,1.0,0.92248,0.9760431,0.800265966740905,0.9501834721961869
stage4-qwen9b,"20161229_Crowell _ Moring International, Ltd._Beukman, Willem Danie_Short-Form.pdf",signer_name,1.0,1.0,0.9006791,0.8846413,0.8575907977605879,0.9718723285194886
stage4-qwen9b,"20161229_Crowell _ Moring International, Ltd._Beukman, Willem Danie_Short-Form.pdf",signer_title,1.0,1.0,0.8684573,0.95591843,0.946500404047249,0.9122823730869747
stage4-qwen9b,"20150831_Quebec Government Office_Lauzon, Jean-Claude_Short-Form.pdf",registration_num,1.0,1.0,0.93379575,0.9743115,0.9578634757630589,0.9708192552281307
stage4-qwen9b,"20150831_Quebec Government Office_Lauzon, Jean-Claude_Short-Form.pdf",registrant_name,1.0,1.0,0.93492794,0.97586757,0.9915598486115288,0.9935408764159495
stage4-qwen9b,"20150831_Quebec Government Office_Lauzon, Jean-Claude_Short-Form.pdf",foreign_principle_name,1.0,1.0,0.09368911,0.08097273,0.02473552202843254,0.16798840851583785
stage4-qwen9b,"20150831_Quebec Government Office_Lauzon, Jean-Claude_Short-Form.pdf",file_date,1.0,1.0,0.9067051,0.94523966,0.2658035622286528,0.932548756649608
stage4-qwen9b,"20150831_Quebec Government Office_Lauzon, Jean-Claude_Short-Form.pdf",signer_name,1.0,1.0,0.91194135,0.9082187,0.9499531475691454,0.9895725642833404
stage4-qwen9b,"20150831_Quebec Government Office_Lauzon, Jean-Claude_Short-Form.pdf",signer_title,1.0,1.0,0.8677858,0.955431,0.946500404047249,0.922653097529054
stage4-qwen9b,"20110826_Raben Group, LLC_Goulart, Kimberly_Short-Form.pdf",registration_num,1.0,1.0,0.9328989,0.9640091,0.973855142476573,0.9775942887602268
stage4-qwen9b,"20110826_Raben Group, LLC_Goulart, Kimberly_Short-Form.pdf",registrant_name,0.0,0.0,0.61322296,0.53229576,0.8369983208316211,0.26595189527710905
stage4-qwen9b,"20110826_Raben Group, LLC_Goulart, Kimberly_Short-Form.pdf",foreign_principle_name,1.0,1.0,0.39871147,0.4654728,0.5811453364386509,0.5352794349911878
stage4-qwen9b,"20110826_Raben Group, LLC_Goulart, Kimberly_Short-Form.pdf",file_date,1.0,1.0,0.9414581,0.98483497,0.8876863834430623,0.9726421947841871
stage4-qwen9b,"20110826_Raben Group, LLC_Goulart, Kimberly_Short-Form.pdf",signer_name,0.0,0.0,0.114499606,0.07892114,0.25036867681343505,0.12767225658754353
stage4-qwen9b,"20110826_Raben Group, LLC_Goulart, Kimberly_Short-Form.pdf",signer_title,1.0,1.0,0.87338173,0.9532012,0.9632425650086376,0.9668764951980974
stage4-qwen9b,"20160427_DCI Group AZ, LLC_Stevens, Craig_Short-Form.pdf",registration_num,1.0,1.0,0.9511266,0.99233663,0.973855142476573,0.9782421719869232
stage4-qwen9b,"20160427_DCI Group AZ, LLC_Stevens, Craig_Short-Form.pdf",registrant_name,1.0,1.0,0.9204179,0.9665424,0.8195796359715041,0.6595270077044562
stage4-qwen9b,"20160427_DCI Group AZ, LLC_Stevens, Craig_Short-Form.pdf",foreign_principle_name,0.0,0.0,0.24823241,0.32332137,0.16998690376326508,0.29646713381545725
stage4-qwen9b,"20160427_DCI Group AZ, LLC_Stevens, Craig_Short-Form.pdf",file_date,1.0,1.0,0.93109596,0.9844801,0.806440280017192,0.9569957923882805
stage4-qwen9b,"20160427_DCI Group AZ, LLC_Stevens, Craig_Short-Form.pdf",signer_name,0.0,1.0,0.9299572,0.9537303,0.9180439129847381,0.9782079889170522
stage4-qwen9b,"20160427_DCI Group AZ, LLC_Stevens, Craig_Short-Form.pdf",signer_title,1.0,1.0,0.8701091,0.9559043,0.946500404047249,0.922653097529054
stage4-qwen9b,"20100506_JETRO, San Francisco_Lampe, Sean_Short-Form.pdf",registration_num,1.0,1.0,0.9360938,0.99040663,0.973855142476573,0.9798472177697823
stage4-qwen9b,"20100506_JETRO, San Francisco_Lampe, Sean_Short-Form.pdf",registrant_name,0.0,0.0,0.69828963,0.7809094,0.8089562181728766,0.17601128240412656
stage4-qwen9b,"20100506_JETRO, San Francisco_Lampe, Sean_Short-Form.pdf",foreign_principle_name,0.0,0.0,0.35300604,0.40600404,0.08379999998841403,0.3126489773148602
stage4-qwen9b,"20100506_JETRO, San Francisco_Lampe, Sean_Short-Form.pdf",file_date,1.0,1.0,0.94726646,0.9743067,0.8170596082948037,0.9718181643478618
stage4-qwen9b,"20100506_JETRO, San Francisco_Lampe, Sean_Short-Form.pdf",signer_name,0.0,0.0,0.19880216,0.19371726,0.6774533299099837,0.21145738331455657
stage4-qwen9b,"20100506_JETRO, San Francisco_Lampe, Sean_Short-Form.pdf",signer_title,1.0,1.0,0.87588423,0.9537675,0.9632425650086376,0.9668764951980974
stage4-qwen9b,"20160330_VisitBritain_Ruttle, Courtney_Short-Form.pdf",registration_num,1.0,1.0,0.9400245,0.9800272,0.9721210299687358,0.9771029437301615
stage4-qwen9b,"20160330_VisitBritain_Ruttle, Courtney_Short-Form.pdf",registrant_name,1.0,1.0,0.8650631,0.9091045,0.8591272841161106,0.9342946417931732
stage4-qwen9b,"20160330_VisitBritain_Ruttle, Courtney_Short-Form.pdf",foreign_principle_name,1.0,1.0,0.34578204,0.3855372,0.129182173096138,0.11431458010328314
stage4-qwen9b,"20160330_VisitBritain_Ruttle, Courtney_Short-Form.pdf",file_date,1.0,1.0,0.9335184,0.9787396,0.7918847919429518,0.9526539295120302
stage4-qwen9b,"20160330_VisitBritain_Ruttle, Courtney_Short-Form.pdf",signer_name,1.0,1.0,0.87871647,0.87084067,0.9373460230238582,0.9860731433097754
stage4-qwen9b,"20160330_VisitBritain_Ruttle, Courtney_Short-Form.pdf",signer_title,1.0,1.0,0.8678484,0.9559606,0.9576172795037092,0.9565744540046568
stage4-qwen9b,"20171127_MMGY Global, LLC_O_Neal, Leslie_Short-Form.pdf",registration_num,1.0,1.0,0.93918335,0.97866976,0.9668715723094613,0.6061305577505136
stage4-qwen9b,"20171127_MMGY Global, LLC_O_Neal, Leslie_Short-Form.pdf",registrant_name,1.0,1.0,0.8717531,0.92649364,0.6418255096711433,0.5505707724141023
stage4-qwen9b,"20171127_MMGY Global, LLC_O_Neal, Leslie_Short-Form.pdf",foreign_principle_name,1.0,1.0,0.2469831,0.3132882,0.8187505215404739,0.6941646294740824
stage4-qwen9b,"20171127_MMGY Global, LLC_O_Neal, Leslie_Short-Form.pdf",file_date,1.0,1.0,0.9314728,0.97955245,0.7910784270112702,0.9461443564286639
stage4-qwen9b,"20171127_MMGY Global, LLC_O_Neal, Leslie_Short-Form.pdf",signer_name,1.0,1.0,0.9034401,0.9181288,0.9143713384470414,0.9843676901264721
stage4-qwen9b,"20171127_MMGY Global, LLC_O_Neal, Leslie_Short-Form.pdf",signer_title,1.0,1.0,0.8740986,0.957606,0.9546726316157623,0.9668764951980974
stage4-qwen9b,"20130212_Squire Patton Boggs, LLP_Wisner, Graham G._Short-Form.pdf",registration_num,1.0,1.0,0.9418929,0.9889038,0.973855142476573,0.9782421719869232
stage4-qwen9b,"20130212_Squire Patton Boggs, LLP_Wisner, Graham G._Short-Form.pdf",registrant_name,1.0,1.0,0.9166924,0.94155234,0.9142238165602438,0.8588090061303871
stage4-qwen9b,"20130212_Squire Patton Boggs, LLP_Wisner, Graham G._Short-Form.pdf",foreign_principle_name,0.0,1.0,0.3244539,0.353431,0.4515429301280502,0.4015527685891047
stage4-qwen9b,"20130212_Squire Patton Boggs, LLP_Wisner, Graham G._Short-Form.pdf",file_date,1.0,1.0,0.91608334,0.9473252,0.8981498578831419,0.9727258487720717
stage4-qwen9b,"20130212_Squire Patton Boggs, LLP_Wisner, Graham G._Short-Form.pdf",signer_name,1.0,1.0,0.9353317,0.97863054,0.9311832527815243,0.9890170833366079
stage4-qwen9b,"20130212_Squire Patton Boggs, LLP_Wisner, Graham G._Short-Form.pdf",signer_title,1.0,1.0,0.86805725,0.95611346,0.9640545570574974,0.9565744540046568
stage4-qwen9b,"20080725_Van Scoyoc Associates, Inc._Van Scoyoc, H. Stewart_Short-Form.pdf",registration_num,1.0,1.0,0.94243526,0.99146163,0.9724352996084745,0.9812587962381468
stage4-qwen9b,"20080725_Van Scoyoc Associates, Inc._Van Scoyoc, H. Stewart_Short-Form.pdf",registrant_name,1.0,1.0,0.38405457,0.36450776,0.8382676450622399,0.1637912513640881
stage4-qwen9b,"20080725_Van Scoyoc Associates, Inc._Van Scoyoc, H. Stewart_Short-Form.pdf",foreign_principle_name,0.0,0.0,0.119202875,0.113884434,0.07297246660808918,0.10342880351855605
stage4-qwen9b,"20080725_Van Scoyoc Associates, Inc._Van Scoyoc, H. Stewart_Short-Form.pdf",file_date,1.0,1.0,0.94577706,0.9883828,0.8383036186070616,0.9377530029163377
stage4-qwen9b,"20080725_Van Scoyoc Associates, Inc._Van Scoyoc, H. Stewart_Short-Form.pdf",signer_name,0.0,0.0,0.31844807,0.17243049,0.6716610635234364,0.4424308816144725
stage4-qwen9b,"20080725_Van Scoyoc Associates, Inc._Van Scoyoc, H. Stewart_Short-Form.pdf",signer_title,1.0,1.0,0.89852095,0.962211,0.9433484424391514,0.9426926326468982
stage4-qwen9b,"20110218_Ketchum Inc. NY_Wiltz, Marie_Short-Form.pdf",registration_num,1.0,1.0,0.93597543,0.9841169,0.9594609213005092,0.9418876897797569
stage4-qwen9b,"20110218_Ketchum Inc. NY_Wiltz, Marie_Short-Form.pdf",registrant_name,0.0,1.0,0.88876784,0.9421746,0.7903208286206581,0.5928796967521213
stage4-qwen9b,"20110218_Ketchum Inc. NY_Wiltz, Marie_Short-Form.pdf",foreign_principle_name,1.0,1.0,0.22825536,0.24888787,0.28197248645924955,0.4042293230335444
stage4-qwen9b,"20110218_Ketchum Inc. NY_Wiltz, Marie_Short-Form.pdf",file_date,1.0,1.0,0.9431006,0.97590274,0.7664889080741308,0.9729722608401038
stage4-qwen9b,"20110218_Ketchum Inc. NY_Wiltz, Marie_Short-Form.pdf",signer_name,0.0,0.0,0.33305985,0.27252302,0.8600386032435829,0.4160910127534097
stage4-qwen9b,"20110218_Ketchum Inc. NY_Wiltz, Marie_Short-Form.pdf",signer_title,1.0,1.0,0.87402284,0.95349073,0.9546726316157623,0.9668764951980974
stage4-qwen9b,"20111101_Quebec Government Office_Rivard, Nathalie_Short-Form.pdf",registration_num,1.0,1.0,0.9389601,0.98352003,0.9497888821981466,0.9604106257782997
stage4-qwen9b,"20111101_Quebec Government Office_Rivard, Nathalie_Short-Form.pdf",registrant_name,1.0,1.0,0.9343009,0.974844,0.9632852691973278,0.9225454562381721
stage4-qwen9b,"20111101_Quebec Government Office_Rivard, Nathalie_Short-Form.pdf",foreign_principle_name,1.0,1.0,0.10731753,0.08951007,0.052705037251602034,0.24546383107948744
stage4-qwen9b,"20111101_Quebec Government Office_Rivard, Nathalie_Short-Form.pdf",file_date,0.0,0.0,0.22708996,0.1474614,0.454632249766965,0.5830423212895621
stage4-qwen9b,"20111101_Quebec Government Office_Rivard, Nathalie_Short-Form.pdf",signer_name,1.0,1.0,0.880682,0.84679806,0.7108869581690672,0.9623539073432892
stage4-qwen9b,"20111101_Quebec Government Office_Rivard, Nathalie_Short-Form.pdf",signer_title,1.0,1.0,0.8718362,0.9569169,0.9546726316157623,0.9668764951980974
stage4-qwen9b,"20160922_Squire Patton Boggs, LLP_Boyles, Bret K._Short-Form.pdf",registration_num,1.0,1.0,0.9401291,0.98922807,0.973855142476573,0.9782421719869232
stage4-qwen9b,"20160922_Squire Patton Boggs, LLP_Boyles, Bret K._Short-Form.pdf",registrant_name,0.0,0.0,0.52271634,0.5147418,0.7049722089973655,0.29841906941629803
stage4-qwen9b,"20160922_Squire Patton Boggs, LLP_Boyles, Bret K._Short-Form.pdf",foreign_principle_name,0.0,0.0,0.34294257,0.37356314,0.6956649587702274,0.8541872597869519
stage4-qwen9b,"20160922_Squire Patton Boggs, LLP_Boyles, Bret K._Short-Form.pdf",file_date,1.0,1.0,0.92839813,0.97815436,0.8068155641020744,0.9432422147348052
stage4-qwen9b,"20160922_Squire Patton Boggs, LLP_Boyles, Bret K._Short-Form.pdf",signer_name,1.0,1.0,0.84056795,0.7689549,0.936111528201366,0.9912045480585769
stage4-qwen9b,"20160922_Squire Patton Boggs, LLP_Boyles, Bret K._Short-Form.pdf",signer_title,1.0,1.0,0.86866415,0.95606816,0.9576172795037092,0.9581136604573168
stage4-qwen9b,"20100120_Squire Patton Boggs, LLP_Deschauer, John J._Short-Form.pdf",registration_num,1.0,1.0,0.94143295,0.98913115,0.9724352996084745,0.9588514107685348
stage4-qwen9b,"20100120_Squire Patton Boggs, LLP_Deschauer, John J._Short-Form.pdf",registrant_name,1.0,1.0,0.7786993,0.80885726,0.6538634749663954,0.6803884954792768
stage4-qwen9b,"20100120_Squire Patton Boggs, LLP_Deschauer, John J._Short-Form.pdf",foreign_principle_name,0.0,0.0,0.44382095,0.47788134,0.29562499536117176,0.45423704987405383
stage4-qwen9b,"20100120_Squire Patton Boggs, LLP_Deschauer, John J._Short-Form.pdf",file_date,0.0,1.0,0.9447442,0.9824978,0.7060175673152831,0.9663276295898896
stage4-qwen9b,"20100120_Squire Patton Boggs, LLP_Deschauer, John J._Short-Form.pdf",signer_name,0.0,0.0,0.34827068,0.34271553,0.6269909411489395,0.35637782247483535
stage4-qwen9b,"20100120_Squire Patton Boggs, LLP_Deschauer, John J._Short-Form.pdf",signer_title,1.0,1.0,0.8798501,0.9533542,0.9433484424391514,0.9426926326468982
stage4-qwen9b,"20150403_Glover Park Group, LLC_Hughes, John_Short-Form.pdf",registration_num,1.0,1.0,0.9435787,0.9878313,0.973855142476573,0.9782421719869232
stage4-qwen9b,"20150403_Glover Park Group, LLC_Hughes, John_Short-Form.pdf",registrant_name,1.0,1.0,0.9389101,0.9780137,0.9640963116677996,0.8946936526956906
stage4-qwen9b,"20150403_Glover Park Group, LLC_Hughes, John_Short-Form.pdf",foreign_principle_name,1.0,1.0,0.21717739,0.22150663,0.6221216783147023,0.6838168481466896
stage4-qwen9b,"20150403_Glover Park Group, LLC_Hughes, John_Short-Form.pdf",file_date,1.0,1.0,0.93157166,0.98215234,0.8091100226301569,0.9569957923882805
stage4-qwen9b,"20150403_Glover Park Group, LLC_Hughes, John_Short-Form.pdf",signer_name,1.0,1.0,0.91536677,0.94006747,0.9094934360095615,0.9712995237923899
stage4-qwen9b,"20150403_Glover Park Group, LLC_Hughes, John_Short-Form.pdf",signer_title,1.0,1.0,0.8691746,0.95619506,0.9576172795037092,0.9565744540046568
stage4-qwen9b,"20150220_Squire Patton Boggs, LLP_Savelieff, Ludmilla Lydia_Short-Form.pdf",registration_num,1.0,1.0,0.9401519,0.9794344,0.973855142476573,0.9782421719869232
stage4-qwen9b,"20150220_Squire Patton Boggs, LLP_Savelieff, Ludmilla Lydia_Short-Form.pdf",registrant_name,1.0,1.0,0.8477867,0.8280674,0.7820637855944684,0.8138324228242213
stage4-qwen9b,"20150220_Squire Patton Boggs, LLP_Savelieff, Ludmilla Lydia_Short-Form.pdf",foreign_principle_name,0.0,0.0,0.11814781,0.119173035,0.016721295970611016,0.2690336533450403
stage4-qwen9b,"20150220_Squire Patton Boggs, LLP_Savelieff, Ludmilla Lydia_Short-Form.pdf",file_date,1.0,1.0,0.93820477,0.9698752,0.800265966740905,0.9461443564286639
stage4-qwen9b,"20150220_Squire Patton Boggs, LLP_Savelieff, Ludmilla Lydia_Short-Form.pdf",signer_name,1.0,1.0,0.8357803,0.7305836,0.9521434581395106,0.9897045891816453
stage4-qwen9b,"20150220_Squire Patton Boggs, LLP_Savelieff, Ludmilla Lydia_Short-Form.pdf",signer_title,1.0,1.0,0.87184495,0.9562558,0.9576172795037092,0.9565744540046568
stage4-qwen9b,"20090105_Van Scoyoc Associates, Inc._Shupp, Michael A._Short-Form.pdf",registration_num,1.0,1.0,0.9418689,0.9897035,0.973855142476573,0.984005603475684
stage4-qwen9b,"20090105_Van Scoyoc Associates, Inc._Shupp, Michael A._Short-Form.pdf",registrant_name,0.0,0.0,0.67215157,0.62175673,0.8338275497166806,0.45423652207765586
stage4-qwen9b,"20090105_Van Scoyoc Associates, Inc._Shupp, Michael A._Short-Form.pdf",foreign_principle_name,1.0,1.0,0.43941632,0.42569894,0.4179549713916666,0.3787052996855062
stage4-qwen9b,"20090105_Van Scoyoc Associates, Inc._Shupp, Michael A._Short-Form.pdf",file_date,0.0,0.0,0.37693012,0.3093217,0.3540796065390672,0.3930353679006751
stage4-qwen9b,"20090105_Van Scoyoc Associates, Inc._Shupp, Michael A._Short-Form.pdf",signer_name,1.0,1.0,0.6168648,0.5990871,0.4073012330925272,0.9493574499336417
stage4-qwen9b,"20090105_Van Scoyoc Associates, Inc._Shupp, Michael A._Short-Form.pdf",signer_title,1.0,1.0,0.87718666,0.9599253,0.946500404047249,0.922653097529054
stage4-qwen9b,"20080822_Ketchum Inc. NY_Cohen, Paul Douglas_Short-Form.pdf",registration_num,1.0,1.0,0.94214725,0.9839574,0.973855142476573,0.9690230472148996
stage4-qwen9b,"20080822_Ketchum Inc. NY_Cohen, Paul Douglas_Short-Form.pdf",registrant_name,0.0,0.0,0.43886143,0.41876918,0.908290190015892,0.15967287186224155
stage4-qwen9b,"20080822_Ketchum Inc. NY_Cohen, Paul Douglas_Short-Form.pdf",foreign_principle_name,0.0,0.0,0.24524784,0.29755613,0.2539014594033213,0.1298366171674631
stage4-qwen9b,"20080822_Ketchum Inc. NY_Cohen, Paul Douglas_Short-Form.pdf",file_date,0.0,0.0,0.6342741,0.6977626,0.7051628966141501,0.5736620102065896
stage4-qwen9b,"20080822_Ketchum Inc. NY_Cohen, Paul Douglas_Short-Form.pdf",signer_name,0.0,0.0,0.10684244,0.065358534,0.5175451904466469,0.13264616732721704
stage4-qwen9b,"20080822_Ketchum Inc. NY_Cohen, Paul Douglas_Short-Form.pdf",signer_title,1.0,1.0,0.87805164,0.95956576,0.946500404047249,0.9122823730869747
stage4-qwen9b,"20120215_Quebec Government Office_Hould, Jean-Francois_Short-Form.pdf",registration_num,1.0,1.0,0.9349526,0.9740194,0.9578634757630589,0.9708192552281307
stage4-qwen9b,"20120215_Quebec Government Office_Hould, Jean-Francois_Short-Form.pdf",registrant_name,1.0,1.0,0.92581,0.97017413,0.9247647582979294,0.8853138767227848
stage4-qwen9b,"20120215_Quebec Government Office_Hould, Jean-Francois_Short-Form.pdf",foreign_principle_name,1.0,1.0,0.1062222,0.08904636,0.052705037251602034,0.24546383107948744
stage4-qwen9b,"20120215_Quebec Government Office_Hould, Jean-Francois_Short-Form.pdf",file_date,0.0,0.0,0.11292646,0.08124848,0.6735194081640055,0.6436519349406696
stage4-qwen9b,"20120215_Quebec Government Office_Hould, Jean-Francois_Short-Form.pdf",signer_name,1.0,1.0,0.8897746,0.8468617,0.3726045457996436,0.9452107400141807
stage4-qwen9b,"20120215_Quebec Government Office_Hould, Jean-Francois_Short-Form.pdf",signer_title,1.0,1.0,0.8692237,0.9564719,0.9546726316157623,0.9668764951980974
stage4-qwen9b,"20180202_Quebec Government Office_Briand Fortin, Anne Catherine_Short-Form.pdf",registration_num,1.0,1.0,0.92569846,0.97006786,0.9497888821981466,0.9642090477088
stage4-qwen9b,"20180202_Quebec Government Office_Briand Fortin, Anne Catherine_Short-Form.pdf",registrant_name,1.0,1.0,0.9370202,0.9780428,0.9614511300698995,0.8843943821927742
stage4-qwen9b,"20180202_Quebec Government Office_Briand Fortin, Anne Catherine_Short-Form.pdf",foreign_principle_name,0.0,1.0,0.08850501,0.078156784,0.042371016923966984,0.1744458430303528
stage4-qwen9b,"20180202_Quebec Government Office_Briand Fortin, Anne Catherine_Short-Form.pdf",file_date,1.0,1.0,0.70961756,0.6585177,0.16852639926071358,0.889072169596272
stage4-qwen9b,"20180202_Quebec Government Office_Briand Fortin, Anne Catherine_Short-Form.pdf",signer_name,1.0,1.0,0.8389503,0.7112607,0.9725706983660782,0.9929537961334702
stage4-qwen9b,"20180202_Quebec Government Office_Briand Fortin, Anne Catherine_Short-Form.pdf",signer_title,1.0,1.0,0.8711936,0.9571713,0.9546726316157623,0.9668764951980974
stage4-qwen9b,"20110411_BGR Government Affairs, LLC_Birnbaum, Jeffrey_Short-Form.pdf",registration_num,1.0,1.0,0.94136924,0.98797387,0.973855142476573,0.9782421719869232
stage4-qwen9b,"20110411_BGR Government Affairs, LLC_Birnbaum, Jeffrey_Short-Form.pdf",registrant_name,1.0,1.0,0.9381738,0.9783782,0.9725326118179873,0.9525014696241747
stage4-qwen9b,"20110411_BGR Government Affairs, LLC_Birnbaum, Jeffrey_Short-Form.pdf",foreign_principle_name,0.0,0.0,0.15178125,0.13681945,0.18748538133141213,0.2450560561132454
stage4-qwen9b,"20110411_BGR Government Affairs, LLC_Birnbaum, Jeffrey_Short-Form.pdf",file_date,0.0,0.0,0.59826255,0.6662854,0.845906247178566,0.7952249565465538
stage4-qwen9b,"20110411_BGR Government Affairs, LLC_Birnbaum, Jeffrey_Short-Form.pdf",signer_name,0.0,0.0,0.17257807,0.17012337,0.6972968584754418,0.602400629707527
stage4-qwen9b,"20110411_BGR Government Affairs, LLC_Birnbaum, Jeffrey_Short-Form.pdf",signer_title,1.0,1.0,0.8655299,0.9514329,0.9473450132700353,0.906193985347536
stage4-qwen9b,"20140610_Greenberg Traurig, LLP_Barron, Edward_Short-Form.pdf",registration_num,1.0,1.0,0.945978,0.98665696,0.9724352996084745,0.9728177479003672
stage4-qwen9b,"20140610_Greenberg Traurig, LLP_Barron, Edward_Short-Form.pdf",registrant_name,1.0,1.0,0.8983513,0.8969946,0.8369736923120183,0.6780201735363054
stage4-qwen9b,"20140610_Greenberg Traurig, LLP_Barron, Edward_Short-Form.pdf",foreign_principle_name,1.0,1.0,0.54105866,0.5475025,0.8585458649059234,0.8776785409809136
stage4-qwen9b,"20140610_Greenberg Traurig, LLP_Barron, Edward_Short-Form.pdf",file_date,1.0,1.0,0.9368292,0.9743107,0.7978162324588142,0.9526539295120302
stage4-qwen9b,"20140610_Greenberg Traurig, LLP_Barron, Edward_Short-Form.pdf",signer_name,1.0,1.0,0.9068599,0.9224475,0.9545863957580044,0.9865099127334276
stage4-qwen9b,"20140610_Greenberg Traurig, LLP_Barron, Edward_Short-Form.pdf",signer_title,1.0,1.0,0.88005114,0.95801574,0.9621231767206875,0.9565744540046568
stage4-qwen9b,"20080616_Brownstein Hyatt Farber Schreck, LLP_Flood, James G._Short-Form.pdf",registration_num,1.0,1.0,0.93111926,0.98433656,0.9704775848864098,0.9013279804340224
stage4-qwen9b,"20080616_Brownstein Hyatt Farber Schreck, LLP_Flood, James G._Short-Form.pdf",registrant_name,0.0,0.0,0.65567577,0.6772244,0.8904206348707443,0.3072499238967691
stage4-qwen9b,"20080616_Brownstein Hyatt Farber Schreck, LLP_Flood, James G._Short-Form.pdf",foreign_principle_name,1.0,1.0,0.5179774,0.5808586,0.9027207490012985,0.90307330841407
stage4-qwen9b,"20080616_Brownstein Hyatt Farber Schreck, LLP_Flood, James G._Short-Form.pdf",file_date,1.0,1.0,0.9219943,0.9592039,0.806440280017192,0.9551404700914634
stage4-qwen9b,"20080616_Brownstein Hyatt Farber Schreck, LLP_Flood, James G._Short-Form.pdf",signer_name,0.0,0.0,0.16748185,0.12475868,0.8854728909890697,0.5015575098492385
stage4-qwen9b,"20080616_Brownstein Hyatt Farber Schreck, LLP_Flood, James G._Short-Form.pdf",signer_title,1.0,1.0,0.8777124,0.954261,0.9546726316157623,0.9668764951980974
stage4-qwen9b,"20100105_Akin, Gump, Strauss, Hauer _ Feld, LLP_Spillman, Catherine Fairley_Short-Form.pdf",registration_num,1.0,1.0,0.9106289,0.9702401,0.973855142476573,0.9775942887602268
stage4-qwen9b,"20100105_Akin, Gump, Strauss, Hauer _ Feld, LLP_Spillman, Catherine Fairley_Short-Form.pdf",registrant_name,1.0,1.0,0.8654173,0.8742323,0.6876973378048584,0.9562596620933626
stage4-qwen9b,"20100105_Akin, Gump, Strauss, Hauer _ Feld, LLP_Spillman, Catherine Fairley_Short-Form.pdf",foreign_principle_name,1.0,1.0,0.49608094,0.55053806,0.8981105184483879,0.7326678214473281
stage4-qwen9b,"20100105_Akin, Gump, Strauss, Hauer _ Feld, LLP_Spillman, Catherine Fairley_Short-Form.pdf",file_date,0.0,0.0,0.69222367,0.7018119,0.8838107535657357,0.803963248659577
stage4-qwen9b,"20100105_Akin, Gump, Strauss, Hauer _ Feld, LLP_Spillman, Catherine Fairley_Short-Form.pdf",signer_name,0.0,0.0,0.24772859,0.12656406,0.11576317134585003,0.05030949204907032
stage4-qwen9b,"20100105_Akin, Gump, Strauss, Hauer _ Feld, LLP_Spillman, Catherine Fairley_Short-Form.pdf",signer_title,1.0,1.0,0.8766898,0.95255196,0.9461836177947489,0.9426926326468982
stage4-qwen9b,"20110411_BGR Government Affairs, LLC_Turenne, William Joseph_Short-Form.pdf",registration_num,1.0,1.0,0.93589747,0.98573077,0.9724352996084745,0.9554006645416147
stage4-qwen9b,"20110411_BGR Government Affairs, LLC_Turenne, William Joseph_Short-Form.pdf",registrant_name,1.0,1.0,0.9288117,0.97424096,0.9702140061798613,0.9439850801582061
stage4-qwen9b,"20110411_BGR Government Affairs, LLC_Turenne, William Joseph_Short-Form.pdf",foreign_principle_name,0.0,1.0,0.0458361,0.046259657,0.020103411511004247,0.13534682000608964
stage4-qwen9b,"20110411_BGR Government Affairs, LLC_Turenne, William Joseph_Short-Form.pdf",file_date,0.0,0.0,0.5715996,0.6611192,0.8527605244925204,0.7952249565465538
stage4-qwen9b,"20110411_BGR Government Affairs, LLC_Turenne, William Joseph_Short-Form.pdf",signer_name,0.0,0.0,0.24189425,0.22188573,0.6452797208824853,0.5394045858168531
stage4-qwen9b,"20110411_BGR Government Affairs, LLC_Turenne, William Joseph_Short-Form.pdf",signer_title,1.0,1.0,0.77662194,0.85683346,0.9001424291191251,0.6830596610261267
stage4-qwen9b,"20141006_Sorini, Samet _ Associates, LLC_Costello, Megan_Short-Form.pdf",registration_num,1.0,1.0,0.94089204,0.9758688,0.973855142476573,0.9782421719869232
stage4-qwen9b,"20141006_Sorini, Samet _ Associates, LLC_Costello, Megan_Short-Form.pdf",registrant_name,1.0,1.0,0.9214964,0.9577656,0.8093033215471298,0.8184473888565399
stage4-qwen9b,"20141006_Sorini, Samet _ Associates, LLC_Costello, Megan_Short-Form.pdf",foreign_principle_name,0.0,0.0,0.15607318,0.20847598,0.014367367300418236,0.26855102291905997
stage4-qwen9b,"20141006_Sorini, Samet _ Associates, LLC_Costello, Megan_Short-Form.pdf",file_date,1.0,1.0,0.9210844,0.9697668,0.6001281978154338,0.9396741296496331
stage4-qwen9b,"20141006_Sorini, Samet _ Associates, LLC_Costello, Megan_Short-Form.pdf",signer_name,1.0,1.0,0.897668,0.9010525,0.9578843223942481,0.986706676820889
stage4-qwen9b,"20141006_Sorini, Samet _ Associates, LLC_Costello, Megan_Short-Form.pdf",signer_title,1.0,1.0,0.86859435,0.9560177,0.946500404047249,0.9122823730869747
stage4-qwen9b,"20100222_Daniel J. Edelman, Inc._Moeenziai, Ladan_Short-Form.pdf",registration_num,1.0,1.0,0.92655784,0.9655673,0.9318190669636811,0.9383414943722881
stage4-qwen9b,"20100222_Daniel J. Edelman, Inc._Moeenziai, Ladan_Short-Form.pdf",registrant_name,0.0,0.0,0.45459262,0.4604931,0.7079889085356762,0.13279068571573238
stage4-qwen9b,"20100222_Daniel J. Edelman, Inc._Moeenziai, Ladan_Short-Form.pdf",foreign_principle_name,0.0,0.0,0.30417424,0.2844654,0.09849100594644825,0.28176380691876246
stage4-qwen9b,"20100222_Daniel J. Edelman, Inc._Moeenziai, Ladan_Short-Form.pdf",file_date,0.0,1.0,0.91539085,0.9119846,0.3677115866532286,0.5406654438114396
stage4-qwen9b,"20100222_Daniel J. Edelman, Inc._Moeenziai, Ladan_Short-Form.pdf",signer_name,0.0,0.0,0.07757998,0.06446818,0.06308614660380162,0.11340790751669176
stage4-qwen9b,"20100222_Daniel J. Edelman, Inc._Moeenziai, Ladan_Short-Form.pdf",signer_title,1.0,1.0,0.874139,0.95278627,0.946500404047249,0.9122823730869747
stage4-qwen9b,"20160208_Ketchum Inc. NY_Mann, Nicole_Short-Form.pdf",registration_num,1.0,1.0,0.9434862,0.9842785,0.973855142476573,0.9782421719869232
stage4-qwen9b,"20160208_Ketchum Inc. NY_Mann, Nicole_Short-Form.pdf",registrant_name,1.0,1.0,0.8096503,0.85906494,0.49921601129254445,0.3274049076195255
stage4-qwen9b,"20160208_Ketchum Inc. NY_Mann, Nicole_Short-Form.pdf",foreign_principle_name,1.0,1.0,0.45516187,0.4674295,0.8356964549951753,0.7252414784245137
stage4-qwen9b,"20160208_Ketchum Inc. NY_Mann, Nicole_Short-Form.pdf",file_date,0.0,0.0,0.47720402,0.41691622,0.857336974845618,0.5538997445408775
stage4-qwen9b,"20160208_Ketchum Inc. NY_Mann, Nicole_Short-Form.pdf",signer_name,0.0,0.0,0.1848544,0.094194055,0.6407766443534476,0.15883436857638975
stage4-qwen9b,"20160208_Ketchum Inc. NY_Mann, Nicole_Short-Form.pdf",signer_title,1.0,1.0,0.8619801,0.9512676,0.9515652383825303,0.9078034543767453
stage4-qwen9b,"20121119_Commonwealth of Dominica Maritime Registry, Inc._Hang, Sui Yan_Short-Form.pdf",registration_num,1.0,1.0,0.94421357,0.98086965,0.976414432831923,0.9822598838444629
stage4-qwen9b,"20121119_Commonwealth of Dominica Maritime Registry, Inc._Hang, Sui Yan_Short-Form.pdf",registrant_name,0.0,0.0,0.81782436,0.90317786,0.6828001055448669,0.7462131857929056
stage4-qwen9b,"20121119_Commonwealth of Dominica Maritime Registry, Inc._Hang, Sui Yan_Short-Form.pdf",foreign_principle_name,1.0,1.0,0.20182267,0.23032658,0.8015801913274672,0.6096949278943241
stage4-qwen9b,"20121119_Commonwealth of Dominica Maritime Registry, Inc._Hang, Sui Yan_Short-Form.pdf",file_date,0.0,0.0,0.43494296,0.34367648,0.7506050920845089,0.8644599092042651
stage4-qwen9b,"20121119_Commonwealth of Dominica Maritime Registry, Inc._Hang, Sui Yan_Short-Form.pdf",signer_name,0.0,0.0,0.088744484,0.05380676,0.06716853610657636,0.08435146899674421
stage4-qwen9b,"20121119_Commonwealth of Dominica Maritime Registry, Inc._Hang, Sui Yan_Short-Form.pdf",signer_title,0.0,0.0,0.61033744,0.334971,0.929704454465542,0.9208640642549258
stage4-qwen9b,"20091120_BGR Government Affairs, LLC_Hoy, Jessica_Short-Form.pdf",registration_num,1.0,1.0,0.94649774,0.9843985,0.9724352996084745,0.9798472177697823
stage4-qwen9b,"20091120_BGR Government Affairs, LLC_Hoy, Jessica_Short-Form.pdf",registrant_name,0.0,0.0,0.7375301,0.6771232,0.7967714117377175,0.7422563299519456
stage4-qwen9b,"20091120_BGR Government Affairs, LLC_Hoy, Jessica_Short-Form.pdf",foreign_principle_name,0.0,1.0,0.115839705,0.12593168,0.019394994311839216,0.13534682000608964
stage4-qwen9b,"20091120_BGR Government Affairs, LLC_Hoy, Jessica_Short-Form.pdf",file_date,0.0,0.0,0.57414365,0.5449586,0.7194747028768217,0.8315527957778581
stage4-qwen9b,"20091120_BGR Government Affairs, LLC_Hoy, Jessica_Short-Form.pdf",signer_name,0.0,0.0,0.18099515,0.13764441,0.6084894133195194,0.16227582012418854
stage4-qwen9b,"20091120_BGR Government Affairs, LLC_Hoy, Jessica_Short-Form.pdf",signer_title,1.0,1.0,0.88287705,0.95437497,0.9436809243750598,0.9122823730869747
stage4-qwen9b,"20171115_Cornerstone Government Affairs_Hinch, Matthew_Short-Form.pdf",registration_num,1.0,1.0,0.9466918,0.98838484,0.9773443565946611,0.8651339883626572
stage4-qwen9b,"20171115_Cornerstone Government Affairs_Hinch, Matthew_Short-Form.pdf",registrant_name,1.0,1.0,0.9355418,0.9759472,0.9299443435149215,0.9224474735781285
stage4-qwen9b,"20171115_Cornerstone Government Affairs_Hinch, Matthew_Short-Form.pdf",foreign_principle_name,0.0,0.0,0.16570306,0.19635215,0.2573672728843573,0.3900850268301832
stage4-qwen9b,"20171115_Cornerstone Government Affairs_Hinch, Matthew_Short-Form.pdf",file_date,1.0,1.0,0.931709,0.9852722,0.800265966740905,0.9461443564286639
stage4-qwen9b,"20171115_Cornerstone Government Affairs_Hinch, Matthew_Short-Form.pdf",signer_name,0.0,1.0,0.926788,0.95011586,0.9601662032049012,0.9937545151941422
stage4-qwen9b,"20171115_Cornerstone Government Affairs_Hinch, Matthew_Short-Form.pdf",signer_title,1.0,1.0,0.7444705,0.8113737,0.8809072736674449,0.7049520104791043
stage4-qwen9b,"20140812_Greenberg Traurig, LLP_Schwartz, Allison Shulman_Short-Form.pdf",registration_num,1.0,1.0,0.9411529,0.9857421,0.973855142476573,0.9782421719869232
stage4-qwen9b,"20140812_Greenberg Traurig, LLP_Schwartz, Allison Shulman_Short-Form.pdf",registrant_name,1.0,1.0,0.93748313,0.96306944,0.9293620783135069,0.751849816334001
stage4-qwen9b,"20140812_Greenberg Traurig, LLP_Schwartz, Allison Shulman_Short-Form.pdf",foreign_principle_name,1.0,1.0,0.1515187,0.149261,0.1852863264018732,0.6344222061195609
stage4-qwen9b,"20140812_Greenberg Traurig, LLP_Schwartz, Allison Shulman_Short-Form.pdf",file_date,1.0,1.0,0.9333644,0.98377454,0.8692956169354311,0.9608396100947506
stage4-qwen9b,"20140812_Greenberg Traurig, LLP_Schwartz, Allison Shulman_Short-Form.pdf",signer_name,1.0,1.0,0.899347,0.89132273,0.8660822438370316,0.9743904382942162
stage4-qwen9b,"20140812_Greenberg Traurig, LLP_Schwartz, Allison Shulman_Short-Form.pdf",signer_title,1.0,1.0,0.8704592,0.95640135,0.9576172795037092,0.9565744540046568
stage4-qwen9b,"20170404_Sonoran Policy Group, LLC_Daniels, Jacob G._Short-Form.pdf",registration_num,1.0,1.0,0.95169526,0.9883312,0.973855142476573,0.9782421719869232
stage4-qwen9b,"20170404_Sonoran Policy Group, LLC_Daniels, Jacob G._Short-Form.pdf",registrant_name,1.0,1.0,0.9444523,0.9840453,0.9717449421598784,0.8917973492021245
stage4-qwen9b,"20170404_Sonoran Policy Group, LLC_Daniels, Jacob G._Short-Form.pdf",foreign_principle_name,0.0,1.0,0.16151544,0.19614722,0.1732249781464391,0.37835009882722614
stage4-qwen9b,"20170404_Sonoran Policy Group, LLC_Daniels, Jacob G._Short-Form.pdf",file_date,1.0,1.0,0.9408823,0.9831564,0.8458007844804902,0.9516940188425971
stage4-qwen9b,"20170404_Sonoran Policy Group, LLC_Daniels, Jacob G._Short-Form.pdf",signer_name,1.0,1.0,0.9292468,0.9364524,0.9567907150051478,0.9904313144522398
stage4-qwen9b,"20170404_Sonoran Policy Group, LLC_Daniels, Jacob G._Short-Form.pdf",signer_title,1.0,1.0,0.8686783,0.9563206,0.9632425650086376,0.9668764951980974
stage4-qwen9b,"20100901_Daniel J. Edelman, Inc._Gutman, Beata_Short-Form.pdf",registration_num,0.0,0.0,0.56599855,0.31342793,0.8915294400738342,0.2843299845922061
stage4-qwen9b,"20100901_Daniel J. Edelman, Inc._Gutman, Beata_Short-Form.pdf",registrant_name,0.0,0.0,0.25130957,0.19516306,0.4121736672529039,0.1936547452532581
stage4-qwen9b,"20100901_Daniel J. Edelman, Inc._Gutman, Beata_Short-Form.pdf",foreign_principle_name,1.0,1.0,0.49198905,0.5321542,0.3111930932878341,0.18157559555984246
stage4-qwen9b,"20100901_Daniel J. Edelman, Inc._Gutman, Beata_Short-Form.pdf",file_date,0.0,0.0,0.3116415,0.22301877,0.6213280736287335,0.7922191092145687
stage4-qwen9b,"20100901_Daniel J. Edelman, Inc._Gutman, Beata_Short-Form.pdf",signer_name,0.0,0.0,0.2280267,0.16254973,0.4966500885436706,0.4653690239434494
stage4-qwen9b,"20100901_Daniel J. Edelman, Inc._Gutman, Beata_Short-Form.pdf",signer_title,1.0,1.0,0.8752805,0.9537797,0.9546726316157623,0.9668764951980974
stage4-qwen9b,"20170301_Mercury Public Affairs, LLC_Reid, Morris_Short-Form.pdf",registration_num,1.0,1.0,0.940488,0.9812592,0.976414432831923,0.9822598838444629
stage4-qwen9b,"20170301_Mercury Public Affairs, LLC_Reid, Morris_Short-Form.pdf",registrant_name,0.0,0.0,0.7225991,0.7112747,0.9674985214615284,0.8648014345447979
stage4-qwen9b,"20170301_Mercury Public Affairs, LLC_Reid, Morris_Short-Form.pdf",foreign_principle_name,0.0,1.0,0.076058865,0.1097597,0.05912922517598877,0.2669912482837611
stage4-qwen9b,"20170301_Mercury Public Affairs, LLC_Reid, Morris_Short-Form.pdf",file_date,1.0,1.0,0.93542767,0.9798627,0.808758945825195,0.9582651844431085
stage4-qwen9b,"20170301_Mercury Public Affairs, LLC_Reid, Morris_Short-Form.pdf",signer_name,1.0,1.0,0.8436551,0.73478526,0.9224155072996088,0.9871590463508282
stage4-qwen9b,"20170301_Mercury Public Affairs, LLC_Reid, Morris_Short-Form.pdf",signer_title,1.0,1.0,0.8669569,0.9557762,0.9617035691591165,0.9644478277299643
stage4-qwen9b,"20160210_Squire Patton Boggs, LLP_Garrett, John C._Short-Form.pdf",registration_num,1.0,1.0,0.94291955,0.9876774,0.973855142476573,0.9782421719869232
stage4-qwen9b,"20160210_Squire Patton Boggs, LLP_Garrett, John C._Short-Form.pdf",registrant_name,0.0,1.0,0.9102356,0.9268999,0.9332225381301736,0.8903556681753256
stage4-qwen9b,"20160210_Squire Patton Boggs, LLP_Garrett, John C._Short-Form.pdf",foreign_principle_name,0.0,0.0,0.1812146,0.16471048,0.14807396463180802,0.4448192360297422
stage4-qwen9b,"20160210_Squire Patton Boggs, LLP_Garrett, John C._Short-Form.pdf",file_date,1.0,1.0,0.9246704,0.9649267,0.7728698352476155,0.9522086070188753
stage4-qwen9b,"20160210_Squire Patton Boggs, LLP_Garrett, John C._Short-Form.pdf",signer_name,1.0,1.0,0.9355382,0.9557398,0.9246792625130653,0.9685831674572716
stage4-qwen9b,"20160210_Squire Patton Boggs, LLP_Garrett, John C._Short-Form.pdf",signer_title,1.0,1.0,0.86917746,0.9564387,0.9547053579096753,0.9668764951980974
stage4-qwen9b,"20120423_United Lao Council for Peace, Freedom and Reconstruction (ULCPFR)_Vang, Chong_Short-Form.pdf",registration_num,1.0,1.0,0.9271518,0.9666748,0.9628625817068719,0.4969486574891028
stage4-qwen9b,"20120423_United Lao Council for Peace, Freedom and Reconstruction (ULCPFR)_Vang, Chong_Short-Form.pdf",registrant_name,0.0,0.0,0.5283483,0.48481083,0.7141377410885896,0.4132753983609722
stage4-qwen9b,"20120423_United Lao Council for Peace, Freedom and Reconstruction (ULCPFR)_Vang, Chong_Short-Form.pdf",foreign_principle_name,1.0,1.0,0.8021886,0.91912746,0.8715433201684469,0.9053426093523219
stage4-qwen9b,"20120423_United Lao Council for Peace, Freedom and Reconstruction (ULCPFR)_Vang, Chong_Short-Form.pdf",file_date,1.0,1.0,0.9399735,0.97632295,0.8455350549013856,0.9367637372779167
stage4-qwen9b,"20120423_United Lao Council for Peace, Freedom and Reconstruction (ULCPFR)_Vang, Chong_Short-Form.pdf",signer_name,1.0,1.0,0.7725705,0.862936,0.9494402967800122,0.8785116180991202
stage4-qwen9b,"20120423_United Lao Council for Peace, Freedom and Reconstruction (ULCPFR)_Vang, Chong_Short-Form.pdf",signer_title,1.0,1.0,0.8731211,0.95736855,0.9474236420811407,0.9371168218405282
stage4-qwen9b,"20100319_Podesta Group, Inc._Northrup, Stephen James_Short-Form.pdf",registration_num,1.0,1.0,0.94606054,0.99275196,0.9724352996084745,0.9776700078771485
stage4-qwen9b,"20100319_Podesta Group, Inc._Northrup, Stephen James_Short-Form.pdf",registrant_name,0.0,0.0,0.6940161,0.7158513,0.903661958416968,0.08501302434015803
stage4-qwen9b,"20100319_Podesta Group, Inc._Northrup, Stephen James_Short-Form.pdf",foreign_principle_name,1.0,1.0,0.36508805,0.42175525,0.7058972117985775,0.7964697501847272
stage4-qwen9b,"20100319_Podesta Group, Inc._Northrup, Stephen James_Short-Form.pdf",file_date,1.0,1.0,0.93589556,0.96864986,0.7138907982290804,0.9524074619938449
stage4-qwen9b,"20100319_Podesta Group, Inc._Northrup, Stephen James_Short-Form.pdf",signer_name,0.0,0.0,0.19719315,0.16463897,0.7201340849865462,0.28269828978243794
stage4-qwen9b,"20100319_Podesta Group, Inc._Northrup, Stephen James_Short-Form.pdf",signer_title,1.0,1.0,0.88263285,0.95415366,0.9436809243750598,0.922653097529054
stage4-qwen9b,"20150516_Greenfield Law, LLC_Kress, William A._Short-Form.pdf",registration_num,1.0,1.0,0.92437,0.976503,0.9625737908019438,0.8153128991340528
stage4-qwen9b,"20150516_Greenfield Law, LLC_Kress, William A._Short-Form.pdf",registrant_name,1.0,1.0,0.8653183,0.9137746,0.8361280693596824,0.8150479998264231
stage4-qwen9b,"20150516_Greenfield Law, LLC_Kress, William A._Short-Form.pdf",foreign_principle_name,1.0,1.0,0.30178824,0.35735187,0.8528857472475683,0.8690576125748464
stage4-qwen9b,"20150516_Greenfield Law, LLC_Kress, William A._Short-Form.pdf",file_date,0.0,1.0,0.13693038,0.1253219,0.45126987886391295,0.6355811091375871
stage4-qwen9b,"20150516_Greenfield Law, LLC_Kress, William A._Short-Form.pdf",signer_name,0.0,0.0,0.3534464,0.23530026,0.7555701625825628,0.5573650450504972
stage4-qwen9b,"20150516_Greenfield Law, LLC_Kress, William A._Short-Form.pdf",signer_title,1.0,1.0,0.8738783,0.9568688,0.9612693084112004,0.9668764951980974
stage4-qwen9b,"20120606_Daniel J. Edelman, Inc._Holloway, Michael_Short-Form.pdf",registration_num,1.0,1.0,0.9343975,0.98571616,0.975467206798612,0.9078142705558244
stage4-qwen9b,"20120606_Daniel J. Edelman, Inc._Holloway, Michael_Short-Form.pdf",registrant_name,1.0,1.0,0.9396359,0.97504437,0.9649534028523946,0.8866550286093202
stage4-qwen9b,"20120606_Daniel J. Edelman, Inc._Holloway, Michael_Short-Form.pdf",foreign_principle_name,1.0,1.0,0.25612164,0.331927,0.8343742147565681,0.7728073931894694
stage4-qwen9b,"20120606_Daniel J. Edelman, Inc._Holloway, Michael_Short-Form.pdf",file_date,1.0,1.0,0.9282125,0.98498553,0.7878682116356774,0.9538500011005173
stage4-qwen9b,"20120606_Daniel J. Edelman, Inc._Holloway, Michael_Short-Form.pdf",signer_name,1.0,1.0,0.9211958,0.9603955,0.9516171587543202,0.9887700284772714
stage4-qwen9b,"20120606_Daniel J. Edelman, Inc._Holloway, Michael_Short-Form.pdf",signer_title,1.0,1.0,0.8685709,0.95727146,0.9640545570574974,0.9565744540046568
stage4-qwen9b,"20150303_DCI Group AZ, LLC_Olson, Grant A._Short-Form.pdf",registration_num,1.0,1.0,0.9325942,0.98754156,0.9754853049697422,0.7425170120134933
stage4-qwen9b,"20150303_DCI Group AZ, LLC_Olson, Grant A._Short-Form.pdf",registrant_name,1.0,1.0,0.92598945,0.969907,0.7484761659194825,0.5930199009297995
stage4-qwen9b,"20150303_DCI Group AZ, LLC_Olson, Grant A._Short-Form.pdf",foreign_principle_name,0.0,0.0,0.08881041,0.10000515,0.026347359658160475,0.18253543229962232
stage4-qwen9b,"20150303_DCI Group AZ, LLC_Olson, Grant A._Short-Form.pdf",file_date,1.0,1.0,0.93213576,0.97841376,0.8091100226301569,0.9569957923882805
stage4-qwen9b,"20150303_DCI Group AZ, LLC_Olson, Grant A._Short-Form.pdf",signer_name,1.0,1.0,0.8483144,0.9181365,0.9445878841676854,0.9860731433097754
stage4-qwen9b,"20150303_DCI Group AZ, LLC_Olson, Grant A._Short-Form.pdf",signer_title,1.0,1.0,0.86828405,0.95603645,0.9576172795037092,0.9565744540046568
stage4-qwen9b,"20100128_Squire Patton Boggs, LLP_Boggs, Thomas Hale Jr._Short-Form.pdf",registration_num,1.0,1.0,0.93703145,0.99091256,0.9724352996084745,0.9698768401283911
stage4-qwen9b,"20100128_Squire Patton Boggs, LLP_Boggs, Thomas Hale Jr._Short-Form.pdf",registrant_name,1.0,1.0,0.8551959,0.8742727,0.7500304704682832,0.6610359877440284
stage4-qwen9b,"20100128_Squire Patton Boggs, LLP_Boggs, Thomas Hale Jr._Short-Form.pdf",foreign_principle_name,0.0,0.0,0.3629665,0.4014423,0.11731398301043722,0.4457236590240625
stage4-qwen9b,"20100128_Squire Patton Boggs, LLP_Boggs, Thomas Hale Jr._Short-Form.pdf",file_date,1.0,1.0,0.92092144,0.9450494,0.3382075225437739,0.8394230915846863
stage4-qwen9b,"20100128_Squire Patton Boggs, LLP_Boggs, Thomas Hale Jr._Short-Form.pdf",signer_name,0.0,0.0,0.25772193,0.16257736,0.29181664815176717,0.10413852785020636
stage4-qwen9b,"20100128_Squire Patton Boggs, LLP_Boggs, Thomas Hale Jr._Short-Form.pdf",signer_title,1.0,1.0,0.8829921,0.9515673,0.9528085328299952,0.9285671366234209
stage4-qwen9b,"20140416_Ketchum Inc. NY_Jeavons, Kathleen Stone_Short-Form.pdf",registration_num,1.0,1.0,0.93877494,0.98364437,0.973855142476573,0.9782421719869232
stage4-qwen9b,"20140416_Ketchum Inc. NY_Jeavons, Kathleen Stone_Short-Form.pdf",registrant_name,1.0,1.0,0.5796045,0.5349637,0.9593910440341623,0.30073771271374955
stage4-qwen9b,"20140416_Ketchum Inc. NY_Jeavons, Kathleen Stone_Short-Form.pdf",foreign_principle_name,1.0,1.0,0.31602228,0.28089455,0.04391572673945948,0.28596413106263946
stage4-qwen9b,"20140416_Ketchum Inc. NY_Jeavons, Kathleen Stone_Short-Form.pdf",file_date,1.0,1.0,0.9294569,0.962386,0.8371551929859804,0.9486292544616546
stage4-qwen9b,"20140416_Ketchum Inc. NY_Jeavons, Kathleen Stone_Short-Form.pdf",signer_name,0.0,0.0,0.10456775,0.06649218,0.22060371733675707,0.09723959674772695
stage4-qwen9b,"20140416_Ketchum Inc. NY_Jeavons, Kathleen Stone_Short-Form.pdf",signer_title,1.0,1.0,0.86745536,0.95519143,0.9461836177947489,0.9426926326468982
stage4-qwen9b,"20100610_Daniel J. Edelman, Inc._Suzuki, Eiko_Short-Form.pdf",registration_num,1.0,1.0,0.9285041,0.969645,0.9680407522790151,0.9717162219277263
stage4-qwen9b,"20100610_Daniel J. Edelman, Inc._Suzuki, Eiko_Short-Form.pdf",registrant_name,0.0,0.0,0.756071,0.70388365,0.844793985219457,0.2025736009910556
stage4-qwen9b,"20100610_Daniel J. Edelman, Inc._Suzuki, Eiko_Short-Form.pdf",foreign_principle_name,1.0,1.0,0.5041831,0.5534879,0.7441974252299083,0.7768794113704042
stage4-qwen9b,"20100610_Daniel J. Edelman, Inc._Suzuki, Eiko_Short-Form.pdf",file_date,1.0,1.0,0.9248174,0.9692513,0.739442735813582,0.9551683615730739
stage4-qwen9b,"20100610_Daniel J. Edelman, Inc._Suzuki, Eiko_Short-Form.pdf",signer_name,1.0,1.0,0.5119992,0.4429175,0.8648891884846205,0.6585249290258826
stage4-qwen9b,"20100610_Daniel J. Edelman, Inc._Suzuki, Eiko_Short-Form.pdf",signer_title,1.0,1.0,0.8812367,0.95513153,0.9446499726254702,0.9371168218405282
stage4-qwen9b,"20171010_MSLGROUP Americas, Inc._Beck, Emma_Short-Form.pdf",registration_num,1.0,1.0,0.939768,0.9842428,0.9780574177637598,0.9788335446412643
stage4-qwen9b,"20171010_MSLGROUP Americas, Inc._Beck, Emma_Short-Form.pdf",registrant_name,1.0,1.0,0.90491277,0.954823,0.8373134308529122,0.8356343860175777
stage4-qwen9b,"20171010_MSLGROUP Americas, Inc._Beck, Emma_Short-Form.pdf",foreign_principle_name,1.0,1.0,0.3699204,0.42859453,0.8282065768776287,0.83108986758815
stage4-qwen9b,"20171010_MSLGROUP Americas, Inc._Beck, Emma_Short-Form.pdf",file_date,0.0,0.0,0.39120066,0.43490013,0.6348657645410202,0.7227849961728574
stage4-qwen9b,"20171010_MSLGROUP Americas, Inc._Beck, Emma_Short-Form.pdf",signer_name,0.0,0.0,0.069174685,0.057971846,0.07399246228666115,0.027412437194756036
stage4-qwen9b,"20171010_MSLGROUP Americas, Inc._Beck, Emma_Short-Form.pdf",signer_title,1.0,1.0,0.8655459,0.9549532,0.9516043493398239,0.9362668997095774
stage4-qwen9b,"20180129_FTI Consulting (SC), Inc._Blakeslee, James A._Short-Form.pdf",registration_num,0.0,0.0,0.58077496,0.38929227,0.9116855861246802,0.6965944291709013
stage4-qwen9b,"20180129_FTI Consulting (SC), Inc._Blakeslee, James A._Short-Form.pdf",registrant_name,1.0,1.0,0.9026955,0.9111425,0.7706674741743001,0.9166766884524786
stage4-qwen9b,"20180129_FTI Consulting (SC), Inc._Blakeslee, James A._Short-Form.pdf",foreign_principle_name,1.0,1.0,0.29884574,0.3362501,0.9205122388705504,0.8144233219519291
stage4-qwen9b,"20180129_FTI Consulting (SC), Inc._Blakeslee, James A._Short-Form.pdf",file_date,1.0,1.0,0.9310441,0.9781923,0.7872732918600676,0.951093051453965
stage4-qwen9b,"20180129_FTI Consulting (SC), Inc._Blakeslee, James A._Short-Form.pdf",signer_name,1.0,1.0,0.89955026,0.87266237,0.9701046620862277,0.99169351748594
stage4-qwen9b,"20180129_FTI Consulting (SC), Inc._Blakeslee, James A._Short-Form.pdf",signer_title,1.0,1.0,0.8680951,0.95660913,0.959030680493434,0.9729348805887622
stage4-qwen9b,"20090710_Harbour Group, LLC_Alkhatib, Firas_Short-Form.pdf",registration_num,1.0,1.0,0.94884795,0.9921565,0.9756719671178533,0.9629346943374069
stage4-qwen9b,"20090710_Harbour Group, LLC_Alkhatib, Firas_Short-Form.pdf",registrant_name,1.0,1.0,0.90324295,0.957977,0.9500630998324382,0.9063958523283966
stage4-qwen9b,"20090710_Harbour Group, LLC_Alkhatib, Firas_Short-Form.pdf",foreign_principle_name,0.0,0.0,0.2189022,0.2227191,0.014367367300418236,0.16798840851583785
stage4-qwen9b,"20090710_Harbour Group, LLC_Alkhatib, Firas_Short-Form.pdf",file_date,1.0,1.0,0.94413775,0.9765612,0.7222531047720818,0.9617558641692172
stage4-qwen9b,"20090710_Harbour Group, LLC_Alkhatib, Firas_Short-Form.pdf",signer_name,0.0,0.0,0.10363265,0.10403067,0.069008588658134,0.04038240853076929
stage4-qwen9b,"20090710_Harbour Group, LLC_Alkhatib, Firas_Short-Form.pdf",signer_title,1.0,1.0,0.8747406,0.95307285,0.946500404047249,0.9122823730869747
stage4-qwen9b,"20100325_Thomas Capitol Partners, Inc._Kim, Thomas S._Short-Form.pdf",registration_num,0.0,0.0,0.69363356,0.5189567,0.928284490964086,0.2741896647632814
stage4-qwen9b,"20100325_Thomas Capitol Partners, Inc._Kim, Thomas S._Short-Form.pdf",registrant_name,0.0,0.0,0.71302,0.7339216,0.9550111486759522,0.6688422974139611
stage4-qwen9b,"20100325_Thomas Capitol Partners, Inc._Kim, Thomas S._Short-Form.pdf",foreign_principle_name,1.0,1.0,0.23407252,0.25713795,0.08678193070098665,0.2770079721281444
stage4-qwen9b,"20100325_Thomas Capitol Partners, Inc._Kim, Thomas S._Short-Form.pdf",file_date,1.0,1.0,0.92759144,0.96018755,0.5601541700705936,0.9496935722600184
stage4-qwen9b,"20100325_Thomas Capitol Partners, Inc._Kim, Thomas S._Short-Form.pdf",signer_name,0.0,0.0,0.20250897,0.16155443,0.7709720416502143,0.25242321581593175
stage4-qwen9b,"20100325_Thomas Capitol Partners, Inc._Kim, Thomas S._Short-Form.pdf",signer_title,1.0,1.0,0.8799733,0.9540286,0.9436809243750598,0.9122823730869747
stage4-qwen9b,"20150319_Gallagher Group, LLC_Gallagher, James P._Short-Form.pdf",registration_num,1.0,1.0,0.93555605,0.98538274,0.973855142476573,0.9765483396449002
stage4-qwen9b,"20150319_Gallagher Group, LLC_Gallagher, James P._Short-Form.pdf",registrant_name,1.0,1.0,0.9312623,0.9680538,0.9649658269609785,0.8888632801314579
stage4-qwen9b,"20150319_Gallagher Group, LLC_Gallagher, James P._Short-Form.pdf",foreign_principle_name,1.0,1.0,0.3594194,0.43409768,0.8404148366135978,0.90307330841407
stage4-qwen9b,"20150319_Gallagher Group, LLC_Gallagher, James P._Short-Form.pdf",file_date,1.0,1.0,0.9253634,0.98476756,0.8744964252120649,0.9649690860397322
stage4-qwen9b,"20150319_Gallagher Group, LLC_Gallagher, James P._Short-Form.pdf",signer_name,1.0,1.0,0.9147806,0.9462282,0.9775831941380199,0.9882037928077481
stage4-qwen9b,"20150319_Gallagher Group, LLC_Gallagher, James P._Short-Form.pdf",signer_title,1.0,1.0,0.8683998,0.9561199,0.9576172795037092,0.9565744540046568
stage4-qwen9b,"20080721_Gephardt Group Government Affairs, LLC_Messmer, Michael_Short-Form.pdf",registration_num,1.0,1.0,0.9458915,0.99074125,0.9631525795522495,0.6583369374425487
stage4-qwen9b,"20080721_Gephardt Group Government Affairs, LLC_Messmer, Michael_Short-Form.pdf",registrant_name,1.0,1.0,0.91257894,0.959614,0.8143290366614886,0.7059355448811094
stage4-qwen9b,"20080721_Gephardt Group Government Affairs, LLC_Messmer, Michael_Short-Form.pdf",foreign_principle_name,1.0,1.0,0.42514142,0.45242518,0.8930290616914806,0.7326678214473281
stage4-qwen9b,"20080721_Gephardt Group Government Affairs, LLC_Messmer, Michael_Short-Form.pdf",file_date,1.0,1.0,0.9443444,0.98198825,0.8386888733087006,0.9367874225964883
stage4-qwen9b,"20080721_Gephardt Group Government Affairs, LLC_Messmer, Michael_Short-Form.pdf",signer_name,0.0,0.0,0.3515669,0.25108522,0.13320715851689416,0.23724590421929542
stage4-qwen9b,"20080721_Gephardt Group Government Affairs, LLC_Messmer, Michael_Short-Form.pdf",signer_title,1.0,1.0,0.890096,0.9560916,0.9522621140471942,0.9668764951980974
stage4-qwen9b,"20180227_Sonoran Policy Group, LLC_Nehring, Andrew Philip_Short-Form.pdf",registration_num,1.0,1.0,0.94377804,0.98846424,0.9632623166892581,0.974366698347001
stage4-qwen9b,"20180227_Sonoran Policy Group, LLC_Nehring, Andrew Philip_Short-Form.pdf",registrant_name,1.0,1.0,0.942849,0.9822129,0.9646797681821646,0.8888632801314579
stage4-qwen9b,"20180227_Sonoran Policy Group, LLC_Nehring, Andrew Philip_Short-Form.pdf",foreign_principle_name,0.0,0.0,0.06062133,0.055547964,0.020103411511004247,0.13534682000608964
stage4-qwen9b,"20180227_Sonoran Policy Group, LLC_Nehring, Andrew Philip_Short-Form.pdf",file_date,1.0,1.0,0.93261445,0.98255193,0.7914379684071969,0.9461443564286639
stage4-qwen9b,"20180227_Sonoran Policy Group, LLC_Nehring, Andrew Philip_Short-Form.pdf",signer_name,1.0,1.0,0.92307425,0.9468951,0.9780929677483062,0.9910808408562232
stage4-qwen9b,"20180227_Sonoran Policy Group, LLC_Nehring, Andrew Philip_Short-Form.pdf",signer_title,1.0,1.0,0.8794422,0.95857275,0.9436809243750598,0.9122823730869747
stage4-qwen9b,"20170222_Squire Patton Boggs, LLP_Savelieff, Ludmilla Lydia_Short-Form.pdf",registration_num,1.0,1.0,0.9388341,0.9790486,0.973855142476573,0.9782421719869232
stage4-qwen9b,"20170222_Squire Patton Boggs, LLP_Savelieff, Ludmilla Lydia_Short-Form.pdf",registrant_name,1.0,1.0,0.8986381,0.9112398,0.9042376155922105,0.8644458151420642
stage4-qwen9b,"20170222_Squire Patton Boggs, LLP_Savelieff, Ludmilla Lydia_Short-Form.pdf",foreign_principle_name,0.0,0.0,0.31855497,0.3479882,0.7667604238537189,0.6609905877837162
stage4-qwen9b,"20170222_Squire Patton Boggs, LLP_Savelieff, Ludmilla Lydia_Short-Form.pdf",file_date,1.0,1.0,0.9352988,0.9699688,0.8596854783754877,0.964842444402022
stage4-qwen9b,"20170222_Squire Patton Boggs, LLP_Savelieff, Ludmilla Lydia_Short-Form.pdf",signer_name,1.0,1.0,0.8989898,0.8714746,0.9618753224180703,0.9913527380277826
stage4-qwen9b,"20170222_Squire Patton Boggs, LLP_Savelieff, Ludmilla Lydia_Short-Form.pdf",signer_title,1.0,1.0,0.8696167,0.9565145,0.9547053579096753,0.9668764951980974
stage4-qwen9b,"20151208_Ketchum Inc. NY_Pelofsky, Jeremy L._Short-Form.pdf",registration_num,1.0,1.0,0.93874776,0.9792267,0.973855142476573,0.9782421719869232
stage4-qwen9b,"20151208_Ketchum Inc. NY_Pelofsky, Jeremy L._Short-Form.pdf",registrant_name,1.0,1.0,0.92747605,0.9691242,0.8772583938016427,0.7904385261138055
stage4-qwen9b,"20151208_Ketchum Inc. NY_Pelofsky, Jeremy L._Short-Form.pdf",foreign_principle_name,1.0,1.0,0.47893816,0.4712844,0.9124309773774022,0.6973260198077367
stage4-qwen9b,"20151208_Ketchum Inc. NY_Pelofsky, Jeremy L._Short-Form.pdf",file_date,1.0,1.0,0.93372977,0.98544025,0.9369442106741386,0.9895423626802793
stage4-qwen9b,"20151208_Ketchum Inc. NY_Pelofsky, Jeremy L._Short-Form.pdf",signer_name,0.0,0.0,0.25303873,0.22187838,0.42175833633473003,0.24349660080635593
stage4-qwen9b,"20151208_Ketchum Inc. NY_Pelofsky, Jeremy L._Short-Form.pdf",signer_title,1.0,1.0,0.8679789,0.9560561,0.9576172795037092,0.9565744540046568
stage4-qwen9b,"20120913_Daniel J. Edelman, Inc._Naple, Michael Anthony_Short-Form.pdf",registration_num,1.0,1.0,0.94721174,0.9844078,0.9696798980843085,0.9461911203820702
stage4-qwen9b,"20120913_Daniel J. Edelman, Inc._Naple, Michael Anthony_Short-Form.pdf",registrant_name,1.0,1.0,0.9385325,0.97377145,0.9894278913972759,0.9698711127444709
stage4-qwen9b,"20120913_Daniel J. Edelman, Inc._Naple, Michael Anthony_Short-Form.pdf",foreign_principle_name,1.0,1.0,0.44083667,0.5474263,0.8343742147565681,0.6913347509664518
stage4-qwen9b,"20120913_Daniel J. Edelman, Inc._Naple, Michael Anthony_Short-Form.pdf",file_date,1.0,1.0,0.93249226,0.98706216,0.9172372109523083,0.965426165407994
stage4-qwen9b,"20120913_Daniel J. Edelman, Inc._Naple, Michael Anthony_Short-Form.pdf",signer_name,1.0,1.0,0.9142064,0.92210114,0.9463395180286727,0.9774769943095762
stage4-qwen9b,"20120913_Daniel J. Edelman, Inc._Naple, Michael Anthony_Short-Form.pdf",signer_title,1.0,1.0,0.87012464,0.9576206,0.9632425650086376,0.9668764951980974
stage4-qwen9b,"20120521_General Delegation of the PLO to the US_Farsakh, Nizar H._Short-Form.pdf",registration_num,1.0,1.0,0.94620526,0.98931426,0.973855142476573,0.9782421719869232
stage4-qwen9b,"20120521_General Delegation of the PLO to the US_Farsakh, Nizar H._Short-Form.pdf",registrant_name,1.0,1.0,0.9240553,0.94828856,0.9544285074707883,0.9445899974023793
stage4-qwen9b,"20120521_General Delegation of the PLO to the US_Farsakh, Nizar H._Short-Form.pdf",foreign_principle_name,1.0,1.0,0.31540856,0.33477026,0.6297805906493078,0.23150356579414064
stage4-qwen9b,"20120521_General Delegation of the PLO to the US_Farsakh, Nizar H._Short-Form.pdf",file_date,1.0,1.0,0.94662,0.98363525,0.7713808366387666,0.9516940188425971
stage4-qwen9b,"20120521_General Delegation of the PLO to the US_Farsakh, Nizar H._Short-Form.pdf",signer_name,1.0,1.0,0.8878622,0.91277,0.9512070566082169,0.9906486348694219
stage4-qwen9b,"20120521_General Delegation of the PLO to the US_Farsakh, Nizar H._Short-Form.pdf",signer_title,1.0,1.0,0.8696005,0.95626175,0.9576172795037092,0.9565744540046568
stage4-qwen9b,"20130917_Daniel J. Edelman, Inc._Lau, Timothy C_Short-Form.pdf",registration_num,1.0,1.0,0.9392948,0.9803182,0.973855142476573,0.9782421719869232
stage4-qwen9b,"20130917_Daniel J. Edelman, Inc._Lau, Timothy C_Short-Form.pdf",registrant_name,1.0,1.0,0.9341363,0.972515,0.9212862062694347,0.8085306638368382
stage4-qwen9b,"20130917_Daniel J. Edelman, Inc._Lau, Timothy C_Short-Form.pdf",foreign_principle_name,1.0,1.0,0.24331827,0.30612928,0.9087113242394715,0.8635839985610876
stage4-qwen9b,"20130917_Daniel J. Edelman, Inc._Lau, Timothy C_Short-Form.pdf",file_date,1.0,1.0,0.93773615,0.9709035,0.760323701775133,0.9461443564286639
stage4-qwen9b,"20130917_Daniel J. Edelman, Inc._Lau, Timothy C_Short-Form.pdf",signer_name,1.0,1.0,0.9285854,0.894323,0.7888769794476553,0.96495235060123
stage4-qwen9b,"20130917_Daniel J. Edelman, Inc._Lau, Timothy C_Short-Form.pdf",signer_title,1.0,1.0,0.8712107,0.9576513,0.9576172795037092,0.9565744540046568
stage4-qwen9b,"20091127_Korea National Tourism Organization, New Jersey_Park, Younghee_Short-Form.pdf",registration_num,1.0,1.0,0.9270276,0.9876382,0.973855142476573,0.9775942887602268
stage4-qwen9b,"20091127_Korea National Tourism Organization, New Jersey_Park, Younghee_Short-Form.pdf",registrant_name,1.0,1.0,0.55337465,0.5651849,0.8316549636887917,0.9504900179736424
stage4-qwen9b,"20091127_Korea National Tourism Organization, New Jersey_Park, Younghee_Short-Form.pdf",foreign_principle_name,1.0,1.0,0.19102898,0.21412042,0.11315133645805138,0.21020670312745382
stage4-qwen9b,"20091127_Korea National Tourism Organization, New Jersey_Park, Younghee_Short-Form.pdf",file_date,1.0,1.0,0.9453637,0.98784924,0.8162692429145019,0.9689435701605075
stage4-qwen9b,"20091127_Korea National Tourism Organization, New Jersey_Park, Younghee_Short-Form.pdf",signer_name,0.0,1.0,0.7819544,0.8418605,0.0417135242455494,0.6335298521872527
stage4-qwen9b,"20091127_Korea National Tourism Organization, New Jersey_Park, Younghee_Short-Form.pdf",signer_title,1.0,1.0,0.875111,0.9533865,0.9576172795037092,0.9565744540046568
stage4-qwen9b,"20180308_Akin, Gump, Strauss, Hauer _ Feld, LLP_Verhoff, Geoff_Short-Form.pdf",registration_num,1.0,1.0,0.9369744,0.9856647,0.9724352996084745,0.9758958263129667
stage4-qwen9b,"20180308_Akin, Gump, Strauss, Hauer _ Feld, LLP_Verhoff, Geoff_Short-Form.pdf",registrant_name,1.0,1.0,0.9335187,0.9554043,0.9603178868567135,0.9738329194051821
stage4-qwen9b,"20180308_Akin, Gump, Strauss, Hauer _ Feld, LLP_Verhoff, Geoff_Short-Form.pdf",foreign_principle_name,1.0,1.0,0.3629271,0.3345104,0.8601306619718431,0.8263012218901525
stage4-qwen9b,"20180308_Akin, Gump, Strauss, Hauer _ Feld, LLP_Verhoff, Geoff_Short-Form.pdf",file_date,1.0,1.0,0.9370653,0.9746002,0.5601541700705936,0.9469218908716858
stage4-qwen9b,"20180308_Akin, Gump, Strauss, Hauer _ Feld, LLP_Verhoff, Geoff_Short-Form.pdf",signer_name,1.0,1.0,0.9035281,0.8904706,0.8586094070747199,0.9774552472368653
stage4-qwen9b,"20180308_Akin, Gump, Strauss, Hauer _ Feld, LLP_Verhoff, Geoff_Short-Form.pdf",signer_title,1.0,1.0,0.87609625,0.95788306,0.9522964937666893,0.9668764951980974
stage4-qwen9b,"20080502_Daniel J. Edelman, Inc._Domingo, Roquena_Short-Form.pdf",registration_num,1.0,1.0,0.9358717,0.9775149,0.973855142476573,0.9758735896600798
stage4-qwen9b,"20080502_Daniel J. Edelman, Inc._Domingo, Roquena_Short-Form.pdf",registrant_name,0.0,0.0,0.8714062,0.8699967,0.8571346852023347,0.30853614246584266
stage4-qwen9b,"20080502_Daniel J. Edelman, Inc._Domingo, Roquena_Short-Form.pdf",foreign_principle_name,1.0,1.0,0.3628851,0.4507648,0.3868229491057772,0.4863804505496155
stage4-qwen9b,"20080502_Daniel J. Edelman, Inc._Domingo, Roquena_Short-Form.pdf",file_date,0.0,0.0,0.42188635,0.36332402,0.8375439254243385,0.7829141283999265
stage4-qwen9b,"20080502_Daniel J. Edelman, Inc._Domingo, Roquena_Short-Form.pdf",signer_name,0.0,0.0,0.058838755,0.043517694,0.06920151657894365,0.07416803082701785
stage4-qwen9b,"20080502_Daniel J. Edelman, Inc._Domingo, Roquena_Short-Form.pdf",signer_title,1.0,1.0,0.875906,0.95300484,0.946500404047249,0.922653097529054
stage4-qwen9b,"20141204_Commonwealth of Dominica Maritime Registry, Inc._Kumari, Jyotsna_Short-Form.pdf",registration_num,1.0,1.0,0.94357234,0.98427314,0.973855142476573,0.9782421719869232
stage4-qwen9b,"20141204_Commonwealth of Dominica Maritime Registry, Inc._Kumari, Jyotsna_Short-Form.pdf",registrant_name,1.0,1.0,0.81375694,0.89173996,0.770099325532991,0.8664568061422885
stage4-qwen9b,"20141204_Commonwealth of Dominica Maritime Registry, Inc._Kumari, Jyotsna_Short-Form.pdf",foreign_principle_name,1.0,1.0,0.20681274,0.2353183,0.19212498185757804,0.288967287005101
stage4-qwen9b,"20141204_Commonwealth of Dominica Maritime Registry, Inc._Kumari, Jyotsna_Short-Form.pdf",file_date,1.0,1.0,0.9306985,0.9119724,0.5541000360473725,0.9617558574296489
stage4-qwen9b,"20141204_Commonwealth of Dominica Maritime Registry, Inc._Kumari, Jyotsna_Short-Form.pdf",signer_name,0.0,0.0,0.08383985,0.07359241,0.11963980577751353,0.059518448667244137
stage4-qwen9b,"20141204_Commonwealth of Dominica Maritime Registry, Inc._Kumari, Jyotsna_Short-Form.pdf",signer_title,1.0,1.0,0.83760965,0.93101513,0.9573475652146184,0.8901628434707238
stage4-qwen9b,"20130603_Squire Patton Boggs, LLP_Mirijanian, Peter_Short-Form.pdf",registration_num,1.0,1.0,0.9463746,0.99116105,0.973855142476573,0.9758958263129667
stage4-qwen9b,"20130603_Squire Patton Boggs, LLP_Mirijanian, Peter_Short-Form.pdf",registrant_name,1.0,1.0,0.9060869,0.9315049,0.8476381318100443,0.6595270077044562
stage4-qwen9b,"20130603_Squire Patton Boggs, LLP_Mirijanian, Peter_Short-Form.pdf",foreign_principle_name,0.0,0.0,0.6056727,0.6705573,0.9124309773774022,0.6973260198077367
stage4-qwen9b,"20130603_Squire Patton Boggs, LLP_Mirijanian, Peter_Short-Form.pdf",file_date,1.0,1.0,0.93054086,0.9811891,0.806440280017192,0.9526539295120302
stage4-qwen9b,"20130603_Squire Patton Boggs, LLP_Mirijanian, Peter_Short-Form.pdf",signer_name,0.0,0.0,0.5411781,0.52611095,0.9692979312726775,0.9143362220149364
stage4-qwen9b,"20130603_Squire Patton Boggs, LLP_Mirijanian, Peter_Short-Form.pdf",signer_title,1.0,1.0,0.873778,0.9573723,0.9546726316157623,0.9668764951980974
stage4-qwen9b,"20150723_Korea Economic Institute_Leipziger, Danny_Short-Form.pdf",registration_num,1.0,1.0,0.9443941,0.9896563,0.973855142476573,0.9782421719869232
stage4-qwen9b,"20150723_Korea Economic Institute_Leipziger, Danny_Short-Form.pdf",registrant_name,1.0,1.0,0.883423,0.9449132,0.7113256346096763,0.7760017408340902
stage4-qwen9b,"20150723_Korea Economic Institute_Leipziger, Danny_Short-Form.pdf",foreign_principle_name,1.0,1.0,0.13572837,0.15138236,0.24452065873669135,0.5757131788660993
stage4-qwen9b,"20150723_Korea Economic Institute_Leipziger, Danny_Short-Form.pdf",file_date,1.0,1.0,0.9399066,0.9726447,0.858618877091731,0.945905532985484
stage4-qwen9b,"20150723_Korea Economic Institute_Leipziger, Danny_Short-Form.pdf",signer_name,0.0,0.0,0.049940176,0.036638565,0.1618753387084953,0.16850603393484845
stage4-qwen9b,"20150723_Korea Economic Institute_Leipziger, Danny_Short-Form.pdf",signer_title,1.0,1.0,0.86893064,0.9553521,0.9640545570574974,0.9611656618623323
stage4-qwen9b,"20171030_JETRO, Houston_Uchida, Kaori_Short-Form.pdf",registration_num,1.0,1.0,0.94188106,0.9868742,0.973855142476573,0.9782421719869232
stage4-qwen9b,"20171030_JETRO, Houston_Uchida, Kaori_Short-Form.pdf",registrant_name,1.0,1.0,0.8616375,0.9157697,0.8105922706968025,0.621793884651408
stage4-qwen9b,"20171030_JETRO, Houston_Uchida, Kaori_Short-Form.pdf",foreign_principle_name,1.0,1.0,0.35800165,0.5113283,0.9087113242394715,0.692356449960067
stage4-qwen9b,"20171030_JETRO, Houston_Uchida, Kaori_Short-Form.pdf",file_date,1.0,1.0,0.94236887,0.974172,0.4437276701061398,0.9567958989415692
stage4-qwen9b,"20171030_JETRO, Houston_Uchida, Kaori_Short-Form.pdf",signer_name,1.0,1.0,0.87903786,0.8768689,0.9291416142290465,0.9860071773407678
stage4-qwen9b,"20171030_JETRO, Houston_Uchida, Kaori_Short-Form.pdf",signer_title,1.0,1.0,0.8702385,0.95701903,0.9576172795037092,0.9565744540046568
stage4-qwen9b,"20140625_Levick Strategic Communications, LP_Smith, Erin Christy_Short-Form.pdf",registration_num,1.0,1.0,0.9143952,0.9673848,0.9633970616162866,0.6789879394288746
stage4-qwen9b,"20140625_Levick Strategic Communications, LP_Smith, Erin Christy_Short-Form.pdf",registrant_name,1.0,1.0,0.9185909,0.94825447,0.8847185812279547,0.81991350798087
stage4-qwen9b,"20140625_Levick Strategic Communications, LP_Smith, Erin Christy_Short-Form.pdf",foreign_principle_name,1.0,1.0,0.33462217,0.4247745,0.6597456381868975,0.729524995485103
stage4-qwen9b,"20140625_Levick Strategic Communications, LP_Smith, Erin Christy_Short-Form.pdf",file_date,1.0,1.0,0.928407,0.9814205,0.7918847919429518,0.9526539295120302
stage4-qwen9b,"20140625_Levick Strategic Communications, LP_Smith, Erin Christy_Short-Form.pdf",signer_name,1.0,1.0,0.93391544,0.9444973,0.8329650873394252,0.9779910165114238
stage4-qwen9b,"20140625_Levick Strategic Communications, LP_Smith, Erin Christy_Short-Form.pdf",signer_title,1.0,1.0,0.8676203,0.95602864,0.9640545570574974,0.9611656618623323
stage4-qwen9b,"20170907_Taiwan Trade Center New York Inc._Lung Cheng, Pao_Short-Form.pdf",registration_num,1.0,1.0,0.9361146,0.9648434,0.973855142476573,0.9782421719869232
stage4-qwen9b,"20170907_Taiwan Trade Center New York Inc._Lung Cheng, Pao_Short-Form.pdf",registrant_name,0.0,1.0,0.83559495,0.92686146,0.7368947311922707,0.8005331991781807
stage4-qwen9b,"20170907_Taiwan Trade Center New York Inc._Lung Cheng, Pao_Short-Form.pdf",foreign_principle_name,1.0,1.0,0.33765966,0.46636167,0.8343742147565681,0.9009084381491373
stage4-qwen9b,"20170907_Taiwan Trade Center New York Inc._Lung Cheng, Pao_Short-Form.pdf",file_date,1.0,1.0,0.95110846,0.99148685,0.9335285492274625,0.9895423626802793
stage4-qwen9b,"20170907_Taiwan Trade Center New York Inc._Lung Cheng, Pao_Short-Form.pdf",signer_name,0.0,0.0,0.1328362,0.08233903,0.5401434312993554,0.11602380134278907
stage4-qwen9b,"20170907_Taiwan Trade Center New York Inc._Lung Cheng, Pao_Short-Form.pdf",signer_title,1.0,1.0,0.86696416,0.9555504,0.946500404047249,0.922653097529054
stage4-qwen9b,"20080603_Fratelli Group_Cox, Frances K._Short-Form.pdf",registration_num,1.0,1.0,0.9294138,0.9793273,0.9650333771884635,0.898754904863715
stage4-qwen9b,"20080603_Fratelli Group_Cox, Frances K._Short-Form.pdf",registrant_name,1.0,1.0,0.9214732,0.9413514,0.9552601492774775,0.7299779920562408
stage4-qwen9b,"20080603_Fratelli Group_Cox, Frances K._Short-Form.pdf",foreign_principle_name,1.0,1.0,0.5606533,0.62557113,0.9018832390848687,0.8331847459761914
stage4-qwen9b,"20080603_Fratelli Group_Cox, Frances K._Short-Form.pdf",file_date,1.0,1.0,0.94876546,0.9848809,0.8326415411093787,0.9703536566978878
stage4-qwen9b,"20080603_Fratelli Group_Cox, Frances K._Short-Form.pdf",signer_name,1.0,1.0,0.6122625,0.6665172,0.847176162414417,0.6112203679406173
stage4-qwen9b,"20080603_Fratelli Group_Cox, Frances K._Short-Form.pdf",signer_title,1.0,1.0,0.8809053,0.9602912,0.9474236420811407,0.9371168218405282
stage4-qwen9b,"20150102_Mercury Public Affairs, LLC_Weber, John Vincent_Short-Form.pdf",registration_num,1.0,1.0,0.93813324,0.96609145,0.9632623166892581,0.9472772224313156
stage4-qwen9b,"20150102_Mercury Public Affairs, LLC_Weber, John Vincent_Short-Form.pdf",registrant_name,0.0,0.0,0.53572965,0.52399176,0.810624886564778,0.19280244885506212
stage4-qwen9b,"20150102_Mercury Public Affairs, LLC_Weber, John Vincent_Short-Form.pdf",foreign_principle_name,1.0,1.0,0.15414505,0.18468416,0.04051739993634987,0.3507961331079136
stage4-qwen9b,"20150102_Mercury Public Affairs, LLC_Weber, John Vincent_Short-Form.pdf",file_date,1.0,1.0,0.92499745,0.9702072,0.44119491189038584,0.9396741296496331
stage4-qwen9b,"20150102_Mercury Public Affairs, LLC_Weber, John Vincent_Short-Form.pdf",signer_name,1.0,1.0,0.88724977,0.866066,0.9590502966344098,0.9848261455020614
stage4-qwen9b,"20150102_Mercury Public Affairs, LLC_Weber, John Vincent_Short-Form.pdf",signer_title,1.0,1.0,0.874203,0.9567237,0.9436809243750598,0.922653097529054
stage4-qwen9b,"20150407_Daschle Group, LLC_Rodriguez, Ilia_Short-Form.pdf",registration_num,1.0,1.0,0.9431311,0.9858898,0.9724352996084745,0.9782421719869232
stage4-qwen9b,"20150407_Daschle Group, LLC_Rodriguez, Ilia_Short-Form.pdf",registrant_name,1.0,1.0,0.9323878,0.9719302,0.9842629504266416,0.9527746124887346
stage4-qwen9b,"20150407_Daschle Group, LLC_Rodriguez, Ilia_Short-Form.pdf",foreign_principle_name,1.0,1.0,0.1496169,0.18654749,0.6200998710681098,0.6988170725524651
stage4-qwen9b,"20150407_Daschle Group, LLC_Rodriguez, Ilia_Short-Form.pdf",file_date,1.0,1.0,0.9332104,0.9791285,0.7978162324588142,0.9569957923882805
stage4-qwen9b,"20150407_Daschle Group, LLC_Rodriguez, Ilia_Short-Form.pdf",signer_name,1.0,1.0,0.9198963,0.9448117,0.7246112353510082,0.9719284466478975
stage4-qwen9b,"20150407_Daschle Group, LLC_Rodriguez, Ilia_Short-Form.pdf",signer_title,1.0,1.0,0.87360144,0.957006,0.9553560357965423,0.9565744540046568
stage4-qwen9b,"20180629_MMGY Global, LLC_McDonough, Leslie_Short-Form.pdf",registration_num,1.0,1.0,0.9330538,0.97660637,0.976414432831923,0.9822598838444629
stage4-qwen9b,"20180629_MMGY Global, LLC_McDonough, Leslie_Short-Form.pdf",registrant_name,1.0,1.0,0.91006833,0.95768034,0.8519525981004425,0.7276181648682719
stage4-qwen9b,"20180629_MMGY Global, LLC_McDonough, Leslie_Short-Form.pdf",foreign_principle_name,1.0,1.0,0.24566439,0.31064397,0.8842872617785323,0.8344464111835546
stage4-qwen9b,"20180629_MMGY Global, LLC_McDonough, Leslie_Short-Form.pdf",file_date,1.0,1.0,0.90880907,0.9312933,0.8731508937445005,0.9687169447699476
stage4-qwen9b,"20180629_MMGY Global, LLC_McDonough, Leslie_Short-Form.pdf",signer_name,1.0,1.0,0.92945415,0.94784355,0.8662476705355425,0.9733854417337479
stage4-qwen9b,"20180629_MMGY Global, LLC_McDonough, Leslie_Short-Form.pdf",signer_title,1.0,1.0,0.8677395,0.9563511,0.967541239661856,0.968234258380308
stage4-qwen9b,"20140321_Squire Patton Boggs, LLP_Goggins, Melanie C._Short-Form.pdf",registration_num,1.0,1.0,0.9453662,0.9863509,0.973855142476573,0.9782421719869232
stage4-qwen9b,"20140321_Squire Patton Boggs, LLP_Goggins, Melanie C._Short-Form.pdf",registrant_name,1.0,1.0,0.90829736,0.9296397,0.8655311064119768,0.9383222187050965
stage4-qwen9b,"20140321_Squire Patton Boggs, LLP_Goggins, Melanie C._Short-Form.pdf",foreign_principle_name,0.0,1.0,0.54462844,0.594744,0.8343742147565681,0.9009084381491373
stage4-qwen9b,"20140321_Squire Patton Boggs, LLP_Goggins, Melanie C._Short-Form.pdf",file_date,1.0,1.0,0.9346119,0.9832675,0.7918847919429518,0.9526539295120302
stage4-qwen9b,"20140321_Squire Patton Boggs, LLP_Goggins, Melanie C._Short-Form.pdf",signer_name,1.0,1.0,0.92844486,0.94096315,0.9380272458119293,0.9838807695408418
stage4-qwen9b,"20140321_Squire Patton Boggs, LLP_Goggins, Melanie C._Short-Form.pdf",signer_title,1.0,1.0,0.8719717,0.9567768,0.9640545570574974,0.9565744540046568
stage4-qwen9b,"20131211_Dickens _ Madson Canada Inc._Ben-Menashe, Ari_Short-Form.pdf",registration_num,0.0,0.0,0.65229136,0.59368867,0.9704951135064693,0.7623415058004572
stage4-qwen9b,"20131211_Dickens _ Madson Canada Inc._Ben-Menashe, Ari_Short-Form.pdf",registrant_name,1.0,1.0,0.9288905,0.97805864,0.924326212532372,0.8738778358876507
stage4-qwen9b,"20131211_Dickens _ Madson Canada Inc._Ben-Menashe, Ari_Short-Form.pdf",foreign_principle_name,0.0,0.0,0.24981375,0.25199986,0.06507007921272452,0.2985288084679094
stage4-qwen9b,"20131211_Dickens _ Madson Canada Inc._Ben-Menashe, Ari_Short-Form.pdf",file_date,1.0,1.0,0.9352439,0.98286563,0.7690447264128362,0.9445732771807004
stage4-qwen9b,"20131211_Dickens _ Madson Canada Inc._Ben-Menashe, Ari_Short-Form.pdf",signer_name,1.0,1.0,0.84026444,0.777503,0.720962560233205,0.9836114314059362
stage4-qwen9b,"20131211_Dickens _ Madson Canada Inc._Ben-Menashe, Ari_Short-Form.pdf",signer_title,1.0,1.0,0.8737119,0.957559,0.9474236420811407,0.9371168218405282
stage4-qwen9b,"20160429_MSLGROUP Americas, Inc._Shahbandar, Oubai_Short-Form.pdf",registration_num,1.0,1.0,0.9431583,0.99270403,0.973855142476573,0.9782421719869232
stage4-qwen9b,"20160429_MSLGROUP Americas, Inc._Shahbandar, Oubai_Short-Form.pdf",registrant_name,1.0,1.0,0.89942646,0.9215544,0.6752848851015745,0.6700798846293365
stage4-qwen9b,"20160429_MSLGROUP Americas, Inc._Shahbandar, Oubai_Short-Form.pdf",foreign_principle_name,1.0,1.0,0.21865484,0.25059947,0.8070203665321293,0.7439489092430193
stage4-qwen9b,"20160429_MSLGROUP Americas, Inc._Shahbandar, Oubai_Short-Form.pdf",file_date,1.0,1.0,0.949667,0.9789691,0.7559481592919451,0.9783722944480296
stage4-qwen9b,"20160429_MSLGROUP Americas, Inc._Shahbandar, Oubai_Short-Form.pdf",signer_name,0.0,0.0,0.03495275,0.027286574,0.04147832889958498,0.05477962931814164
stage4-qwen9b,"20160429_MSLGROUP Americas, Inc._Shahbandar, Oubai_Short-Form.pdf",signer_title,0.0,0.0,0.5991665,0.32491964,0.9224790330262571,0.9042964297681798
stage4-qwen9b,"20170601_Squire Patton Boggs, LLP_Norman, W. Caffey_Short-Form.pdf",registration_num,1.0,1.0,0.9393341,0.98607713,0.973855142476573,0.9782421719869232
stage4-qwen9b,"20170601_Squire Patton Boggs, LLP_Norman, W. Caffey_Short-Form.pdf",registrant_name,1.0,1.0,0.90737456,0.9226483,0.9332225381301736,0.8903556681753256
stage4-qwen9b,"20170601_Squire Patton Boggs, LLP_Norman, W. Caffey_Short-Form.pdf",foreign_principle_name,0.0,0.0,0.51501393,0.5386598,0.7824811383857537,0.8341504194759111
stage4-qwen9b,"20170601_Squire Patton Boggs, LLP_Norman, W. Caffey_Short-Form.pdf",file_date,1.0,1.0,0.90697986,0.91204196,0.7867681472869748,0.9646412805131737
stage4-qwen9b,"20170601_Squire Patton Boggs, LLP_Norman, W. Caffey_Short-Form.pdf",signer_name,1.0,1.0,0.93037444,0.9391416,0.9512638261325895,0.9893733465581276
stage4-qwen9b,"20170601_Squire Patton Boggs, LLP_Norman, W. Caffey_Short-Form.pdf",signer_title,1.0,1.0,0.8704165,0.95637053,0.9576172795037092,0.9581136604573168
stage4-qwen9b,"20171220_Ballard Partners_San Pedro, Katherine_Short-Form.pdf",registration_num,1.0,1.0,0.94538295,0.9806717,0.973855142476573,0.9782421719869232
stage4-qwen9b,"20171220_Ballard Partners_San Pedro, Katherine_Short-Form.pdf",registrant_name,1.0,1.0,0.9039963,0.96086615,0.9032827512834203,0.653376083022849
stage4-qwen9b,"20171220_Ballard Partners_San Pedro, Katherine_Short-Form.pdf",foreign_principle_name,1.0,1.0,0.34479943,0.33810836,0.5141449450015932,0.2094834810989339
stage4-qwen9b,"20171220_Ballard Partners_San Pedro, Katherine_Short-Form.pdf",file_date,0.0,0.0,0.46301666,0.4907013,0.8419131812712011,0.6015965133321612
stage4-qwen9b,"20171220_Ballard Partners_San Pedro, Katherine_Short-Form.pdf",signer_name,0.0,0.0,0.17105731,0.098552525,0.4436027694429231,0.28302286637420554
stage4-qwen9b,"20171220_Ballard Partners_San Pedro, Katherine_Short-Form.pdf",signer_title,1.0,1.0,0.868264,0.95602196,0.9576172795037092,0.9565744540046568
stage4-qwen9b,"20151030_JETRO, San Francisco_Hunter, Naoco_Short-Form.pdf",registration_num,1.0,1.0,0.9362982,0.9894141,0.973855142476573,0.9782421719869232
stage4-qwen9b,"20151030_JETRO, San Francisco_Hunter, Naoco_Short-Form.pdf",registrant_name,0.0,0.0,0.593732,0.64025676,0.613438123576121,0.09128337193707974
stage4-qwen9b,"20151030_JETRO, San Francisco_Hunter, Naoco_Short-Form.pdf",foreign_principle_name,0.0,0.0,0.1392215,0.16525967,0.03838029928292894,0.34921602786668504
stage4-qwen9b,"20151030_JETRO, San Francisco_Hunter, Naoco_Short-Form.pdf",file_date,1.0,1.0,0.9265348,0.9800814,0.559676699661745,0.9396741296496331
stage4-qwen9b,"20151030_JETRO, San Francisco_Hunter, Naoco_Short-Form.pdf",signer_name,1.0,1.0,0.90284157,0.9142629,0.7950146531607135,0.9648073598097343
stage4-qwen9b,"20151030_JETRO, San Francisco_Hunter, Naoco_Short-Form.pdf",signer_title,1.0,1.0,0.86770993,0.955859,0.946500404047249,0.9122823730869747
stage4-qwen9b,"20130131_Podesta Group, Inc._Dyer, James_Short-Form.pdf",registration_num,1.0,1.0,0.9561335,0.989845,0.9724352996084745,0.9728177479003672
stage4-qwen9b,"20130131_Podesta Group, Inc._Dyer, James_Short-Form.pdf",registrant_name,1.0,1.0,0.8957442,0.89981747,0.6465143160337985,0.5953751092081409
stage4-qwen9b,"20130131_Podesta Group, Inc._Dyer, James_Short-Form.pdf",foreign_principle_name,0.0,0.0,0.23003164,0.25482804,0.7654576263589643,0.7721652058444749
stage4-qwen9b,"20130131_Podesta Group, Inc._Dyer, James_Short-Form.pdf",file_date,0.0,0.0,0.5051356,0.40753073,0.774275881320369,0.47740571943390525
stage4-qwen9b,"20130131_Podesta Group, Inc._Dyer, James_Short-Form.pdf",signer_name,0.0,0.0,0.58723897,0.5210302,0.7408556372099494,0.8153984546352322
stage4-qwen9b,"20130131_Podesta Group, Inc._Dyer, James_Short-Form.pdf",signer_title,1.0,1.0,0.8889612,0.95932233,0.9446499726254702,0.9371168218405282
stage4-qwen9b,"20170509_Burson-Marsteller, LLC (Washington, DC)_Christman, Rita Elizabeth_Short-Form.pdf",registration_num,1.0,1.0,0.93883574,0.9813277,0.9704166616124752,0.9267314955022059
stage4-qwen9b,"20170509_Burson-Marsteller, LLC (Washington, DC)_Christman, Rita Elizabeth_Short-Form.pdf",registrant_name,1.0,1.0,0.87506616,0.9214531,0.9552601492774775,0.7347128530117149
stage4-qwen9b,"20170509_Burson-Marsteller, LLC (Washington, DC)_Christman, Rita Elizabeth_Short-Form.pdf",foreign_principle_name,1.0,1.0,0.33547834,0.37621742,0.8343742147565681,0.6913347509664518
stage4-qwen9b,"20170509_Burson-Marsteller, LLC (Washington, DC)_Christman, Rita Elizabeth_Short-Form.pdf",file_date,1.0,1.0,0.88654214,0.84888566,0.05682680600656869,0.3261236487584243
stage4-qwen9b,"20170509_Burson-Marsteller, LLC (Washington, DC)_Christman, Rita Elizabeth_Short-Form.pdf",signer_name,0.0,0.0,0.2593096,0.17430975,0.12114975244485225,0.12499209925361389
stage4-qwen9b,"20170509_Burson-Marsteller, LLC (Washington, DC)_Christman, Rita Elizabeth_Short-Form.pdf",signer_title,1.0,1.0,0.8693105,0.95546806,0.9576172795037092,0.9565744540046568
stage4-qwen9b,"20160107_Daschle Group, LLC_Daschle, Thomas_Short-Form.pdf",registration_num,1.0,1.0,0.94945467,0.99126834,0.9724352996084745,0.9728177479003672
stage4-qwen9b,"20160107_Daschle Group, LLC_Daschle, Thomas_Short-Form.pdf",registrant_name,1.0,1.0,0.9008193,0.9444971,0.8453052404119022,0.8050017930357553
stage4-qwen9b,"20160107_Daschle Group, LLC_Daschle, Thomas_Short-Form.pdf",foreign_principle_name,1.0,1.0,0.19722149,0.21272425,0.32387957247894145,0.671941786180373
stage4-qwen9b,"20160107_Daschle Group, LLC_Daschle, Thomas_Short-Form.pdf",file_date,1.0,1.0,0.94745237,0.9828149,0.8802881755043922,0.9688388276189345
stage4-qwen9b,"20160107_Daschle Group, LLC_Daschle, Thomas_Short-Form.pdf",signer_name,0.0,0.0,0.36252016,0.39222488,0.7817666234272982,0.2834854601871686
stage4-qwen9b,"20160107_Daschle Group, LLC_Daschle, Thomas_Short-Form.pdf",signer_title,1.0,1.0,0.8513935,0.92285174,0.9205691440657559,0.7570325335443393
stage4-qwen9b,"20180403_Singapore Economic Development Board_Yeo, Aaron_Short-Form.pdf",registration_num,1.0,1.0,0.94640124,0.9893484,0.9696798980843085,0.9461911203820702
stage4-qwen9b,"20180403_Singapore Economic Development Board_Yeo, Aaron_Short-Form.pdf",registrant_name,1.0,1.0,0.7930533,0.7637071,0.2572657605937854,0.36540824101247693
stage4-qwen9b,"20180403_Singapore Economic Development Board_Yeo, Aaron_Short-Form.pdf",foreign_principle_name,0.0,0.0,0.24234521,0.31129634,0.8570971119853693,0.7730071999936194
stage4-qwen9b,"20180403_Singapore Economic Development Board_Yeo, Aaron_Short-Form.pdf",file_date,1.0,1.0,0.95135194,0.99042857,0.9042111727770306,0.9753283976299085
stage4-qwen9b,"20180403_Singapore Economic Development Board_Yeo, Aaron_Short-Form.pdf",signer_name,1.0,1.0,0.58290493,0.6243718,0.8642694710266687,0.6354264263685043
stage4-qwen9b,"20180403_Singapore Economic Development Board_Yeo, Aaron_Short-Form.pdf",signer_title,1.0,1.0,0.86822367,0.95638764,0.9474236420811407,0.9371168218405282
stage4-qwen9b,"20110817_BLJ Worldwide LTD_Van Wagenen, Matthew_Short-Form.pdf",registration_num,1.0,1.0,0.94442844,0.98823583,0.9632623166892581,0.9888919352085862
stage4-qwen9b,"20110817_BLJ Worldwide LTD_Van Wagenen, Matthew_Short-Form.pdf",registrant_name,0.0,0.0,0.65463704,0.4797148,0.8143060360632982,0.9266561198276186
stage4-qwen9b,"20110817_BLJ Worldwide LTD_Van Wagenen, Matthew_Short-Form.pdf",foreign_principle_name,1.0,1.0,0.1849607,0.18553023,0.20914583195835015,0.3661330664856367
stage4-qwen9b,"20110817_BLJ Worldwide LTD_Van Wagenen, Matthew_Short-Form.pdf",file_date,1.0,1.0,0.9332329,0.9800154,0.809069960334188,0.9526539295120302
stage4-qwen9b,"20110817_BLJ Worldwide LTD_Van Wagenen, Matthew_Short-Form.pdf",signer_name,1.0,1.0,0.86238414,0.7933017,0.9663789561222886,0.9901857084457225
stage4-qwen9b,"20110817_BLJ Worldwide LTD_Van Wagenen, Matthew_Short-Form.pdf",signer_title,1.0,1.0,0.87462485,0.9572765,0.9612693084112004,0.9668764951980974
stage4-qwen9b,"20080825_Ketchum Inc. NY_Goldstein, Benjamin Jacob_Short-Form.pdf",registration_num,1.0,1.0,0.9404513,0.98493814,0.9750314024091615,0.9678707497959517
stage4-qwen9b,"20080825_Ketchum Inc. NY_Goldstein, Benjamin Jacob_Short-Form.pdf",registrant_name,1.0,1.0,0.7853774,0.84768283,0.6949043385218212,0.811973689078108
stage4-qwen9b,"20080825_Ketchum Inc. NY_Goldstein, Benjamin Jacob_Short-Form.pdf",foreign_principle_name,1.0,1.0,0.42506027,0.5706435,0.8443797943506465,0.7703573063914927
stage4-qwen9b,"20080825_Ketchum Inc. NY_Goldstein, Benjamin Jacob_Short-Form.pdf",file_date,1.0,1.0,0.9478634,0.9876331,0.8490886185579074,0.9507353518112915
stage4-qwen9b,"20080825_Ketchum Inc. NY_Goldstein, Benjamin Jacob_Short-Form.pdf",signer_name,0.0,0.0,0.5375842,0.4491636,0.638218158316567,0.8121541794443334
stage4-qwen9b,"20080825_Ketchum Inc. NY_Goldstein, Benjamin Jacob_Short-Form.pdf",signer_title,1.0,1.0,0.87684745,0.95961875,0.9617035691591165,0.9644478277299643
stage4-qwen9b,"20100525_Akin, Gump, Strauss, Hauer _ Feld, LLP_Lapp, Alixandria_Short-Form.pdf",registration_num,1.0,1.0,0.93069506,0.97673243,0.9724352996084745,0.9751798485935882
stage4-qwen9b,"20100525_Akin, Gump, Strauss, Hauer _ Feld, LLP_Lapp, Alixandria_Short-Form.pdf",registrant_name,1.0,1.0,0.9225998,0.94903755,0.8724664610358077,0.9845270956865643
stage4-qwen9b,"20100525_Akin, Gump, Strauss, Hauer _ Feld, LLP_Lapp, Alixandria_Short-Form.pdf",foreign_principle_name,1.0,1.0,0.2615795,0.29896918,0.8333670099920881,0.797997480405706
stage4-qwen9b,"20100525_Akin, Gump, Strauss, Hauer _ Feld, LLP_Lapp, Alixandria_Short-Form.pdf",file_date,0.0,0.0,0.5319699,0.5159962,0.7407961499699424,0.6901632580472478
stage4-qwen9b,"20100525_Akin, Gump, Strauss, Hauer _ Feld, LLP_Lapp, Alixandria_Short-Form.pdf",signer_name,0.0,0.0,0.19904423,0.116460845,0.44104315474620664,0.11776561824947783
stage4-qwen9b,"20100525_Akin, Gump, Strauss, Hauer _ Feld, LLP_Lapp, Alixandria_Short-Form.pdf",signer_title,1.0,1.0,0.85116225,0.92171705,0.9560461270118829,0.8510188646561161
stage4-qwen9b,"20170127_S.G.R. LLC Government Relations and Lobbying_Lowman, Greg_Short-Form.pdf",registration_num,1.0,1.0,0.942499,0.9852463,0.9696798980843085,0.9588337419679975
stage4-qwen9b,"20170127_S.G.R. LLC Government Relations and Lobbying_Lowman, Greg_Short-Form.pdf",registrant_name,0.0,0.0,0.7826222,0.8376713,0.8343272844980661,0.7225803138338074
stage4-qwen9b,"20170127_S.G.R. LLC Government Relations and Lobbying_Lowman, Greg_Short-Form.pdf",foreign_principle_name,1.0,1.0,0.2623721,0.28807873,0.8343742147565681,0.8630184470619878
stage4-qwen9b,"20170127_S.G.R. LLC Government Relations and Lobbying_Lowman, Greg_Short-Form.pdf",file_date,1.0,1.0,0.5130071,0.42502087,0.8495019191682222,0.5673330817230893
stage4-qwen9b,"20170127_S.G.R. LLC Government Relations and Lobbying_Lowman, Greg_Short-Form.pdf",signer_name,0.0,0.0,0.37619305,0.3070434,0.7705156798420815,0.33978191116763673
stage4-qwen9b,"20170127_S.G.R. LLC Government Relations and Lobbying_Lowman, Greg_Short-Form.pdf",signer_title,1.0,1.0,0.849061,0.9404563,0.9505109207715255,0.8977990803580062
stage4-qwen9b,"20170426_Department of Culture Tourism - Abu Dhabi (New York Branch)_Carreiro, Paula_Short-Form.pdf",registration_num,1.0,1.0,0.9472898,0.988753,0.973855142476573,0.9782421719869232
stage4-qwen9b,"20170426_Department of Culture Tourism - Abu Dhabi (New York Branch)_Carreiro, Paula_Short-Form.pdf",registrant_name,1.0,1.0,0.69802606,0.72833455,0.7077390242778372,0.9522256339945915
stage4-qwen9b,"20170426_Department of Culture Tourism - Abu Dhabi (New York Branch)_Carreiro, Paula_Short-Form.pdf",foreign_principle_name,1.0,1.0,0.15136814,0.19522588,0.22263320580096763,0.29290256255060315
stage4-qwen9b,"20170426_Department of Culture Tourism - Abu Dhabi (New York Branch)_Carreiro, Paula_Short-Form.pdf",file_date,1.0,1.0,0.9367193,0.98214614,0.8890426954132921,0.9642495829545609
stage4-qwen9b,"20170426_Department of Culture Tourism - Abu Dhabi (New York Branch)_Carreiro, Paula_Short-Form.pdf",signer_name,1.0,1.0,0.8980607,0.8756472,0.9582295522334793,0.985555359470261
stage4-qwen9b,"20170426_Department of Culture Tourism - Abu Dhabi (New York Branch)_Carreiro, Paula_Short-Form.pdf",signer_title,1.0,1.0,0.8701378,0.9564533,0.9576172795037092,0.9565744540046568
stage4-qwen9b,"20131203_Commonwealth of Dominica Maritime Registry, Inc._Xiaodong, Hu_Short-Form.pdf",registration_num,1.0,1.0,0.9510312,0.9883989,0.973855142476573,0.9758958263129667
stage4-qwen9b,"20131203_Commonwealth of Dominica Maritime Registry, Inc._Xiaodong, Hu_Short-Form.pdf",registrant_name,1.0,1.0,0.9077219,0.9505531,0.9523367732051875,0.9641526592816291
stage4-qwen9b,"20131203_Commonwealth of Dominica Maritime Registry, Inc._Xiaodong, Hu_Short-Form.pdf",foreign_principle_name,1.0,1.0,0.20512505,0.23397115,0.7842416013401227,0.6208247710929258
stage4-qwen9b,"20131203_Commonwealth of Dominica Maritime Registry, Inc._Xiaodong, Hu_Short-Form.pdf",file_date,1.0,1.0,0.9019696,0.897679,0.4606223073277591,0.8871134515790691
stage4-qwen9b,"20131203_Commonwealth of Dominica Maritime Registry, Inc._Xiaodong, Hu_Short-Form.pdf",signer_name,1.0,1.0,0.46730065,0.4219163,0.8471155142745563,0.6585249290258826
stage4-qwen9b,"20131203_Commonwealth of Dominica Maritime Registry, Inc._Xiaodong, Hu_Short-Form.pdf",signer_title,1.0,1.0,0.87343043,0.95735633,0.9474236420811407,0.9371168218405282
stage4-qwen9b,"20121129_Commonwealth of Dominica Maritime Registry, Inc._Glover, Robert C._Short-Form.pdf",registration_num,1.0,1.0,0.95153666,0.99220455,0.976414432831923,0.9822598838444629
stage4-qwen9b,"20121129_Commonwealth of Dominica Maritime Registry, Inc._Glover, Robert C._Short-Form.pdf",registrant_name,1.0,1.0,0.86118567,0.9222373,0.8885647372024964,0.9111855578730308
stage4-qwen9b,"20121129_Commonwealth of Dominica Maritime Registry, Inc._Glover, Robert C._Short-Form.pdf",foreign_principle_name,1.0,1.0,0.20407593,0.23118612,0.4454860397660745,0.3937864260518559
stage4-qwen9b,"20121129_Commonwealth of Dominica Maritime Registry, Inc._Glover, Robert C._Short-Form.pdf",file_date,1.0,1.0,0.9378584,0.96934015,0.6910074833726495,0.9379307519889752
stage4-qwen9b,"20121129_Commonwealth of Dominica Maritime Registry, Inc._Glover, Robert C._Short-Form.pdf",signer_name,1.0,1.0,0.5626931,0.5942262,0.8272361032436046,0.6548520441116252
stage4-qwen9b,"20121129_Commonwealth of Dominica Maritime Registry, Inc._Glover, Robert C._Short-Form.pdf",signer_title,1.0,1.0,0.86807835,0.9565938,0.9524439344366024,0.9483274420767516
stage4-qwen9b,"20170522_Nelson Mullins Riley _ Scarborough, LLP_Cox, Christy_Short-Form.pdf",registration_num,1.0,1.0,0.9405333,0.98478687,0.973855142476573,0.9782421719869232
stage4-qwen9b,"20170522_Nelson Mullins Riley _ Scarborough, LLP_Cox, Christy_Short-Form.pdf",registrant_name,1.0,1.0,0.8754913,0.88364255,0.7368947311922707,0.7137705084315622
stage4-qwen9b,"20170522_Nelson Mullins Riley _ Scarborough, LLP_Cox, Christy_Short-Form.pdf",foreign_principle_name,0.0,0.0,0.22868419,0.23811236,0.24863217583525246,0.3420222643501685
stage4-qwen9b,"20170522_Nelson Mullins Riley _ Scarborough, LLP_Cox, Christy_Short-Form.pdf",file_date,0.0,0.0,0.3022771,0.21243457,0.5464671204251674,0.6156097593917544
stage4-qwen9b,"20170522_Nelson Mullins Riley _ Scarborough, LLP_Cox, Christy_Short-Form.pdf",signer_name,0.0,0.0,0.12961924,0.070948526,0.37436083182198915,0.10234444664204796
stage4-qwen9b,"20170522_Nelson Mullins Riley _ Scarborough, LLP_Cox, Christy_Short-Form.pdf",signer_title,1.0,1.0,0.7667964,0.85258484,0.904921954455299,0.6830596610261267
stage4-qwen9b,"20160622_Raben Group, LLC_Soto, Eduardo_Short-Form.pdf",registration_num,1.0,1.0,0.94408053,0.98905146,0.973855142476573,0.9782421719869232
stage4-qwen9b,"20160622_Raben Group, LLC_Soto, Eduardo_Short-Form.pdf",registrant_name,1.0,1.0,0.9194131,0.9517652,0.9443903395026133,0.7230426573586655
stage4-qwen9b,"20160622_Raben Group, LLC_Soto, Eduardo_Short-Form.pdf",foreign_principle_name,1.0,1.0,0.18298963,0.20872393,0.8002188315477117,0.5102729796200306
stage4-qwen9b,"20160622_Raben Group, LLC_Soto, Eduardo_Short-Form.pdf",file_date,1.0,1.0,0.9396645,0.9820307,0.806440280017192,0.9569957923882805
stage4-qwen9b,"20160622_Raben Group, LLC_Soto, Eduardo_Short-Form.pdf",signer_name,1.0,1.0,0.9133282,0.9500865,0.9437144883029355,0.9915140213237392
stage4-qwen9b,"20160622_Raben Group, LLC_Soto, Eduardo_Short-Form.pdf",signer_title,1.0,1.0,0.8687738,0.95629966,0.9546726316157623,0.9668764951980974
stage4-qwen9b,"20161031_MSLGROUP Americas, Inc._Phillips, Bruceanne_Short-Form.pdf",registration_num,1.0,1.0,0.9399702,0.9880735,0.976414432831923,0.9822598838444629
stage4-qwen9b,"20161031_MSLGROUP Americas, Inc._Phillips, Bruceanne_Short-Form.pdf",registrant_name,1.0,1.0,0.8556921,0.90096885,0.5324743311149313,0.864968850349521
stage4-qwen9b,"20161031_MSLGROUP Americas, Inc._Phillips, Bruceanne_Short-Form.pdf",foreign_principle_name,1.0,1.0,0.24578114,0.26562726,0.876785934312251,0.8344464111835546
stage4-qwen9b,"20161031_MSLGROUP Americas, Inc._Phillips, Bruceanne_Short-Form.pdf",file_date,0.0,1.0,0.9444175,0.9852449,0.7533648050116597,0.9768104867169465
stage4-qwen9b,"20161031_MSLGROUP Americas, Inc._Phillips, Bruceanne_Short-Form.pdf",signer_name,0.0,0.0,0.19322646,0.1913799,0.8232662722960442,0.3297504739982008
stage4-qwen9b,"20161031_MSLGROUP Americas, Inc._Phillips, Bruceanne_Short-Form.pdf",signer_title,1.0,1.0,0.86802024,0.95787686,0.9668052982824198,0.9729348805887622
stage4-qwen9b,"20090507_Ketchum Inc. NY_Reynolds, John Alan_Short-Form.pdf",registration_num,1.0,1.0,0.92579967,0.97956574,0.973855142476573,0.9775942887602268
stage4-qwen9b,"20090507_Ketchum Inc. NY_Reynolds, John Alan_Short-Form.pdf",registrant_name,1.0,1.0,0.8837101,0.9088718,0.6720577429028496,0.7091455160901146
stage4-qwen9b,"20090507_Ketchum Inc. NY_Reynolds, John Alan_Short-Form.pdf",foreign_principle_name,1.0,1.0,0.4588662,0.43048412,0.5685115920850915,0.4601710261103321
stage4-qwen9b,"20090507_Ketchum Inc. NY_Reynolds, John Alan_Short-Form.pdf",file_date,0.0,0.0,0.10905212,0.076297104,0.2856569660506068,0.4541343597417857
stage4-qwen9b,"20090507_Ketchum Inc. NY_Reynolds, John Alan_Short-Form.pdf",signer_name,0.0,0.0,0.20630136,0.1587858,0.5626763977176746,0.09620182500278349
stage4-qwen9b,"20090507_Ketchum Inc. NY_Reynolds, John Alan_Short-Form.pdf",signer_title,1.0,1.0,0.8586811,0.9379805,0.9505109207715255,0.8977990803580062
stage4-qwen9b,"20160516_Hogan Lovells US LLP_Stanton, John S._Short-Form.pdf",registration_num,1.0,1.0,0.94195366,0.9889849,0.9632623166892581,0.994376146572728
stage4-qwen9b,"20160516_Hogan Lovells US LLP_Stanton, John S._Short-Form.pdf",registrant_name,1.0,1.0,0.7999318,0.8570199,0.724287032039216,0.6386637728681952
stage4-qwen9b,"20160516_Hogan Lovells US LLP_Stanton, John S._Short-Form.pdf",foreign_principle_name,0.0,1.0,0.060920347,0.058253624,0.02722851258927956,0.18607701976521118
stage4-qwen9b,"20160516_Hogan Lovells US LLP_Stanton, John S._Short-Form.pdf",file_date,1.0,1.0,0.9341181,0.97809184,0.7978162324588142,0.9569957923882805
stage4-qwen9b,"20160516_Hogan Lovells US LLP_Stanton, John S._Short-Form.pdf",signer_name,1.0,1.0,0.90203017,0.8932309,0.8790363543929404,0.9782646625158037
stage4-qwen9b,"20160516_Hogan Lovells US LLP_Stanton, John S._Short-Form.pdf",signer_title,1.0,1.0,0.84617627,0.9332865,0.9550726065722361,0.8901628434707238
stage4-qwen9b,"20100825_JETRO, New York_Sato, Tomoya_Short-Form.pdf",registration_num,1.0,1.0,0.93225205,0.9853218,0.973855142476573,0.9587145740678162
stage4-qwen9b,"20100825_JETRO, New York_Sato, Tomoya_Short-Form.pdf",registrant_name,1.0,1.0,0.7977533,0.9115238,0.8117717203881201,0.9382914065509828
stage4-qwen9b,"20100825_JETRO, New York_Sato, Tomoya_Short-Form.pdf",foreign_principle_name,0.0,0.0,0.291871,0.3497517,0.3311468300834284,0.6764316616897398
stage4-qwen9b,"20100825_JETRO, New York_Sato, Tomoya_Short-Form.pdf",file_date,1.0,1.0,0.94436806,0.98364735,0.7300050503633196,0.9660062786786678
stage4-qwen9b,"20100825_JETRO, New York_Sato, Tomoya_Short-Form.pdf",signer_name,1.0,1.0,0.4692673,0.4505156,0.8471155142745563,0.6585249290258826
stage4-qwen9b,"20100825_JETRO, New York_Sato, Tomoya_Short-Form.pdf",signer_title,1.0,1.0,0.88166916,0.9613985,0.9474236420811407,0.9371168218405282
stage4-qwen9b,"20080630_Hill and Knowlton Strategies, LLC_Gunst, Jennifer_Short-Form.pdf",registration_num,1.0,1.0,0.93856966,0.98582476,0.9650333771884635,0.9651275905099862
stage4-qwen9b,"20080630_Hill and Knowlton Strategies, LLC_Gunst, Jennifer_Short-Form.pdf",registrant_name,0.0,0.0,0.46339473,0.3903164,0.7135943520378446,0.07748445078421433
stage4-qwen9b,"20080630_Hill and Knowlton Strategies, LLC_Gunst, Jennifer_Short-Form.pdf",foreign_principle_name,0.0,0.0,0.34042382,0.358522,0.6200998710681098,0.6779323782355571
stage4-qwen9b,"20080630_Hill and Knowlton Strategies, LLC_Gunst, Jennifer_Short-Form.pdf",file_date,0.0,0.0,0.33278626,0.28635615,0.5251095981165523,0.22883646407461056
stage4-qwen9b,"20080630_Hill and Knowlton Strategies, LLC_Gunst, Jennifer_Short-Form.pdf",signer_name,0.0,0.0,0.16073659,0.09413008,0.584949004622383,0.08744465137358301
stage4-qwen9b,"20080630_Hill and Knowlton Strategies, LLC_Gunst, Jennifer_Short-Form.pdf",signer_title,1.0,1.0,0.8809308,0.9547904,0.9546726316157623,0.9668764951980974
stage4-qwen9b,"20100519_Akin, Gump, Strauss, Hauer _ Feld, LLP_Lapp, Alixandria_Short-Form.pdf",registration_num,1.0,1.0,0.92745227,0.97587556,0.9724352996084745,0.9751798485935882
stage4-qwen9b,"20100519_Akin, Gump, Strauss, Hauer _ Feld, LLP_Lapp, Alixandria_Short-Form.pdf",registrant_name,0.0,0.0,0.6892899,0.73632,0.7381082258233239,0.19277880600927857
stage4-qwen9b,"20100519_Akin, Gump, Strauss, Hauer _ Feld, LLP_Lapp, Alixandria_Short-Form.pdf",foreign_principle_name,1.0,1.0,0.33140442,0.3706888,0.8333670099920881,0.6913347509664518
stage4-qwen9b,"20100519_Akin, Gump, Strauss, Hauer _ Feld, LLP_Lapp, Alixandria_Short-Form.pdf",file_date,1.0,1.0,0.9476142,0.9737812,0.7574843201375082,0.9703475733406641
stage4-qwen9b,"20100519_Akin, Gump, Strauss, Hauer _ Feld, LLP_Lapp, Alixandria_Short-Form.pdf",signer_name,0.0,0.0,0.15913926,0.10949282,0.6947352264899609,0.34809715498897803
stage4-qwen9b,"20100519_Akin, Gump, Strauss, Hauer _ Feld, LLP_Lapp, Alixandria_Short-Form.pdf",signer_title,1.0,1.0,0.8752122,0.9477722,0.944567438444161,0.906193985347536
stage4-qwen9b,"20121119_Commonwealth of Dominica Maritime Registry, Inc._Radchenko, Alexander B._Short-Form.pdf",registration_num,1.0,1.0,0.9426502,0.9829842,0.973855142476573,0.9782421719869232
stage4-qwen9b,"20121119_Commonwealth of Dominica Maritime Registry, Inc._Radchenko, Alexander B._Short-Form.pdf",registrant_name,0.0,1.0,0.89531726,0.94175833,0.9702355172455533,0.969964990209253
stage4-qwen9b,"20121119_Commonwealth of Dominica Maritime Registry, Inc._Radchenko, Alexander B._Short-Form.pdf",foreign_principle_name,1.0,1.0,0.20334533,0.23098528,0.8689225474846958,0.8003488654558562
stage4-qwen9b,"20121119_Commonwealth of Dominica Maritime Registry, Inc._Radchenko, Alexander B._Short-Form.pdf",file_date,1.0,1.0,0.9282069,0.9640416,0.7664889080741308,0.965979846024918
stage4-qwen9b,"20121119_Commonwealth of Dominica Maritime Registry, Inc._Radchenko, Alexander B._Short-Form.pdf",signer_name,0.0,0.0,0.06410549,0.056155752,0.06621623297476924,0.04284729058453258
stage4-qwen9b,"20121119_Commonwealth of Dominica Maritime Registry, Inc._Radchenko, Alexander B._Short-Form.pdf",signer_title,1.0,1.0,0.8692196,0.95646906,0.9546726316157623,0.9668764951980974
stage4-qwen9b,"20160421_Arnold, Jim_Arnold, Jim_Short-Form.pdf",registration_num,1.0,1.0,0.9556425,0.9873706,0.9743670932199213,0.7078789539551295
stage4-qwen9b,"20160421_Arnold, Jim_Arnold, Jim_Short-Form.pdf",registrant_name,1.0,1.0,0.8842205,0.91124165,0.9427731281781065,0.9648636295824052
stage4-qwen9b,"20160421_Arnold, Jim_Arnold, Jim_Short-Form.pdf",foreign_principle_name,1.0,1.0,0.14543961,0.15050347,0.010391584991574027,0.26855102291905997
stage4-qwen9b,"20160421_Arnold, Jim_Arnold, Jim_Short-Form.pdf",file_date,1.0,1.0,0.54415905,0.42270035,0.7986616834341292,0.5808236965024569
stage4-qwen9b,"20160421_Arnold, Jim_Arnold, Jim_Short-Form.pdf",signer_name,0.0,0.0,0.18836248,0.107646026,0.6415490304149838,0.37806362321503784
stage4-qwen9b,"20160421_Arnold, Jim_Arnold, Jim_Short-Form.pdf",signer_title,1.0,1.0,0.88934946,0.9586159,0.9436809243750598,0.9122823730869747
stage4-qwen9b,"20170729_StrateVarious LLC_Portale, Elizabeth M._Short-Form.pdf",registration_num,1.0,1.0,0.9354234,0.9730915,0.9650333771884635,0.7119727834267755
stage4-qwen9b,"20170729_StrateVarious LLC_Portale, Elizabeth M._Short-Form.pdf",registrant_name,0.0,1.0,0.9212038,0.95657027,0.9530070857729837,0.8291079310490289
stage4-qwen9b,"20170729_StrateVarious LLC_Portale, Elizabeth M._Short-Form.pdf",foreign_principle_name,1.0,1.0,0.18926802,0.20888388,0.03205302482520719,0.22562543555233192
stage4-qwen9b,"20170729_StrateVarious LLC_Portale, Elizabeth M._Short-Form.pdf",file_date,1.0,1.0,0.9008643,0.8920399,0.5734962553251041,0.9517627929846613
stage4-qwen9b,"20170729_StrateVarious LLC_Portale, Elizabeth M._Short-Form.pdf",signer_name,0.0,1.0,0.92348444,0.9180137,0.9688969423745412,0.9847957702538956
stage4-qwen9b,"20170729_StrateVarious LLC_Portale, Elizabeth M._Short-Form.pdf",signer_title,1.0,1.0,0.87325066,0.95722914,0.9576172795037092,0.9565744540046568
stage4-qwen9b,"20180503_VisitBritain_Nemeth, Erin_Short-Form.pdf",registration_num,1.0,1.0,0.94157887,0.98510855,0.9827272714103775,0.9813270053171284
stage4-qwen9b,"20180503_VisitBritain_Nemeth, Erin_Short-Form.pdf",registrant_name,1.0,1.0,0.8647642,0.8837756,0.9789590768004068,0.992720930680454
stage4-qwen9b,"20180503_VisitBritain_Nemeth, Erin_Short-Form.pdf",foreign_principle_name,1.0,1.0,0.30370608,0.36457995,0.32635241648288504,0.2197338367680853
stage4-qwen9b,"20180503_VisitBritain_Nemeth, Erin_Short-Form.pdf",file_date,1.0,1.0,0.9410842,0.9855734,0.7945482597553076,0.972479315724002
stage4-qwen9b,"20180503_VisitBritain_Nemeth, Erin_Short-Form.pdf",signer_name,0.0,0.0,0.15339023,0.084909104,0.5111859540435995,0.15251571315725615
stage4-qwen9b,"20180503_VisitBritain_Nemeth, Erin_Short-Form.pdf",signer_title,1.0,1.0,0.86485445,0.9548969,0.9663155397787925,0.9542472346390217
