baseline,horizon_frames,schedule_id,M0,M1,M2,M3,M4,macro_M0-M4,n_observed,_k,fallback_rate
chained_lap,33,ends,0.5576003295022679,0.5767824457050302,0.5260249981539887,0.5371587599370892,0.5787363496070631,0.5552605765810877,2,"(1, 0, 0)",0.0
chained_lap,33,r17_0,0.8108230848431471,0.8431038513536372,0.8000552010499425,0.8265324734910078,0.8239496955578005,0.820892861259107,17,"(2, 17, 1)",0.0
chained_lap,33,r17_1,0.8156018213964279,0.8327136040463398,0.8085931043797956,0.8312782788983194,0.8317413897944503,0.8239856397030666,17,"(2, 17, 2)",0.0
chained_lap,33,r17_2,0.8087654661030407,0.8267976352951333,0.8192508266698155,0.836994908513837,0.8288146839185844,0.8241247041000822,17,"(2, 17, 3)",0.0
chained_lap,33,r17_3,0.8270843382594656,0.8399661716131204,0.8045953588746141,0.8270311974512902,0.8216501104239073,0.8240654353244796,17,"(2, 17, 4)",0.0
chained_lap,33,r17_4,0.8314110626992788,0.8223604340319142,0.812287265886512,0.8276579157953737,0.8273758301295074,0.8242185017085172,17,"(2, 17, 5)",0.0
chained_lap,33,r3_0,0.5905827159381272,0.6055148692724821,0.5727926129040296,0.5927321811118383,0.6185523508887689,0.5960349460230492,3,"(2, 3, 1)",0.0
chained_lap,33,r3_1,0.5831471896530156,0.6157632902149347,0.574290264282744,0.5892033106750507,0.6134678040740545,0.59517437177996,3,"(2, 3, 2)",0.0
chained_lap,33,r3_2,0.5935678700546972,0.6151978853148476,0.5757197177580036,0.569743280665595,0.6173008927176634,0.5943059293021614,3,"(2, 3, 3)",0.0
chained_lap,33,r3_3,0.585952798300814,0.6098376268915212,0.5765070177303016,0.5848074703994716,0.6244211312335309,0.5963052089111278,3,"(2, 3, 4)",0.0
chained_lap,33,r3_4,0.5796514269806604,0.59876238570303,0.5599213041875242,0.5861385337252044,0.6084664082262566,0.5865880117645352,3,"(2, 3, 5)",0.0
chained_lap,33,r5_0,0.6573195544880722,0.6668845915906912,0.6408850696424412,0.6508428710823583,0.652224404967846,0.6536312983542818,5,"(2, 5, 1)",0.0
chained_lap,33,r5_1,0.6658121094928793,0.6615931533590674,0.634447706972471,0.6399360642790037,0.6749753281725851,0.6553528724552014,5,"(2, 5, 2)",0.0
chained_lap,33,r5_2,0.6335144383961646,0.6816344635139913,0.6451902687445905,0.6600592857359086,0.6722373255080797,0.6585271563797469,5,"(2, 5, 3)",0.0
chained_lap,33,r5_3,0.6558835735309964,0.6734977880823984,0.6333983650493968,0.6512281301419216,0.6805762391515288,0.6589168191912484,5,"(2, 5, 4)",0.0
chained_lap,33,r5_4,0.6517912291337238,0.6693612125460395,0.6319462090661133,0.6503550519510803,0.6915879874706704,0.6590083380335254,5,"(2, 5, 5)",0.0
chained_lap,33,r9_0,0.7355178589797324,0.7539859928466143,0.7081837705854697,0.7288359614480421,0.7592245573074419,0.7371496282334601,9,"(2, 9, 1)",0.0
chained_lap,33,r9_1,0.7443583644006737,0.7528246167241848,0.7191731625918253,0.75269866214724,0.7669811216712911,0.747207185507043,9,"(2, 9, 2)",0.0
chained_lap,33,r9_2,0.7442992726539238,0.7555786948822016,0.7125145410143685,0.7572638745250722,0.7305324995839153,0.7400377765318964,9,"(2, 9, 3)",0.0
chained_lap,33,r9_3,0.7362828531253701,0.7537877832056472,0.7053401503302097,0.7392289431402124,0.756167130056987,0.7381613719716853,9,"(2, 9, 4)",0.0
chained_lap,33,r9_4,0.7278720574246408,0.7407546518817847,0.7303622017552701,0.7428446847058625,0.7481907738608434,0.7380048739256804,9,"(2, 9, 5)",0.0
chained_lap,33,s1,0.8885916317190997,0.899118444597358,0.8877655399863243,0.893176324186147,0.8939258121464831,0.8925155505270824,34,"(0, 1, 0)",0.0
chained_lap,33,s16,0.618627128579384,0.6316414386377004,0.6043476884561675,0.6217050922588597,0.6342156559364683,0.622107400773716,4,"(0, 16, 0)",0.0
chained_lap,33,s2,0.8647645058998945,0.8724368413093044,0.8529381943921114,0.8667827699768097,0.8728610832029595,0.865956678956216,18,"(0, 2, 0)",0.0
chained_lap,33,s32,0.5612295511824965,0.5823009079188488,0.5327703382376768,0.553397051651082,0.5857248734708348,0.5630845444921878,3,"(0, 32, 0)",0.0
chained_lap,33,s4,0.8071799642847199,0.8198438316628147,0.7988182109150024,0.8161228707143573,0.812913202265656,0.81097561596851,10,"(0, 4, 0)",0.0
chained_lap,33,s8,0.7212409504159474,0.737804191972648,0.7067710607879332,0.7239936431369827,0.7345559227202204,0.7248731538067463,6,"(0, 8, 0)",0.0
chained_lap,33,u17,0.8567507205778765,0.8692949871489924,0.8502090178536349,0.8625965354558375,0.8702152324267877,0.8618132986926257,17,"(2, 17, 0)",0.0
chained_lap,33,u3,0.600672403363596,0.6269176115120859,0.591893556234358,0.6141864805532943,0.6225306838087888,0.6112401470944245,3,"(2, 3, 0)",0.0
chained_lap,33,u5,0.7162459343328318,0.7291073418539746,0.701113348587766,0.7195920587817707,0.7296510436140227,0.7191419454340731,5,"(2, 5, 0)",0.0
chained_lap,33,u9,0.7984227717547604,0.8173971960254687,0.7924691599585685,0.8064928453143752,0.8063828147816587,0.8042329575669662,9,"(2, 9, 0)",0.0
chained_lap,66,ends,0.49263982082369545,0.5146783332988184,0.4774401766118571,0.4936477336168695,0.5222187934960868,0.5001249715694654,2,"(1, 0, 0)",0.0
chained_lap,66,r17_0,0.6347067667305322,0.6408563605504972,0.6239400400965356,0.631988797903197,0.6469710919361956,0.6356926114433915,17,"(2, 17, 1)",0.0
chained_lap,66,r17_1,0.6181667874898165,0.6488300366451888,0.613617391529423,0.6275301284014467,0.6318194588528452,0.6279927605837441,17,"(2, 17, 2)",0.0
chained_lap,66,r17_2,0.6338392994169543,0.657022949257637,0.6341603041946784,0.6249057603271007,0.6422369493668193,0.638433052512638,17,"(2, 17, 3)",0.0
chained_lap,66,r17_3,0.6337224944733806,0.6359008816298399,0.6169328790199575,0.6351518565916396,0.6577284715943263,0.6358873166618288,17,"(2, 17, 4)",0.0
chained_lap,66,r17_4,0.6295880575767091,0.6542187872962754,0.6307900223811577,0.6419319499680265,0.6401938523833514,0.639344533921104,17,"(2, 17, 5)",0.0
chained_lap,66,r3_0,0.42698892579712083,0.4972490880483035,0.45419864243807306,0.45949310515444053,0.4961233835881079,0.46681062900520914,3,"(2, 3, 1)",0.0
chained_lap,66,r3_1,0.45277535395682633,0.506349602306068,0.4620468224070285,0.45080478321934264,0.4817734231233816,0.4707499970025294,3,"(2, 3, 2)",0.0
chained_lap,66,r3_2,0.45251554287243223,0.48819549659192335,0.4426874294132797,0.4563627330477937,0.49575814858252154,0.46710387010159005,3,"(2, 3, 3)",0.0
chained_lap,66,r3_3,0.44536712270366774,0.4881566329265968,0.4619109446109936,0.4664825509436142,0.4944731612668739,0.47127808249034925,3,"(2, 3, 4)",0.0
chained_lap,66,r3_4,0.47792124156271665,0.4972860544356104,0.47013943714076634,0.4668725128737191,0.5092550372663278,0.4842948566558281,3,"(2, 3, 5)",0.0
chained_lap,66,r5_0,0.4683299519819969,0.505125994081318,0.464668899022879,0.4818260272345953,0.5087548063489821,0.4857411357339543,5,"(2, 5, 1)",0.0
chained_lap,66,r5_1,0.46643279638259627,0.5105890338370654,0.4730050942974164,0.47061870219654567,0.4878126552316729,0.4816916563890593,5,"(2, 5, 2)",0.0
chained_lap,66,r5_2,0.4723836700340601,0.5125225608816288,0.4761288750427221,0.44599429204616653,0.5017688566783858,0.48175965093659273,5,"(2, 5, 3)",0.0
chained_lap,66,r5_3,0.47301471257778993,0.4981923201987376,0.4758220374863205,0.4720872818548295,0.5138353820280028,0.48659034682913604,5,"(2, 5, 4)",0.0
chained_lap,66,r5_4,0.4588176366486116,0.500057812833321,0.47675010987766764,0.4610901753571019,0.5057543614874974,0.4804940192408399,5,"(2, 5, 5)",0.0
chained_lap,66,r9_0,0.5411882546480155,0.5537094876485864,0.5369736973959335,0.508888521446898,0.5680279242962833,0.5417575770871433,9,"(2, 9, 1)",0.0
chained_lap,66,r9_1,0.5140277209756081,0.5754317754727891,0.5349165811211978,0.5258848666236197,0.5745760269920549,0.5449673942370539,9,"(2, 9, 2)",0.0
chained_lap,66,r9_2,0.5430653692971864,0.5485112735777732,0.5412989539806339,0.535907955186938,0.5630663613278948,0.5463699826740853,9,"(2, 9, 3)",0.0
chained_lap,66,r9_3,0.5230580664841025,0.5574889751293141,0.5241095083502755,0.5310097349743002,0.5627577577387434,0.5396848085353471,9,"(2, 9, 4)",0.0
chained_lap,66,r9_4,0.5287800504520299,0.5567224352877174,0.5364002468681319,0.5287529434504432,0.5491705640310639,0.5399652480178773,9,"(2, 9, 5)",0.0
chained_lap,66,s1,0.8120010771242506,0.8288510348624358,0.8211404666587412,0.8222554037113068,0.8213142728032681,0.8211124510320005,67,"(0, 1, 0)",0.0
chained_lap,66,s16,0.5061505249066913,0.5338353716088232,0.5132386320666803,0.5110443347984591,0.532974918346682,0.5194487563454672,6,"(0, 16, 0)",0.0
chained_lap,66,s2,0.7830164138246026,0.7974112042952013,0.777771257616559,0.7860864788773481,0.7907340430410099,0.7870038795309442,34,"(0, 2, 0)",0.0
chained_lap,66,s32,0.4407582126303749,0.47095219877401845,0.43910771098767676,0.4250100396343819,0.4792784193089048,0.45102131626707137,4,"(0, 32, 0)",0.0
chained_lap,66,s4,0.7145514287480743,0.7323078068524806,0.7138247660955839,0.7285896441429105,0.7235148906291808,0.7225577072936461,18,"(0, 4, 0)",0.0
chained_lap,66,s64,0.5047348752598189,0.5101364621562181,0.4763216769271809,0.4896400216600524,0.5269012576893631,0.5015468587385267,3,"(0, 64, 0)",0.0
chained_lap,66,s8,0.6185402470614974,0.6420682068536183,0.609419391899566,0.6166878218748759,0.6430538142116788,0.6259538963802473,10,"(0, 8, 0)",0.0
chained_lap,66,u17,0.7043512486736954,0.7295663943941588,0.7091785465078424,0.7164335079218975,0.7137051270706273,0.7146469649136443,17,"(2, 17, 0)",0.0
chained_lap,66,u3,0.44201881300337376,0.46616736318952623,0.422630853977027,0.42344250782738635,0.4717294099664389,0.4451977895927504,3,"(2, 3, 0)",0.0
chained_lap,66,u5,0.48575101252353675,0.5252614086066835,0.49505094254434645,0.5089609154124952,0.515289460600871,0.5060627479375865,5,"(2, 5, 0)",0.0
chained_lap,66,u9,0.6161938702056239,0.6330163158565295,0.6076875678287067,0.6126224763909026,0.6324369319593516,0.6203914324482229,9,"(2, 9, 0)",0.0
chained_lap,132,ends,0.23994432339570615,0.2739865739755651,0.2695508921860372,0.250445014428293,0.2717493726780489,0.2611352353327301,2,"(1, 0, 0)",0.9176470588235294
chained_lap,132,r17_0,0.4158516442299048,0.45589838461724136,0.4298042259848504,0.3980787371443163,0.4585987343533544,0.4316463452659335,17,"(2, 17, 1)",0.0
chained_lap,132,r17_1,0.3971561670764343,0.4408104825165328,0.4302312470994658,0.4223115077033115,0.4409049420277128,0.4262828692846915,17,"(2, 17, 2)",0.0
chained_lap,132,r17_2,0.4061657575527831,0.4470087200050031,0.4309280206381966,0.41485648600287267,0.44492786232388154,0.4287773693045474,17,"(2, 17, 3)",0.0
chained_lap,132,r17_3,0.4285911962542024,0.43939857399705323,0.4346819868200648,0.41424744912134553,0.44294116482692975,0.43197207420391914,17,"(2, 17, 4)",0.0
chained_lap,132,r17_4,0.4070693466841788,0.454512245722838,0.426917987471407,0.40491045727948766,0.4325611736878687,0.425194242169156,17,"(2, 17, 5)",0.0
chained_lap,132,r3_0,0.27054113096701043,0.2949975772681856,0.30754846731165947,0.296812175965583,0.3101411641781063,0.29600810313810894,3,"(2, 3, 1)",0.3411764705882353
chained_lap,132,r3_1,0.2596181346115892,0.2983939518347357,0.2959110117323982,0.3059474088225191,0.33666506594896767,0.299307114590042,3,"(2, 3, 2)",0.3588235294117647
chained_lap,132,r3_2,0.2617074512850199,0.31666570327847865,0.3016166129490223,0.2876740395065575,0.2901133546579873,0.29155543233541314,3,"(2, 3, 3)",0.37058823529411766
chained_lap,132,r3_3,0.25404007038919185,0.31910024777247736,0.3108086635892366,0.27478930677256963,0.3209970063272609,0.2959470589701473,3,"(2, 3, 4)",0.34705882352941175
chained_lap,132,r3_4,0.2703241530978883,0.28918724147353064,0.30855464757145057,0.3171400067066102,0.30323133223602367,0.2976874762171007,3,"(2, 3, 5)",0.36470588235294116
chained_lap,132,r5_0,0.3107948348641969,0.37808268275753565,0.35756765383810957,0.32302340858184914,0.3453767025757242,0.3429690565234831,5,"(2, 5, 1)",0.05588235294117647
chained_lap,132,r5_1,0.3197642957008754,0.35372026829070763,0.34394235576232185,0.3326383709749823,0.3872031290811301,0.34745368396200343,5,"(2, 5, 2)",0.052941176470588235
chained_lap,132,r5_2,0.3397184360807376,0.3701049753641819,0.3325481747308352,0.34438701973975844,0.34061338248100603,0.3454743976793039,5,"(2, 5, 3)",0.047058823529411764
chained_lap,132,r5_3,0.2853534455463341,0.36516336677383754,0.3301209514302991,0.31791389091786776,0.3525692842725386,0.3302241877881754,5,"(2, 5, 4)",0.09117647058823529
chained_lap,132,r5_4,0.33961057476307244,0.3709720392560172,0.3388405712668397,0.3231425922867584,0.35570252855135887,0.3456536612248093,5,"(2, 5, 5)",0.058823529411764705
chained_lap,132,r9_0,0.3507299050647182,0.4041581037111675,0.3771150376759372,0.3523061078834771,0.40198881940246545,0.3772595947475531,9,"(2, 9, 1)",0.0014705882352941176
chained_lap,132,r9_1,0.36788564248010264,0.4114993790834499,0.36684666682989686,0.33550834002489777,0.3844338464045049,0.3732347749645704,9,"(2, 9, 2)",0.0014705882352941176
chained_lap,132,r9_2,0.3589312899316803,0.41725020808743696,0.37068991448775934,0.3527431617552587,0.3914316519741265,0.3782092452472524,9,"(2, 9, 3)",0.0014705882352941176
chained_lap,132,r9_3,0.3658410046088334,0.38631931473591247,0.379762701095464,0.35106681309068477,0.39584632729210445,0.37576723216459984,9,"(2, 9, 4)",0.0014705882352941176
chained_lap,132,r9_4,0.3392334214173023,0.41542981138731655,0.38888204020897577,0.36345896084693496,0.39925580311787984,0.3812520073956819,9,"(2, 9, 5)",0.0029411764705882353
chained_lap,132,s1,0.7043809606094406,0.7188130476739885,0.7242461505023249,0.7071547700421363,0.7128105244009626,0.7134810906457705,133,"(0, 1, 0)",0.0
chained_lap,132,s128,0.2478207079139046,0.271856874471389,0.27226135834064874,0.2605950779493963,0.27080636089873844,0.2646680759148154,3,"(0, 128, 0)",0.45294117647058824
chained_lap,132,s16,0.3956475688014863,0.4297041733217699,0.4197891467388572,0.3940144821279697,0.4171932295650593,0.41126972011102847,10,"(0, 16, 0)",0.0
chained_lap,132,s2,0.6747867128485724,0.6830539407261265,0.6750030519422825,0.6741421186485157,0.6773357545867523,0.6768643157504499,67,"(0, 2, 0)",0.0
chained_lap,132,s32,0.33579249165382236,0.3727234260236031,0.35068288586941376,0.3095372324840535,0.3812556708960413,0.34999834138538677,6,"(0, 32, 0)",0.0
chained_lap,132,s4,0.5955230652452729,0.6124268951511896,0.6026267998078974,0.5982791000745623,0.612551958505291,0.6042815637568426,34,"(0, 4, 0)",0.0
chained_lap,132,s64,0.38346645725284684,0.37982225785476775,0.362487972785983,0.35900833386576286,0.4067504718811017,0.37830709872809243,4,"(0, 64, 0)",0.0
chained_lap,132,s8,0.5025597464518894,0.5182526576289107,0.5064936605860014,0.4871866364096666,0.5279830725507771,0.508495154725449,18,"(0, 8, 0)",0.0
chained_lap,132,u17,0.4940575925489409,0.5224822938400984,0.5032161551995765,0.4789687786665992,0.5145420464812529,0.5026533733472937,17,"(2, 17, 0)",0.0
chained_lap,132,u3,0.3676613122739176,0.3814721718435081,0.36583922907795585,0.36925793860084355,0.40437773794207243,0.37772167794765954,3,"(2, 3, 0)",0.0
chained_lap,132,u5,0.3319081290630729,0.36519484923919315,0.3318186538823551,0.31612158779076516,0.37408775647245857,0.343826195289569,5,"(2, 5, 0)",0.0
chained_lap,132,u9,0.36950023549071603,0.4192798979399008,0.4004694806534262,0.4007499591260779,0.3965024764411118,0.3973004099302465,9,"(2, 9, 0)",0.0
chained_lap_c4,33,ends,0.5218917122591941,0.5300161536263285,0.5002107648639187,0.5009704317320327,0.5355747818772917,0.5177327688717532,2,"(1, 0, 0)",0.0
chained_lap_c4,33,r17_0,0.811418290816938,0.839436738246615,0.7990844469804981,0.825825852805421,0.822551518617801,0.8196633694934545,17,"(2, 17, 1)",0.0
chained_lap_c4,33,r17_1,0.8141372030746072,0.8323697136753271,0.8064817213867354,0.829952867286147,0.8314333051827336,0.8228749621211101,17,"(2, 17, 2)",0.0
chained_lap_c4,33,r17_2,0.8071695448243975,0.8270078667840963,0.8187542039410889,0.8363823355397952,0.827985875714084,0.8234599653606924,17,"(2, 17, 3)",0.0
chained_lap_c4,33,r17_3,0.8263026327539247,0.8347819778053379,0.8036588064212783,0.8271305429829869,0.8206198752587105,0.8224987670444476,17,"(2, 17, 4)",0.0
chained_lap_c4,33,r17_4,0.830629308192906,0.8182339326124912,0.8117588496167168,0.8284291162001786,0.826493810957421,0.8231090035159427,17,"(2, 17, 5)",0.0
chained_lap_c4,33,r3_0,0.5748381395511492,0.5753051304736945,0.5630977526628922,0.575637426988661,0.5894468411139053,0.5756650581580605,3,"(2, 3, 1)",0.0
chained_lap_c4,33,r3_1,0.5688415076353749,0.5907274421641253,0.5519435429520043,0.5721368831571785,0.5880943823839774,0.574348751658532,3,"(2, 3, 2)",0.0
chained_lap_c4,33,r3_2,0.5764828502849959,0.5933379762397868,0.5600824394638365,0.5467497117373818,0.598641220839484,0.575058839713097,3,"(2, 3, 3)",0.0
chained_lap_c4,33,r3_3,0.5750353194250808,0.5907163238077762,0.5629163907397949,0.5718366956613418,0.6003326168752556,0.5801674693018499,3,"(2, 3, 4)",0.0
chained_lap_c4,33,r3_4,0.5631302133717496,0.5830237379557682,0.5426822008636351,0.5732767642801863,0.5810551795837796,0.5686336192110237,3,"(2, 3, 5)",0.0
chained_lap_c4,33,r5_0,0.6454552345435027,0.652654481498308,0.6353797371521627,0.6438616144149719,0.6374446156373526,0.6429591366492595,5,"(2, 5, 1)",0.0
chained_lap_c4,33,r5_1,0.6626634333446851,0.6488018632160226,0.6257668246316089,0.627826555808213,0.6630571576760168,0.6456231669353093,5,"(2, 5, 2)",0.0
chained_lap_c4,33,r5_2,0.6254402896671923,0.6757741949572729,0.6368543615681616,0.6506623372272957,0.664890017554101,0.6507242401948048,5,"(2, 5, 3)",0.0
chained_lap_c4,33,r5_3,0.6475454849513591,0.6659548530204995,0.6252315677879099,0.6443932163236236,0.6638564259568339,0.6493963096080452,5,"(2, 5, 4)",0.0
chained_lap_c4,33,r5_4,0.647266815456514,0.6573905947133921,0.6224004576978869,0.644967758621282,0.6788493864509517,0.6501750025880054,5,"(2, 5, 5)",0.0
chained_lap_c4,33,r9_0,0.7313311614719396,0.7523994556804097,0.7035627634435369,0.7227615262775818,0.757579928368757,0.7335269670484449,9,"(2, 9, 1)",0.0
chained_lap_c4,33,r9_1,0.7413960341706386,0.7479197811559535,0.7163745854231567,0.7528867827962917,0.756312507942599,0.742977938297728,9,"(2, 9, 2)",0.0
chained_lap_c4,33,r9_2,0.7436400345729307,0.7498524350603266,0.7125156704043684,0.7545719997032853,0.7291208802281683,0.7379402039938159,9,"(2, 9, 3)",0.0
chained_lap_c4,33,r9_3,0.7335582674292127,0.7488012223729681,0.702727252064128,0.7343225507846778,0.7519269775968462,0.7342672540495666,9,"(2, 9, 4)",0.0
chained_lap_c4,33,r9_4,0.7243259503496389,0.731968591489356,0.7291040405410171,0.7424444570551101,0.7416123651204632,0.733891080911117,9,"(2, 9, 5)",0.0
chained_lap_c4,33,s1,0.8881962950213896,0.8990500814378748,0.887447986973045,0.8933105474913299,0.8937472974382932,0.8923504416723864,34,"(0, 1, 0)",0.0
chained_lap_c4,33,s16,0.6105135053012953,0.6193321354353547,0.5971661709041635,0.6157427727245317,0.6191852342592017,0.6123879637249094,4,"(0, 16, 0)",0.0
chained_lap_c4,33,s2,0.8634750755009325,0.8700801596228998,0.8527449195470077,0.8666611389855324,0.8723534070626338,0.8650629401438014,18,"(0, 2, 0)",0.0
chained_lap_c4,33,s32,0.5289674060802003,0.5369680857491687,0.5058123446571893,0.5174203310718364,0.5447347210256204,0.5267805777168031,3,"(0, 32, 0)",0.0
chained_lap_c4,33,s4,0.8065482060409646,0.8174258049483454,0.7975599841353884,0.8171848898089525,0.8118687920938996,0.8101175354055101,10,"(0, 4, 0)",0.0
chained_lap_c4,33,s8,0.7197770824208002,0.7295903781100921,0.7068726888487199,0.7243093383917434,0.7317229764492369,0.7224544928441186,6,"(0, 8, 0)",0.0
chained_lap_c4,33,u17,0.8557260549018192,0.8696086255378026,0.8504000575844501,0.8638273604964788,0.8689173341115397,0.861695886526418,17,"(2, 17, 0)",0.0
chained_lap_c4,33,u3,0.5928214283421994,0.614503539135087,0.5877702563973694,0.6081260036689519,0.6087387797525307,0.6023920014592277,3,"(2, 3, 0)",0.0
chained_lap_c4,33,u5,0.7131474345581228,0.7237460988909821,0.6985488481586093,0.7201950264155246,0.7271973233919766,0.7165669462830431,5,"(2, 5, 0)",0.0
chained_lap_c4,33,u9,0.7967647910760466,0.8162512200861712,0.7911748714606435,0.8078402194832222,0.8048212938282823,0.8033704791868731,9,"(2, 9, 0)",0.0
chained_lap_c4,66,ends,0.3683033046480233,0.38805715173494976,0.3732645945298798,0.3772099816913115,0.4048514060352678,0.38233728772788644,2,"(1, 0, 0)",0.0
chained_lap_c4,66,r17_0,0.6326887755270982,0.6331011422012616,0.6202320509819778,0.6251681521343241,0.6355629597821909,0.6293506161253706,17,"(2, 17, 1)",0.0
chained_lap_c4,66,r17_1,0.6081755420477973,0.6358671419828777,0.6108029590378389,0.6246011920052187,0.6262033080659379,0.6211300286279341,17,"(2, 17, 2)",0.0
chained_lap_c4,66,r17_2,0.6267307910125213,0.6456391963796646,0.6293030727913381,0.6184468744605273,0.6331716208082543,0.6306583110904611,17,"(2, 17, 3)",0.0
chained_lap_c4,66,r17_3,0.6297685943264267,0.6249035415608275,0.6152222486101563,0.6319429968210726,0.6497107879826496,0.6303096338602264,17,"(2, 17, 4)",0.0
chained_lap_c4,66,r17_4,0.6263248878617331,0.6455385555300546,0.6283992274465484,0.6368970707884993,0.627672836380578,0.6329665156014828,17,"(2, 17, 5)",0.0
chained_lap_c4,66,r3_0,0.3855393372136854,0.40554843377224786,0.3914621439218706,0.3952227659898854,0.41830692630387883,0.3992159214403136,3,"(2, 3, 1)",0.0
chained_lap_c4,66,r3_1,0.3901021067431534,0.4123220902066327,0.3902845963812846,0.39575671525032713,0.41567800015420103,0.4008287017471198,3,"(2, 3, 2)",0.0
chained_lap_c4,66,r3_2,0.37805452354612445,0.3936157265828991,0.40236193210201615,0.40772058966026853,0.4212029718980743,0.4005911487578765,3,"(2, 3, 3)",0.0
chained_lap_c4,66,r3_3,0.3890682880469577,0.40660114004883613,0.39651136082042737,0.39858919532537956,0.40717392491445414,0.399588781831211,3,"(2, 3, 4)",0.0
chained_lap_c4,66,r3_4,0.38324159319705114,0.42108124961112164,0.40538125368198613,0.40069717272834793,0.42364932719335724,0.4068101192823728,3,"(2, 3, 5)",0.0
chained_lap_c4,66,r5_0,0.449672853319787,0.4635236430112393,0.4449172854498978,0.45611673645504824,0.4692026081324178,0.456686625273678,5,"(2, 5, 1)",0.0
chained_lap_c4,66,r5_1,0.42933895300106295,0.46568320388196116,0.4475041245268055,0.4484786360753554,0.4545342384138118,0.44910783117979935,5,"(2, 5, 2)",0.0
chained_lap_c4,66,r5_2,0.4430637428023616,0.4794194378798801,0.4543704790410872,0.4393124660984317,0.46624083111464937,0.456481391387282,5,"(2, 5, 3)",0.0
chained_lap_c4,66,r5_3,0.4424301893452491,0.4562464918957209,0.4505473556662337,0.4382226780456926,0.4690254136799274,0.4512944257265647,5,"(2, 5, 4)",0.0
chained_lap_c4,66,r5_4,0.4252443238286821,0.47225382885608047,0.4510564835356441,0.4321624079082432,0.48624951752441853,0.45339331233061364,5,"(2, 5, 5)",0.0
chained_lap_c4,66,r9_0,0.525911254037145,0.5360064314252092,0.5302922749528398,0.49777746632168135,0.552822156024624,0.5285619165522999,9,"(2, 9, 1)",0.0
chained_lap_c4,66,r9_1,0.5032557699503174,0.5557898757523386,0.5266869340748477,0.5159848170346727,0.5613530852983843,0.5326140964221121,9,"(2, 9, 2)",0.0
chained_lap_c4,66,r9_2,0.5358731899302098,0.5280463308335352,0.5343270467589843,0.5314217830597003,0.5434382565467302,0.534621321425832,9,"(2, 9, 3)",0.0
chained_lap_c4,66,r9_3,0.5164089298285667,0.5395579674038021,0.5074321294548965,0.5183919070633213,0.5375685701464712,0.5238719007794115,9,"(2, 9, 4)",0.0
chained_lap_c4,66,r9_4,0.5295175710674067,0.5353141290042502,0.5321394667935009,0.51512614638169,0.5326042195284084,0.5289403065550513,9,"(2, 9, 5)",0.0
chained_lap_c4,66,s1,0.8112009791474245,0.8286692559125125,0.820551361517809,0.8225305302641256,0.8210044799009817,0.8207913213485707,67,"(0, 1, 0)",0.0
chained_lap_c4,66,s16,0.5029127082519644,0.524410470805488,0.5046734099138883,0.5040171018591472,0.5124794028960971,0.5096986187453171,6,"(0, 16, 0)",0.0
chained_lap_c4,66,s2,0.7810936634696612,0.7937435258247201,0.7774256158194732,0.7876791710449791,0.7891413347791284,0.7858166621875923,34,"(0, 2, 0)",0.0
chained_lap_c4,66,s32,0.4221650681836885,0.42732305807537113,0.41486439875829334,0.4102921682277579,0.4434174116085481,0.4236124209707318,4,"(0, 32, 0)",0.0
chained_lap_c4,66,s4,0.7129317401324959,0.7260117453979894,0.7121474591253107,0.7278045226029262,0.7214013940097659,0.7200593722536976,18,"(0, 4, 0)",0.0
chained_lap_c4,66,s64,0.3730250546292427,0.38762254867424156,0.374158220206739,0.37710953234747746,0.4071975003560277,0.3838225712427457,3,"(0, 64, 0)",0.0
chained_lap_c4,66,s8,0.6181465748847543,0.6311397881738362,0.6109116048261855,0.6193782608406257,0.6382447492279482,0.6235641955906699,10,"(0, 8, 0)",0.0
chained_lap_c4,66,u17,0.7011472952040547,0.7272453322098689,0.7072463269958766,0.7190411491340007,0.7108249512836399,0.7131010109654883,17,"(2, 17, 0)",0.0
chained_lap_c4,66,u3,0.4140847834287096,0.4194321893138362,0.4029189691173129,0.4011513885343839,0.43513784005751005,0.4145450340903505,3,"(2, 3, 0)",0.0
chained_lap_c4,66,u5,0.4797637356438623,0.5095042992827467,0.49062801095773234,0.504102785778037,0.4974577487579556,0.49629131608406674,5,"(2, 5, 0)",0.0
chained_lap_c4,66,u9,0.6103575923857548,0.6233494888779357,0.6036691014159838,0.6152957033913541,0.628655534989712,0.6162654842121482,9,"(2, 9, 0)",0.0
chained_lap_c4,132,ends,0.36265976312420384,0.3767058520942522,0.3571823191609305,0.3625202445417681,0.3843257516078762,0.3686787861058062,2,"(1, 0, 0)",0.0
chained_lap_c4,132,r17_0,0.40414465618219386,0.4377237043876086,0.41893783648075084,0.39303935903451354,0.44526921865728464,0.4198229549484703,17,"(2, 17, 1)",0.0
chained_lap_c4,132,r17_1,0.39736094152083684,0.4112946691659877,0.42019664683141805,0.409311881563513,0.41439362376653205,0.41051155256965755,17,"(2, 17, 2)",0.0
chained_lap_c4,132,r17_2,0.3935633334536309,0.4187453731364123,0.4218559294583286,0.4042761313954287,0.4323686350214758,0.41416188049305525,17,"(2, 17, 3)",0.0
chained_lap_c4,132,r17_3,0.41469216461874253,0.43085728915015664,0.4218389925963848,0.406241459812144,0.4285631688048862,0.42043861499646284,17,"(2, 17, 4)",0.0
chained_lap_c4,132,r17_4,0.40386342346819726,0.4247211685116587,0.41258536951626273,0.3966241867847529,0.4266974870890613,0.4128983270739866,17,"(2, 17, 5)",0.0
chained_lap_c4,132,r3_0,0.3007676371494933,0.32950687618015445,0.31508938318517926,0.298946965948502,0.3320466279688855,0.31527149808644295,3,"(2, 3, 1)",0.0
chained_lap_c4,132,r3_1,0.30516285846759394,0.34090585921753996,0.3277852137216957,0.29626882378817987,0.3336502204590028,0.32075459513080246,3,"(2, 3, 2)",0.0
chained_lap_c4,132,r3_2,0.30600841312877636,0.31757853351772547,0.3300679214299812,0.306469621004644,0.29910518800053687,0.31184593541633276,3,"(2, 3, 3)",0.0
chained_lap_c4,132,r3_3,0.3161186910667825,0.3283538957403455,0.3220307992632425,0.30200437380603357,0.3347513085464814,0.3206518136845771,3,"(2, 3, 4)",0.0
chained_lap_c4,132,r3_4,0.34159699399776866,0.352427327018586,0.3325813663697111,0.2941495663331948,0.3114980165677006,0.3264506540573922,3,"(2, 3, 5)",0.0
chained_lap_c4,132,r5_0,0.2900087099636629,0.3313435812593966,0.3106963483231365,0.28736288391663906,0.3391664679686396,0.31171559828629497,5,"(2, 5, 1)",0.0
chained_lap_c4,132,r5_1,0.2833572461422459,0.32596952152599634,0.31563076298177184,0.30122051621694673,0.3402120869718097,0.31327802676775407,5,"(2, 5, 2)",0.0
chained_lap_c4,132,r5_2,0.27953721948311466,0.3254805264780348,0.3154276776066898,0.31500255525968696,0.3361411117225446,0.31431781811001414,5,"(2, 5, 3)",0.0
chained_lap_c4,132,r5_3,0.30135907464980655,0.3474375999282076,0.3254996648926406,0.3125918195775352,0.3290787678753434,0.32319338538470666,5,"(2, 5, 4)",0.0
chained_lap_c4,132,r5_4,0.29188198494891326,0.32910377176983696,0.3259707241252342,0.30171970035328893,0.33699921050991793,0.3171350783414383,5,"(2, 5, 5)",0.0
chained_lap_c4,132,r9_0,0.3162950386071539,0.372988370631285,0.34085922968578286,0.3357074970200968,0.37407910678137113,0.3479858485451379,9,"(2, 9, 1)",0.0
chained_lap_c4,132,r9_1,0.3509270235103336,0.3614266729769336,0.33937636479372624,0.32449759936032363,0.3596429887348941,0.34717412987524227,9,"(2, 9, 2)",0.0
chained_lap_c4,132,r9_2,0.3320959052890896,0.3755460145969471,0.35984200583067255,0.34700353888895963,0.3542000827391718,0.35373750946896815,9,"(2, 9, 3)",0.0
chained_lap_c4,132,r9_3,0.34807412680942884,0.35095360626877137,0.3455378852280826,0.32744777861170277,0.3562970579225797,0.34566209096811307,9,"(2, 9, 4)",0.0
chained_lap_c4,132,r9_4,0.3071473026186137,0.3797129171260709,0.3592892688081685,0.33387432303687303,0.37347541946863594,0.3506998462116725,9,"(2, 9, 5)",0.0
chained_lap_c4,132,s1,0.7020672116484099,0.7180864871200068,0.7231530143912813,0.7072716373977713,0.7125556497988761,0.7126268000712691,133,"(0, 1, 0)",0.0
chained_lap_c4,132,s128,0.3689783982086998,0.36923106174617987,0.35641212481166035,0.3585433562560652,0.37924737423326305,0.36648246305117366,3,"(0, 128, 0)",0.0
chained_lap_c4,132,s16,0.39189050788357127,0.41495157264718224,0.4116365817563761,0.3883418011453073,0.40065733004125736,0.4014955586947388,10,"(0, 16, 0)",0.0
chained_lap_c4,132,s2,0.6715220813251306,0.6754203388642809,0.6739760480041023,0.6751377366189626,0.6755017699014925,0.6743115949427938,67,"(0, 2, 0)",0.0
chained_lap_c4,132,s32,0.31442373202628326,0.34243111872572074,0.33374005842013765,0.31315858783055545,0.3529829771675003,0.3313472948340395,6,"(0, 32, 0)",0.0
chained_lap_c4,132,s4,0.5924380348759093,0.601433587796313,0.6000440692310375,0.5982732798534461,0.6103603709775942,0.60050986854686,34,"(0, 4, 0)",0.0
chained_lap_c4,132,s64,0.28233304699906786,0.31943812762467333,0.3033877711453469,0.28015826493998675,0.32168113375876833,0.3013996688935686,4,"(0, 64, 0)",0.0
chained_lap_c4,132,s8,0.501039835441956,0.507576780020235,0.504575010590884,0.4895809176404097,0.5240630297129281,0.5053671146812826,18,"(0, 8, 0)",0.0
chained_lap_c4,132,u17,0.48733813352366895,0.5053704217530989,0.5011294941942009,0.48516850894926405,0.5128124757768834,0.4983638068394233,17,"(2, 17, 0)",0.0
chained_lap_c4,132,u3,0.27668842247863795,0.3150009917277044,0.2988896641887296,0.27256752082772445,0.3123436273720577,0.2950980453189708,3,"(2, 3, 0)",0.0
chained_lap_c4,132,u5,0.3127121768547684,0.3299438580022662,0.32643147572529235,0.2979462885114052,0.3473037503889413,0.3228675098965347,5,"(2, 5, 0)",0.0
chained_lap_c4,132,u9,0.36464213150488395,0.4005400765272648,0.394952774800482,0.3985299023469455,0.3823956720626322,0.3882121114484417,9,"(2, 9, 0)",0.0
chained_lap_c4_rc,33,ends,0.6209416452159161,0.6617623402525808,0.5695423140510901,0.5802990189570351,0.535640508886161,0.5936371654725566,2,"(1, 0, 0)",0.0
chained_lap_c4_rc,33,r17_0,0.8286223856657716,0.8598806548733396,0.7948070703942104,0.7992153912994129,0.8325368305274048,0.8230124665520279,17,"(2, 17, 1)",0.0
chained_lap_c4_rc,33,r17_1,0.8264303628033906,0.8464831635977053,0.8112456482224117,0.8148447892362279,0.8321002636676906,0.8262208455054851,17,"(2, 17, 2)",0.0
chained_lap_c4_rc,33,r17_2,0.8222370852368142,0.839772777262249,0.8184570347486325,0.8114383886386503,0.8314803819900826,0.8246771335752856,17,"(2, 17, 3)",0.0
chained_lap_c4_rc,33,r17_3,0.8351658070620744,0.8458015284751281,0.8010296202517181,0.801456107612854,0.825238454222576,0.8217383035248702,17,"(2, 17, 4)",0.0
chained_lap_c4_rc,33,r17_4,0.8340265286264653,0.8464025499129478,0.8084954587006737,0.8151013786585553,0.8240175835449316,0.8256086998887149,17,"(2, 17, 5)",0.0
chained_lap_c4_rc,33,r3_0,0.654707935285545,0.6776597040862472,0.6024931544173838,0.6292301845255597,0.5669339962438454,0.6262049949117163,3,"(2, 3, 1)",0.0
chained_lap_c4_rc,33,r3_1,0.6716815739152295,0.6890324209795564,0.6004238448074014,0.6154784398266991,0.546057291245805,0.6245347141549382,3,"(2, 3, 2)",0.0
chained_lap_c4_rc,33,r3_2,0.6591179507799865,0.6841750010169729,0.6066077949781116,0.6139801995517387,0.5877304368328659,0.6303222766319352,3,"(2, 3, 3)",0.0
chained_lap_c4_rc,33,r3_3,0.6523725517895438,0.6855622178403153,0.6145210638227036,0.6274746989558692,0.615159978480483,0.639018102177783,3,"(2, 3, 4)",0.0
chained_lap_c4_rc,33,r3_4,0.6555980295369062,0.6813547617117093,0.595304953494042,0.6222647983556334,0.5507952125132848,0.621063551122315,3,"(2, 3, 5)",0.0
chained_lap_c4_rc,33,r5_0,0.7036848880596581,0.7215499958326864,0.6750665423489521,0.6634692577654163,0.6340348695173436,0.6795611107048113,5,"(2, 5, 1)",0.0
chained_lap_c4_rc,33,r5_1,0.722357836116712,0.7328773139443397,0.6636381775667254,0.6574862274447333,0.6545954066054408,0.6861909923355902,5,"(2, 5, 2)",0.0
chained_lap_c4_rc,33,r5_2,0.6963232818094334,0.7442506304095196,0.6634724754665879,0.6796692505296724,0.6511963846118436,0.6869824045654113,5,"(2, 5, 3)",0.0
chained_lap_c4_rc,33,r5_3,0.7229602227523776,0.7245177611053466,0.6538854161024945,0.6777667353828812,0.6515096816951208,0.6861279634076441,5,"(2, 5, 4)",0.0
chained_lap_c4_rc,33,r5_4,0.7080623532722887,0.7276644425886437,0.6451427511200435,0.68069270837175,0.6621047332229101,0.6847333977151273,5,"(2, 5, 5)",0.0
chained_lap_c4_rc,33,r9_0,0.7734160631406131,0.7872640899014985,0.7071805813185778,0.7218606329011176,0.7666328585738741,0.7512708451671363,9,"(2, 9, 1)",0.0
chained_lap_c4_rc,33,r9_1,0.7665562103200108,0.7898365384824614,0.7337085763430795,0.7402393839229388,0.7481412548549237,0.7556963927846828,9,"(2, 9, 2)",0.0
chained_lap_c4_rc,33,r9_2,0.7902720902409945,0.7873365608847024,0.71964210487288,0.7455630946254661,0.7298172914329977,0.754526228411408,9,"(2, 9, 3)",0.0
chained_lap_c4_rc,33,r9_3,0.7725715885856936,0.7918938733095238,0.7211488817921975,0.7322218707233216,0.735347984197659,0.750636839721679,9,"(2, 9, 4)",0.0
chained_lap_c4_rc,33,r9_4,0.7595437000705819,0.7925386509772502,0.7422572238965831,0.7329096043978576,0.7394510595032132,0.7533400477690972,9,"(2, 9, 5)",0.0
chained_lap_c4_rc,33,s1,0.877018688149566,0.9043323846192614,0.877870799862049,0.8708308965834741,0.8823742369625481,0.8824854012353797,34,"(0, 1, 0)",0.0
chained_lap_c4_rc,33,s16,0.6874474335548322,0.7007156744702381,0.6199919616102716,0.6485800664385499,0.6078869861877294,0.6529244244523242,4,"(0, 16, 0)",0.0
chained_lap_c4_rc,33,s2,0.8462290830207531,0.8814640766916966,0.8404304594158087,0.8443818068872264,0.8644495048092217,0.8553909861649412,18,"(0, 2, 0)",0.0
chained_lap_c4_rc,33,s32,0.6316544762119388,0.6599340360099726,0.5751890114059759,0.5885482057201169,0.5410774571424324,0.5992806372980873,3,"(0, 32, 0)",0.0
chained_lap_c4_rc,33,s4,0.8143211384252385,0.838051486679601,0.7877276207264632,0.7970727228375148,0.8159378672076699,0.8106221671752974,10,"(0, 4, 0)",0.0
chained_lap_c4_rc,33,s8,0.766873903762362,0.7733983692945159,0.7116483460259109,0.7173302923355205,0.732566269289861,0.740363436141634,6,"(0, 8, 0)",0.0
chained_lap_c4_rc,33,u17,0.847284862667107,0.8774926337854836,0.8404637289927936,0.8387229195794539,0.8640930884889516,0.853611446702758,17,"(2, 17, 0)",0.0
chained_lap_c4_rc,33,u3,0.6753125202152946,0.6953948304853838,0.6152410081559823,0.6425944351342667,0.5924531678198391,0.6441991923621534,3,"(2, 3, 0)",0.0
chained_lap_c4_rc,33,u5,0.7588890328175638,0.7659852870295502,0.7050538216390987,0.7159232339047041,0.7127621839753856,0.7317227118732605,5,"(2, 5, 0)",0.0
chained_lap_c4_rc,33,u9,0.8094869636557586,0.8367493376290767,0.7856922287925134,0.7943499004623034,0.8099142704939245,0.8072385402067154,9,"(2, 9, 0)",0.0
chained_lap_c4_rc,66,ends,0.487415917454631,0.5170512334073779,0.4686251891991576,0.45101112719396635,0.47659700652435116,0.48014009475589675,2,"(1, 0, 0)",0.0
chained_lap_c4_rc,66,r17_0,0.6688486187225791,0.6869689317829168,0.6291935564957063,0.6292148896293365,0.6247220204932646,0.6477896034247607,17,"(2, 17, 1)",0.0
chained_lap_c4_rc,66,r17_1,0.6646751958379242,0.6850546793471475,0.6239375484410117,0.6268742399234611,0.6206859755725316,0.6442455278244152,17,"(2, 17, 2)",0.0
chained_lap_c4_rc,66,r17_2,0.6582439179605325,0.7084618035834334,0.6272790935897116,0.6239045438419099,0.6235269580698282,0.6482832634090832,17,"(2, 17, 3)",0.0
chained_lap_c4_rc,66,r17_3,0.6593433511797415,0.6790458170696343,0.6367713063711979,0.6454056540923133,0.6373330775439774,0.6515798412513729,17,"(2, 17, 4)",0.0
chained_lap_c4_rc,66,r17_4,0.6597034898486528,0.6897915947148431,0.629252566683679,0.6467139183096556,0.609384638522572,0.6469692416158805,17,"(2, 17, 5)",0.0
chained_lap_c4_rc,66,r3_0,0.4866653511453662,0.533163865461595,0.46141119483773146,0.4616282138974605,0.4522895904899297,0.47903164316641655,3,"(2, 3, 1)",0.0
chained_lap_c4_rc,66,r3_1,0.4973771385106926,0.5347283212267437,0.47708696245850246,0.47366309052725836,0.45081898996075725,0.48673490053679086,3,"(2, 3, 2)",0.0
chained_lap_c4_rc,66,r3_2,0.5021245735569382,0.535839594886939,0.451817073527886,0.4743785966510586,0.4660612869174608,0.4860442251080565,3,"(2, 3, 3)",0.0
chained_lap_c4_rc,66,r3_3,0.4824553622130744,0.5412013416326041,0.4752040302282846,0.46796797570098975,0.4560434561949752,0.4845744331939856,3,"(2, 3, 4)",0.0
chained_lap_c4_rc,66,r3_4,0.4897786713814264,0.5423193666269732,0.47488177662607667,0.46312097448613443,0.45345241876804504,0.48471064157773114,3,"(2, 3, 5)",0.0
chained_lap_c4_rc,66,r5_0,0.5128523717284512,0.5599984190110792,0.4951133274874028,0.5082585415653601,0.451097249917077,0.505463981941874,5,"(2, 5, 1)",0.0
chained_lap_c4_rc,66,r5_1,0.5400054299491879,0.568366118888749,0.5016735582060263,0.5135467847231547,0.4424459251578279,0.5132075633849892,5,"(2, 5, 2)",0.0
chained_lap_c4_rc,66,r5_2,0.5369528627721762,0.5846853674197553,0.4924508606245239,0.5009513766632774,0.4486411039502549,0.5127363142859975,5,"(2, 5, 3)",0.0
chained_lap_c4_rc,66,r5_3,0.5183254957835497,0.5612311795732605,0.49983394358243155,0.4959429246450387,0.4570571580154624,0.5064781403199485,5,"(2, 5, 4)",0.0
chained_lap_c4_rc,66,r5_4,0.5206393927684034,0.5731560233809233,0.4997026413861838,0.49918630450372964,0.428176482761161,0.5041721689600802,5,"(2, 5, 5)",0.0
chained_lap_c4_rc,66,r9_0,0.586470710576236,0.6112586690505678,0.5447886390885701,0.5222977781166819,0.5355872651106988,0.5600806123885509,9,"(2, 9, 1)",0.0
chained_lap_c4_rc,66,r9_1,0.5484130434363549,0.6261881712701826,0.5565228416669872,0.5647806109219021,0.5283854727454993,0.5648580280081852,9,"(2, 9, 2)",0.0
chained_lap_c4_rc,66,r9_2,0.588256381971452,0.6178788717392729,0.5535800396855468,0.5466756023865158,0.5280610593572127,0.5668903910280001,9,"(2, 9, 3)",0.0
chained_lap_c4_rc,66,r9_3,0.5793870753102094,0.616494238790821,0.5599343467128984,0.5617997851709206,0.5018732075459247,0.5638977307061548,9,"(2, 9, 4)",0.0
chained_lap_c4_rc,66,r9_4,0.587023605251462,0.6113353571631615,0.5572658713109915,0.5363529843514764,0.48932708003469017,0.5562609796223563,9,"(2, 9, 5)",0.0
chained_lap_c4_rc,66,s1,0.8006592744892982,0.8383835986365448,0.8042761898607864,0.7891338263760028,0.8006840325006194,0.8066273843726502,67,"(0, 1, 0)",0.0
chained_lap_c4_rc,66,s16,0.5742997606341699,0.6028838492165917,0.5058043012330986,0.5421837225836346,0.47866566007751643,0.5407674587490023,6,"(0, 16, 0)",0.0
chained_lap_c4_rc,66,s2,0.7605952758844644,0.8073069120039781,0.7643138253796489,0.7558200523539788,0.7875493207688871,0.7751170772781915,34,"(0, 2, 0)",0.0
chained_lap_c4_rc,66,s32,0.5079313512478832,0.5477563351153928,0.46531846691204876,0.473567803036757,0.4339716482477938,0.48570912091197516,4,"(0, 32, 0)",0.0
chained_lap_c4_rc,66,s4,0.7340157964522134,0.7543032829212827,0.7015101293206948,0.7030585745172515,0.7269596192700857,0.7239694804963056,18,"(0, 4, 0)",0.0
chained_lap_c4_rc,66,s64,0.48749219378076536,0.518244778105871,0.47367671167858305,0.46035350797910884,0.49197588437039386,0.4863486151829443,3,"(0, 64, 0)",0.0
chained_lap_c4_rc,66,s8,0.6720554934683237,0.6869811498943562,0.6235932748826614,0.610567041425084,0.6065468354876741,0.6399487590316199,10,"(0, 8, 0)",0.0
chained_lap_c4_rc,66,u17,0.7201253854199945,0.7551619509672427,0.7006364581103957,0.7035978214807925,0.7137608524755122,0.7186564936907875,17,"(2, 17, 0)",0.0
chained_lap_c4_rc,66,u3,0.4960372165412204,0.5532445773436442,0.4519509994472508,0.4614637832114342,0.42160807538644063,0.476860930385998,3,"(2, 3, 0)",0.0
chained_lap_c4_rc,66,u5,0.5702284631407809,0.5980336006123518,0.4958544807672517,0.535240669087977,0.46571378426202187,0.5330141995740767,5,"(2, 5, 0)",0.0
chained_lap_c4_rc,66,u9,0.6673840169321328,0.6752378300862976,0.6096048376466399,0.6085615363612217,0.5880837086992764,0.6297743859451137,9,"(2, 9, 0)",0.0
chained_lap_c4_rc,132,ends,0.3700432940070155,0.38637899325271136,0.3734111350670084,0.34425266736022514,0.36016715038620356,0.3668506480146328,2,"(1, 0, 0)",0.0
chained_lap_c4_rc,132,r17_0,0.4338829859904907,0.5006173778313281,0.4291096742564971,0.4170219888521256,0.38023170888481733,0.43217274716305176,17,"(2, 17, 1)",0.0
chained_lap_c4_rc,132,r17_1,0.4516789920720556,0.47178509492540216,0.42782968990334436,0.42681574798889477,0.37687734591893013,0.4309973741617254,17,"(2, 17, 2)",0.0
chained_lap_c4_rc,132,r17_2,0.44364300972902193,0.49254631510269226,0.44492454607506526,0.42106081327674055,0.3515216376679561,0.43073926437029525,17,"(2, 17, 3)",0.0
chained_lap_c4_rc,132,r17_3,0.4446608661115266,0.49931523774336267,0.4151897163335346,0.41167632194635445,0.3933546874953742,0.4328393659260305,17,"(2, 17, 4)",0.0
chained_lap_c4_rc,132,r17_4,0.4469650339876043,0.4802651009311108,0.42104684935538905,0.43107951966802793,0.37287392621595106,0.43044608603161666,17,"(2, 17, 5)",0.0
chained_lap_c4_rc,132,r3_0,0.3525125654079785,0.38674607030248176,0.37526808855019866,0.32660666547532957,0.36340935622630366,0.36090854919245846,3,"(2, 3, 1)",0.0
chained_lap_c4_rc,132,r3_1,0.3569742188624637,0.3883925253002125,0.36392552362561775,0.3309360799988723,0.34747258195879366,0.35754018594919196,3,"(2, 3, 2)",0.0
chained_lap_c4_rc,132,r3_2,0.3567996113770986,0.3757073724489876,0.37064119007234625,0.3454461743806189,0.33844621188614915,0.3574081120330401,3,"(2, 3, 3)",0.0
chained_lap_c4_rc,132,r3_3,0.36362006422861914,0.3946714198998952,0.37137678011902425,0.3217059387069915,0.3483055083209659,0.3599359422550992,3,"(2, 3, 4)",0.0
chained_lap_c4_rc,132,r3_4,0.362036892910837,0.37458243859597734,0.3808403495985426,0.33064466614502924,0.338400697004521,0.3573010088509815,3,"(2, 3, 5)",0.0
chained_lap_c4_rc,132,r5_0,0.3734238834186452,0.3964215596696751,0.35391561514047254,0.34479848914410166,0.3632336272444572,0.3663586349234703,5,"(2, 5, 1)",0.0
chained_lap_c4_rc,132,r5_1,0.36276398054090053,0.3979115010156533,0.38192286691182203,0.34676158069439467,0.3227142259739406,0.36241483102734223,5,"(2, 5, 2)",0.0
chained_lap_c4_rc,132,r5_2,0.3660068777545483,0.38661214870680793,0.36346761314827625,0.3542804975634853,0.3515323061743451,0.36437988866949256,5,"(2, 5, 3)",0.0
chained_lap_c4_rc,132,r5_3,0.3847461607326706,0.40578575106784714,0.370200802962495,0.35509300387729253,0.3312113459147997,0.369407412911021,5,"(2, 5, 4)",0.0
chained_lap_c4_rc,132,r5_4,0.34907816150262855,0.4162118097109398,0.36672918955103945,0.339335786348632,0.35407800103619574,0.36508658962988705,5,"(2, 5, 5)",0.0
chained_lap_c4_rc,132,r9_0,0.40934692503209485,0.45723689225514075,0.3787808360610001,0.3727663192609311,0.3184493549516812,0.38731606551216957,9,"(2, 9, 1)",0.0
chained_lap_c4_rc,132,r9_1,0.38779378311200496,0.43499460635476084,0.37657441891936405,0.3424037131469613,0.33613904860630317,0.37558111402787886,9,"(2, 9, 2)",0.0
chained_lap_c4_rc,132,r9_2,0.38738893657203105,0.4444106769687982,0.3960255603325081,0.37175625618024905,0.3204011136189325,0.38399650873450375,9,"(2, 9, 3)",0.0
chained_lap_c4_rc,132,r9_3,0.3931210079580337,0.4418669866703254,0.37583587345246827,0.37360524434104275,0.34798017402291276,0.38648185728895657,9,"(2, 9, 4)",0.0
chained_lap_c4_rc,132,r9_4,0.380042630058335,0.4515181003230013,0.38839336821201276,0.36172986242587984,0.32544342223174627,0.381425476650195,9,"(2, 9, 5)",0.0
chained_lap_c4_rc,132,s1,0.6971795287066697,0.7331816601572357,0.7041920175620525,0.6632266297361242,0.6832485981642065,0.6962056868652577,133,"(0, 1, 0)",0.0
chained_lap_c4_rc,132,s128,0.3682550408189089,0.39504278888531874,0.369460918580889,0.3479605219629044,0.35769649616909965,0.3676831532834241,3,"(0, 128, 0)",0.0
chained_lap_c4_rc,132,s16,0.4467336195568606,0.5059927368426224,0.3881106142576276,0.41570528149566244,0.3483210917669843,0.4209726687839514,10,"(0, 16, 0)",0.0
chained_lap_c4_rc,132,s2,0.6408227474037377,0.6952756535093648,0.6582509429574425,0.6314581816294756,0.6733285207456066,0.6598272092491255,67,"(0, 2, 0)",0.0
chained_lap_c4_rc,132,s32,0.36362875491921337,0.4257081233884219,0.3417537661711857,0.3521630274353575,0.31098311144040924,0.3588473566709175,6,"(0, 32, 0)",0.0
chained_lap_c4_rc,132,s4,0.6019754614010214,0.6458556051523796,0.5909135718586914,0.574117707165804,0.6056792042519106,0.6037083099659615,34,"(0, 4, 0)",0.0
chained_lap_c4_rc,132,s64,0.35591545269953684,0.38248265040116197,0.35646464944619977,0.3288030692785626,0.3639874506186382,0.3575306544888199,4,"(0, 64, 0)",0.0
chained_lap_c4_rc,132,s8,0.5421891424461541,0.57486810672588,0.5069731115569391,0.4896904431884114,0.4854976684332649,0.5198436944701299,18,"(0, 8, 0)",0.0
chained_lap_c4_rc,132,u17,0.5454402749928277,0.5642621890956486,0.4962261258212096,0.485360529503802,0.4573972177388292,0.5097372674304634,17,"(2, 17, 0)",0.0
chained_lap_c4_rc,132,u3,0.3539490300095772,0.3863051550625217,0.3557119278065522,0.3262527873598912,0.35255220791654684,0.35495422163101786,3,"(2, 3, 0)",0.0
chained_lap_c4_rc,132,u5,0.36717733578625433,0.4330856324485386,0.32998222003145705,0.3385174804740893,0.29420257874563877,0.35259304949719567,5,"(2, 5, 0)",0.0
chained_lap_c4_rc,132,u9,0.45920880417593063,0.4965876745544565,0.37888101950133884,0.4176594771650251,0.33743903783081086,0.41795520264551234,9,"(2, 9, 0)",0.0
chained_lap_c8,33,ends,0.51984439800916,0.5272685712957161,0.4977434930653659,0.49817804075342187,0.5307408753101942,0.5147550756867717,2,"(1, 0, 0)",0.0
chained_lap_c8,33,r17_0,0.811418290816938,0.839436738246615,0.7990844469804981,0.825825852805421,0.822551518617801,0.8196633694934545,17,"(2, 17, 1)",0.0
chained_lap_c8,33,r17_1,0.8141372030746072,0.8323697136753271,0.8064817213867354,0.829952867286147,0.8314333051827336,0.8228749621211101,17,"(2, 17, 2)",0.0
chained_lap_c8,33,r17_2,0.8071695448243975,0.8270078667840963,0.8187542039410889,0.8363823355397952,0.8279392165128895,0.8234506335204534,17,"(2, 17, 3)",0.0
chained_lap_c8,33,r17_3,0.8263026327539247,0.8347819778053379,0.8036588064212783,0.8271305429829869,0.8206198752587105,0.8224987670444476,17,"(2, 17, 4)",0.0
chained_lap_c8,33,r17_4,0.830629308192906,0.8182339326124912,0.8117588496167168,0.8284291162001786,0.826493810957421,0.8231090035159427,17,"(2, 17, 5)",0.0
chained_lap_c8,33,r3_0,0.5740471089056662,0.573921636541815,0.561214360590654,0.5744086724061528,0.5876379906665817,0.5742459538221739,3,"(2, 3, 1)",0.0
chained_lap_c8,33,r3_1,0.5680074532419468,0.5883758396980229,0.550870009158039,0.5702523311407356,0.5871173271326728,0.5729245920742834,3,"(2, 3, 2)",0.0
chained_lap_c8,33,r3_2,0.5755940187922111,0.5914660050493233,0.5591574964796675,0.545614054263919,0.5974997407947299,0.5738662630759701,3,"(2, 3, 3)",0.0
chained_lap_c8,33,r3_3,0.5741651693344533,0.5893690433416627,0.5624638232774589,0.5709237314403621,0.599212129008376,0.5792267792804626,3,"(2, 3, 4)",0.0
chained_lap_c8,33,r3_4,0.5614499922427609,0.5817330605907501,0.5420534708365057,0.5720400748463287,0.5796314191943728,0.5673816035421437,3,"(2, 3, 5)",0.0
chained_lap_c8,33,r5_0,0.6450318901371627,0.6520768960106194,0.6352079122019082,0.6438247955637201,0.6366633616623294,0.642560971115148,5,"(2, 5, 1)",0.0
chained_lap_c8,33,r5_1,0.662415057072917,0.6483230125158616,0.6255298765232447,0.6273193159239854,0.6628636258905528,0.6452901775853123,5,"(2, 5, 2)",0.0
chained_lap_c8,33,r5_2,0.6247054147859759,0.6756573725273662,0.6368673301693879,0.6505051536948089,0.6644992762134239,0.6504469094781926,5,"(2, 5, 3)",0.0
chained_lap_c8,33,r5_3,0.6470687496348069,0.6657994503436794,0.6247050986790954,0.6442974308830105,0.6634884782764562,0.6490718415634096,5,"(2, 5, 4)",0.0
chained_lap_c8,33,r5_4,0.6466396917763619,0.6570704607243072,0.6220390306153685,0.6448370012089712,0.6787681021591411,0.64987085729683,5,"(2, 5, 5)",0.0
chained_lap_c8,33,r9_0,0.7313311614719396,0.7523994556804097,0.7035019139850971,0.7225571009938022,0.7574986440769463,0.733457655241639,9,"(2, 9, 1)",0.0
chained_lap_c8,33,r9_1,0.7413960341706386,0.7479197811559535,0.7163745854231567,0.7528867827962917,0.75621918954021,0.7429592746172501,9,"(2, 9, 2)",0.0
chained_lap_c8,33,r9_2,0.7436400345729307,0.7498524350603266,0.7125156704043684,0.7545719997032853,0.7289809026245849,0.7379122084730991,9,"(2, 9, 3)",0.0
chained_lap_c8,33,r9_3,0.7335582674292127,0.7488398026198817,0.7025692866585519,0.7342624546308316,0.7519269775968462,0.7342313577870648,9,"(2, 9, 4)",0.0
chained_lap_c8,33,r9_4,0.7243259503496389,0.731784588173981,0.7291040405410171,0.7423843609012639,0.7415657059192688,0.7338329291770339,9,"(2, 9, 5)",0.0
chained_lap_c8,33,s1,0.8881962950213896,0.8990500814378748,0.887447986973045,0.8933105474913299,0.8937472974382932,0.8923504416723864,34,"(0, 1, 0)",0.0
chained_lap_c8,33,s16,0.6105385398292538,0.6190395813861009,0.5971779673625823,0.6151864775363473,0.6187743395677666,0.6121433811364102,4,"(0, 16, 0)",0.0
chained_lap_c8,33,s2,0.8634750755009325,0.8700801596228998,0.8527449195470077,0.8666611389855324,0.8723534070626338,0.8650629401438014,18,"(0, 2, 0)",0.0
chained_lap_c8,33,s32,0.5268933659331223,0.5345555155459889,0.503411663588409,0.5139793538951749,0.5409138644036157,0.5239507526732622,3,"(0, 32, 0)",0.0
chained_lap_c8,33,s4,0.8065482060409646,0.8174258049483454,0.7975599841353884,0.8171848898089525,0.8118687920938996,0.8101175354055101,10,"(0, 4, 0)",0.0
chained_lap_c8,33,s8,0.7197770824208002,0.7295903781100921,0.7068726888487199,0.7243093383917434,0.7317229764492369,0.7224544928441186,6,"(0, 8, 0)",0.0
chained_lap_c8,33,u17,0.8557260549018192,0.8696086255378026,0.8504000575844501,0.8638273604964788,0.8689173341115397,0.861695886526418,17,"(2, 17, 0)",0.0
chained_lap_c8,33,u3,0.5928734572335368,0.614300811140451,0.5875368600939116,0.6074139740278175,0.608228014892315,0.6020706234776063,3,"(2, 3, 0)",0.0
chained_lap_c8,33,u5,0.7131474345581228,0.7236876876760289,0.6985488481586093,0.7201950264155246,0.7271973233919766,0.7165552640400523,5,"(2, 5, 0)",0.0
chained_lap_c8,33,u9,0.7967647910760466,0.8162512200861712,0.7911748714606435,0.8078402194832222,0.8048212938282823,0.8033704791868731,9,"(2, 9, 0)",0.0
chained_lap_c8,66,ends,0.35119474372333115,0.37046705798201146,0.3593797938251951,0.3622478164255219,0.3864481702221364,0.3659475164356392,2,"(1, 0, 0)",0.0
chained_lap_c8,66,r17_0,0.6326887755270982,0.6331144743705147,0.6201591832733028,0.6251681521343241,0.6354001508009692,0.6293061472212418,17,"(2, 17, 1)",0.0
chained_lap_c8,66,r17_1,0.6081795584098384,0.6357976798706305,0.6108029590378389,0.6246011920052187,0.6261540566868994,0.6211070892020851,17,"(2, 17, 2)",0.0
chained_lap_c8,66,r17_2,0.6266301468901381,0.6455777108902401,0.6293030727913381,0.6182673452946308,0.6329868462332358,0.6305530244199166,17,"(2, 17, 3)",0.0
chained_lap_c8,66,r17_3,0.6295507942381058,0.6246013795653406,0.6150981329343465,0.6318797377117608,0.6496245885170864,0.6301509265933279,17,"(2, 17, 4)",0.0
chained_lap_c8,66,r17_4,0.6263248878617331,0.645586708850226,0.628299046540512,0.6368970707884993,0.6272592341542943,0.6328733896390529,17,"(2, 17, 5)",0.0
chained_lap_c8,66,r3_0,0.38179035455679594,0.4008510577943819,0.3855477942436069,0.3897952622226268,0.41165307015786906,0.39392750779505614,3,"(2, 3, 1)",0.0
chained_lap_c8,66,r3_1,0.38643095252376447,0.4032284758980243,0.3803187620449261,0.3916966160263701,0.4082810664706704,0.39399117459275107,3,"(2, 3, 2)",0.0
chained_lap_c8,66,r3_2,0.3724788068469406,0.3844647681356228,0.39461142754783957,0.4022235815760245,0.4134928811793697,0.39345429305715945,3,"(2, 3, 3)",0.0
chained_lap_c8,66,r3_3,0.3841966653880696,0.40210012066168915,0.3879652653879658,0.3901647887074357,0.3981070486806583,0.39250677776516374,3,"(2, 3, 4)",0.0
chained_lap_c8,66,r3_4,0.374563471551569,0.4170685684806863,0.39994609142233517,0.3927729243367344,0.4167482239879874,0.4002198559558625,3,"(2, 3, 5)",0.0
chained_lap_c8,66,r5_0,0.44795569244948386,0.46016244862860994,0.44394194048739066,0.4540309883725081,0.46551533755126123,0.4543212814978507,5,"(2, 5, 1)",0.0
chained_lap_c8,66,r5_1,0.42779388021135667,0.4628757240400749,0.44628204694918805,0.4471642654227501,0.4528138694225179,0.44738595720917756,5,"(2, 5, 2)",0.0
chained_lap_c8,66,r5_2,0.43957658835420244,0.47768095804863553,0.45210479081725985,0.4375288871681689,0.4644274441727265,0.45426373371219864,5,"(2, 5, 3)",0.0
chained_lap_c8,66,r5_3,0.4394674723447133,0.4524637428661416,0.4489808938761461,0.43475170006114017,0.4657292979561153,0.4482786214208513,5,"(2, 5, 4)",0.0
chained_lap_c8,66,r5_4,0.42154877593181994,0.4710905921329613,0.448852524344075,0.4303420744099133,0.48303251041079015,0.4509732954459119,5,"(2, 5, 5)",0.0
chained_lap_c8,66,r9_0,0.5239912476604726,0.535722659878065,0.5298309919437338,0.4956006178473463,0.5527482243536503,0.5275787483366535,9,"(2, 9, 1)",0.0
chained_lap_c8,66,r9_1,0.5027212738731686,0.55543260628687,0.5258296095143822,0.5149889642405308,0.5610657333104077,0.5320076374450718,9,"(2, 9, 2)",0.0
chained_lap_c8,66,r9_2,0.5355060601266796,0.5267075183282826,0.5337741626201223,0.5306444854780168,0.5422753756536757,0.5337815204413554,9,"(2, 9, 3)",0.0
chained_lap_c8,66,r9_3,0.5159433946005516,0.539292256799078,0.5070396708226038,0.51688750175355,0.5365759739641779,0.5231477595879922,9,"(2, 9, 4)",0.0
chained_lap_c8,66,r9_4,0.529001253884423,0.5344369345480349,0.531904021967235,0.5148769862040743,0.5319075291045946,0.5284253451416723,9,"(2, 9, 5)",0.0
chained_lap_c8,66,s1,0.8112009791474245,0.8286692559125125,0.820551361517809,0.8225305302641256,0.8210044799009817,0.8207913213485707,67,"(0, 1, 0)",0.0
chained_lap_c8,66,s16,0.5025822785200318,0.5240384989455553,0.5048839794520389,0.5034571103380546,0.5118500632013421,0.5093623860914045,6,"(0, 16, 0)",0.0
chained_lap_c8,66,s2,0.7810936634696612,0.7937435258247201,0.7774256158194732,0.7876791710449791,0.7891413347791284,0.7858166621875923,34,"(0, 2, 0)",0.0
chained_lap_c8,66,s32,0.419513635042342,0.4260393276437101,0.4121854995049143,0.40874411952474377,0.4406514183693326,0.4214268000170085,4,"(0, 32, 0)",0.0
chained_lap_c8,66,s4,0.7129317401324959,0.7260117453979894,0.7121474591253107,0.7278045226029262,0.7214013940097659,0.7200593722536976,18,"(0, 4, 0)",0.0
chained_lap_c8,66,s64,0.3583546277236199,0.3722466419465567,0.36131910913114607,0.36379673857802025,0.38890321334237704,0.36892406614434403,3,"(0, 64, 0)",0.0
chained_lap_c8,66,s8,0.6181465748847543,0.6311397881738362,0.6109116048261855,0.6193782608406257,0.6382447492279482,0.6235641955906699,10,"(0, 8, 0)",0.0
chained_lap_c8,66,u17,0.7011472952040547,0.7272453322098689,0.7072463269958766,0.7190411491340007,0.7108249512836399,0.7131010109654883,17,"(2, 17, 0)",0.0
chained_lap_c8,66,u3,0.4122663682131453,0.4180221364013061,0.40064716323064525,0.3998093571622983,0.43214697616396536,0.4125784002342721,3,"(2, 3, 0)",0.0
chained_lap_c8,66,u5,0.47973523827907943,0.509290901393656,0.49050018520345506,0.5030846000742859,0.4970619707450916,0.49593457913911354,5,"(2, 5, 0)",0.0
chained_lap_c8,66,u9,0.6103575923857548,0.6232880033885113,0.6036691014159838,0.6152957033913541,0.628655534989712,0.6162531871142631,9,"(2, 9, 0)",0.0
chained_lap_c8,132,ends,0.26446385663572275,0.3043838731670523,0.3020448282255242,0.28053149908043995,0.29971995032873316,0.2902288014874944,2,"(1, 0, 0)",0.0
chained_lap_c8,132,r17_0,0.40371794434870373,0.4373881860077104,0.4187576554872291,0.39280818951787655,0.4451860455274392,0.4195716041777918,17,"(2, 17, 1)",0.0
chained_lap_c8,132,r17_1,0.3969143110961294,0.41071441315827834,0.42030800276324715,0.40911211295459704,0.4137376823307486,0.41015730446060006,17,"(2, 17, 2)",0.0
chained_lap_c8,132,r17_2,0.3931508468588928,0.41824368136002155,0.4209799451756296,0.40298129860530113,0.4318054940566545,0.4134322532112999,17,"(2, 17, 3)",0.0
chained_lap_c8,132,r17_3,0.41405894508913454,0.4304725564026526,0.4216840944970696,0.40578255141045094,0.4269117404528516,0.41978197757043184,17,"(2, 17, 4)",0.0
chained_lap_c8,132,r17_4,0.4027787446660877,0.42401123322583645,0.41213541375607493,0.39604264329416816,0.42543312280886053,0.4120802315502055,17,"(2, 17, 5)",0.0
chained_lap_c8,132,r3_0,0.25726261079925195,0.29059283036275935,0.2882163168457347,0.2781575464457644,0.295225326678981,0.28189092622649825,3,"(2, 3, 1)",0.0
chained_lap_c8,132,r3_1,0.25069058580605597,0.3086213101390044,0.2991988252881615,0.2866982657191954,0.30858856999494677,0.2907595113894728,3,"(2, 3, 2)",0.0
chained_lap_c8,132,r3_2,0.26276398608820356,0.2986001469506152,0.3040516575922074,0.28212044304379014,0.28282024805831246,0.28607129634662576,3,"(2, 3, 3)",0.0
chained_lap_c8,132,r3_3,0.26429980556221977,0.30159264430386135,0.3004867976637109,0.27906725741150096,0.3067488101070577,0.29043906300967015,3,"(2, 3, 4)",0.0
chained_lap_c8,132,r3_4,0.27387487741187894,0.31015793691621263,0.2935533107060108,0.2776438899025141,0.2935845936840023,0.2897629217241237,3,"(2, 3, 5)",0.0
chained_lap_c8,132,r5_0,0.277201047918944,0.32038326989351695,0.30571315770201696,0.28551945000923684,0.3241604408817311,0.30259547328108916,5,"(2, 5, 1)",0.0
chained_lap_c8,132,r5_1,0.27479300841044657,0.31810683188380345,0.3121645357255396,0.292252153542546,0.33384906888582067,0.30623311968963124,5,"(2, 5, 2)",0.0
chained_lap_c8,132,r5_2,0.27337227694541066,0.31832611979407727,0.30578729028151674,0.30953657724937456,0.32063577597801024,0.3055316080496779,5,"(2, 5, 3)",0.0
chained_lap_c8,132,r5_3,0.27676522197023834,0.32902654088345323,0.3141092242311759,0.30386121148137046,0.3219713664536919,0.30914671300398594,5,"(2, 5, 4)",0.0
chained_lap_c8,132,r5_4,0.2827098816827699,0.32175201979286977,0.311077946604589,0.296481809786245,0.3254144658451807,0.30748722474233087,5,"(2, 5, 5)",0.0
chained_lap_c8,132,r9_0,0.31379512213525174,0.36837976921996024,0.3371982930267981,0.33437070756285303,0.37130680765445445,0.3450101399198635,9,"(2, 9, 1)",0.0
chained_lap_c8,132,r9_1,0.34857265670917176,0.3577727053932296,0.3364064451734445,0.3223367604892841,0.35716534853721776,0.3444507832604696,9,"(2, 9, 2)",0.0
chained_lap_c8,132,r9_2,0.3302875618028039,0.3720330226075599,0.3560805775869283,0.3431053824354894,0.3503791539535981,0.3503771396772759,9,"(2, 9, 3)",0.0
chained_lap_c8,132,r9_3,0.3445194631713182,0.3505840289133324,0.34477835994767275,0.321578799011957,0.35191371631497886,0.3426748734718518,9,"(2, 9, 4)",0.0
chained_lap_c8,132,r9_4,0.30325755118567066,0.3780517253276871,0.357892202502051,0.3306011765962829,0.37089734901450827,0.34814000092523995,9,"(2, 9, 5)",0.0
chained_lap_c8,132,s1,0.7020672116484099,0.7180864871200068,0.7231530143912813,0.7072716373977713,0.7125556497988761,0.7126268000712691,133,"(0, 1, 0)",0.0
chained_lap_c8,132,s128,0.2704188714637315,0.29598708144648983,0.3016950975820278,0.2857458747482074,0.2968999898087679,0.29014938300984483,3,"(0, 128, 0)",0.0
chained_lap_c8,132,s16,0.3917577175152993,0.41498561175601945,0.4117628465781046,0.38837295833136226,0.4001465205777591,0.40140513095170893,10,"(0, 16, 0)",0.0
chained_lap_c8,132,s2,0.6715220813251306,0.6754203388642809,0.6739760480041023,0.6751377366189626,0.6755017699014925,0.6743115949427938,67,"(0, 2, 0)",0.0
chained_lap_c8,132,s32,0.31200596289101873,0.3404354103854923,0.3310134135481439,0.31144876606165295,0.35152723507779554,0.3292861575928207,6,"(0, 32, 0)",0.0
chained_lap_c8,132,s4,0.5924380348759093,0.601433587796313,0.6000440692310375,0.5982732798534461,0.6103603709775942,0.60050986854686,34,"(0, 4, 0)",0.0
chained_lap_c8,132,s64,0.27147883929370725,0.31125411952874643,0.2966041457430087,0.2745592191361184,0.3123061296934396,0.29324049067900404,4,"(0, 64, 0)",0.0
chained_lap_c8,132,s8,0.501039835441956,0.507576780020235,0.504575010590884,0.4895809176404097,0.5240630297129281,0.5053671146812826,18,"(0, 8, 0)",0.0
chained_lap_c8,132,u17,0.48733813352366895,0.5054242401697612,0.5011294941942009,0.48516850894926405,0.5128124757768834,0.4983745705227557,17,"(2, 17, 0)",0.0
chained_lap_c8,132,u3,0.26300231125515106,0.3033024556567283,0.29284887730178727,0.264082144992885,0.3031056533895317,0.2852682885192167,3,"(2, 3, 0)",0.0
chained_lap_c8,132,u5,0.31079207402434017,0.3285663071420617,0.32491271488470125,0.2978341920466719,0.34732614536641,0.32188628669283703,5,"(2, 5, 0)",0.0
chained_lap_c8,132,u9,0.364343753891484,0.40057908086584837,0.3948523022947055,0.39840321441395055,0.3821507536303829,0.38806582101927434,9,"(2, 9, 0)",0.0
chained_lap_c8_rc,33,ends,0.620853646853095,0.6618009204994945,0.5695423140510901,0.5802990189570351,0.5355009025759557,0.5935993605873341,2,"(1, 0, 0)",0.0
chained_lap_c8_rc,33,r17_0,0.8286223856657716,0.8598806548733396,0.7948070703942104,0.7992153912994129,0.8325368305274048,0.8230124665520279,17,"(2, 17, 1)",0.0
chained_lap_c8_rc,33,r17_1,0.8264303628033906,0.8464831635977053,0.8112456482224117,0.8148447892362279,0.8321002636676906,0.8262208455054851,17,"(2, 17, 2)",0.0
chained_lap_c8_rc,33,r17_2,0.8222370852368142,0.839772777262249,0.8184570347486325,0.8114383886386503,0.8314803819900826,0.8246771335752856,17,"(2, 17, 3)",0.0
chained_lap_c8_rc,33,r17_3,0.8351658070620744,0.8458015284751281,0.8010296202517181,0.801456107612854,0.825238454222576,0.8217383035248702,17,"(2, 17, 4)",0.0
chained_lap_c8_rc,33,r17_4,0.8340265286264653,0.8464025499129478,0.8084954587006737,0.8151013786585553,0.8240175835449316,0.8256086998887149,17,"(2, 17, 5)",0.0
chained_lap_c8_rc,33,r3_0,0.654707935285545,0.6776597040862472,0.6024931544173838,0.6292301845255597,0.5669746383897508,0.6262131233408974,3,"(2, 3, 1)",0.0
chained_lap_c8_rc,33,r3_1,0.6716815739152295,0.6890324209795564,0.6004238448074014,0.6154784398266991,0.546057291245805,0.6245347141549382,3,"(2, 3, 2)",0.0
chained_lap_c8_rc,33,r3_2,0.6592206465437862,0.6841750010169729,0.6066077949781116,0.6139801995517387,0.5875501883767553,0.6303067660934729,3,"(2, 3, 3)",0.0
chained_lap_c8_rc,33,r3_3,0.6524238996714435,0.6855622178403153,0.6145210638227036,0.6274746989558692,0.615159978480483,0.6390283717541629,3,"(2, 3, 4)",0.0
chained_lap_c8_rc,33,r3_4,0.6555980295369062,0.6813547617117093,0.5953373516019925,0.6222647983556334,0.5507545703673794,0.6210619023147241,3,"(2, 3, 5)",0.0
chained_lap_c8_rc,33,r5_0,0.7036848880596581,0.7215499958326864,0.6750665423489521,0.6634692577654163,0.6340348695173436,0.6795611107048113,5,"(2, 5, 1)",0.0
chained_lap_c8_rc,33,r5_1,0.722357836116712,0.7328773139443397,0.6636381775667254,0.6574862274447333,0.6545547644595355,0.6861828639064091,5,"(2, 5, 2)",0.0
chained_lap_c8_rc,33,r5_2,0.6963232818094334,0.7442506304095196,0.6634724754665879,0.6796692505296724,0.6511557424659382,0.6869742761362303,5,"(2, 5, 3)",0.0
chained_lap_c8_rc,33,r5_3,0.7229602227523776,0.7245177611053466,0.6538854161024945,0.6777667353828812,0.6514690395492155,0.6861198349784632,5,"(2, 5, 4)",0.0
chained_lap_c8_rc,33,r5_4,0.7080623532722887,0.7276644425886437,0.6451427511200435,0.68069270837175,0.6620640910770048,0.6847252692859461,5,"(2, 5, 5)",0.0
chained_lap_c8_rc,33,r9_0,0.7734160631406131,0.7872640899014985,0.7071805813185778,0.7218606329011176,0.7666328585738741,0.7512708451671363,9,"(2, 9, 1)",0.0
chained_lap_c8_rc,33,r9_1,0.7665562103200108,0.7898365384824614,0.7337085763430795,0.7402393839229388,0.7481412548549237,0.7556963927846828,9,"(2, 9, 2)",0.0
chained_lap_c8_rc,33,r9_2,0.7902720902409945,0.7873365608847024,0.71964210487288,0.7455630946254661,0.7298172914329977,0.754526228411408,9,"(2, 9, 3)",0.0
chained_lap_c8_rc,33,r9_3,0.7725715885856936,0.7918938733095238,0.7211488817921975,0.7322218707233216,0.735347984197659,0.750636839721679,9,"(2, 9, 4)",0.0
chained_lap_c8_rc,33,r9_4,0.7595437000705819,0.7925386509772502,0.7422572238965831,0.7329096043978576,0.7394510595032132,0.7533400477690972,9,"(2, 9, 5)",0.0
chained_lap_c8_rc,33,s1,0.877018688149566,0.9043323846192614,0.877870799862049,0.8708308965834741,0.8823742369625481,0.8824854012353797,34,"(0, 1, 0)",0.0
chained_lap_c8_rc,33,s16,0.6874474335548322,0.7006808555287339,0.6199919616102716,0.6485800664385499,0.6078403269865349,0.6529081288237846,4,"(0, 16, 0)",0.0
chained_lap_c8_rc,33,s2,0.8462290830207531,0.8814640766916966,0.8404304594158087,0.8443818068872264,0.8644495048092217,0.8553909861649412,18,"(0, 2, 0)",0.0
chained_lap_c8_rc,33,s32,0.6317138538037654,0.6599340360099726,0.5751890114059759,0.5885482057201169,0.5409378508322271,0.5992645915544117,3,"(0, 32, 0)",0.0
chained_lap_c8_rc,33,s4,0.8143211384252385,0.838051486679601,0.7877276207264632,0.7970727228375148,0.8159378672076699,0.8106221671752974,10,"(0, 4, 0)",0.0
chained_lap_c8_rc,33,s8,0.766873903762362,0.7733983692945159,0.7116483460259109,0.7173302923355205,0.732566269289861,0.740363436141634,6,"(0, 8, 0)",0.0
chained_lap_c8_rc,33,u17,0.847284862667107,0.8774926337854836,0.8404637289927936,0.8387229195794539,0.8640930884889516,0.853611446702758,17,"(2, 17, 0)",0.0
chained_lap_c8_rc,33,u3,0.6753125202152946,0.6953600115438796,0.6152410081559823,0.6425944351342667,0.5924065086186447,0.6441828967336136,3,"(2, 3, 0)",0.0
chained_lap_c8_rc,33,u5,0.7588890328175638,0.7659852870295502,0.7050538216390987,0.7159232339047041,0.7127621839753856,0.7317227118732605,5,"(2, 5, 0)",0.0
chained_lap_c8_rc,33,u9,0.8094869636557586,0.8367493376290767,0.7856922287925134,0.7943499004623034,0.8099142704939245,0.8072385402067154,9,"(2, 9, 0)",0.0
chained_lap_c8_rc,66,ends,0.4872355938672011,0.5169937071868054,0.4683927552409885,0.45093567509804144,0.47628693952791085,0.4799689341841895,2,"(1, 0, 0)",0.0
chained_lap_c8_rc,66,r17_0,0.6688486187225791,0.6869689317829168,0.6291935564957063,0.6292148896293365,0.6247220204932646,0.6477896034247607,17,"(2, 17, 1)",0.0
chained_lap_c8_rc,66,r17_1,0.6646751958379242,0.6850546793471475,0.6239375484410117,0.6268742399234611,0.6206859755725316,0.6442455278244152,17,"(2, 17, 2)",0.0
chained_lap_c8_rc,66,r17_2,0.6582439179605325,0.7084618035834334,0.6272790935897116,0.6239045438419099,0.6235269580698282,0.6482832634090832,17,"(2, 17, 3)",0.0
chained_lap_c8_rc,66,r17_3,0.6593433511797415,0.6790458170696343,0.6367713063711979,0.6454056540923133,0.6373330775439774,0.6515798412513729,17,"(2, 17, 4)",0.0
chained_lap_c8_rc,66,r17_4,0.6597034898486528,0.6897915947148431,0.629252566683679,0.6467139183096556,0.609384638522572,0.6469692416158805,17,"(2, 17, 5)",0.0
chained_lap_c8_rc,66,r3_0,0.48666936750740714,0.5329316057825783,0.4614641500350333,0.4616282138974605,0.45216640743991743,0.4789719489324794,3,"(2, 3, 1)",0.0
chained_lap_c8_rc,66,r3_1,0.4972029820858805,0.534464430227437,0.47701164969157006,0.47366309052725836,0.4507793640295479,0.48662430331233875,3,"(2, 3, 2)",0.0
chained_lap_c8_rc,66,r3_2,0.5017835836319592,0.5358029433695662,0.45184769670963465,0.4744140387917639,0.46602166098625136,0.4859739846978351,3,"(2, 3, 3)",0.0
chained_lap_c8_rc,66,r3_3,0.4825882533436854,0.5410011083501576,0.4750032725559867,0.4679292190154615,0.4558149588345814,0.48446736241997446,3,"(2, 3, 4)",0.0
chained_lap_c8_rc,66,r3_4,0.4897497218919446,0.5421518858542822,0.4747978157430777,0.4632429573878823,0.4532019558138544,0.4846288673382082,3,"(2, 3, 5)",0.0
chained_lap_c8_rc,66,r5_0,0.512715197517203,0.5599735850390274,0.49498583338400504,0.5082585415653601,0.4510541501842954,0.5053974615379782,5,"(2, 5, 1)",0.0
chained_lap_c8_rc,66,r5_1,0.539966084654885,0.5682928158540033,0.5016735582060263,0.5135500992679777,0.4424459251578279,0.5131856966281441,5,"(2, 5, 2)",0.0
chained_lap_c8_rc,66,r5_2,0.5368654296600517,0.5845714535987848,0.4924008406165208,0.5009513766632774,0.4486411039502549,0.5126860408977778,5,"(2, 5, 3)",0.0
chained_lap_c8_rc,66,r5_3,0.5183130036165859,0.5609974052703118,0.49983394358243155,0.4959429246450387,0.45713640987788107,0.5064447373984498,5,"(2, 5, 4)",0.0
chained_lap_c8_rc,66,r5_4,0.5206024105548396,0.5731560233809233,0.4997026413861838,0.49918630450372964,0.42798949461362384,0.5041273748878601,5,"(2, 5, 5)",0.0
chained_lap_c8_rc,66,r9_0,0.586470710576236,0.6112586690505678,0.5447886390885701,0.5222590214311537,0.5355872651106988,0.5600728610514453,9,"(2, 9, 1)",0.0
chained_lap_c8_rc,66,r9_1,0.5484672439783602,0.6261532465329912,0.5564889007919914,0.5647806109219021,0.5283854727454993,0.5648550949941489,9,"(2, 9, 2)",0.0
chained_lap_c8_rc,66,r9_2,0.588256381971452,0.6179270250594443,0.5535800396855468,0.5467388614958275,0.5280610593572127,0.5669126735138967,9,"(2, 9, 3)",0.0
chained_lap_c8_rc,66,r9_3,0.5793413505731266,0.616494238790821,0.5599343467128984,0.5617997851709206,0.5018732075459247,0.5638885857587382,9,"(2, 9, 4)",0.0
chained_lap_c8_rc,66,r9_4,0.587023605251462,0.6112872038429901,0.5572658713109915,0.5363529843514764,0.48932708003469017,0.5562513489583221,9,"(2, 9, 5)",0.0
chained_lap_c8_rc,66,s1,0.8006592744892982,0.8383835986365448,0.8042761898607864,0.7891338263760028,0.8006840325006194,0.8066273843726502,67,"(0, 1, 0)",0.0
chained_lap_c8_rc,66,s16,0.5742997606341699,0.6028855759967732,0.5058043012330986,0.5421837225836346,0.47866566007751643,0.5407678041050386,6,"(0, 16, 0)",0.0
chained_lap_c8_rc,66,s2,0.7605952758844644,0.8073069120039781,0.7643138253796489,0.7558200523539788,0.7875493207688871,0.7751170772781915,34,"(0, 2, 0)",0.0
chained_lap_c8_rc,66,s32,0.5078479344977999,0.5477157243291679,0.4654053629843463,0.473567803036757,0.4339716482477938,0.4857016946191729,4,"(0, 32, 0)",0.0
chained_lap_c8_rc,66,s4,0.7340157964522134,0.7543032829212827,0.7015101293206948,0.7030585745172515,0.7269596192700857,0.7239694804963056,18,"(0, 4, 0)",0.0
chained_lap_c8_rc,66,s64,0.48698704653985125,0.518277976062881,0.4735038812040527,0.4602514921842688,0.4917692484026877,0.48615792887874826,3,"(0, 64, 0)",0.0
chained_lap_c8_rc,66,s8,0.6720554934683237,0.6869811498943562,0.6235932748826614,0.610567041425084,0.6065468354876741,0.6399487590316199,10,"(0, 8, 0)",0.0
chained_lap_c8_rc,66,u17,0.7201253854199945,0.7551619509672427,0.7006364581103957,0.7035978214807925,0.7137608524755122,0.7186564936907875,17,"(2, 17, 0)",0.0
chained_lap_c8_rc,66,u3,0.4959433763393391,0.5532445773436442,0.4519509994472508,0.4614637832114342,0.42160807538644063,0.4768421623456218,3,"(2, 3, 0)",0.0
chained_lap_c8_rc,66,u5,0.5702284631407809,0.5979986758751604,0.4958544807672517,0.535240669087977,0.46571378426202187,0.5330072146266385,5,"(2, 5, 0)",0.0
chained_lap_c8_rc,66,u9,0.6673840169321328,0.6752378300862976,0.6096048376466399,0.6085615363612217,0.5880837086992764,0.6297743859451137,9,"(2, 9, 0)",0.0
chained_lap_c8_rc,132,ends,0.35835374322050895,0.38721030088262265,0.3729188229053537,0.3405135213003826,0.3564445339446674,0.363088184450707,2,"(1, 0, 0)",0.0
chained_lap_c8_rc,132,r17_0,0.4338829859904907,0.5006173778313281,0.4291096742564971,0.4170219888521256,0.38023170888481733,0.43217274716305176,17,"(2, 17, 1)",0.0
chained_lap_c8_rc,132,r17_1,0.4516789920720556,0.47178509492540216,0.42782968990334436,0.42681574798889477,0.37689814918518266,0.4310015348149759,17,"(2, 17, 2)",0.0
chained_lap_c8_rc,132,r17_2,0.4435401290705857,0.4925072815728902,0.44492454607506526,0.42106081327674055,0.3515216376679561,0.4307108815326476,17,"(2, 17, 3)",0.0
chained_lap_c8_rc,132,r17_3,0.4445280757432547,0.49931523774336267,0.4151545817681492,0.41167632194635445,0.3933546874953742,0.432805780939299,17,"(2, 17, 4)",0.0
chained_lap_c8_rc,132,r17_4,0.4469650339876043,0.4802651009311108,0.42104684935538905,0.4310397202570592,0.37287392621595106,0.4304381261494229,17,"(2, 17, 5)",0.0
chained_lap_c8_rc,132,r3_0,0.3516589114761517,0.3853502219341555,0.37317391955892376,0.3264485590339918,0.3642160667921166,0.36016953575906785,3,"(2, 3, 1)",0.0
chained_lap_c8_rc,132,r3_1,0.3571762029617722,0.39009909453650476,0.36414888130829065,0.3307015753689095,0.34964005802673725,0.3583531624404429,3,"(2, 3, 2)",0.0
chained_lap_c8_rc,132,r3_2,0.35769119250369324,0.37696145824594635,0.3694179104523001,0.34208601413358697,0.3384523129330611,0.3569217776537175,3,"(2, 3, 3)",0.0
chained_lap_c8_rc,132,r3_3,0.36631782204393293,0.39263526498034895,0.36886928777620875,0.3227430470127808,0.34768611370877134,0.35965030710440854,3,"(2, 3, 4)",0.0
chained_lap_c8_rc,132,r3_4,0.3551582052871526,0.377819617302116,0.37924899709199783,0.32860171130656807,0.33898360712289155,0.3559624276221452,3,"(2, 3, 5)",0.0
chained_lap_c8_rc,132,r5_0,0.3728109251109037,0.3963134541747557,0.353565382972498,0.3449298305506802,0.36531614933334944,0.3665871484284374,5,"(2, 5, 1)",0.0
chained_lap_c8_rc,132,r5_1,0.36190042463962874,0.3973828855967835,0.3819983828675545,0.34619520411599325,0.3226693587808322,0.3620292512001585,5,"(2, 5, 2)",0.0
chained_lap_c8_rc,132,r5_2,0.3655542579012984,0.3865192967603437,0.3643885220744644,0.3541477370734669,0.3514874389812367,0.36441945055816205,5,"(2, 5, 3)",0.0
chained_lap_c8_rc,132,r5_3,0.3853802421934062,0.4058227557391374,0.369714021107341,0.3546044777605866,0.3312705594777085,0.36935841125563595,5,"(2, 5, 4)",0.0
chained_lap_c8_rc,132,r5_4,0.3484530580233522,0.41617084625034667,0.3668695230651124,0.3390460284091457,0.3543551628987235,0.3649789237293361,5,"(2, 5, 5)",0.0
chained_lap_c8_rc,132,r9_0,0.40901992240285795,0.45723689225514075,0.37888789540145124,0.3727663192609311,0.3183800644860492,0.3872582187612861,9,"(2, 9, 1)",0.0
chained_lap_c8_rc,132,r9_1,0.3877964415778362,0.4349555728249587,0.37660955348474945,0.3424037131469613,0.33613904860630317,0.37558086592816176,9,"(2, 9, 2)",0.0
chained_lap_c8_rc,132,r9_2,0.38730040965984974,0.4444535703601824,0.39590856746616593,0.3718133664029789,0.32032423581973163,0.38396002994178174,9,"(2, 9, 3)",0.0
chained_lap_c8_rc,132,r9_3,0.3931210079580337,0.4417982675939098,0.37580791829786236,0.3736759456985088,0.34814595651628144,0.3865098192129192,9,"(2, 9, 4)",0.0
chained_lap_c8_rc,132,r9_4,0.38006422309541377,0.4515181003230013,0.3885401071398762,0.3620458286415986,0.32532694509817256,0.3814990408596125,9,"(2, 9, 5)",0.0
chained_lap_c8_rc,132,s1,0.6971795287066697,0.7331816601572357,0.7041920175620525,0.6632266297361242,0.6832485981642065,0.6962056868652577,133,"(0, 1, 0)",0.0
chained_lap_c8_rc,132,s128,0.3649416888091139,0.3927546743561695,0.37035278434334906,0.3432091809186424,0.3589742718575252,0.3660465200569599,3,"(0, 128, 0)",0.0
chained_lap_c8_rc,132,s16,0.4467336195568606,0.5059927368426224,0.3881106142576276,0.41570528149566244,0.3483210917669843,0.4209726687839514,10,"(0, 16, 0)",0.0
chained_lap_c8_rc,132,s2,0.6408227474037377,0.6952756535093648,0.6582509429574425,0.6314581816294756,0.6733285207456066,0.6598272092491255,67,"(0, 2, 0)",0.0
chained_lap_c8_rc,132,s32,0.3635606024363298,0.4257081233884219,0.3417739168778038,0.3521630274353575,0.31098311144040924,0.35883775631566445,6,"(0, 32, 0)",0.0
chained_lap_c8_rc,132,s4,0.6019754614010214,0.6458556051523796,0.5909135718586914,0.574117707165804,0.6056792042519106,0.6037083099659615,34,"(0, 4, 0)",0.0
chained_lap_c8_rc,132,s64,0.3555512536366834,0.3822370663333132,0.35629465610631667,0.3286903805249002,0.36386885479321124,0.35732844227888494,4,"(0, 64, 0)",0.0
chained_lap_c8_rc,132,s8,0.5421891424461541,0.57486810672588,0.5069731115569391,0.4896904431884114,0.4854976684332649,0.5198436944701299,18,"(0, 8, 0)",0.0
chained_lap_c8_rc,132,u17,0.5454402749928277,0.5642621890956486,0.4962261258212096,0.485360529503802,0.4573972177388292,0.5097372674304634,17,"(2, 17, 0)",0.0
chained_lap_c8_rc,132,u3,0.3539431905344194,0.38611793024941604,0.3558023227362761,0.3262826404861682,0.3525042030881894,0.3549300574188939,3,"(2, 3, 0)",0.0
chained_lap_c8_rc,132,u5,0.3672966999575141,0.4330402439227579,0.32998222003145705,0.3385174804740893,0.29436836123900745,0.3526410011249652,5,"(2, 5, 0)",0.0
chained_lap_c8_rc,132,u9,0.45920880417593063,0.4965876745544565,0.37888101950133884,0.4176594771650251,0.337328222227974,0.41793303952494504,9,"(2, 9, 0)",0.0
chained_lap_rc,33,ends,0.6171479289115104,0.6669416027865693,0.5718067359709681,0.5779808398510153,0.5376964356625548,0.5943147086365236,2,"(1, 0, 0)",0.0
chained_lap_rc,33,r17_0,0.8292551820530659,0.8608551832884895,0.7949099572690397,0.7986780482047251,0.8329186964561556,0.823323413454295,17,"(2, 17, 1)",0.0
chained_lap_rc,33,r17_1,0.8271664346825032,0.8460769260459744,0.8111885565534162,0.8159650236675386,0.832657916859873,0.826610971561861,17,"(2, 17, 2)",0.0
chained_lap_rc,33,r17_2,0.8255901031081451,0.8388590901410569,0.8186881226577487,0.8115185680667582,0.827458169335288,0.8244228106617992,17,"(2, 17, 3)",0.0
chained_lap_rc,33,r17_3,0.8350777994700924,0.8449739962089489,0.8010303069599538,0.8019873217553156,0.8256523054895416,0.8217443459767704,17,"(2, 17, 4)",0.0
chained_lap_rc,33,r17_4,0.8384907027753394,0.8457265571712783,0.8084554868742978,0.8154506126385022,0.822342970230591,0.8260932659380018,17,"(2, 17, 5)",0.0
chained_lap_rc,33,r3_0,0.6547397695786714,0.6808014996094165,0.6069368485773629,0.6282373197418325,0.5722527918626434,0.6285936458739853,3,"(2, 3, 1)",0.0
chained_lap_rc,33,r3_1,0.6688393103419754,0.6930839339230783,0.6041826413439565,0.6122912503491882,0.5481111853379399,0.6253016642592277,3,"(2, 3, 2)",0.0
chained_lap_rc,33,r3_2,0.6603585840487864,0.6866730426001332,0.6076492327557306,0.6123733426826473,0.5875754959020381,0.6309259395978671,3,"(2, 3, 3)",0.0
chained_lap_rc,33,r3_3,0.6549253663106228,0.6891484863581995,0.6126791882369076,0.627408339941198,0.6131527669292269,0.639462829555231,3,"(2, 3, 4)",0.0
chained_lap_rc,33,r3_4,0.6540242396010203,0.6834755915085188,0.6009234659240217,0.6236884180596489,0.5520667577243497,0.6228356945635118,3,"(2, 3, 5)",0.0
chained_lap_rc,33,r5_0,0.7043353817675007,0.7200638802206063,0.6720590466774609,0.6635567508511746,0.6312119179344146,0.6782453954902314,5,"(2, 5, 1)",0.0
chained_lap_rc,33,r5_1,0.7209213573837596,0.7308405384407078,0.661382593906329,0.6568361882498046,0.6558387071563218,0.6851638770273845,5,"(2, 5, 2)",0.0
chained_lap_rc,33,r5_2,0.6916686309665183,0.7424105585496885,0.6634388020441677,0.6782340228793802,0.651545481467201,0.6854594991813912,5,"(2, 5, 3)",0.0
chained_lap_rc,33,r5_3,0.7260299713334507,0.7240909327915342,0.6524522544809074,0.675887540468325,0.6512558594829759,0.6859433117114386,5,"(2, 5, 4)",0.0
chained_lap_rc,33,r5_4,0.7049577290168182,0.7272244628932629,0.6443275616768755,0.6805161068475687,0.6630922992649773,0.6840236319399006,5,"(2, 5, 5)",0.0
chained_lap_rc,33,r9_0,0.7775624766456285,0.7860529715505566,0.7067187990643828,0.7224315965326056,0.7630661578594089,0.7511664003305165,9,"(2, 9, 1)",0.0
chained_lap_rc,33,r9_1,0.7702420432259415,0.7904436622532601,0.7334543317133434,0.7422011984096473,0.7452295707389298,0.7563141612682245,9,"(2, 9, 2)",0.0
chained_lap_rc,33,r9_2,0.7902697467728668,0.7867699377179014,0.7190707700353918,0.7450192687024979,0.72719210514592,0.7536643656749156,9,"(2, 9, 3)",0.0
chained_lap_rc,33,r9_3,0.7758882616915181,0.7920121255404615,0.7200818497541457,0.7292553330925357,0.7380375004928906,0.7510550141143103,9,"(2, 9, 4)",0.0
chained_lap_rc,33,r9_4,0.7588842082992716,0.7920536378327365,0.7416687775201037,0.7305262690010715,0.7387412752505098,0.7523748335807386,9,"(2, 9, 5)",0.0
chained_lap_rc,33,s1,0.8807992242478853,0.9036872534361378,0.8780277334676605,0.8707563071958477,0.8827764254123135,0.8832093887519689,34,"(0, 1, 0)",0.0
chained_lap_rc,33,s16,0.6835454398865393,0.6999256589338346,0.6199645599308562,0.6468887652813919,0.6089420426842455,0.6518532933433734,4,"(0, 16, 0)",0.0
chained_lap_rc,33,s2,0.8500355642531321,0.8810772231114831,0.8404946441807333,0.843706257234244,0.8646649000392006,0.8559957177637587,18,"(0, 2, 0)",0.0
chained_lap_rc,33,s32,0.6378906948096674,0.6665232436735287,0.5775512478657424,0.5861157591409263,0.5429225464658342,0.6022006983911398,3,"(0, 32, 0)",0.0
chained_lap_rc,33,s4,0.8155494837359436,0.8389642292622252,0.788924069247046,0.7982791671179068,0.8095482403919496,0.8102530379510142,10,"(0, 4, 0)",0.0
chained_lap_rc,33,s8,0.7672571070340077,0.773241842094286,0.7135513122378548,0.7180301017140727,0.7278514223300124,0.7399863570820467,6,"(0, 8, 0)",0.0
chained_lap_rc,33,u17,0.8504323137092978,0.8770362562496974,0.8403684537246847,0.8393164183444766,0.864567101630674,0.854344108731766,17,"(2, 17, 0)",0.0
chained_lap_rc,33,u3,0.6743640720581887,0.6970005232542262,0.6160420704553289,0.641351055779075,0.5944079335402254,0.6446331310174089,3,"(2, 3, 0)",0.0
chained_lap_rc,33,u5,0.7575226663157699,0.7672626396257233,0.7045472612122892,0.7166277104328527,0.7121850306869838,0.7316290616547237,5,"(2, 5, 0)",0.0
chained_lap_rc,33,u9,0.810269380018778,0.8370786788563229,0.7854849020620118,0.7921249182414207,0.8083727190773559,0.806666119651178,9,"(2, 9, 0)",0.0
chained_lap_rc,66,ends,0.4874742764825288,0.5266288334940306,0.46517344967659013,0.46020461420877085,0.5022288332501431,0.4883420014224127,2,"(1, 0, 0)",0.0
chained_lap_rc,66,r17_0,0.6734966396086537,0.6843304824065222,0.6298214083071597,0.6316789702501261,0.6253880840812859,0.6489431169307495,17,"(2, 17, 1)",0.0
chained_lap_rc,66,r17_1,0.6685647171051314,0.6842996625683077,0.6257021236857994,0.626955486899344,0.6200714446207094,0.6451186869758584,17,"(2, 17, 2)",0.0
chained_lap_rc,66,r17_2,0.661736438066838,0.7084941614838329,0.626699282549936,0.6219875048151158,0.6226900192632703,0.6483214812357986,17,"(2, 17, 3)",0.0
chained_lap_rc,66,r17_3,0.6570781200596607,0.6808465116074964,0.6366430260758753,0.6478362893468085,0.6322542176280348,0.6509316329435751,17,"(2, 17, 4)",0.0
chained_lap_rc,66,r17_4,0.6620657958257139,0.6913240233685227,0.6285303994259839,0.6470421665259555,0.6102065166391133,0.6478337803570579,17,"(2, 17, 5)",0.0
chained_lap_rc,66,r3_0,0.48805605601138563,0.5353325542368547,0.4572578953455407,0.47985508045871955,0.4719532067181669,0.48649095855413355,3,"(2, 3, 1)",0.0
chained_lap_rc,66,r3_1,0.4868481865172135,0.543995185526533,0.4746402052653537,0.47014734423337445,0.4572356436171179,0.48657331303191853,3,"(2, 3, 2)",0.0
chained_lap_rc,66,r3_2,0.5088193072480763,0.5370363974186785,0.450786388507991,0.47157337755965073,0.4727813134290698,0.4881993568326933,3,"(2, 3, 3)",0.0
chained_lap_rc,66,r3_3,0.48046892339052977,0.5514981375519824,0.4739999349835674,0.4671155531865087,0.469113512222116,0.48843921226694087,3,"(2, 3, 4)",0.0
chained_lap_rc,66,r3_4,0.4982953948511797,0.5524177420974854,0.4747989212542561,0.4741571824348378,0.45746866297118793,0.49142758072178944,3,"(2, 3, 5)",0.0
chained_lap_rc,66,r5_0,0.5198386109644003,0.5637366510949157,0.49703500434242043,0.5073217846048418,0.4583356488965198,0.5092535399806195,5,"(2, 5, 1)",0.0
chained_lap_rc,66,r5_1,0.5372539852609387,0.5673471169981824,0.5038279975512292,0.5113953866708659,0.4486706755661331,0.5136990324094699,5,"(2, 5, 2)",0.0
chained_lap_rc,66,r5_2,0.5466663726643577,0.5904924665950685,0.4884317903133065,0.5051745560865691,0.4511944613028367,0.5163919293924277,5,"(2, 5, 3)",0.0
chained_lap_rc,66,r5_3,0.5252457126177119,0.5630148505626942,0.4991040914365273,0.5026089076147576,0.4639153443854729,0.5107777813234329,5,"(2, 5, 4)",0.0
chained_lap_rc,66,r5_4,0.5177885214440879,0.5784850395978287,0.501375648095449,0.49447658175994613,0.43741761804456836,0.505908681788376,5,"(2, 5, 5)",0.0
chained_lap_rc,66,r9_0,0.5856691271912933,0.6187694393840192,0.5456362306291722,0.5257601999586347,0.5316660680754745,0.5615002130477188,9,"(2, 9, 1)",0.0
chained_lap_rc,66,r9_1,0.5518377375372144,0.62516056527217,0.5555124889425337,0.5649165938978443,0.528376495108065,0.5651607761515656,9,"(2, 9, 2)",0.0
chained_lap_rc,66,r9_2,0.5866722777118443,0.6145095251764866,0.5528358092181003,0.5473645078189978,0.5254327232729525,0.5653629686396763,9,"(2, 9, 3)",0.0
chained_lap_rc,66,r9_3,0.5809622037645705,0.6114421809873691,0.5614113628004677,0.5599002015977841,0.506435349969392,0.5640302598239166,9,"(2, 9, 4)",0.0
chained_lap_rc,66,r9_4,0.5842859954097679,0.6142886395275134,0.5574425881973766,0.5370228910103417,0.49612622459038214,0.5578332677470763,9,"(2, 9, 5)",0.0
chained_lap_rc,66,s1,0.805042514798751,0.8371234861449508,0.8045575629586388,0.7888228796539539,0.8014082483242192,0.8073909383761027,67,"(0, 1, 0)",0.0
chained_lap_rc,66,s16,0.5711884373494376,0.602235236109428,0.5051458717562456,0.542168190616204,0.47731410754864523,0.5396103686759921,6,"(0, 16, 0)",0.0
chained_lap_rc,66,s2,0.7645996376847538,0.8067912212760859,0.7642176883162132,0.7559865563652505,0.7886751271978314,0.776054046168027,34,"(0, 2, 0)",0.0
chained_lap_rc,66,s32,0.5129110782292611,0.559376256737156,0.46766703331404064,0.46501704291352214,0.4447365404130059,0.4899415903213972,4,"(0, 32, 0)",0.0
chained_lap_rc,66,s4,0.7345823644768443,0.7554937486863706,0.7029259935681367,0.7044714925371354,0.7172229219246647,0.7229393042386303,18,"(0, 4, 0)",0.0
chained_lap_rc,66,s64,0.5000649371681429,0.5289113088932439,0.46956091009659806,0.46133912985125886,0.5107421621714829,0.49412368963614534,3,"(0, 64, 0)",0.0
chained_lap_rc,66,s8,0.6743746467560346,0.6848944469355138,0.6256799568001891,0.6118879272846505,0.6037134344039783,0.6401100824360734,10,"(0, 8, 0)",0.0
chained_lap_rc,66,u17,0.7219460329786339,0.7558038359545636,0.7002745316326053,0.6993788436514906,0.7108853641654342,0.7176577216765455,17,"(2, 17, 0)",0.0
chained_lap_rc,66,u3,0.4810201135988083,0.5640243054657019,0.45525752090045285,0.455415189448771,0.4395330388840251,0.47905003365955184,3,"(2, 3, 0)",0.0
chained_lap_rc,66,u5,0.5677771858349082,0.601247899537379,0.49750039141985003,0.5348974111043244,0.4669806671420914,0.5336807110077106,5,"(2, 5, 0)",0.0
chained_lap_rc,66,u9,0.665822815197095,0.6774457920204372,0.6086135090434256,0.609881965951338,0.587218090364576,0.6297964345153744,9,"(2, 9, 0)",0.0
chained_lap_rc,132,ends,0.3550608501226614,0.3838935425825323,0.36974097702759073,0.3398672486927519,0.3559206445001845,0.36089665258514414,2,"(1, 0, 0)",0.9176470588235294
chained_lap_rc,132,r17_0,0.43225129180444183,0.5085544910729578,0.4257212985265748,0.41679267340825776,0.3830145924659742,0.4332668694556413,17,"(2, 17, 1)",0.0
chained_lap_rc,132,r17_1,0.4495401463370402,0.46854349663092987,0.4271658755465808,0.422342794130472,0.38214036057855494,0.4299465346447155,17,"(2, 17, 2)",0.0
chained_lap_rc,132,r17_2,0.44573397338791715,0.4960610096347237,0.44259457271590247,0.4182793038758402,0.3547551844869325,0.43148480882026313,17,"(2, 17, 3)",0.0
chained_lap_rc,132,r17_3,0.4425931822158208,0.4980739607902971,0.4109213004849477,0.41331442149266423,0.3945428043561408,0.4318891338679742,17,"(2, 17, 4)",0.0
chained_lap_rc,132,r17_4,0.4458920932851857,0.4781317779060919,0.41435843981658227,0.43195088785049407,0.3811782099553713,0.43030228176274504,17,"(2, 17, 5)",0.0
chained_lap_rc,132,r3_0,0.34656716793676823,0.3863366532282676,0.36936042315857376,0.3331888789590517,0.3763817305989131,0.3623669707763149,3,"(2, 3, 1)",0.3411764705882353
chained_lap_rc,132,r3_1,0.3646100039908197,0.38174576342470673,0.36388723210531376,0.3395912841648092,0.35403023933502464,0.36077290460413486,3,"(2, 3, 2)",0.3588235294117647
chained_lap_rc,132,r3_2,0.3536338139748993,0.3853318508027054,0.36487126977638124,0.34350115508961376,0.3364860743720046,0.3567648328031208,3,"(2, 3, 3)",0.37058823529411766
chained_lap_rc,132,r3_3,0.36148380309924777,0.38794232309734195,0.36720552339545925,0.3216005725226712,0.355610989227485,0.358768642268441,3,"(2, 3, 4)",0.34705882352941175
chained_lap_rc,132,r3_4,0.35671067231273623,0.37816972662277526,0.3772461164006684,0.33504553741923754,0.34392913975103434,0.35822023850129037,3,"(2, 3, 5)",0.36470588235294116
chained_lap_rc,132,r5_0,0.36937340018302134,0.40477828953603756,0.3633470455956277,0.3485093428827971,0.36095577539689827,0.3693927707188764,5,"(2, 5, 1)",0.05588235294117647
chained_lap_rc,132,r5_1,0.3620257733274373,0.3885294050523439,0.37382276606541653,0.3449995272793758,0.33028807622338446,0.35993310958959157,5,"(2, 5, 2)",0.052941176470588235
chained_lap_rc,132,r5_2,0.3702995772523213,0.38956859120548526,0.35535980339786866,0.35015238501343016,0.3671486617934741,0.3665058037325159,5,"(2, 5, 3)",0.047058823529411764
chained_lap_rc,132,r5_3,0.37961273964633374,0.41436163315801666,0.373754029453348,0.3616373085909086,0.3161158982597906,0.36909632182167956,5,"(2, 5, 4)",0.09117647058823529
chained_lap_rc,132,r5_4,0.3565218250439584,0.4298923163910499,0.3666760831919172,0.3453047065126104,0.35229102037664745,0.37013719030323666,5,"(2, 5, 5)",0.058823529411764705
chained_lap_rc,132,r9_0,0.41101797365857895,0.45591640722161386,0.37473875134612983,0.37162189727525646,0.33102167898296936,0.3888633416969097,9,"(2, 9, 1)",0.0014705882352941176
chained_lap_rc,132,r9_1,0.38466661985482953,0.4501389763396818,0.37185619618447285,0.3440431396276591,0.33993031496124554,0.3781270493935778,9,"(2, 9, 2)",0.0014705882352941176
chained_lap_rc,132,r9_2,0.3846662988877289,0.45585435319260914,0.3944160887899767,0.37150599231846804,0.32885403675225156,0.38705935398820684,9,"(2, 9, 3)",0.0014705882352941176
chained_lap_rc,132,r9_3,0.3954991298592681,0.451171243980922,0.38075981412702964,0.3827232601628496,0.35036014158035744,0.3921027179420854,9,"(2, 9, 4)",0.0014705882352941176
chained_lap_rc,132,r9_4,0.3831409831156158,0.4499743387018138,0.38496935864519943,0.3702453537254378,0.323269427646377,0.3823198923668888,9,"(2, 9, 5)",0.0029411764705882353
chained_lap_rc,132,s1,0.6964018812420955,0.7309584631486826,0.704767891940647,0.6630313247501496,0.6839392187397016,0.6958197559642553,133,"(0, 1, 0)",0.0
chained_lap_rc,132,s128,0.3609543780264806,0.3887079246725325,0.36794786668122687,0.3423488893265796,0.35898263489975624,0.36378833872131516,3,"(0, 128, 0)",0.45294117647058824
chained_lap_rc,132,s16,0.44078105689380676,0.5088803092282348,0.38889610098890515,0.415291084968694,0.34365150366901454,0.419500011149731,10,"(0, 16, 0)",0.0
chained_lap_rc,132,s2,0.6405704300058397,0.6944668946015791,0.6583528629508965,0.6310275762919851,0.67432324183118,0.6597482011362962,67,"(0, 2, 0)",0.0
chained_lap_rc,132,s32,0.3595484465472556,0.4326877945700667,0.3457928624676752,0.3496719067856545,0.3233793670858116,0.3622160754912927,6,"(0, 32, 0)",0.0
chained_lap_rc,132,s4,0.6029489224662884,0.646399320445056,0.5923990891732993,0.5760267218608235,0.5956934430046781,0.602693499390029,34,"(0, 4, 0)",0.0
chained_lap_rc,132,s64,0.36956222729831517,0.37559500222491826,0.3479552772072295,0.3421472449927612,0.38877345734742663,0.36480664181413014,4,"(0, 64, 0)",0.0
chained_lap_rc,132,s8,0.5471763551022542,0.5741967480821026,0.5084209379431215,0.49062281269693764,0.48372651055848476,0.5208286728765802,18,"(0, 8, 0)",0.0
chained_lap_rc,132,u17,0.5416858914063805,0.5683181975588608,0.4944993382192839,0.4879789136885742,0.45871875555710934,0.5102402192860418,17,"(2, 17, 0)",0.0
chained_lap_rc,132,u3,0.35298459630151846,0.38704402666985294,0.34626968900255306,0.3429475463964492,0.38841263160170225,0.3635316979944152,3,"(2, 3, 0)",0.0
chained_lap_rc,132,u5,0.35214748835932314,0.44483882597496793,0.337839599547336,0.3324071362000081,0.3214288714627212,0.3577323843088712,5,"(2, 5, 0)",0.0
chained_lap_rc,132,u9,0.4570681412950244,0.4984782577933328,0.3776058765393602,0.42123417134635943,0.34122052775645917,0.4191213949461072,9,"(2, 9, 0)",0.0
chained_lap_soft,33,ends,0.5218917122591941,0.5300161536263285,0.5002107648639187,0.5009704317320327,0.5355747818772917,0.5177327688717532,2,"(1, 0, 0)",0.0
chained_lap_soft,33,r17_0,0.811418290816938,0.8394699167469467,0.7991136781994399,0.825825852805421,0.822551518617801,0.8196758514373093,17,"(2, 17, 1)",0.0
chained_lap_soft,33,r17_1,0.8141372030746072,0.8323697136753271,0.8064493232787849,0.8299191972524769,0.8314333051827336,0.8228617484927859,17,"(2, 17, 2)",0.0
chained_lap_soft,33,r17_2,0.8071695448243975,0.8269398693422604,0.8187553162104346,0.8363823355397952,0.827985875714084,0.8234465883261943,17,"(2, 17, 3)",0.0
chained_lap_soft,33,r17_3,0.8263026327539247,0.8347487993050061,0.8037183811285076,0.8271305429829869,0.8206198752587105,0.8225040462858273,17,"(2, 17, 4)",0.0
chained_lap_soft,33,r17_4,0.830629308192906,0.8182007541121594,0.8118184243239461,0.8284291162001786,0.826493810957421,0.8231142827573222,17,"(2, 17, 5)",0.0
chained_lap_soft,33,r3_0,0.5748381395511492,0.5753051304736945,0.563126983881834,0.575637426988661,0.5894468411139053,0.5756709044018489,3,"(2, 3, 1)",0.0
chained_lap_soft,33,r3_1,0.5688415076353749,0.5907274421641253,0.5519738864402918,0.5721368831571785,0.5880943823839774,0.5743548203561895,3,"(2, 3, 2)",0.0
chained_lap_soft,33,r3_2,0.5764456021753376,0.5933379762397868,0.5600824394638365,0.5467497117373818,0.598641220839484,0.5750513900911655,3,"(2, 3, 3)",0.0
chained_lap_soft,33,r3_3,0.5750353194250808,0.5907163238077762,0.5628860472515075,0.5718366956613418,0.6003326168752556,0.5801614006041923,3,"(2, 3, 4)",0.0
chained_lap_soft,33,r3_4,0.5631302133717496,0.5830237379557682,0.5426822008636351,0.5732767642801863,0.5810551795837796,0.5686336192110237,3,"(2, 3, 5)",0.0
chained_lap_soft,33,r5_0,0.6454552345435027,0.652654481498308,0.6353797371521627,0.6438616144149719,0.6374446156373526,0.6429591366492595,5,"(2, 5, 1)",0.0
chained_lap_soft,33,r5_1,0.6626634333446851,0.648735506215359,0.6258263993388382,0.627826555808213,0.6630571576760168,0.6456218104766225,5,"(2, 5, 2)",0.0
chained_lap_soft,33,r5_2,0.6254402896671923,0.6757078379566093,0.6369723987132745,0.6506623372272957,0.664890017554101,0.6507345762236947,5,"(2, 5, 3)",0.0
chained_lap_soft,33,r5_3,0.6475454849513591,0.6659548530204995,0.6252607990068517,0.6443932163236236,0.6638564259568339,0.6494021558518336,5,"(2, 5, 4)",0.0
chained_lap_soft,33,r5_4,0.647266815456514,0.6573905947133921,0.6224004576978869,0.644967758621282,0.6788493864509517,0.6501750025880054,5,"(2, 5, 5)",0.0
chained_lap_soft,33,r9_0,0.7313311614719396,0.752366277180078,0.7035951615514873,0.7227615262775818,0.757579928368757,0.7335268109699686,9,"(2, 9, 1)",0.0
chained_lap_soft,33,r9_1,0.7413960341706386,0.7478866026556217,0.7163745854231567,0.7528867827962917,0.756312507942599,0.7429713025976615,9,"(2, 9, 2)",0.0
chained_lap_soft,33,r9_2,0.7436400345729307,0.7498524350603266,0.712483272296418,0.7545719997032853,0.7291208802281683,0.7379337243722258,9,"(2, 9, 3)",0.0
chained_lap_soft,33,r9_3,0.7335582674292127,0.7488012223729681,0.702727252064128,0.7343225507846778,0.7519269775968462,0.7342672540495666,9,"(2, 9, 4)",0.0
chained_lap_soft,33,r9_4,0.7243259503496389,0.731968591489356,0.7290736970527295,0.7424444570551101,0.7416123651204632,0.7338850122134595,9,"(2, 9, 5)",0.0
chained_lap_soft,33,s1,0.8881568114662904,0.8990832599382067,0.887477218191987,0.8932768774576599,0.8937066552923879,0.8923401644693063,34,"(0, 1, 0)",0.0
chained_lap_soft,33,s16,0.6105135053012953,0.6193321354353547,0.5971965143924509,0.6157427727245317,0.6191852342592017,0.6123940324225668,4,"(0, 16, 0)",0.0
chained_lap_soft,33,s2,0.8634750755009325,0.8700469811225678,0.8527156883280658,0.8666611389855324,0.8723534070626338,0.8650504581999463,18,"(0, 2, 0)",0.0
chained_lap_soft,33,s32,0.5289674060802003,0.5369680857491687,0.5058123446571893,0.5174203310718364,0.5447347210256204,0.5267805777168031,3,"(0, 32, 0)",0.0
chained_lap_soft,33,s4,0.806585454150623,0.8173926264480136,0.797527586027438,0.8172185598426225,0.8118687920938996,0.8101186037125194,10,"(0, 4, 0)",0.0
chained_lap_soft,33,s8,0.7197770824208002,0.7295903781100921,0.7068423453604326,0.7243093383917434,0.7317229764492369,0.722448424146461,6,"(0, 8, 0)",0.0
chained_lap_soft,33,u17,0.8557260549018192,0.8695754470374709,0.850338428257558,0.8638273604964788,0.8689173341115397,0.8616769249609734,17,"(2, 17, 0)",0.0
chained_lap_soft,33,u3,0.5928214283421994,0.614503539135087,0.5878005998856567,0.6081260036689519,0.6087387797525307,0.6023980701568852,3,"(2, 3, 0)",0.0
chained_lap_soft,33,u5,0.7131474345581228,0.7237460988909821,0.6985488481586093,0.7201950264155246,0.7271973233919766,0.7165669462830431,5,"(2, 5, 0)",0.0
chained_lap_soft,33,u9,0.7967647910760466,0.816151684585176,0.7912052149489308,0.8078738895168922,0.8048212938282823,0.8033633747910656,9,"(2, 9, 0)",0.0
chained_lap_soft,66,ends,0.3683033046480233,0.38805715173494976,0.3732645945298798,0.3772099816913115,0.4048514060352678,0.38233728772788644,2,"(1, 0, 0)",0.0
chained_lap_soft,66,r17_0,0.6326887755270982,0.6331011422012616,0.6202320509819778,0.6251681521343241,0.6355629597821909,0.6293506161253706,17,"(2, 17, 1)",0.0
chained_lap_soft,66,r17_1,0.6081755420477973,0.6359020667200691,0.6107723358560903,0.6246011920052187,0.6262033080659379,0.6211308889390226,17,"(2, 17, 2)",0.0
chained_lap_soft,66,r17_2,0.6267307910125213,0.645674121116856,0.6293643191548353,0.6184468744605273,0.6331716208082543,0.6306775453105988,17,"(2, 17, 3)",0.0
chained_lap_soft,66,r17_3,0.6297685943264267,0.6249035415608275,0.6152222486101563,0.6319429968210726,0.6497107879826496,0.6303096338602264,17,"(2, 17, 4)",0.0
chained_lap_soft,66,r17_4,0.6263248878617331,0.6455036307928632,0.6284331683215441,0.6368970707884993,0.627672836380578,0.6329663188290435,17,"(2, 17, 5)",0.0
chained_lap_soft,66,r3_0,0.3855393372136854,0.40554843377224786,0.3914621439218706,0.3952227659898854,0.41830692630387883,0.3992159214403136,3,"(2, 3, 1)",0.0
chained_lap_soft,66,r3_1,0.3901021067431534,0.4123220902066327,0.3902845963812846,0.39575671525032713,0.41567800015420103,0.4008287017471198,3,"(2, 3, 2)",0.0
chained_lap_soft,66,r3_2,0.37805452354612445,0.3936157265828991,0.40236193210201615,0.40772058966026853,0.4212029718980743,0.4005911487578765,3,"(2, 3, 3)",0.0
chained_lap_soft,66,r3_3,0.3890682880469577,0.40660114004883613,0.39651136082042737,0.39858919532537956,0.40717392491445414,0.399588781831211,3,"(2, 3, 4)",0.0
chained_lap_soft,66,r3_4,0.38324159319705114,0.42108124961112164,0.40538125368198613,0.40069717272834793,0.42364932719335724,0.4068101192823728,3,"(2, 3, 5)",0.0
chained_lap_soft,66,r5_0,0.449672853319787,0.4635236430112393,0.4449172854498978,0.45611673645504824,0.4692026081324178,0.456686625273678,5,"(2, 5, 1)",0.0
chained_lap_soft,66,r5_1,0.42933895300106295,0.46568320388196116,0.4475347477085541,0.4484786360753554,0.4545342384138118,0.4491139558161491,5,"(2, 5, 2)",0.0
chained_lap_soft,66,r5_2,0.4430637428023616,0.4794194378798801,0.4543398558593386,0.4393124660984317,0.46624083111464937,0.4564752667509323,5,"(2, 5, 3)",0.0
chained_lap_soft,66,r5_3,0.4424301893452491,0.4562464918957209,0.4505473556662337,0.4382226780456926,0.4690254136799274,0.4512944257265647,5,"(2, 5, 4)",0.0
chained_lap_soft,66,r5_4,0.4252443238286821,0.47225382885608047,0.4510564835356441,0.4321624079082432,0.48624951752441853,0.45339331233061364,5,"(2, 5, 5)",0.0
chained_lap_soft,66,r9_0,0.525911254037145,0.5360064314252092,0.5302616517710912,0.49777746632168135,0.552822156024624,0.5285557919159501,9,"(2, 9, 1)",0.0
chained_lap_soft,66,r9_1,0.5032557699503174,0.5558248004895299,0.5266563108930991,0.5159848170346727,0.5613530852983843,0.5326149567332006,9,"(2, 9, 2)",0.0
chained_lap_soft,66,r9_2,0.5358731899302098,0.5280463308335352,0.5344507047205311,0.5314217830597003,0.5434382565467302,0.5346460530181413,9,"(2, 9, 3)",0.0
chained_lap_soft,66,r9_3,0.5164089298285667,0.5395579674038021,0.5074003410385954,0.5183919070633213,0.5375685701464712,0.5238655430961513,9,"(2, 9, 4)",0.0
chained_lap_soft,66,r9_4,0.5295175710674067,0.535279204267059,0.5321712552098019,0.51512614638169,0.5326042195284084,0.5289396792908733,9,"(2, 9, 5)",0.0
chained_lap_soft,66,s1,0.8111592707723828,0.8287041806497039,0.8205819846995578,0.8224950881234203,0.8209217542369907,0.8207724556964111,67,"(0, 1, 0)",0.0
chained_lap_soft,66,s16,0.5029127082519644,0.524410470805488,0.5046734099138883,0.5040171018591472,0.5124794028960971,0.5096986187453171,6,"(0, 16, 0)",0.0
chained_lap_soft,66,s2,0.7810936634696612,0.7937086010875287,0.7773610517627288,0.7876791710449791,0.7891413347791284,0.7857967644288052,34,"(0, 2, 0)",0.0
chained_lap_soft,66,s32,0.4221650681836885,0.42732305807537113,0.41486439875829334,0.4102921682277579,0.4434174116085481,0.4236124209707318,4,"(0, 32, 0)",0.0
chained_lap_soft,66,s4,0.7129317401324959,0.7260466701351809,0.7121156707090096,0.7278045226029262,0.7214013940097659,0.7200599995178757,18,"(0, 4, 0)",0.0
chained_lap_soft,66,s64,0.3730250546292427,0.38762254867424156,0.374158220206739,0.37710953234747746,0.4071975003560277,0.3838225712427457,3,"(0, 64, 0)",0.0
chained_lap_soft,66,s8,0.6181465748847543,0.6311397881738362,0.6108798164098843,0.6193782608406257,0.6382447492279482,0.6235578379074097,10,"(0, 8, 0)",0.0
chained_lap_soft,66,u17,0.7011472952040547,0.7271405579982948,0.7072781154121778,0.719076591274706,0.7108249512836399,0.7130935022345747,17,"(2, 17, 0)",0.0
chained_lap_soft,66,u3,0.4140847834287096,0.4194321893138362,0.4029189691173129,0.4011513885343839,0.43513784005751005,0.4145450340903505,3,"(2, 3, 0)",0.0
chained_lap_soft,66,u5,0.4797637356438623,0.5095042992827467,0.49065863413948096,0.504102785778037,0.4974577487579556,0.4962974407204165,5,"(2, 5, 0)",0.0
chained_lap_soft,66,u9,0.6103575923857548,0.6233494888779357,0.6036691014159838,0.6152957033913541,0.628655534989712,0.6162654842121482,9,"(2, 9, 0)",0.0
chained_lap_soft,132,ends,0.26568555460848303,0.30565236825155984,0.3087134072705537,0.2863736788867621,0.3000108735250093,0.2932871765084736,2,"(1, 0, 0)",0.0
chained_lap_soft,132,r17_0,0.40414465618219386,0.4377237043876086,0.41893783648075084,0.39303935903451354,0.44526921865728464,0.4198229549484703,17,"(2, 17, 1)",0.0
chained_lap_soft,132,r17_1,0.39736094152083684,0.4112946691659877,0.42019664683141805,0.409311881563513,0.41439362376653205,0.41051155256965755,17,"(2, 17, 2)",0.0
chained_lap_soft,132,r17_2,0.3935633334536309,0.4187453731364123,0.4218897761328928,0.4042761313954287,0.4323686350214758,0.4141686498279681,17,"(2, 17, 3)",0.0
chained_lap_soft,132,r17_3,0.41469216461874253,0.43077922209055247,0.4218389925963848,0.406241459812144,0.4285631688048862,0.420423001584542,17,"(2, 17, 4)",0.0
chained_lap_soft,132,r17_4,0.40386342346819726,0.4247211685116587,0.41258536951626273,0.3966241867847529,0.4266974870890613,0.4128983270739866,17,"(2, 17, 5)",0.0
chained_lap_soft,132,r3_0,0.2619003173526395,0.299534798916137,0.2979422538305387,0.28341679899484046,0.30533589100125863,0.2896260120190829,3,"(2, 3, 1)",0.0
chained_lap_soft,132,r3_1,0.2547031552166468,0.31247941899443576,0.3048778413522267,0.2880260587264037,0.3159447980775094,0.29520625447344445,3,"(2, 3, 2)",0.0
chained_lap_soft,132,r3_2,0.2669225222568351,0.3070987571755283,0.3118283418251589,0.28844954534220096,0.2899588309390505,0.29285159950775475,3,"(2, 3, 3)",0.0
chained_lap_soft,132,r3_3,0.26866452562792964,0.3080240952294994,0.3079491799354181,0.2781967153174895,0.3111081453613091,0.2947885322943292,3,"(2, 3, 4)",0.0
chained_lap_soft,132,r3_4,0.28349460333501963,0.3123363545832582,0.3031188609758278,0.2837890835896482,0.3027274074635706,0.2970932619894649,3,"(2, 3, 5)",0.0
chained_lap_soft,132,r5_0,0.28274623568880525,0.3263102784750787,0.3106963483231365,0.28616182878194146,0.33127075891877894,0.30743709003754816,5,"(2, 5, 1)",0.0
chained_lap_soft,132,r5_1,0.2800920863233776,0.323265488653694,0.31475737587580116,0.2972998324199622,0.3393759328776769,0.3109581432301024,5,"(2, 5, 2)",0.0
chained_lap_soft,132,r5_2,0.2777347096099074,0.3254805264780348,0.30811371257006454,0.31375904918555386,0.32429270308052294,0.3098761401848167,5,"(2, 5, 3)",0.0
chained_lap_soft,132,r5_3,0.28162256570178995,0.3349966436159292,0.32026073348804274,0.3095833835290933,0.3264507207624742,0.3145828094194659,5,"(2, 5, 4)",0.0
chained_lap_soft,132,r5_4,0.2885932823165008,0.32626164768616095,0.31580391041285394,0.30034329635113355,0.3289540886749179,0.31199124508831344,5,"(2, 5, 5)",0.0
chained_lap_soft,132,r9_0,0.31538924150570463,0.372988370631285,0.34085922968578286,0.3357074970200968,0.37407910678137113,0.3478046891248481,9,"(2, 9, 1)",0.0
chained_lap_soft,132,r9_1,0.3507646858479959,0.3614266729769336,0.33937636479372624,0.32449759936032363,0.3596429887348941,0.3471416623427747,9,"(2, 9, 2)",0.0
chained_lap_soft,132,r9_2,0.3320959052890896,0.3755460145969471,0.358006020518555,0.34700353888895963,0.3542000827391718,0.35337031240654465,9,"(2, 9, 3)",0.0
chained_lap_soft,132,r9_3,0.34807412680942884,0.352791841562889,0.3455378852280826,0.32744777861170277,0.3562970579225797,0.34602973802693654,9,"(2, 9, 4)",0.0
chained_lap_soft,132,r9_4,0.3048324878037989,0.3797129171260709,0.3592554221336043,0.3330966081047463,0.37347541946863594,0.35007457092737126,9,"(2, 9, 5)",0.0
chained_lap_soft,132,s1,0.7020672116484099,0.7180864871200068,0.7231178798258959,0.7072716373977713,0.7124622954063883,0.7126011022796944,133,"(0, 1, 0)",0.0
chained_lap_soft,132,s128,0.2724809239274375,0.30002766037909706,0.3107082544153818,0.2924058540725489,0.298426197159905,0.29480977799087404,3,"(0, 128, 0)",0.0
chained_lap_soft,132,s16,0.39189050788357127,0.41495157264718224,0.4116365817563761,0.3883418011453073,0.40065733004125736,0.4014955586947388,10,"(0, 16, 0)",0.0
chained_lap_soft,132,s2,0.6714751594032087,0.6753813053344787,0.6738708410562942,0.6751377366189626,0.6755017699014925,0.6742733624628874,67,"(0, 2, 0)",0.0
chained_lap_soft,132,s32,0.31442373202628326,0.34243111872572074,0.33374005842013765,0.31315858783055545,0.3529829771675003,0.3313472948340395,6,"(0, 32, 0)",0.0
chained_lap_soft,132,s4,0.5924380348759093,0.6013555207367088,0.600008934665652,0.5982732798534461,0.6103603709775942,0.6004872282218621,34,"(0, 4, 0)",0.0
chained_lap_soft,132,s64,0.28233304699906786,0.31943812762467333,0.3033877711453469,0.28015826493998675,0.32168113375876833,0.3013996688935686,4,"(0, 64, 0)",0.0
chained_lap_soft,132,s8,0.501039835441956,0.507576780020235,0.5046125241895636,0.4895809176404097,0.5240630297129281,0.5053746174010184,18,"(0, 8, 0)",0.0
chained_lap_soft,132,u17,0.48733813352366895,0.5053704217530989,0.5011294941942009,0.48516850894926405,0.5128124757768834,0.4983638068394233,17,"(2, 17, 0)",0.0
chained_lap_soft,132,u3,0.27668842247863795,0.3150009917277044,0.2988896641887296,0.27256752082772445,0.3123436273720577,0.2950980453189708,3,"(2, 3, 0)",0.0
chained_lap_soft,132,u5,0.3127121768547684,0.3299438580022662,0.32643147572529235,0.2979462885114052,0.3473037503889413,0.3228675098965347,5,"(2, 5, 0)",0.0
chained_lap_soft,132,u9,0.36464213150488395,0.4005400765272648,0.394952774800482,0.3985299023469455,0.3823956720626322,0.3882121114484417,9,"(2, 9, 0)",0.0
chained_lap_soft_rc,33,ends,0.6209416452159161,0.6617623402525808,0.5695423140510901,0.5802990189570351,0.535640508886161,0.5936371654725566,2,"(1, 0, 0)",0.0
chained_lap_soft_rc,33,r17_0,0.8286223856657716,0.8599138333736714,0.7948363016131522,0.7992153912994129,0.8325368305274048,0.8230249484958826,17,"(2, 17, 1)",0.0
chained_lap_soft_rc,33,r17_1,0.8264676109130489,0.8464831635977053,0.8112164170034699,0.814811119202558,0.832140905813596,0.8262238433060756,17,"(2, 17, 2)",0.0
chained_lap_soft_rc,33,r17_2,0.8222370852368142,0.839772777262249,0.8184873782369199,0.8114383886386503,0.8314803819900826,0.824683202272943,17,"(2, 17, 3)",0.0
chained_lap_soft_rc,33,r17_3,0.8351263235069751,0.8457667095336239,0.8010891949589474,0.801456107612854,0.825238454222576,0.8217353579669953,17,"(2, 17, 4)",0.0
chained_lap_soft_rc,33,r17_4,0.8340265286264653,0.8464025499129478,0.8085246899196155,0.8151013786585553,0.824058225690837,0.8256226745616841,17,"(2, 17, 5)",0.0
chained_lap_soft_rc,33,r3_0,0.654707935285545,0.6776597040862472,0.6024931544173838,0.6292301845255597,0.5669339962438454,0.6262049949117163,3,"(2, 3, 1)",0.0
chained_lap_soft_rc,33,r3_1,0.6716815739152295,0.6890324209795564,0.6004541882956889,0.6154784398266991,0.546057291245805,0.6245407828525958,3,"(2, 3, 2)",0.0
chained_lap_soft_rc,33,r3_2,0.6591551988896449,0.6841750010169729,0.606638138466399,0.6139801995517387,0.5877304368328659,0.6303357949515243,3,"(2, 3, 3)",0.0
chained_lap_soft_rc,33,r3_3,0.6523725517895438,0.6855622178403153,0.6145210638227036,0.6274746989558692,0.615159978480483,0.639018102177783,3,"(2, 3, 4)",0.0
chained_lap_soft_rc,33,r3_4,0.6555980295369062,0.6813547617117093,0.595304953494042,0.6222647983556334,0.5507952125132848,0.621063551122315,3,"(2, 3, 5)",0.0
chained_lap_soft_rc,33,r5_0,0.7036848880596581,0.7215499958326864,0.6750665423489521,0.6634692577654163,0.6340348695173436,0.6795611107048113,5,"(2, 5, 1)",0.0
chained_lap_soft_rc,33,r5_1,0.7223950842263704,0.7329104924446714,0.6636089463477836,0.6574862274447333,0.6545954066054408,0.6861992314137999,5,"(2, 5, 2)",0.0
chained_lap_soft_rc,33,r5_2,0.6963232818094334,0.7442838089098515,0.6634724754665879,0.6796692505296724,0.6511963846118436,0.6869890402654777,5,"(2, 5, 3)",0.0
chained_lap_soft_rc,33,r5_3,0.7229602227523776,0.7245177611053466,0.6540023409782618,0.6777667353828812,0.6515096816951208,0.6861513483827977,5,"(2, 5, 4)",0.0
chained_lap_soft_rc,33,r5_4,0.7080996013819472,0.7276644425886437,0.6451427511200435,0.68069270837175,0.6621047332229101,0.6847408473370589,5,"(2, 5, 5)",0.0
chained_lap_soft_rc,33,r9_0,0.7734533112502715,0.7872309114011669,0.70727161178344,0.7218606329011176,0.7666328585738741,0.751289865181974,9,"(2, 9, 1)",0.0
chained_lap_soft_rc,33,r9_1,0.7665562103200108,0.7898033599821296,0.7336793451241377,0.7402393839229388,0.7481412548549237,0.7556839108408281,9,"(2, 9, 2)",0.0
chained_lap_soft_rc,33,r9_2,0.7903093383506529,0.7873697393850342,0.7196724483611675,0.7455630946254661,0.7298172914329977,0.7545463824310635,9,"(2, 9, 3)",0.0
chained_lap_soft_rc,33,r9_3,0.7725715885856936,0.7918938733095238,0.7211196505732557,0.7322218707233216,0.735347984197659,0.7506309934778906,9,"(2, 9, 4)",0.0
chained_lap_soft_rc,33,r9_4,0.7595437000705819,0.7925386509772502,0.7422572238965831,0.7329096043978576,0.7394510595032132,0.7533400477690972,9,"(2, 9, 5)",0.0
chained_lap_soft_rc,33,s1,0.8769419564848083,0.9043655631195933,0.8779000310809907,0.8708340454010559,0.8824148791084534,0.8824912950389804,34,"(0, 1, 0)",0.0
chained_lap_soft_rc,33,s16,0.6874474335548322,0.7007156744702381,0.6199919616102716,0.6485800664385499,0.6078869861877294,0.6529244244523242,4,"(0, 16, 0)",0.0
chained_lap_soft_rc,33,s2,0.8462290830207531,0.881430898191365,0.8404304594158087,0.8443818068872264,0.8644495048092217,0.855384350464875,18,"(0, 2, 0)",0.0
chained_lap_soft_rc,33,s32,0.6316544762119388,0.6599340360099726,0.5751890114059759,0.5885482057201169,0.5410774571424324,0.5992806372980873,3,"(0, 32, 0)",0.0
chained_lap_soft_rc,33,s4,0.8142466422059215,0.838051486679601,0.7877276207264632,0.7971063928711849,0.8159378672076699,0.810614001938168,10,"(0, 4, 0)",0.0
chained_lap_soft_rc,33,s8,0.766873903762362,0.7733983692945159,0.7116483460259109,0.7173302923355205,0.732566269289861,0.740363436141634,6,"(0, 8, 0)",0.0
chained_lap_soft_rc,33,u17,0.847284862667107,0.8774578148439796,0.8404637289927936,0.838686100728202,0.8640930884889516,0.8535971191442068,17,"(2, 17, 0)",0.0
chained_lap_soft_rc,33,u3,0.6753125202152946,0.6953948304853838,0.6153320386208445,0.6425944351342667,0.5924531678198391,0.6442173984551258,3,"(2, 3, 0)",0.0
chained_lap_soft_rc,33,u5,0.7588890328175638,0.7659852870295502,0.7050538216390987,0.7159232339047041,0.7127621839753856,0.7317227118732605,5,"(2, 5, 0)",0.0
chained_lap_soft_rc,33,u9,0.809524211765417,0.8367825161294086,0.7857225722808008,0.7943835704959734,0.8099142704939245,0.8072654282331049,9,"(2, 9, 0)",0.0
chained_lap_soft_rc,66,ends,0.487415917454631,0.5170512334073779,0.4686251891991576,0.45101112719396635,0.47659700652435116,0.48014009475589675,2,"(1, 0, 0)",0.0
chained_lap_soft_rc,66,r17_0,0.6688879640168818,0.6869689317829168,0.6291947217302587,0.6292148896293365,0.6247220204932646,0.6477977055305317,17,"(2, 17, 1)",0.0
chained_lap_soft_rc,66,r17_1,0.6646751958379242,0.6850546793471475,0.6239375484410117,0.6268742399234611,0.6206859755725316,0.6442455278244152,17,"(2, 17, 2)",0.0
chained_lap_soft_rc,66,r17_2,0.6582439179605325,0.7084618035834334,0.6272790935897116,0.6238691017012045,0.6235269580698282,0.648276174980942,17,"(2, 17, 3)",0.0
chained_lap_soft_rc,66,r17_3,0.6593433511797415,0.6790458170696343,0.6368030947874991,0.6454056540923133,0.6372899778111958,0.6515775789880769,17,"(2, 17, 4)",0.0
chained_lap_soft_rc,66,r17_4,0.6596617814736111,0.6897566699776517,0.6292186258086832,0.6467139183096556,0.609384638522572,0.6469471268184347,17,"(2, 17, 5)",0.0
chained_lap_soft_rc,66,r3_0,0.4866653511453662,0.533163865461595,0.46141119483773146,0.4616282138974605,0.4522895904899297,0.47903164316641655,3,"(2, 3, 1)",0.0
chained_lap_soft_rc,66,r3_1,0.4973771385106926,0.5347283212267437,0.47708696245850246,0.47366309052725836,0.45081898996075725,0.48673490053679086,3,"(2, 3, 2)",0.0
chained_lap_soft_rc,66,r3_2,0.5021245735569382,0.535839594886939,0.451817073527886,0.4743785966510586,0.4660612869174608,0.4860442251080565,3,"(2, 3, 3)",0.0
chained_lap_soft_rc,66,r3_3,0.4824553622130744,0.5412013416326041,0.4752040302282846,0.46796797570098975,0.4560434561949752,0.4845744331939856,3,"(2, 3, 4)",0.0
chained_lap_soft_rc,66,r3_4,0.4897786713814264,0.5423193666269732,0.47488177662607667,0.46312097448613443,0.45345241876804504,0.48471064157773114,3,"(2, 3, 5)",0.0
chained_lap_soft_rc,66,r5_0,0.5128523717284512,0.5599984190110792,0.4951133274874028,0.5082585415653601,0.451097249917077,0.505463981941874,5,"(2, 5, 1)",0.0
chained_lap_soft_rc,66,r5_1,0.5400054299491879,0.568366118888749,0.5017053466223275,0.5135467847231547,0.4424459251578279,0.5132139210682494,5,"(2, 5, 2)",0.0
chained_lap_soft_rc,66,r5_2,0.5369528627721762,0.5846853674197553,0.4925121069880211,0.5009513766632774,0.4486411039502549,0.512748563558697,5,"(2, 5, 3)",0.0
chained_lap_soft_rc,66,r5_3,0.5183254957835497,0.5612311795732605,0.49983394358243155,0.4959429246450387,0.4570571580154624,0.5064781403199485,5,"(2, 5, 4)",0.0
chained_lap_soft_rc,66,r5_4,0.5206393927684034,0.5731560233809233,0.49973442980248495,0.49918630450372964,0.428176482761161,0.5041785266433404,5,"(2, 5, 5)",0.0
chained_lap_soft_rc,66,r9_0,0.586470710576236,0.6112586690505678,0.5447886390885701,0.5222977781166819,0.5355872651106988,0.5600806123885509,9,"(2, 9, 1)",0.0
chained_lap_soft_rc,66,r9_1,0.5484130434363549,0.6261881712701826,0.5565534648487358,0.5647806109219021,0.5283854727454993,0.5648641526445349,9,"(2, 9, 2)",0.0
chained_lap_soft_rc,66,r9_2,0.588256381971452,0.6178788717392729,0.5535800396855468,0.5466756023865158,0.5280610593572127,0.5668903910280001,9,"(2, 9, 3)",0.0
chained_lap_soft_rc,66,r9_3,0.5793870753102094,0.616494238790821,0.5599343467128984,0.5617997851709206,0.5018732075459247,0.5638977307061548,9,"(2, 9, 4)",0.0
chained_lap_soft_rc,66,r9_4,0.587023605251462,0.6113702819003529,0.5573294481435938,0.5363529843514764,0.48932708003469017,0.5562806799363151,9,"(2, 9, 5)",0.0
chained_lap_soft_rc,66,s1,0.8006592744892982,0.8384185233737361,0.8043068130425349,0.789172583061531,0.8007667581646104,0.8066647904263421,67,"(0, 1, 0)",0.0
chained_lap_soft_rc,66,s16,0.5742997606341699,0.6028838492165917,0.5058043012330986,0.5421837225836346,0.47866566007751643,0.5407674587490023,6,"(0, 16, 0)",0.0
chained_lap_soft_rc,66,s2,0.7605535675094227,0.8072702604866052,0.7643138253796489,0.7557846102132735,0.7875493207688871,0.7750943168715674,34,"(0, 2, 0)",0.0
chained_lap_soft_rc,66,s32,0.5079313512478832,0.5477563351153928,0.46531846691204876,0.473567803036757,0.4339716482477938,0.48570912091197516,4,"(0, 32, 0)",0.0
chained_lap_soft_rc,66,s4,0.7340157964522134,0.7543032829212827,0.7015112945552473,0.7030585745172515,0.7269596192700857,0.7239697135432162,18,"(0, 4, 0)",0.0
chained_lap_soft_rc,66,s64,0.48749219378076536,0.518244778105871,0.47367671167858305,0.46035350797910884,0.49197588437039386,0.4863486151829443,3,"(0, 64, 0)",0.0
chained_lap_soft_rc,66,s8,0.6720554934683237,0.6870160746315476,0.6235932748826614,0.610567041425084,0.6065468354876741,0.6399557439790582,10,"(0, 8, 0)",0.0
chained_lap_soft_rc,66,u17,0.7201253854199945,0.7551968757044341,0.7006376233449482,0.7036332636214978,0.7137608524755122,0.7186708001132773,17,"(2, 17, 0)",0.0
chained_lap_soft_rc,66,u3,0.4960372165412204,0.5532445773436442,0.4519509994472508,0.4614637832114342,0.42160807538644063,0.476860930385998,3,"(2, 3, 0)",0.0
chained_lap_soft_rc,66,u5,0.5702284631407809,0.5980336006123518,0.49597813872879853,0.535240669087977,0.46571378426202187,0.533038931166386,5,"(2, 5, 0)",0.0
chained_lap_soft_rc,66,u9,0.6673840169321328,0.6752378300862976,0.6096048376466399,0.6085615363612217,0.5880837086992764,0.6297743859451137,9,"(2, 9, 0)",0.0
chained_lap_soft_rc,132,ends,0.35835374322050895,0.3872166558786012,0.372810034143715,0.3404737218894139,0.3564445339446674,0.36305973781538126,2,"(1, 0, 0)",0.0
chained_lap_soft_rc,132,r17_0,0.4338829859904907,0.5006173778313281,0.4291435209310613,0.4170219888521256,0.38023170888481733,0.4321795164979646,17,"(2, 17, 1)",0.0
chained_lap_soft_rc,132,r17_1,0.4516789920720556,0.47178509492540216,0.42782968990334436,0.42681574798889477,0.37687734591893013,0.4309973741617254,17,"(2, 17, 2)",0.0
chained_lap_soft_rc,132,r17_2,0.44364300972902193,0.49254631510269226,0.44492454607506526,0.42106081327674055,0.3515216376679561,0.43073926437029525,17,"(2, 17, 3)",0.0
chained_lap_soft_rc,132,r17_3,0.4446608661115266,0.49931523774336267,0.4151897163335346,0.41167632194635445,0.3933546874953742,0.4328393659260305,17,"(2, 17, 4)",0.0
chained_lap_soft_rc,132,r17_4,0.4469650339876043,0.4802651009311108,0.42104684935538905,0.43107951966802793,0.37287392621595106,0.43044608603161666,17,"(2, 17, 5)",0.0
chained_lap_soft_rc,132,r3_0,0.35186649232683137,0.38501278224691543,0.37322027784034406,0.3264953922142039,0.3643268823949535,0.3601843654046496,3,"(2, 3, 1)",0.0
chained_lap_soft_rc,132,r3_1,0.35740807901945043,0.3901569290077406,0.3642348522254548,0.3306286860262158,0.3495511533325694,0.35839593992228624,3,"(2, 3, 2)",0.0
chained_lap_soft_rc,132,r3_2,0.35778771889091804,0.3769658833111339,0.36922632567303587,0.3420153127761209,0.33849718012616953,0.3568984841554757,3,"(2, 3, 3)",0.0
chained_lap_soft_rc,132,r3_3,0.3665134479634259,0.39273848797736544,0.36883891415602915,0.32288307014966655,0.3476897337150423,0.35973273079230583,3,"(2, 3, 4)",0.0
chained_lap_soft_rc,132,r3_4,0.35520698715053944,0.37771640553397917,0.3793500091919313,0.32860171130656807,0.33875187621979436,0.35592539788056243,3,"(2, 3, 5)",0.0
chained_lap_soft_rc,132,r5_0,0.37279736988901513,0.39638059620908195,0.35391561514047254,0.34479848914410166,0.36527128214024107,0.3666326705045825,5,"(2, 5, 1)",0.0
chained_lap_soft_rc,132,r5_1,0.36216582416828763,0.39735656205893854,0.3819636246670947,0.3461245027585272,0.3226588181725222,0.36205386636507403,5,"(2, 5, 2)",0.0
chained_lap_soft_rc,132,r5_2,0.3660068777545483,0.38661214870680793,0.3645202447272236,0.3540681382515295,0.3515323061743451,0.36454794312289096,5,"(2, 5, 3)",0.0
chained_lap_soft_rc,132,r5_3,0.38505775797146546,0.40565925478546644,0.36994468822309173,0.3546044777605866,0.33126675371621817,0.36930658649136566,5,"(2, 5, 4)",0.0
chained_lap_soft_rc,132,r5_4,0.34852938101482367,0.4162118097109398,0.366961046727019,0.33898891818641586,0.3543551628987235,0.36500926370758435,5,"(2, 5, 5)",0.0
chained_lap_soft_rc,132,r9_0,0.4092337003944137,0.45723689225514075,0.3787808360610001,0.3727663192609311,0.3184493549516812,0.38729342058463334,9,"(2, 9, 1)",0.0
chained_lap_soft_rc,132,r9_1,0.38779378311200496,0.43499460635476084,0.37657441891936405,0.3424037131469613,0.33613904860630317,0.37558111402787886,9,"(2, 9, 2)",0.0
chained_lap_soft_rc,132,r9_2,0.38738893657203105,0.4444106769687982,0.3960255603325081,0.37175625618024905,0.3204011136189325,0.38399650873450375,9,"(2, 9, 3)",0.0
chained_lap_soft_rc,132,r9_3,0.3931210079580337,0.4418669866703254,0.37583587345246827,0.37360524434104275,0.34798017402291276,0.38648185728895657,9,"(2, 9, 4)",0.0
chained_lap_soft_rc,132,r9_4,0.380042630058335,0.4515181003230013,0.38839336821201276,0.36172986242587984,0.32544342223174627,0.381425476650195,9,"(2, 9, 5)",0.0
chained_lap_soft_rc,132,s1,0.6972264506285916,0.7331816601572357,0.7041907296712314,0.6632700739971373,0.6832485981642065,0.6962235025236805,133,"(0, 1, 0)",0.0
chained_lap_soft_rc,132,s128,0.36480623997501066,0.39281008061275785,0.3703925503241542,0.3430986801502076,0.3589083234477967,0.3660031749019854,3,"(0, 128, 0)",0.0
chained_lap_soft_rc,132,s16,0.4467336195568606,0.5059927368426224,0.3881106142576276,0.41570528149566244,0.3483210917669843,0.4209726687839514,10,"(0, 16, 0)",0.0
chained_lap_soft_rc,132,s2,0.6407289035598939,0.6952756535093648,0.6582509429574425,0.6314581816294756,0.6733285207456066,0.6598084404803567,67,"(0, 2, 0)",0.0
chained_lap_soft_rc,132,s32,0.36362875491921337,0.4257081233884219,0.3417537661711857,0.3521630274353575,0.31098311144040924,0.3588473566709175,6,"(0, 32, 0)",0.0
chained_lap_soft_rc,132,s4,0.6019754614010214,0.6458556051523796,0.5909122839678702,0.574117707165804,0.6056792042519106,0.6037080523877971,34,"(0, 4, 0)",0.0
chained_lap_soft_rc,132,s64,0.35591545269953684,0.38248265040116197,0.35646464944619977,0.3288030692785626,0.3639874506186382,0.3575306544888199,4,"(0, 64, 0)",0.0
chained_lap_soft_rc,132,s8,0.5421891424461541,0.57486810672588,0.5069731115569391,0.4896904431884114,0.4854976684332649,0.5198436944701299,18,"(0, 8, 0)",0.0
chained_lap_soft_rc,132,u17,0.5454402749928277,0.5642621890956486,0.4962261258212096,0.485360529503802,0.4573972177388292,0.5097372674304634,17,"(2, 17, 0)",0.0
chained_lap_soft_rc,132,u3,0.3539490300095772,0.3863051550625217,0.3557119278065522,0.3262527873598912,0.35255220791654684,0.35495422163101786,3,"(2, 3, 0)",0.0
chained_lap_soft_rc,132,u5,0.36717733578625433,0.4330856324485386,0.32998222003145705,0.3385174804740893,0.29420257874563877,0.35259304949719567,5,"(2, 5, 0)",0.0
chained_lap_soft_rc,132,u9,0.45920880417593063,0.4965876745544565,0.37888101950133884,0.4176594771650251,0.33743903783081086,0.41795520264551234,9,"(2, 9, 0)",0.0
